event_id,date,type_original,headline,content,geography_group,review_flag
849,2016-10-19,Övrigt,Det finns inga akuta händelser att rapportera om i länet just nu.,Polisen Norrbotten,"Norrbotten, okänd kommun",no_incident_keywords
1007,2016-10-21,Övrigt,Lugn morgon i länet. Inget att rapportera.,Polisen Norrbotten,"Norrbotten, okänd kommun",no_incident_keywords
2550,2016-11-02,Övrigt,"Norrbotten, en fortsatt bra dag. Inga akuta händelser att rapportera om",Polisen Norrbotten,"Norrbotten, okänd kommun",no_incident_keywords
3174,2016-11-07,Övrigt,Lugn eftermiddag i länet. Inget att rapportera.,Polisen Norrbotten,"Norrbotten, okänd kommun",no_incident_keywords
5557,2016-11-26,Övrigt,Förtydligande av bemanning kommunikatör i RLC,"Mediaanknytningen 010-5691519 är bemannand enligt nedan
Måndag - fredag 07 - 22
Lördag - söndag 07 - 15 
Övrig tid hänvisas media till tidigare meddelande direktnummer till respektive område/rlc-befäl
Polisen Norrbotten","Norrbotten, okänd kommun",no_incident_keywords
14835,2017-02-01,Övrigt,"Lugnt i länet för närvarande, inget särskilt att rapportera.",Polisen Norrbotten,"Norrbotten, okänd kommun",no_incident_keywords
23430,2017-04-04,Tillfälligt obemannat,Ledningscentralen är ikväll ej bemannad med någon presstalesman. Frågor besvaras om möjligt av RLC-befälen som arbetar under kvällen.,Polisen Norrbotten,"Norrbotten, okänd kommun",no_incident_keywords
25363,2017-04-20,Tillfälligt obemannat,Inga kommunikatörer i tjänst under kvällen,"Under kvällen har vi inga mediakommunikatörer i tjänst. RLC Befäl i aktuellt område svarar i telefon och lägger ut notiser mån av tid.
Polisen Norrbotten","Norrbotten, okänd kommun",no_incident_keywords
28524,2017-05-16,Tillfälligt obemannat,Mediecentret obemannat under kvällen-natten.,"Mediefrågor besvaras av respektive RLC-befäl.
Polisen Norrbotten","Norrbotten, okänd kommun",no_incident_keywords
29635,2017-05-26,Övrigt,Inga akuta händelser i länet under morgonen,Polisen Norrbotten,"Norrbotten, okänd kommun",no_incident_keywords
33337,2017-06-27,Tillfälligt obemannat,Ledningscentralen är under kvällen och natten ej bemannad med någon kommunikatör. Uppdateringar på hemsidan och mediasamtal hanteras i mån av tid av tjänstgörande RLC-befäl.,Polisen Norrbotten,"Norrbotten, okänd kommun",no_incident_keywords
34625,2017-07-09,Tillfälligt obemannat,RLC är under kvällen ej bemannad med någon media kommunikatör. Samtal från media besvaras i mån av tid av RLC-befälen.,Polisen Norrbotten,"Norrbotten, okänd kommun",no_incident_keywords
34715,2017-07-10,Tillfälligt obemannat,RLC är under kvällen ej bemannad med någon mediakommunikatör. Samtal från media besvaras i mån av tid av RLC-befälen.,Polisen Norrbotten,"Norrbotten, okänd kommun",no_incident_keywords
35505,2017-07-17,Tillfälligt obemannat,Ingen mediakommunikatör i tjänst under kvällen,"Under kvällen finns ingen mediakommunikatör i tjänst. Ring på respektive område (det nummer som används på natten, finns på hemsidan). Vi svarar på mediasamtal och lägger ut notiser i mån av tid.
Polisen Norrbotten","Norrbotten, okänd kommun",no_incident_keywords
35630,2017-07-18,Tillfälligt obemannat,Ingen mediakommunikatör,"Ikväll har vi ingen mediakommunikatör i tjänst. Vi svara på mediasamtal och lägger ut notiser i mån av tid. Ring det lokala numret så ni hamnar på rätt område (det man ringer på natten, finns på hemsidan).
Polisen Norrbotten","Norrbotten, okänd kommun",no_incident_keywords
35986,2017-07-21,Övrigt,Under kvällen/natten kommer vi inte ha någon kommunikatör på plats vilket gör att vi kommer ha begränsad möjlighet att svara på mediafrågor.,Polisen Norrbotten,"Norrbotten, okänd kommun",no_incident_keywords
37107,2017-08-02,Tillfälligt obemannat,"Norrbotten, ingen kommunikatör i tjänst 15:00-07:00","Publicering av notiser och samtal med medierna kommer att hanteras av RLC-befäl i mån av tid.
Telefonnummer till RLC-befäl, polisområde Norrbotten: 010-569 40 28.
Polisen Norrbotten","Norrbotten, okänd kommun",no_incident_keywords
37330,2017-08-04,Tillfälligt obemannat,"Norrbotten, ingen RLC-kommunikatör i tjänst kl 15:00-07:00","Publicering av notiser och samtal med media kommer att hanteras av RLC-befäl i mån av tid.
Telefonnummer till RLC-befäl Norrbotten: 010-569 40 28.
Polisen Norrbotten","Norrbotten, okänd kommun",no_incident_keywords
37458,2017-08-05,Tillfälligt obemannat,Ingen presskommunikatör i tjänst 22:00-07:00.,"Publicering av händelsenotiser och mediesamtal hanteras av RLC-befäl i mån av tid.
Telefonnummer till RLC-befäl för Norrbotten: 010-569 40 28.
Polisen Norrbotten","Norrbotten, okänd kommun",no_incident_keywords
37525,2017-08-06,Tillfälligt obemannat,"Norrbotten, ingen kommunikatör i tjänst 15:00- måndag 07:00.","Publicering av notiser och samtal med medierna kommer att hanteras av RLC-befäl i mån av tid.
Telefonnummer till RLC-befäl, polisområde Norrbotten: 010-569 40 28
 
Polisen Norrbotten","Norrbotten, okänd kommun",no_incident_keywords
39329,2017-08-24,Tillfälligt obemannat,RLC är under kvällen ej bemannad med någon mediakommunikatör.,"Samtal från media samt uppdateringar på hemsidan hanteras i mån av tid av tjänstgörande RLC-befäl på tel 010-56 94028.
Polisen Norrbotten","Norrbotten, okänd kommun",no_incident_keywords
40203,2017-09-01,Övrigt,En lugn avslutning på natten,"Godmorgon! Det har inte varit några akuta händelser att rapportera om under tidig morgon.
Dagens kommunikatör är Börje Öhman och på eftermiddagen kommer Marie Andersson.
Polisen Norrbotten","Norrbotten, okänd kommun",no_incident_keywords
44078,2017-10-04,Tillfälligt obemannat,Ledningscentralen är under dagen ej bemannad med någon presstalesman. Hemsidan samt telefonsamtal hanteras i mån av tid av tjänstgörande RLC-befäl på 010-56 94028,Polisen Norrbotten,"Norrbotten, okänd kommun",no_incident_keywords
44212,2017-10-05,Tillfälligt obemannat,Ledningscentralen är under dagen ej bemannad med någon presstalesman. Hemsidan samt telefonsamtal hanteras i mån av tid av tjänstgörande RLC-befäl på 010-56 94028.,Polisen Norrbotten,"Norrbotten, okänd kommun",no_incident_keywords
45572,2017-10-16,Tillfälligt obemannat,Ledningscentralen är under kvällen ej bemannad med någon mediakommunikatör.,"Uppdateringar på hemsidan samt samtal från media besvaras i mån av tid av tjänstgörande befäl på ledningscentralen, telefonnummer: 010-5694028.
Polisen Norrbotten","Norrbotten, okänd kommun",no_incident_keywords
49059,2017-11-14,Övrigt,Ingen kommunikatör i tjänst 22 - 07,"Polisen.se/händelsenotiser och samtal från media hanteras i mån av tid av befälen på RLC. Media hänvisas att ringa 010-56 94028 
 
Kommunikatör Börje Öhman i tjänst 15 nov kl 07:00                                           

 
Polisen Norrbotten","Norrbotten, okänd kommun",no_incident_keywords
49138,2017-11-15,Övrigt,Ingen kommunikatör i tjänst 13 - 07,"Polisen.se/händelsenotiser och samtal från media hanteras i mån av tid av befälen på RLC. Media hänvisas att ringa 010-56 94028 
 
Kommunikatör Börje Öhman i tjänst 16 nov kl 07:00 
Polisen Norrbotten","Norrbotten, okänd kommun",no_incident_keywords
49298,2017-11-16,Övrigt,Ingen kommunikatör i tjänst 15 - 07,"Polisen.se/händelsenotiser och samtal från media hanteras i mån av tid av befälen på RLC. Media hänvisas att ringa 010-56 94028                                                             
 
Kommunikatör Börje Öhman i tjänst 17 nov kl 07:00 
Polisen Norrbotten","Norrbotten, okänd kommun",no_incident_keywords
49486,2017-11-17,Övrigt,"Norrbotten, ingen kommunikatör i tjänst under natten.","Polisen.se/händelsenotiser och samtal från media hanteras i mån av tid av befälen på RLC. Media hänvisas att ringa 010-56 94028 
 
Kommunikatör Markus Isacson är i tjänst från och med lördag kl 06:45.
Polisen Norrbotten","Norrbotten, okänd kommun",no_incident_keywords
49551,2017-11-18,Tillfälligt obemannat,Ingen kommunikatör i tjänst.,"Polisen.se/händelsenotiser och samtal från media hanteras i mån av tid av befälen på RLC. Media hänvisas att ringa 010-56 94028 
 
Kommunikatör Markus Isacson i tjänst från söndag 07:00.
Polisen Norrbotten","Norrbotten, okänd kommun",no_incident_keywords
49642,2017-11-19,Tillfälligt obemannat,Ingen kommunikatör i tjänst.,"Polisen.se/händelsenotiser och samtal från media hanteras i mån av tid av befälen på RLC. Media hänvisas att ringa 010-56 94028 
 
Kommunikatör Börje Öhman i tjänst från måndag klockan 07:00.
Polisen Norrbotten","Norrbotten, okänd kommun",no_incident_keywords
49796,2017-11-20,Övrigt,Ingen kommunikatör i tjänst.,"Polisen.se/händelsenotiser och samtal från media hanteras i mån av tid av befälen på RLC. Media hänvisas att ringa 010-56 94028.
Polisen Norrbotten","Norrbotten, okänd kommun",no_incident_keywords
49959,2017-11-21,Övrigt,Ingen kommunikatör i tjänst.,"Polisen.se/händelsenotiser och samtal från media hanteras i mån av tid av befälen på RLC. Media hänvisas att ringa 010-56 94028 
Polisen Norrbotten","Norrbotten, okänd kommun",no_incident_keywords
50099,2017-11-22,Övrigt,"Norrbotten, ingen kommunikatör i tjänst under kvällen och natten.","Händelsenotiser på polisen.se och samtal från media hanteras i mån av tid av befälen på regionledningscentralen. Media hänvisas ringa 010-5694028.
Kommunikatör Peder Jonsson är i tjänst från och med torsdag morgon klockan 07:00.
Polisen Norrbotten","Norrbotten, okänd kommun",no_incident_keywords
50326,2017-11-23,Tillfälligt obemannat,Ingen kommunikatör i tjänst.,"Polisen.se/händelsenotiser och samtal från media hanteras i mån av tid av befälen på RLC. Media hänvisas att ringa 010-569 40 28.
 
Peder Jonsson i tjänst från fredag 07:00.                                          

Polisen Norrbotten","Norrbotten, okänd kommun",no_incident_keywords
50503,2017-11-24,Tillfälligt obemannat,Ingen kommunikatör i tjänst.,"Polisen.se/händelsenotiser och samtal från media hanteras i mån av tid av befälen på RLC. Media hänvisas att ringa 010-569 40 28.
 
Kommunikatör Börje Öhman i tjänst från lördag 07:00.
Polisen Norrbotten","Norrbotten, okänd kommun",no_incident_keywords
50570,2017-11-25,Tillfälligt obemannat,Ingen kommunikatör i tjänst 15 - 07,"Polisen.se/händelsenotiser och samtal från media hanteras i mån av tid av befälen på RLC. Media hänvisas att ringa 010-569 40 28.
 
Kommunikatör Börje Öhman i tjänst från söndag 07:00.
Polisen Norrbotten","Norrbotten, okänd kommun",no_incident_keywords
50673,2017-11-26,Tillfälligt obemannat,Ingen kommunikatör i tjänst 15 - 07,"Polisen.se/händelsenotiser och samtal från media hanteras i mån av tid av befälen på RLC. Media hänvisas att ringa 010-569 40 28.
 
Kommunikatör Peder Jonsson i tjänst från måndag kl 07:00.
Polisen Norrbotten","Norrbotten, okänd kommun",no_incident_keywords
50894,2017-11-27,Tillfälligt obemannat,Ingen kommunikatör i tjänst.,"Polisen.se/händelsenotiser och samtal från media hanteras i mån av tid av befälen på RLC. Media hänvisas att ringa 010-569 40 28.
 
Kommunikatör Marie Andersson i tjänst från 07:00, tisdag.
Polisen Norrbotten","Norrbotten, okänd kommun",no_incident_keywords
51093,2017-11-28,Tillfälligt obemannat,Ingen kommunikatör i tjänst.,"Polisen.se/händelsenotiser och samtal från media hanteras i mån av tid av befälen på RLC. Media hänvisas att ringa 010-569 40 28. 
 
Kommunikatör Markus Isacson i tjänst från 07:00.                      
Polisen Norrbotten","Norrbotten, okänd kommun",no_incident_keywords
51204,2017-11-29,Tillfälligt obemannat,Ingen kommunikatör i tjänst.,"Polisen.se/händelsenotiser och samtal från media hanteras i mån av tid av befälen på RLC. Media hänvisas att ringa 010-56 94028 
 
Kommunikatör Markus Isacson i tjänst från torsdag 07:00.
Polisen Norrbotten","Norrbotten, okänd kommun",no_incident_keywords
51356,2017-11-30,Tillfälligt obemannat,Ingen kommunikatör i tjänst.,"Polisen.se/händelsenotiser och samtal från media hanteras i mån av tid av befälen på RLC. Media hänvisas att ringa 010-56 94028 
 
Kommunikatör Marie Andersson i tjänst från fredag 07:00.
Polisen Norrbotten","Norrbotten, okänd kommun",no_incident_keywords
51484,2017-12-01,Övrigt,"Norrbotten, ingen kommunikatör i tjänst under eftermiddag och kväll.","Händelsenotiser på polisen.se och samtal från medierna hanteras i mån av tid av befälen på regionsledningscentralen. Media hänvisas att ringa till 010-5694028.
Kommunikatör Peder Jonsson är i tjänst i morgon lördag från och med kl 7.00.
Polisen Norrbotten","Norrbotten, okänd kommun",no_incident_keywords
51569,2017-12-02,Övrigt,"Norrbotten, ingen kommunikatör i tjänst under eftermiddag och kväll.","Händelsenotiser på polisen.se och samtal från medierna hanteras i mån av tid av befälen på regionsledningscentralen. Media hänvisas att ringa till 010-5694028.
Kommunikatör Peder Jonsson är i tjänst i morgon söndag från och med kl 7.00.
Polisen Norrbotten","Norrbotten, okänd kommun",no_incident_keywords
51661,2017-12-03,Övrigt,"Norrbotten, ingen kommunikatör i tjänst under eftermiddag och kväll.","Händelsenotiser på polisen.se och samtal från medierna hanteras i mån av tid av befälen på regionsledningscentralen. Media hänvisas att ringa till 010-5694028.
Kommunikatör Marie Andersson är i tjänst i morgon måndag från och med kl 7.00.
Polisen Norrbotten","Norrbotten, okänd kommun",no_incident_keywords
51890,2017-12-04,Tillfälligt obemannat,Ingen kommunikatör i tjänst.,"Polisen.se/händelsenotiser och samtal från media hanteras i mån av tid av befälen på RLC. Media hänvisas att ringa 010-56 94028 
 
Kommunikatör Marie Andersson i tjänst från tisdag 07:00.
Polisen Norrbotten","Norrbotten, okänd kommun",no_incident_keywords
51990,2017-12-05,Övrigt,"Norrbotten, ingen kommunikatör i tjänst kommande dygn","Händelsenotiser på polisen.se och mediesamtal hanteras i mån av tid av befälen på regionsledningscentralen. Media hänvisas att ringa 010-5694028.
Ingen kommunikatör kommer att vara i tjänst under onsdagen. 
Kommunikatör Peder Jonsson är i tjänst från kl 07:00 torsdag.
Polisen Norrbotten","Norrbotten, okänd kommun",no_incident_keywords
52352,2017-12-07,Tillfälligt obemannat,Ingen kommunikatör i tjänst 22 - 07,"Polisen.se/händelsenotiser och samtal från media hanteras i mån av tid av befälen på RLC. Media hänvisas att ringa 010-56 94028 
 
Kommunikatör Marcus Isaksson i tjänst från fredag 07:00.
Polisen Norrbotten","Norrbotten, okänd kommun",no_incident_keywords
52494,2017-12-08,Tillfälligt obemannat,Ingen kommunikatör i tjänst 22 - 07.,"Polisen.se/händelsenotiser och samtal från media hanteras i mån av tid av befälen på RLC. Media hänvisas att ringa 010-56 94028<br /> <br />Kommunikatör Marie Andersson i tjänst från lördag 07:00.
Polisen Norrbotten","Norrbotten, okänd kommun",no_incident_keywords
52582,2017-12-09,Övrigt,"Norrbotten, ingen kommunikatör i tjänst under kvällen och natten.","Händelsenotiser på polisen.se och samtal från media hanteras i mån av tid av befälen vid regionledningscentralen. Media hänvisas att ringa 010-5694028.
Kommunikatör Marie Andersson är i tjänst från och med söndag morgon kl 07:00.
Polisen Norrbotten","Norrbotten, okänd kommun",no_incident_keywords
52729,2017-12-10,Övrigt,"Norrbotten, ingen kommunikatör i tjänst under eftermiddag, kväll","Händelsenotiser på polisen.se och samtal från media hanteras i mån av tid av befälen vid regionledningscentralen. Media hänvisas att ringa 010-5694028.
Kommunikatör Markus Isaksson är i tjänst från och med måndag morgon kl 07:00.
Polisen Norrbotten","Norrbotten, okänd kommun",no_incident_keywords
52933,2017-12-11,Övrigt,Ingen kommunikatör i tjänst under natten 22 - 07,"Händelsenotiser på polisen.se och samtal från media hanteras i mån av tid av befälen vid regionledningscentralen. Media hänvisas att ringa 010-5694027.
Kommunikatör Markus Isaksson är i tjänst från och med tisdag morgon kl 07:00.
Polisen Norrbotten","Norrbotten, okänd kommun",no_incident_keywords
53123,2017-12-12,Övrigt,Ingen kommunikatör i tjänst under natten 22 - 07,"Händelsenotiser på polisen.se och samtal från media hanteras i mån av tid av befälen vid regionledningscentralen. Media hänvisas att ringa 010-5694027.
Kommunikatör Marie Andersson är i tjänst från och med onsdag morgon kl 07:00.
Polisen Norrbotten","Norrbotten, okänd kommun",no_incident_keywords
53254,2017-12-13,Övrigt,Ingen kommunikatör i tjänst 22 - 07.,"Händelsenotiser på polisen.se och samtal från media hanteras i mån av tid av befälen vid regionledningscentralen. Media hänvisas att ringa 010-5694027.
Peder Jonsson är i tjänst från och med torsdag morgon kl 07:00.

Polisen Norrbotten","Norrbotten, okänd kommun",no_incident_keywords
53456,2017-12-14,Övrigt,"Norrbotten, ingen kommunikatör i tjänst under natten","Händelsenotiser/polisen.se och samtal från media hanteras i mån av tid av befälen på regionledningscentralen. Media hänvisas att ringa 010-5694028.
Kommunikatör Markus Isacson är i tjänst från fredag morgon kl 07:00.
Polisen Norrbotten","Norrbotten, okänd kommun",no_incident_keywords
53615,2017-12-15,Övrigt,"Norrbotten, ingen kommunikatör i tjänst under natten","Händelsenotiser/polisen.se och samtal från media hanteras i mån av tid av befälen på regionledningscentralen. Media hänvisas att ringa 010-5694028.
Kommunikatör Markus Isacson är i tjänst från lördag morgon kl 07:00.
Polisen Norrbotten","Norrbotten, okänd kommun",no_incident_keywords
53694,2017-12-16,Tillfälligt obemannat,Ingen kommunikatör i tjänst.,"Polisen.se/händelsenotiser och samtal från media hanteras i mån av tid av befälen på RLC. Media hänvisas att ringa 010-569 40 28. 
 
Kommunikatör Markus Isacson i tjänst från söndag 07:00.
Polisen Norrbotten","Norrbotten, okänd kommun",no_incident_keywords
53780,2017-12-17,Tillfälligt obemannat,Ingen kommunikatör i tjänst.,"Polisen.se/händelsenotiser och samtal från media hanteras i mån av tid av befälen på RLC. Media hänvisas att ringa 010-569 40 28. 
 
Kommunikatör Börje Öhman i tjänst från 07:00, måndag.
Polisen Norrbotten","Norrbotten, okänd kommun",no_incident_keywords
53936,2017-12-18,Övrigt,Ingen kommunikatör i tjänst 22 - 07.,"Händelsenotiser/polisen.se och samtal från media hanteras i mån av tid av befälen på regionledningscentralen. Media hänvisas att ringa 010-5694028.
Kommunikatör Börje Öhman är i tjänst från tisdag morgon kl 07:00.

Polisen Norrbotten","Norrbotten, okänd kommun",no_incident_keywords
54112,2017-12-19,Övrigt,Ingen kommunikatör i tjänst 22 - 07.,"Händelsenotiser/polisen.se och samtal från media hanteras i mån av tid av befälen på regionledningscentralen. Media hänvisas att ringa 010-5694028.
Kommunikatör Markus Isaksson är i tjänst från onsdag morgon kl 07:00.<br />
Polisen Norrbotten","Norrbotten, okänd kommun",no_incident_keywords
54287,2017-12-20,Övrigt,"Norrbotten, ingen kommunikatör i tjänst under natten","Händelsenotiser på polisen.se och samtal från media hanteras i mån av tid av befälen på regionledningscentralen. Media hänvisas att ringa 010-5694028.
Kommunikatör Markus Isacson är i tjänst från och med torsdag morgon kl 7:00.
Polisen Norrbotten","Norrbotten, okänd kommun",no_incident_keywords
54439,2017-12-21,Övrigt,"Norrbotten, ingen kommunikatör i tjänst under natten.","Händelsenotiser på polisen.se och samtal från media hanteras i mån av tid av befälen på regionledningscentralen. Media hänvisas att ringa 010-5694028.
Kommunikatör Börje Öhman är i tjänst från och med fredag morgon kl 7:00.
Polisen Norrbotten","Norrbotten, okänd kommun",no_incident_keywords
54586,2017-12-22,Tillfälligt obemannat,Ingen kommunikatör i tjänst.,"Polisen.se/händelsenotiser och samtal från media hanteras i mån av tid av befälen på RLC. Media hänvisas att ringa 010-569 40 28. 
 
Kommunikatör Börje Öhman i tjänst från 07:00, lördag.
Polisen Norrbotten","Norrbotten, okänd kommun",no_incident_keywords
54542,2017-12-23,Övrigt,Ingen kommunikatör i tjänst 15 - 07,"Polisen.se/händelsenotiser och samtal från media hanteras i mån av tid av befälen på RLC. Media hänvisas att ringa 010-569 40 28. 
 
Kommunikatör Börje Öhman i tjänst från 07:00, söndag.
Polisen Norrbotten","Norrbotten, okänd kommun",no_incident_keywords
54675,2017-12-24,Övrigt,Ingen kommunikatör i tjänst,"Polisen.se/händelsenotiser och samtal från media hanteras i mån av tid av befälen på RLC. Media hänvisas att ringa 010-569 40 28. 
 
Kommunikatör Marie Andersson i tjänst måndag juldagen kl 14:00
Polisen Norrbotten","Norrbotten, okänd kommun",no_incident_keywords
54783,2017-12-25,Övrigt,"Norrbotten, ingen kommunikatör i tjänst under natten","Polisen.se/händelsenotiser och samtal från media hanteras i mån av tid av befälen på RLC. Media hänvisas att ringa 010-569 40 28. 
 
Kommunikatör Markus Isacson är i tjänst från tisdag morgon kl 07:00.
Polisen Norrbotten","Norrbotten, okänd kommun",no_incident_keywords
54891,2017-12-26,Övrigt,"Norrbotten, ingen kommunikatör i tjänst under natten.","Polisen.se/händelsenotiser och samtal från media hanteras i mån av tid av befälen på RLC. Media hänvisas att ringa 010-569 40 28. 
 
Kommunikatör Börje Öhman är i tjänst från onsdag morgon kl 07:00.
Polisen Norrbotten","Norrbotten, okänd kommun",no_incident_keywords
55047,2017-12-27,Tillfälligt obemannat,Ingen kommunikatör i tjänst.,"Polisen.se/händelsenotiser och samtal från media hanteras i mån av tid av befälen på RLC. Media hänvisas att ringa 010-56 94028 
 
Kommunikatör Börje Öhman  tjänst från 07:00, torsdag.
Polisen Norrbotten","Norrbotten, okänd kommun",no_incident_keywords
55207,2017-12-28,Tillfälligt obemannat,Ingen kommunikatör i tjänst.,"Polisen.se/händelsenotiser och samtal från media hanteras i mån av tid av befälen på RLC. Media hänvisas att ringa 010-569 40 28. 
 
Kommunikatör Peder Jonsson i tjänst från 07:00, fredag.
Polisen Norrbotten","Norrbotten, okänd kommun",no_incident_keywords
55353,2017-12-29,Övrigt,Ingen kommunikatör i tjänst 22 - 07,"Polisen.se/händelsenotiser och samtal från media hanteras i mån av tid av befälen på RLC. Media hänvisas att ringa 010-569 40 28. 
 
Kommunikatör Peder Jonsson i tjänst från lördag  07:00. 
Polisen Norrbotten","Norrbotten, okänd kommun",no_incident_keywords
55423,2017-12-30,Övrigt,Ingen kommunikatör i tjänst.,"Polisen.se/händelsenotiser och samtal från media hanteras i mån av tid av befälen på RLC. Media hänvisas att ringa 010-569 40 28.
Kommunikatör Peder Jonsson i tjänst från söndag 07:00. 
Polisen Norrbotten","Norrbotten, okänd kommun",no_incident_keywords
55512,2017-12-31,Övrigt,Ingen kommunikatör i tjänst.,"Polisen.se/händelsenotiser och samtal från media hanteras i mån av tid av befälen på RLC. Media hänvisas att ringa 010-569 40 28.
Kommunikatör Marie Andersson i tjänst från måndag 07:00.
Polisen Norrbotten","Norrbotten, okänd kommun",no_incident_keywords
55637,2018-01-01,Övrigt,"Norrbotten, ingen kommunikatör i tjänst","Polisen.se/händelsenotiser och samtal från media hanteras i mån av tid av befälen på RLC. Media hänvisas att ringa 010-569 40 28.
Kommunikatör Marie Andersson i tjänst från tisdag kl 07:00.
Polisen Norrbotten","Norrbotten, okänd kommun",no_incident_keywords
55836,2018-01-02,Tillfälligt obemannat,Ingen kommunikatör i tjänst.,"Polisen.se/händelsenotiser och samtal från media hanteras i mån av tid av befälen på RLC. Media hänvisas att ringa 010-56 940 28. 
 
Kommunikatör Peder Jonsson i tjänst från 07:00, onsdag.
Polisen Norrbotten","Norrbotten, okänd kommun",no_incident_keywords
55978,2018-01-03,Tillfälligt obemannat,Ingen kommunikatör i tjänst.,"Polisen.se/händelsenotiser och samtal från media hanteras i mån av tid av befälen på RLC. Media hänvisas att ringa 010-569 40 28. 
 
Kommunikatör Peder Jonsson i tjänst från 07:00, torsdag.
Polisen Norrbotten","Norrbotten, okänd kommun",no_incident_keywords
56136,2018-01-04,Tillfälligt obemannat,Ingen kommunikatör i tjänst.,"Polisen.se/händelsenotiser och samtal från media hanteras i mån av tid av befälen på RLC. Media hänvisas att ringa 010-56 94028. 
 
Kommunikatör Markus Isacson i tjänst från 07:00, fredag.                              
Polisen Norrbotten","Norrbotten, okänd kommun",no_incident_keywords
56226,2018-01-05,Tillfälligt obemannat,Ingen kommunikatör i tjänst.,"Polisen.se/händelsenotiser och samtal från media hanteras i mån av tid av befälen på RLC. Media hänvisas att ringa 010-569 40 28. 
 
Kommunikatör Marie Andersson i tjänst från 07:00, lördag.
Polisen Norrbotten","Norrbotten, okänd kommun",no_incident_keywords
56338,2018-01-06,Övrigt,"Norrbotten, ingen kommunikatör i tjänst","Polisen.se/händelsenotiser och samtal från media hanteras i mån av tid av befälen på RLC. Media hänvisas att ringa 010-569 40 28. 
 
Kommunikatör Marie Andersson i tjänst från 07:00, söndag.
Polisen Norrbotten","Norrbotten, okänd kommun",no_incident_keywords
56429,2018-01-07,Övrigt,"Norrbotten, ingen kommunikatör i tjänst under kvällen och natten","Polisen.se/händelsenotiser och samtal från media hanteras i mån av tid av befälen på RLC. Media hänvisas att ringa 010-569 40 28. 
 
 
Polisen Norrbotten","Norrbotten, okänd kommun",no_incident_keywords
56563,2018-01-08,Övrigt,Ingen kommunikatör i tjänst 22 - 07,"Polisen.se/händelsenotiser och samtal från media hanteras i mån av tid av befälen på RLC. Media hänvisas att ringa 010-569 40 28. 
 
Kommunikatör Marie Andersson i tjänst från tisdag kl 07:00
 
 
Polisen Norrbotten","Norrbotten, okänd kommun",no_incident_keywords
56689,2018-01-09,Övrigt,Ingen kommunikatör i tjänst 19:30 - 07,"Polisen.se/händelsenotiser och samtal från media hanteras i mån av tid av befälen på RLC. Media hänvisas att ringa 010-569 40 28. 
 
Kommunikatör Marie Andersson i tjänst från onsdag kl 07:00
 
Polisen Norrbotten","Norrbotten, okänd kommun",no_incident_keywords
56780,2018-01-10,Övrigt,"Norrbotten, ingen kommunikatör i tjänst","Polisen.se/händelsenotiser och samtal från media hanteras i mån av tid av befälen på RLC. Media hänvisas att ringa 010-569 40 28. 
 
Kommunikatör Marie Andersson i tjänst från torsdag kl 07:00
Polisen Norrbotten","Norrbotten, okänd kommun",no_incident_keywords
56902,2018-01-11,Övrigt,"Norrbotten, ingen kommunikatör i tjänst under kvällen","Polisen.se/händelsenotiser och samtal från media hanteras i mån av tid av befälen på RLC. Media hänvisas att ringa 010-569 40 28. 
 
Kommunikatör Börje Öhman är i tjänst från fredag kl 07:00.
Polisen Norrbotten","Norrbotten, okänd kommun",no_incident_keywords
57038,2018-01-12,Övrigt,"Norrbotten, ingen kommunikatör i tjänst under natten","Polisen.se/händelsenotiser och samtal från media hanteras i mån av tid av befälen på RLC. Media hänvisas att ringa 010-569 40 28. 
 
Kommunikatör Marie Andersson är i tjänst från lördag kl 07:00.
Polisen Norrbotten","Norrbotten, okänd kommun",no_incident_keywords
57088,2018-01-13,Övrigt,"Norrbotten, ingen kommunikatör i tjänst under kvällen/natten","Polisen.se/händelsenotiser och samtal från media hanteras i mån av tid av befälen på RLC. Media hänvisas att ringa 010-569 40 28. 
 
Kommunikatör Markus Isacson är i tjänst från söndag kl 07:00.
Polisen Norrbotten","Norrbotten, okänd kommun",no_incident_keywords
57155,2018-01-14,Övrigt,Ingen kommunikatör i tjänst.,"Polisen.se/händelsenotiser och samtal från media hanteras i mån av tid av befälen på RLC. Media hänvisas att ringa 010-569 40 28. 
 
Kommunikatör Börje Öhman i tjänst från 07:00, måndag.                                   
Polisen Norrbotten","Norrbotten, okänd kommun",no_incident_keywords
57387,2018-01-16,Tillfälligt obemannat,Ingen kommunikatör i tjänst.,"Polisen.se/händelsenotiser och samtal från media hanteras i mån av tid av befälen på RLC. Media hänvisas att ringa 010-569 40 28. 
 
Kommunikatör Markus Isacson i tjänst från 07:00, onsdag.
Polisen Norrbotten","Norrbotten, okänd kommun",no_incident_keywords
57583,2018-01-17,Övrigt,"Norrbotten, ingen kommunikatör i tjänst under natten","Polisen.se/händelsenotiser och samtal från media hanteras i mån av tid av befälen på RLC. Media hänvisas att ringa 010-569 40 28.
Kommunikatör Markus Isacson är i tjänst från torsdag kl 07:00.
Polisen Norrbotten","Norrbotten, okänd kommun",no_incident_keywords
57734,2018-01-18,Övrigt,"Norrbotten, ingen kommunikatör i tjänst under natten","Polisen.se/händelsenotiser och samtal från media hanteras i mån av tid av befälen på RLC. Media hänvisas att ringa 010-569 40 28.
Kommunikatör Peder Jonsson är i tjänst från fredag kl 07:00.
Polisen Norrbotten","Norrbotten, okänd kommun",no_incident_keywords
57860,2018-01-19,Övrigt,Ingen kommunikatör i tjänst.,"Polisen.se/händelsenotiser och samtal från media hanteras i mån av tid av befälen på RLC. Media hänvisas att ringa 010-569 40 28. 
 
Kommunikatör Börje Öhman i tjänst från 07:00, lördag.
Polisen Norrbotten","Norrbotten, okänd kommun",no_incident_keywords
57916,2018-01-20,Övrigt,Ingen kommunikatör i tjänst under kvällen och natten,"Polisen.se/händelsenotiser och samtal från media hanteras i mån av tid av befälen på RLC. Media hänvisas att ringa 010-569 40 28. 
 
Kommunikatör Börje Öhman i tjänst från 07:00, söndag.
Polisen Norrbotten","Norrbotten, okänd kommun",no_incident_keywords
58165,2018-01-22,Övrigt,"Norrbotten, ingen kommunikatör i tjänst under natten","Polisen.se/händelsenotiser och samtal från media hanteras i mån av tid av befälen på RLC. Media hänvisas att ringa 010-5694028.
Kommunikatör Liv Fahlén är i tjänst från tisdag morgon kl 07:00.
Polisen Norrbotten","Norrbotten, okänd kommun",no_incident_keywords
58320,2018-01-23,Övrigt,"Norrbotten, ingen kommunikatör i tjänst under natten","Polisen.se/händelsenotiser och samtal från media hanteras i mån av tid av befälen på RLC. Media hänvisas att ringa 010-5694028.
Kommunikatör Börje Öhman är i tjänst från onsdag morgon kl 07:00.
Polisen Norrbotten","Norrbotten, okänd kommun",no_incident_keywords
58767,2018-01-28,Övrigt,Ingen kommunikatör i tjänst.,"Polisen.se/händelsenotiser och samtal från media hanteras i mån av tid av befälen på RLC. Media hänvisas att ringa 010-5694028.
Kommunikatör Börje Öhman är i tjänst från måndag morgon kl 07:00.
Polisen Norrbotten","Norrbotten, okänd kommun",no_incident_keywords
58937,2018-01-29,Övrigt,Ingen kommunikatör i tjänst.,"Polisen.se/händelsenotiser och samtal från media hanteras i mån av tid av befälen på RLC. Media hänvisas att ringa 010-569 40 28.
Kommunikatör Börje Öhman i tjänst från tisdag morgon kl. 07.00.
Polisen Norrbotten","Norrbotten, okänd kommun",no_incident_keywords
59074,2018-01-30,Övrigt,Ingen kommunikatör i tjänst,"Polisen.se/händelsenotiser och samtal från media hanteras i mån av tid av befälen på RLC. Media hänvisas att ringa 010-569 40 28.
   
Kommunikatör Peder Jonsson i tjänst från onsdag morgon 07:00.                            

Polisen Norrbotten","Norrbotten, okänd kommun",no_incident_keywords
59186,2018-01-31,Övrigt,Ingen kommunikatör i tjänst,"Polisen.se/händelsenotiser och samtal från media hanteras i mån av tid av befälen på RLC. Media hänvisas att ringa 010-569 40 28.   
Kommunikatör Peder Jonsson i tjänst från torsdag morgon 07:00.          


Polisen Norrbotten","Norrbotten, okänd kommun",no_incident_keywords
59274,2018-02-01,Övrigt,"Ingen kommunikatör på plats, åter vid 15-tiden.","RLC-befäl svarar om de har möjlighet.
Polisen Norrbotten","Norrbotten, okänd kommun",no_incident_keywords
59355,2018-02-01,Övrigt,Ingen kommunikatör i tjänst under natten,"Polisen.se/händelsenotiser och samtal från media hanteras i mån av tid av befälen på RLC. Media hänvisas att ringa 010-569 40 28.   
Kommunikatör Liv Fahlén i tjänst från fredag morgon 07:00. 
Polisen Norrbotten","Norrbotten, okänd kommun",no_incident_keywords
59515,2018-02-02,Övrigt,Ingen kommunikatör i tjänst under natten.,"Polisen.se/händelsenotiser och samtal från media hanteras i mån av tid av befälen på RLC. Media hänvisas att ringa 010-569 40 28.  
Kommunikatör Marie Andersson i tjänst från lördag morgon 07:00. 
Polisen Norrbotten","Norrbotten, okänd kommun",no_incident_keywords
59586,2018-02-03,Övrigt,"Norrbotten, ingen kommunikatör i tjänst under eftermiddagen, natten","Polisen.se/händelsenotiser och samtal från media hanteras i mån av tid av befälen på RLC. Media hänvisas att ringa 010-569 40 28.  
Kommunikatör Marie Andersson i tjänst från söndag morgon 07:00. 
Polisen Norrbotten","Norrbotten, okänd kommun",no_incident_keywords
59677,2018-02-04,Övrigt,"Norrbotten, ingen kommunikatör i tjänst under kvällen, natten","Polisen.se/händelsenotiser och samtal från media hanteras i mån av tid av befälen på RLC. Media hänvisas att ringa 010-569 40 28.  
Kommunikatör Börje Öhman i tjänst från måndag morgon kl 07:00. 
Polisen Norrbotten","Norrbotten, okänd kommun",no_incident_keywords
59846,2018-02-05,Övrigt,Ingen kommunikatör i tjänst,"Polisen.se/händelsenotiser och samtal från media hanteras i mån av tid av befälen på RLC. Media hänvisas att ringa 010-569 40 28. 
Kommunikatör i tjänst från tisdag morgon klockan 07:00.    
                         <br />
Polisen Norrbotten","Norrbotten, okänd kommun",no_incident_keywords
59937,2018-02-06,Tillfälligt obemannat,Ingen mediakommunikatör i tjänst,"Under kvällen och natten finns ingen medíakommunikatör i tjänst på RLC Nord. Information till media lämnas främst på hemsidan. I mån av tid svarar RLC befäl i telefon. Tänk på att ring telefonnumret direkt till resp polisområde. Numret finns på hemsidan.
Polisen Norrbotten","Norrbotten, okänd kommun",no_incident_keywords
60062,2018-02-07,Övrigt,Ingen kommunikatör i tjänst under kvällen och natten,"Polisen.se/händelsenotiser och samtal från media hanteras i mån av tid av befälen på RLC. Media hänvisas att ringa 010-569 40 28. 
Kommunikatör Börje Öhman i tjänst från torsdag morgon klockan 07:00.    
                         <br />
Polisen Norrbotten","Norrbotten, okänd kommun",no_incident_keywords
60214,2018-02-08,Övrigt,Ingen kommunikatör i tjänst under kvällen och natten,"Polisen.se/händelsenotiser och samtal från media hanteras i mån av tid av befälen på RLC. Media hänvisas att ringa 010-569 40 28. 
Kommunikatör Liv Fahlén i tjänst från fredag morgon klockan 07:00. 
Polisen Norrbotten","Norrbotten, okänd kommun",no_incident_keywords
60412,2018-02-09,Övrigt,"Norrbotten, ingen kommunikatör i tjänst under natten","Polisen.se/händelsenotiser och samtal från media hanteras i mån av tid av befälen på RLC. Media hänvisas att ringa 010-569 40 28. 
Kommunikatör Liv Fahlén i tjänst från lördag morgon klockan 07:00. 
Polisen Norrbotten","Norrbotten, okänd kommun",no_incident_keywords
60474,2018-02-10,Övrigt,Ingen kommunikatör i tjänst,"Polisen.se/händelsenotiser och samtal från media hanteras i mån av tid av befälen på RLC. Media hänvisas att ringa 010-569 40 28.   
Kommunikatör Liv Fahlén i tjänst från söndag morgon 07:00.                     

 
Polisen Norrbotten","Norrbotten, okänd kommun",no_incident_keywords
60563,2018-02-11,Övrigt,Ingen kommunikatör i tjänst,"Polisen.se/händelsenotiser och samtal från media hanteras i mån av tid av befälen på RLC. Media hänvisas att ringa 010-569 40 28.   
Kommunikatör Börje Öhman i tjänst från måndag morgon klockan 07:00.
Polisen Norrbotten","Norrbotten, okänd kommun",no_incident_keywords
60673,2018-02-12,Övrigt,Ingen kommunikatör i tjänst under kvällen och natten,"Polisen.se/händelsenotiser och samtal från media hanteras i mån av tid av befälen på RLC. Media hänvisas att ringa 010-569 40 28.   
Kommunikatör Börje Öhman i tjänst från tisdag morgon klockan 07:00.
Polisen Norrbotten","Norrbotten, okänd kommun",no_incident_keywords
60828,2018-02-13,Övrigt,Ingen kommunikatör i tjänst under kvällen och natten,"Polisen.se/händelsenotiser och samtal från media hanteras i mån av tid av befälen på RLC. Media hänvisas att ringa 010-569 40 28.   
Kommunikatör Marie Andersson i tjänst från onsdag morgon klockan 07:00.
Polisen Norrbotten","Norrbotten, okänd kommun",no_incident_keywords
60925,2018-02-14,Övrigt,Ingen kommunikatör i tjänst under kvällen och natten.,"Polisen.se/händelsenotiser och samtal från media hanteras i mån av tid av befälen på RLC. Media hänvisas att ringa 010-569 40 28.  
Kommunikatör Marie Andersson i tjänst från torsdag morgon klockan 07:00.
Polisen Norrbotten","Norrbotten, okänd kommun",no_incident_keywords
60937,2018-02-14,Tillfälligt obemannat,Ingen mediakommunikatör i tjänst under kvällen /natten,"Ikväll har RLC Nord ingen mediakommunikatör i tjänst. RLC Befäl svarar i telefon i mån av tid. Tänk på att ring till respektive polisområde (telefonnummer finns på hemsidan).
Polisen Norrbotten","Norrbotten, okänd kommun",no_incident_keywords
61050,2018-02-15,Övrigt,"Norrbotten, ingen kommunikatör i tjänst under kvällen, natten","Polisen.se/händelsenotiser och samtal från media hanteras i mån av tid av befälen på RLC. Media hänvisas att ringa 010-569 40 28.  
Kommunikatör Peder Jonsson är i tjänst från fredag morgon klockan 07:00.
Polisen Norrbotten","Norrbotten, okänd kommun",no_incident_keywords
61277,2018-02-16,Övrigt,Ingen kommunikatör i tjänst,"Polisen.se/händelsenotiser och samtal från media hanteras i mån av tid av befälen på RLC. Media hänvisas att ringa 010-569 40 28.   
Kommunikatör Börje Öhman i tjänst från lördag morgon 07:00.
Polisen Norrbotten","Norrbotten, okänd kommun",no_incident_keywords
61342,2018-02-17,Övrigt,Ingen kommunikatör i tjänst under kvällen eller natten,"Polisen.se/händelsenotiser och samtal från media hanteras i mån av tid av befälen på RLC. Media hänvisas att ringa 010-569 40 28.   
Kommunikatör Börje Öhman i tjänst från sön morgon 07:00.
Polisen Norrbotten","Norrbotten, okänd kommun",no_incident_keywords
61554,2018-02-19,Övrigt,Ingen kommunikatör i tjänst under kvällen/natten.,"Polisen.se/händelsenotiser och samtal från media hanteras i mån av tid av befälen på RLC. Media hänvisas att ringa 010-569 40 28.   
Kommunikatör Peder Jonsson i tjänst från 07:00 tisdag morgon.<br />
Polisen Norrbotten","Norrbotten, okänd kommun",no_incident_keywords
62301,2018-02-20,Övrigt,Ingen kommunikatör i tjänst under kvällen/natten.,"<p>Polisen.se/händelsenotiser och samtal från media hanteras i mån av tid av befälen på RLC. Media hänvisas att ringa 010-569 40 28.   </p>
<p>Kommunikatör Börje Öhman i tjänst från 07:00 onsdag morgon.</p>
","Norrbotten, okänd kommun",no_incident_keywords
61736,2018-02-20,Övrigt,Ingen kommunikatör i tjänst under kvällen/natten.,"Polisen.se/händelsenotiser och samtal från media hanteras i mån av tid av befälen på RLC. Media hänvisas att ringa 010-569 40 28.   
Kommunikatör Börje Öhman i tjänst från 07:00 onsdag morgon.
 
Polisen Norrbotten","Norrbotten, okänd kommun",no_incident_keywords
62103,2018-02-21,Övrigt,Ingen kommunikatör i tjänst,"<p>Polisen.se/händelsenotiser och samtal från media hanteras i mån av tid av befälen på RLC. Media hänvisas att ringa 010-569 40 28.</p>
<p>Kommunikatör Börje Öhman i tjänst från torsdag morgon 07:00.  </p>","Norrbotten, okänd kommun",no_incident_keywords
61922,2018-02-21,Övrigt,Ingen kommunikatör i tjänst,"Polisen.se/händelsenotiser och samtal från media hanteras i mån av tid av befälen på RLC. Media hänvisas att ringa 010-569 40 28.
Kommunikatör Börje Öhman i tjänst från torsdag morgon 07:00.  
Polisen Norrbotten","Norrbotten, okänd kommun",no_incident_keywords
61982,2018-02-22,Övrigt,Ingen kommunikatör i tjänst,"
<p>Polisen.se/händelsenotiser och samtal från media hanteras i mån av tid av befälen på RLC. Media hänvisas att ringa 010-569 40 28.</p>
<p>Kommunikatör Marie Andersson i tjänst från fredag klockan 07:00.                            </p>
","Norrbotten, okänd kommun",no_incident_keywords
62526,2018-02-23,Övrigt,Ingen kommunikatör i tjänst under sen kväll och natt,"
<p> </p>
<p>Polisen.se/händelsenotiser och samtal från media hanteras i mån av tid av befälen på RLC. Media hänvisas att ringa 010-56 94028 </p>

<p>Kommunikatör Peder Jonsson i tjänst från lördag morgon kl 07:00                                         </p>

<p> </p>

<p> </p>

<p> </p>","Norrbotten, okänd kommun",no_incident_keywords
62674,2018-02-24,Övrigt,Ingen kommunikatör i tjänst under kvällen och natten.,<p>Polisen.se/händelsenotiser och samtal från media hanteras i mån av tid av befälen på RLC. Media hänvisas att ringa 010-56 94028. Kommunikatör Peder Jonsson i tjänst från söndag morgon kl 07:00.</p>,"Norrbotten, okänd kommun",no_incident_keywords
62827,2018-02-25,Övrigt,Ingen kommunikatör i tjänst under kvällen/natten.,"
<p>Polisen.se/händelsenotiser och samtal från media hanteras i mån av tid av befälen på RLC. Media hänvisas att ringa 010-56 94028 </p>

<p> Börja Öhman är i tjänst från måndag morgon klockan 07:00.                              </p>","Norrbotten, okänd kommun",no_incident_keywords
63046,2018-02-26,Övrigt,Ingen kommunikatör i tjänst,"
<p>Polisen.se/händelsenotiser och samtal från media hanteras i mån av tid av befälen på RLC. Media hänvisas att ringa 010-569 40 28.</p>

<p>Kommunikatör Börje Öhman i tjänst från tisdag morgon 07:00.                            </p>
","Norrbotten, okänd kommun",no_incident_keywords
63308,2018-02-27,Övrigt,Ingen kommunikatör i tjänst,"
<p>Polisen.se/händelsenotiser och samtal från media hanteras i mån av tid av befälen på RLC. Media hänvisas att ringa 010-569 40 28.</p>

<p>Kommunikatör Börje Öhman i tjänst från onsdag morgon klockan 07:00.                            </p>
","Norrbotten, okänd kommun",no_incident_keywords
63453,2018-02-28,Övrigt,Ingen kommunikatör i tjänst under kvällen eller natten,"<p>Polisen.se/händelsenotiser och samtal från media hanteras i mån av tid av befälen på RLC. Media hänvisas att ringa 010-569 40 28.</p>
<p>Kommunikatör Liv Fahlén i tjänst från torsdag morgon klockan 07:00. </p>","Norrbotten, okänd kommun",no_incident_keywords
63738,2018-03-01,Övrigt,Ingen kommunikatör i tjänst under natten,"<p>Polisen.se/händelsenotiser och samtal från media hanteras i mån av tid av befälen på RLC. Media hänvisas att ringa 010-569 40 28.</p>
<p>Kommunikatör Liv Fahlén i tjänst från fredag morgon klockan 07:00. </p>","Norrbotten, okänd kommun",no_incident_keywords
63898,2018-03-02,Övrigt,Ingen kommunikatör i tjänst under natten.,"<p>Polisen.se/händelsenotiser och samtal från media hanteras i mån av tid av befälen på RLC. Media hänvisas att ringa 010-569 40 28.</p>
<p>Kommunikatör Marie Andersson i tjänst från lördag morgon klockan 07:00. </p>","Norrbotten, okänd kommun",no_incident_keywords
63984,2018-03-03,Övrigt,"Norrbotten, ingen kommunikatör i tjänst under eftermiddagen/natten",<p>Polisen.se/händelsenotiser och samtal från medier hanteras i mån av tid av befälen på RLC. Media hänvisas att ringa 010-5694028.</p>,"Norrbotten, okänd kommun",no_incident_keywords
64093,2018-03-04,Övrigt,"Norrbotten, ingen kommunikatör i tjänst under kvällen/natten","<p>Polisen.se/händelsenotiser och samtal från medier hanteras i mån av tid av befälen på RLC. Media hänvisas att ringa 010-5694028.</p>
<p>Kommunikatör Liv Fahlén jobbar från kl 07:00 måndag.</p>","Norrbotten, okänd kommun",no_incident_keywords
64320,2018-03-05,Övrigt,Ingen kommunikatör i tjänst under natten,"<p>Polisen.se/händelsenotiser och samtal från medier hanteras i mån av tid av befälen på RLC. Media hänvisas att ringa 010-5694028.</p>
<p>Kommunikatör Liv Fahlén jobbar från kl 07:00 tisdag.</p>","Norrbotten, okänd kommun",no_incident_keywords
64457,2018-03-06,Övrigt,Ingen kommunikatör i tjänst under natten,"<p>Polisen.se/händelsenotiser och samtal från medier hanteras i mån av tid av befälen på RLC. Media hänvisas att ringa 010-5694028.</p>
<p>Jag är själv tillbaka imorgon onsdag kl 07:00</p>","Norrbotten, okänd kommun",no_incident_keywords
64541,2018-03-07,Övrigt,Ingen kommunikatör i tjänst under kvällen och natten,"<p>Polisen.se/händelsenotiser och samtal från medier hanteras i mån av tid av befälen på RLC. Media hänvisas att ringa 010-5694028.</p>
<p>Jag är själv tillbaka som kommunikatör imorgon torsdag kl 07:00</p>","Norrbotten, okänd kommun",no_incident_keywords
64665,2018-03-08,Övrigt,Ingen kommunikatör i tjänst under kvällen eller natten,"<p> Polisen.se/händelsenotiser och samtal från medier hanteras i mån av tid av befälen på RLC. Media hänvisas att ringa 010-5694028.</p>
<p>Kommunikatör Liv Fahlén är i tjänst från fredag morgon kl 07:00</p>","Norrbotten, okänd kommun",no_incident_keywords
64851,2018-03-09,Övrigt,"Norrbotten, ingen kommunikatör i tjänst under natten","<p>Polisen.se/händelsenotiser och samtal från media hanteras i mån av tid av befälen på RLC. Media hänvisas att ringa 010-5694028.</p>
<p>Kommunikatör Liv Fahlén är i tjänst från lördag kl 07:00.</p>","Norrbotten, okänd kommun",no_incident_keywords
64908,2018-03-10,Övrigt,Ingen kommunikatör i tjänst,"<p>Polisen.se/händelsenotiser och samtal från media hanteras i mån av tid av befälen på RLC. Media hänvisas att ringa 010-569 40 28.</p>
<p>Kommunikatör Liv Fahlén i tjänst från söndag klockan 07:00.                            </p>
","Norrbotten, okänd kommun",no_incident_keywords
64976,2018-03-11,Övrigt,Ingen kommunikatör i tjänst,"<p>Polisen.se/händelsenotiser och samtal från media hanteras i mån av tid av befälen på RLC. Media hänvisas att ringa 010-569 40 28.</p>
<p>Kommunikatör Liv Fahlén i tjänst från måndag klockan 07:00.                            </p>
","Norrbotten, okänd kommun",no_incident_keywords
65129,2018-03-12,Övrigt,Ingen kommunikatör i tjänst.,"<p>Polisen.se/händelsenotiser och samtal från media hanteras i mån av tid av befälen på RLC. Media hänvisas att ringa 010-569 40 28.</p>
<p>Kommunikatör Liv Fahlén i tjänst från tisdag klockan 07:00.     </p>","Norrbotten, okänd kommun",no_incident_keywords
65271,2018-03-13,Övrigt,Ingen kommunikatör i tjänst.,"<p>Polisen.se/händelsenotiser och samtal från media hanteras i mån av tid av befälen på RLC. Media hänvisas att ringa 010-569 40 28.</p>
<p>Kommunikatör Börje Öhman i tjänst från onsdag klockan 07:00. </p>","Norrbotten, okänd kommun",no_incident_keywords
65406,2018-03-14,Övrigt,"Norrbotten, ingen kommunikatör i tjänst under natten","<p>Polisen.se/händelsenotiser och samtal från media hanteras i mån av tid av befälen på RLC (regionledningscentralen). Media hänvisas att ringa 010-5694028.</p>
<p>Kommunikatör Börje Öhman är i tjänst från torsdag kl 07:00.</p>","Norrbotten, okänd kommun",no_incident_keywords
65538,2018-03-15,Övrigt,"Norrbotten, ingen kommunikatör i tjänst under natten","<p>Polisen.se/händelsenotiser och samtal från media hanteras i mån av tid av befälen på RLC. Media hänvisas att ringa 010-56 94028.</p>
<p>Kommunikatör Börje Öhman i tjänst från fredag kl 07:00.                                        </p>
","Norrbotten, okänd kommun",no_incident_keywords
65694,2018-03-16,Övrigt,Ingen kommunikatör i tjänst.,"<p>Polisen.se/händelsenotiser och samtal från media hanteras i mån av tid av befälen på RLC. Media hänvisas att ringa 010-56 94028.</p>
<p>Kommunikatör Börje Öhman i tjänst från lördag kl 07:00.    </p>","Norrbotten, okänd kommun",no_incident_keywords
65754,2018-03-17,Övrigt,Ingen kommunikatör i tjänst under kvällen och natten,"<p>Polisen.se/händelsenotiser och samtal från media hanteras i mån av tid av befälen på RLC. Media hänvisas att ringa 010-56 94028.</p>
<p>Kommunikatör Börje Öhman i tjänst från söndag kl 07:00.    </p>","Norrbotten, okänd kommun",no_incident_keywords
66181,2018-03-21,Övrigt,Ingen kommunikatör i tjänst,"<p>Polisen.se/händelsenotiser och samtal från media hanteras i mån av tid av befälen på RLC. Media hänvisas att ringa 010-569 40 28.</p>
<p>Kommunikatör Liv Fahlén i tjänst från torsdag klockan 07:00.                            </p>
","Norrbotten, okänd kommun",no_incident_keywords
66314,2018-03-22,Övrigt,Ingen kommunikatör i tjänst,"<p>Polisen.se/händelsenotiser och samtal från media hanteras i mån av tid av befälen på RLC. Media hänvisas att ringa 010-569 40 28.</p>
<p>Kommunikatör Marie Andersson i tjänst från fredag klockan 07:00.                           </p>
","Norrbotten, okänd kommun",no_incident_keywords
66460,2018-03-23,Övrigt,Ingen kommunikatör i tjänst under natten,"<p>Polisen.se/händelsenotiser och samtal från media hanteras i mån av tid av befälen på RLC. Media hänvisas att ringa 010-569 40 28.</p>
<p>Kommunikatör Peder Jonsson i tjänst från lördag klockan 07:00. </p>","Norrbotten, okänd kommun",no_incident_keywords
66545,2018-03-24,Övrigt,Ingen kommunikatör i tjänst.,"<p>Polisen.se/händelsenotiser och samtal från media hanteras i mån av tid av befälen på RLC. Media hänvisas att ringa 010-569 40 28.</p>
<p>Kommunikatör Peder Jonsson i tjänst från söndag klockan 07:00. </p>","Norrbotten, okänd kommun",no_incident_keywords
66628,2018-03-25,Övrigt,Ingen kommunikatör i tjänst.,"<p>Polisen.se/händelsenotiser och samtal från media hanteras i mån av tid av befälen på RLC. Media hänvisas att ringa 010-569 40 28.</p>
<p>Kommunikatör Börje Öhman i tjänst från måndag klockan 07:00. </p>","Norrbotten, okänd kommun",no_incident_keywords
66787,2018-03-26,Övrigt,Ingen kommunikatör i tjänst,"<p>Polisen.se/händelsenotiser och samtal från media hanteras i mån av tid av befälen på RLC. Media hänvisas att ringa 010-569 40 28.</p>
<p>Kommunikatör Börje Öhman i tjänst från tisdag klockan 07:00.                           </p>
","Norrbotten, okänd kommun",no_incident_keywords
66951,2018-03-27,Övrigt,Ingen kommunikatör i tjänst,"<p>Polisen.se/händelsenotiser och samtal från media hanteras i mån av tid av befälen på RLC. Media hänvisas att ringa 010-569 40 28.</p>
<p>Kommunikatör Peder Jonsson i tjänst från onsdag klockan 07:00.                           </p>
","Norrbotten, okänd kommun",no_incident_keywords
67030,2018-03-28,Övrigt,Ingen kommunikatör i tjänst.,"<p>Polisen.se/händelsenotiser och samtal från media hanteras i mån av tid av befälen på RLC. Media hänvisas att ringa 010-569 40 28.</p>
<p>Kommunikatör Peder Jonsson i tjänst från torsdag klockan 07:00.    </p>","Norrbotten, okänd kommun",no_incident_keywords
67354,2018-03-30,Övrigt,Ingen kommunikatör i tjänst,"<p>Polisen.se/händelsenotiser och samtal från media hanteras i mån av tid av befälen på RLC. Media hänvisas att ringa 010-569 40 28.</p>
<p>Kommunikatör Marie Andersson i tjänst från lördag klockan 07:00.                            </p>
","Norrbotten, okänd kommun",no_incident_keywords
67362,2018-03-30,Tillfälligt obemannat,Ingen mediakommunikatör i tjänst under kvällen/natten,"<p>Under kvällen och natten finns ingen mediakommunikatör i tjänst. RLC-befäl uppdaterar bloggen och svarar i telefon i mån av tid. Ring till respektive polisområde. Nummer dit finns på hemsidan.</p>
<p>Mediakommunikatör åter imorgon 07:00.</p>","Norrbotten, okänd kommun",no_incident_keywords
67456,2018-03-31,Övrigt,"Norrbotten, ingen kommunikatör i tjänst under kvällen/natten","<p>Polisen.se/händelsenotiser och samtal från media hanteras i mån av tid av befälen på RLC. Media hänvisas ringa 010-5694028.</p>
<p>Kommunikatör Marie Andersson är i tjänst från söndag kl 07:00.</p>","Norrbotten, okänd kommun",no_incident_keywords
67546,2018-04-01,Övrigt,"Norrbotten, ingen kommunikatör i tjänst under kvällen/natten","<p>Polisen.se/händelsenotiser och samtal från media hanteras i mån av tid av befälen på RLC. Media hänvisas att ringa 010-5694028.</p>
<p>Kommunikatör Liv Fahlén är i tjänst från måndag kl 07:00.</p>","Norrbotten, okänd kommun",no_incident_keywords
67627,2018-04-02,Övrigt,Ingen kommunikatör i tjänst,"<p>Polisen.se/händelsenotiser och samtal från media hanteras i mån av tid av befälen på RLC. Media hänvisas att ringa 010-569 40 28.</p>
<p>Kommunikatör Liv Fahlén i tjänst från tisdag klockan 07:00.                           </p>
","Norrbotten, okänd kommun",no_incident_keywords
67850,2018-04-04,Övrigt,"Norrbotten, ingen kommunikatör i tjänst under kvällen/natten","<p>Polisen.se/händelsenotiser och samtal från media hanteras i mån av tid av befälen på regionledningscentralen (RLC). Media hänvisas ringa 010-5694028.</p>
<p>Kommunikatör Marie Andersson är i tjänst från torsdag kl 07:00.</p>","Norrbotten, okänd kommun",no_incident_keywords
68012,2018-04-05,Övrigt,Ingen kommunikatör i tjänst under natten.,"<p>Polisen.se/händelsenotiser och samtal från media hanteras i mån av tid av befälen på regionledningscentralen (RLC). Media hänvisas ringa 010-5694028.</p>
<p>Kommunikatör Börje Öhman är i tjänst från fredag kl 07:00.</p>","Norrbotten, okänd kommun",no_incident_keywords
68127,2018-04-06,Övrigt,"Norrbotten, ingen kommunikatör i tjänst under natten","<p>Polisen.se/händelsenotiser och samtal från media hanteras i mån av tid av befälen på regionledningscentralen. Media hänvisas att ringa 010-56 94028.</p>

<p>Kommunikatör Liv Fahlén är i tjänst från lördag kl 07:00.                                      </p>
","Norrbotten, okänd kommun",no_incident_keywords
68211,2018-04-07,Övrigt,Ingen kommunikatör i tjänst under kvällen och natten,"<p>Polisen.se/händelsenotiser och samtal från media hanteras i mån av tid av befälen på RLC. Media hänvisas att ringa 010-569 40 28.</p>
<p>Kommunikatör Liv Fahlén i tjänst från söndag klockan 07:00.                       </p>
","Norrbotten, okänd kommun",no_incident_keywords
68304,2018-04-08,Övrigt,Ingen kommunikatör i tjänst under kvällen och natten.,"<p>Polisen.se/händelsenotiser och samtal från media hanteras i mån av tid av befälen på RLC. Media hänvisas att ringa 010-569 40 28.</p>
<p>Kommunikatör Börje Öhman i tjänst från måndag 07:00.                        </p>
","Norrbotten, okänd kommun",no_incident_keywords
68391,2018-04-09,Övrigt,Ingen kommunikatör i tjänst under kvällen och natten,"<p>Polisen.se/händelsenotiser och samtal från media hanteras i mån av tid av befälen på RLC. Media hänvisas att ringa 010-569 40 28.</p>
<p>Kommunikatör Liv Fahlén i tjänst från tisdag 07:00. </p>","Norrbotten, okänd kommun",no_incident_keywords
68530,2018-04-10,Övrigt,Ingen kommunikatör i tjänst under kvällen och natten,"<p>Polisen.se/händelsenotiser och samtal från media hanteras i mån av tid av befälen på RLC. Media hänvisas att ringa 010-569 40 28.</p>
<p>Kommunikatör Liv Fahlén i tjänst från onsdag klockan 07:00.                         </p>
","Norrbotten, okänd kommun",no_incident_keywords
68702,2018-04-11,Övrigt,"Norrbotten, ingen kommunikatör i tjänst under natten","<p>Polisen.se/händelsenotiser och samtal från media hanteras i mån av tid av befälen på RLC. Media hänvisas att ringa 010-56 94028. </p>
<p>Kommunikatör Liv Fahlén är i tjänst från torsdag kl 07:00.                                      </p>
","Norrbotten, okänd kommun",no_incident_keywords
68792,2018-04-12,Övrigt,Ingen kommunikatör i tjänst under kvällen och natten,"<p>Polisen.se/händelsenotiser och samtal från media hanteras i mån av tid av befälen på RLC. Media hänvisas att ringa 010-569 40 28.</p>
<p>Kommunikatör Peder Jonsson i tjänst från fredag klockan 07:00.                         </p>
","Norrbotten, okänd kommun",no_incident_keywords
68957,2018-04-13,Övrigt,Ingen kommunikatör i tjänst under natten,"<p>Polisen.se/händelsenotiser och samtal från media hanteras i mån av tid av befälen på RLC. Media hänvisas att ringa 010-569 40 28.</p>
<p>Kommunikatör Börje Öhman i tjänst från lördag klockan 07:00.                            </p>
","Norrbotten, okänd kommun",no_incident_keywords
69040,2018-04-14,Övrigt,"Ingen kommunikatör i tjänst under eftermiddag, kväll och natt","<p>Polisen.se/händelsenotiser och samtal från media hanteras i mån av tid av befälen på RLC. Media hänvisas att ringa 010-569 40 28.</p>
<p>Kommunikatör Börje Öhman i tjänst från söndag klockan 07:00. </p>
","Norrbotten, okänd kommun",no_incident_keywords
69216,2018-04-16,Övrigt,"Norrbotten, ingen kommunikatör på plats under kvällen/natten","<p>Polisen.se/händelsenotiser och samtal från media hanteras i mån av tid av befälen på regionledningscentralen. Media hänvisas att ringa 010-56 94028. </p>
<p>Kommunikatör Marie Andersson är i tjänst från tisdag kl 07:00.                                     </p>","Norrbotten, okänd kommun",no_incident_keywords
69365,2018-04-17,Övrigt,Ingen kommunikatör i tjänst under kvällen och natten,"<p>Polisen.se/händelsenotiser och samtal från media hanteras i mån av tid av befälen på RLC. Media hänvisas att ringa 010-569 40 28.</p>
<p>Kommunikatör Börje Öhman i tjänst från onsdag klockan 07:00.                           </p>
","Norrbotten, okänd kommun",no_incident_keywords
69488,2018-04-18,Övrigt,Ingen kommunikatör i tjänst under kvällen och natten.,"<p>Polisen.se/händelsenotiser och samtal från media hanteras i mån av tid av befälen på RLC. Media hänvisas att ringa 010-569 40 28.</p>
<p>Kommunikatör Börje Öhman i tjänst från torsdag klockan 07:00.  </p>","Norrbotten, okänd kommun",no_incident_keywords
69636,2018-04-19,Övrigt,Ingen kommunikatör i tjänst under natten,"<p>Polisen.se/händelsenotiser och samtal från media hanteras i mån av tid av befälen på RLC. Media hänvisas att ringa 010-569 40 28.</p>
<p>Kommunikatör Marie Andersson i tjänst från fredag klockan 07:00.                        </p>
","Norrbotten, okänd kommun",no_incident_keywords
69744,2018-04-20,Övrigt,Ingen kommunikatör i tjänst under natten,"<p>Polisen.se/händelsenotiser och samtal från media hanteras i mån av tid av befälen på RLC. Media hänvisas att ringa 010-569 40 28.</p>
<p>Kommunikatör Peder Jonsson i tjänst från lördag klockan 07:00.  </p>","Norrbotten, okänd kommun",no_incident_keywords
69816,2018-04-21,Övrigt,Ingen kommunikatör i tjänst under kvällen/natten.,"<p>Polisen.se/händelsenotiser och samtal från media hanteras i mån av tid av befälen på RLC. Media hänvisas att ringa 010-569 40 28.</p>
<p>Kommunikatör Peder Jonsson i tjänst från söndag klockan 07:00.</p>","Norrbotten, okänd kommun",no_incident_keywords
69887,2018-04-22,Övrigt,Ingen kommunikatör i tjänst under kvällen/natten.,"<p>Polisen.se/händelsenotiser och samtal från media hanteras i mån av tid av befälen på RLC. Media hänvisas att ringa 010-569 40 28.</p>
<p>Kommunikatör Marie Andersson i tjänst från måndag klockan 07:00.</p>","Norrbotten, okänd kommun",no_incident_keywords
70028,2018-04-23,Övrigt,Ingen kommunikatör i tjänst under natten,"<p>Polisen.se/händelsenotiser och samtal från media hanteras i mån av tid av befälen på RLC. Media hänvisas att ringa 010-569 40 28.</p>
<p>Kommunikatör Börje Öhman i tjänst från tisdag klockan 07:00.                            </p>
","Norrbotten, okänd kommun",no_incident_keywords
70163,2018-04-24,Övrigt,Ingen kommunikatör i tjänst under natten,"<p>Polisen.se/händelsenotiser och samtal från media hanteras i mån av tid av befälen på RLC. Media hänvisas att ringa 010-569 40 28.</p>
<p>Kommunikatör Peder Jonsson i tjänst från onsdag klockan 07:00.                          </p>
","Norrbotten, okänd kommun",no_incident_keywords
70560,2018-04-28,Övrigt,"Norrbotten, ingen kommunikatör i tjänst under kvällen/natten","<p>Polisen.se/händelsenotiser och samtal från media hanteras i mån av tid av befälen på RLC. Media hänvisas ringa 010-5694028.</p>
<p>Kommunikatör Marie Andersson är i tjänst från och med söndag kl 07:00.</p>

","Norrbotten, okänd kommun",no_incident_keywords
70828,2018-05-01,Övrigt,Ingen kommunikatör i tjänst,"<p>Polisen.se/händelsenotiser och samtal från media hanteras i mån av tid av befälen på RLC. Media hänvisas att ringa 010-569 40 28.</p>
<p>Kommunikatör Marie Andersson i tjänst från onsdag klockan 07:00.    </p>
<p><br />Presstalespersoner på plats i Boden under 1 maj:</p>
<p>Patrik Ström, tel. 070-218 93 80<br />Per Hartman, tel. 072-709 63 52</p>

<p>                    </p>
",Bodens kommun,no_incident_keywords
70933,2018-05-02,Övrigt,"Norrbotten, ingen kommunikatör i tjänst under kvällen","<p>Polisen.se/händelsenotiser och samtal från media hanteras i mån av tid av befälen vid regionledningscentralen. Media hänvisas att ringa 010-5694028.</p>
<p>Kommunikatör Börje Öhman är i tjänst från torsdag kl 07:00.</p>","Norrbotten, okänd kommun",no_incident_keywords
71044,2018-05-03,Övrigt,Ingen kommunikatör i tjänst under kvällen och natten,"<p>Polisen.se/händelsenotiser och samtal från media hanteras i mån av tid av befälen vid regionledningscentralen. Media hänvisas att ringa 010-5694028.</p>
<p>Kommunikatör Börje Öhman är i tjänst från fredag kl 07:00.</p>","Norrbotten, okänd kommun",no_incident_keywords
71209,2018-05-04,Övrigt,"Norrbotten, ingen kommunikatör i tjänst under natten","<p>Polisen.se/händelsenotiser och samtal från media hanteras i mån av tid av befälen på regionledningscentralen. Media hänvisas att ringa 010-5694028.</p>
<p>Kommunikatör Liv Fahlén är i tjänst från lördag kl 07:00.</p>","Norrbotten, okänd kommun",no_incident_keywords
71276,2018-05-05,Övrigt,Ingen kommunikatör i tjänst under kvällen och natten,"<p>Polisen.se/händelsenotiser och samtal från media hanteras i mån av tid av befälen på RLC. Media hänvisas att ringa 010-569 40 28.</p>
<p>Kommunikatör Liv Fahlén i tjänst från söndag klockan 07:00.                          </p>
","Norrbotten, okänd kommun",no_incident_keywords
71379,2018-05-06,Övrigt,Ingen kommunikatör i tjänst under kvällen och natten,"<p>Polisen.se/händelsenotiser och samtal från media hanteras i mån av tid av befälen på RLC. Media hänvisas att ringa 010-569 40 28.</p>
<p>Kommunikatör Börje Öhman i tjänst från måndag klockan 07:00.                            </p>
","Norrbotten, okänd kommun",no_incident_keywords
71529,2018-05-07,Övrigt,Ingen kommunikatör i tjänst under kvällen/natten.,"<p>Polisen.se/händelsenotiser och samtal från media hanteras i mån av tid av befälen på RLC. Media hänvisas att ringa 010-569 40 28.</p>
<p>Kommunikatör Börje Öhman i tjänst från tisdag klockan 07:00.  </p>","Norrbotten, okänd kommun",no_incident_keywords
71605,2018-05-08,Övrigt,ingen kommunikatör i tjänst under kvällen eller natten,"<p>Polisen.se/händelsenotiser och samtal från media hanteras i mån av tid av befälen på RLC. Media hänvisas att ringa 010-569 40 28.</p>
<p>Kommunikatör Liv Fahlén i tjänst onsdag klockan 07:00.</p>","Norrbotten, okänd kommun",no_incident_keywords
71796,2018-05-09,Övrigt,"Norrbotten, ingen kommunikatör i tjänst under natten","<p>Polisen.se/händelsenotiser och samtal från media hanteras i mån av tid av befälen på regionledningscentralen. Media hänvisas att ringa 010-5694028.</p>
<p>Kommunikatör Liv Fahlén är i tjänst från torsdag kl 07:00.</p>","Norrbotten, okänd kommun",no_incident_keywords
71865,2018-05-10,Övrigt,Ingen kommunikatör i tjänst under kvällen och natten,"<p>Polisen.se/händelsenotiser och samtal från media hanteras i mån av tid av befälen på RLC. Media hänvisas att ringa 010-569 40 28.</p>
<p>Kommunikatör Peder Jonsson i tjänst från fredag klockan 07:00.                      </p>
","Norrbotten, okänd kommun",no_incident_keywords
71990,2018-05-11,Övrigt,Ingen kommunikatör i tjänst,"<p>Polisen.se/händelsenotiser och samtal från media hanteras i mån av tid av befälen på RLC. Media hänvisas att ringa 010-569 40 28.</p>
<p>Kommunikatör Peder Jonsson i tjänst från lördag klockan 07:00.                 </p>
","Norrbotten, okänd kommun",no_incident_keywords
72055,2018-05-12,Övrigt,Ingen kommunikatör i tjänst under kvällen/natten.,"<p>Polisen.se/händelsenotiser och samtal från media hanteras i mån av tid av befälen på RLC. Media hänvisas att ringa 010-569 40 28.</p>
<p>Kommunikatör Peder Jonsson i tjänst från söndag klockan 07:00.       </p>","Norrbotten, okänd kommun",no_incident_keywords
72139,2018-05-13,Övrigt,Ingen kommunikatör i tjänst under kvällen/natten.,"<p>Polisen.se/händelsenotiser och samtal från media hanteras i mån av tid av befälen på RLC. Media hänvisas att ringa 010-569 40 28.</p>
<p>Kommunikatör Peder Jonsson i tjänst från måndag klockan 07:00.      </p>","Norrbotten, okänd kommun",no_incident_keywords
72305,2018-05-14,Övrigt,"Norrbotten, ingen kommunikatör i tjänst under natten","<p>Polisen.se/händelsenotiser och samtal från media hanteras i mån av tid av befälen på regionledningscentralen. Media hänvisas att ringa 010-5694028.</p>
<p>Kommunikatör Peder Jonsson är i tjänst från tisdag kl 07:00.</p>
","Norrbotten, okänd kommun",no_incident_keywords
72474,2018-05-15,Övrigt,Ingen kommunikatör i tjänst,"<p>Polisen.se/händelsenotiser och samtal från media hanteras i mån av tid av befälen på RLC. Media hänvisas att ringa 010-569 40 28.</p>
<p>Kommunikatör Börje Öhman i tjänst från onsdag klockan 07:00.                         </p>
","Norrbotten, okänd kommun",no_incident_keywords
72611,2018-05-16,Övrigt,Ingen kommunikatör i tjänst,"<p>Polisen.se/händelsenotiser och samtal från media hanteras i mån av tid av befälen på RLC. Media hänvisas att ringa 010-569 40 28.</p>
<p>Kommunikatör Börje Öhman i tjänst från torsdag 07:00.                          </p>
","Norrbotten, okänd kommun",no_incident_keywords
72759,2018-05-17,Övrigt,Ingen kommunikatör i tjänst,"<p>Polisen.se/händelsenotiser och samtal från media hanteras i mån av tid av befälen på RLC. Media hänvisas att ringa 010-569 40 28. </p>
<p>Kommunikatör Marie Andersson i tjänst från fredag 07:00.                          </p>
","Norrbotten, okänd kommun",no_incident_keywords
72890,2018-05-18,Övrigt,Ingen kommunikatör i tjänst under natten,"<p>Polisen.se/händelsenotiser och samtal från media hanteras i mån av tid av befälen på RLC. Media hänvisas att ringa 010-569 40 28. </p>
<p>Kommunikatör Börje Öhman i tjänst från lördag 07:00.    </p>","Norrbotten, okänd kommun",no_incident_keywords
72964,2018-05-19,Övrigt,Ingen kommunikatör i tjänst under eftermiddag och natt,"<p>Polisen.se/händelsenotiser och samtal från media hanteras i mån av tid av befälen på RLC. Media hänvisas att ringa 010-569 40 28. </p>
<p>Kommunikatör Börje Öhman i tjänst från söndag 07:00. </p>","Norrbotten, okänd kommun",no_incident_keywords
73027,2018-05-20,Övrigt,Ingen kommunikatör under kvällen och natten,"<p>Polisen.se/händelsenotiser och samtal från media hanteras i mån av tid av befälen på RLC. Media hänvisas att ringa 010-569 40 28.  </p>
<p>Kommunikatör liv Fahlén i tjänst från måndag 07:00. </p>","Norrbotten, okänd kommun",no_incident_keywords
73137,2018-05-21,Övrigt,Ingen kommunikatör i tjänst under kvällen och natten,"<p>Polisen.se/händelsenotiser och samtal från media hanteras i mån av tid av befälen på RLC. Media hänvisas att ringa 010-569 40 28.</p>
<p>Kommunikatör Liv Fahlén i tjänst från tisdag 07:00.                            </p>
","Norrbotten, okänd kommun",no_incident_keywords
73289,2018-05-22,Övrigt,"Ingen kommunikatör i tjänst under kvällen, natten och hela onsdagen","<p>Polisen.se/händelsenotiser och samtal från media hanteras i mån av tid av befälen på RLC. Media hänvisas att ringa 010-569 40 28.</p>
<p>Kommunikatör Liv Fahlén i tjänst från torsdag 07:00.                            </p>
","Norrbotten, okänd kommun",no_incident_keywords
73547,2018-05-24,Övrigt,Ingen kommunikatör i tjänst under kvällen och natten,"<p>Polisen.se/händelsenotiser och samtal från media hanteras i mån av tid av befälen på RLC. Media hänvisas att ringa 010-569 40 28.</p>
<p>Kommunikatör Liv Fahlén i tjänst från fredag 07:00.                      </p>
","Norrbotten, okänd kommun",no_incident_keywords
73730,2018-05-25,Övrigt,Ingen kommunikatör i tjänst under natten.,"<p>Polisen.se/händelsenotiser och samtal från media hanteras i mån av tid av befälen på RLC. Media hänvisas att ringa 010-569 40 28.</p>
<p>Kommunikatör Marie Andersson i tjänst från lördag 07:00.      </p>","Norrbotten, okänd kommun",no_incident_keywords
73819,2018-05-26,Övrigt,"Norrbotten, ingen kommunikatör i tjänst under kvällen/natten","<p>Polisen.se/händelsenotiser och samtal från media hanteras i mån av tid av befälen på RLC. Media hänvisas att ringa 010-5694028</p>
<p>Kommunikatör Marie Andersson är i tjänst från söndag klockan 07:00.</p>","Norrbotten, okänd kommun",no_incident_keywords
73925,2018-05-27,Övrigt,"Norrbotten, ingen kommunikatör i tjänst under kväll/natt","<p>Polisen.se/händelsenotiser och samtal från media hanteras i mån av tid av befälen på RLC. Media hänvisas att ringa 010-5694028.</p>
<p>Kommunikatör Peder Jonsson är i tjänst från måndag kl 07:00.                               </p>","Norrbotten, okänd kommun",no_incident_keywords
74013,2018-05-28,Övrigt,Ingen kommunikatör i tjänst under kvällen/natten.,"<p>Polisen.se/händelsenotiser och samtal från media hanteras i mån av tid av befälen på RLC. Media hänvisas att ringa 010-5694028.</p>
<p>Kommunikatör Peder Jonsson är i tjänst från tisdag kl 07:00.    </p>","Norrbotten, okänd kommun",no_incident_keywords
74149,2018-05-29,Övrigt,Ingen kommunikatör i tjänst under kvällen/natten.,"<p>Polisen.se/händelsenotiser och samtal från media hanteras i mån av tid av befälen på RLC. Media hänvisas att ringa 010-5694028.</p>
<p>Kommunikatör Marie Andersson är i tjänst från onsdag kl 07:00.    </p>","Norrbotten, okänd kommun",no_incident_keywords
74345,2018-05-30,Övrigt,Ingen kommunikatör i tjänst under natten.,"<p>Polisen.se/händelsenotiser och samtal från media hanteras i mån av tid av befälen på RLC. Media hänvisas att ringa 010-5694028.</p>
<p>Kommunikatör Marie Andersson är i tjänst från torsdag kl 07:00.    </p>","Norrbotten, okänd kommun",no_incident_keywords
74511,2018-05-31,Övrigt,Ingen kommunikatör i tjänst under natten.,"<p>Polisen.se/händelsenotiser och samtal från media hanteras i mån av tid av befälen på RLC. Media hänvisas att ringa 010-5694028.</p>
<p>Kommunikatör Börje Öhman är i tjänst från fredag kl 07:00.    </p>","Norrbotten, okänd kommun",no_incident_keywords
74639,2018-06-01,Övrigt,"Norrbotten, ingen kommunikatör i tjänst under natten","<p>Polisen.se/händelsenotiser och samtal från media hanteras i mån av tid av befälen på RLC. Media hänvisas att ringa 010-56 94028. </p>
<p>Kommunikatör Liv Fahlén är i tjänst från lördag kl 07:00.                                       </p>

","Norrbotten, okänd kommun",no_incident_keywords
74714,2018-06-02,Övrigt,Ingen kommunikatör i tjänst under kvällen och natten,"<p>Polisen.se/händelsenotiser och samtal från media hanteras i mån av tid av befälen på RLC. Media hänvisas att ringa 010-569 40 28.</p>
<p>Kommunikatör Liv Fahlén i tjänst från söndag 07:00.                            </p>
","Norrbotten, okänd kommun",no_incident_keywords
74787,2018-06-03,Övrigt,Ingen kommunikatör i tjänst under kvällen och natten,"<p>Polisen.se/händelsenotiser och samtal från media hanteras i mån av tid av befälen på RLC. Media hänvisas att ringa 010-569 40 28.</p>
<p>Kommunikatör Liv Fahlén i tjänst från måndag 07:00.                        </p>
","Norrbotten, okänd kommun",no_incident_keywords
74933,2018-06-04,Övrigt,Ingen kommunikatör i tjänst under natten.,"<p>Polisen.se/händelsenotiser och samtal från media hanteras i mån av tid av befälen på RLC. Media hänvisas att ringa 010-569 40 28.</p>
<p>Kommunikatör Marie Andersson i tjänst från tisdag 07:00.   </p>","Norrbotten, okänd kommun",no_incident_keywords
75076,2018-06-05,Övrigt,Ingen kommunikatör i tjänst under natten.,"<p>Polisen.se/händelsenotiser och samtal från media hanteras i mån av tid av befälen på RLC. Media hänvisas att ringa 010-569 40 28.</p>
<p>Kommunikatör Liv Fahlén i tjänst från onsdag 07:00.   </p>","Norrbotten, okänd kommun",no_incident_keywords
75169,2018-06-06,Övrigt,Ingen kommunikatör i tjänst under kvällen och natten,"<p>Polisen.se/händelsenotiser och samtal från media hanteras i mån av tid av befälen på RLC. Media hänvisas att ringa 010-569 40 28.</p>
<p>Kommunikatör Liv Fahlén i tjänst från torsdag 07:00.                     </p>
","Norrbotten, okänd kommun",no_incident_keywords
75341,2018-06-07,Övrigt,"Norrbotten, ingen kommunikatör i tjänst under natten","<p>Polisen.se/händelsenotiser och samtal från media hanteras i mån av tid av befälen på RLC. Media hänvisas att ringa 010-56 94028.</p>
<p>Kommunikatör Peder Jonsson i tjänst från fredag kl 07:00.</p>","Norrbotten, okänd kommun",no_incident_keywords
75497,2018-06-08,Övrigt,Ingen kommunikatör i tjänst under natten,"<p>Polisen.se/händelsenotiser och samtal från media hanteras i mån av tid av befälen på RLC. Media hänvisas att ringa 010-569 40 28.</p>
<p>Kommunikatör Peder Jonsson i tjänst från lördag 07:00.                           </p>","Norrbotten, okänd kommun",no_incident_keywords
75564,2018-06-09,Övrigt,Ingen kommunikatör i tjänst under kvällen/natten.,"<p>Polisen.se/händelsenotiser och samtal från media hanteras i mån av tid av befälen på RLC. Media hänvisas att ringa 010-569 40 28.</p>
<p>Kommunikatör Peder Jonsson i tjänst från söndag 07:00.      </p>","Norrbotten, okänd kommun",no_incident_keywords
75658,2018-06-10,Övrigt,Ingen kommunikatör i tjänst under kvällen/natten.,"<p>Polisen.se/händelsenotiser och samtal från media hanteras i mån av tid av befälen på RLC. Media hänvisas att ringa 010-569 40 28.</p>
<p>Kommunikatör Peder Jonsson i tjänst från måndag 07:00.  </p>","Norrbotten, okänd kommun",no_incident_keywords
75802,2018-06-11,Övrigt,"Norrbotten, ingen kommunikatör i tjänst under natten","<p>Polisen.se/händelsenotiser och samtal från media hanteras i mån av tid av befälen på RLC. Media hänvisas att ringa 010-56 94028.  </p>
<p>Kommunikatör Peder Jonsson är i tjänst från tisdag kl 07:00.                                        </p>
","Norrbotten, okänd kommun",no_incident_keywords
75939,2018-06-12,Övrigt,"Norrbotten, ingen kommunikatör i tjänst under natten","<p>Polisen.se/händelsenotiser och samtal från media hanteras i mån av tid av befälen på RLC. Media hänvisas att ringa 010-5694028.  </p>
<p>Kommunikatör Börje Öhman är i tjänst från onsdag kl 07:00.                                   </p>
","Norrbotten, okänd kommun",no_incident_keywords
76075,2018-06-13,Övrigt,Ingen kommunikatör i tjänst under natten,"<p>Polisen.se/händelsenotiser och samtal från media hanteras i mån av tid av befälen på RLC. Media hänvisas att ringa 010-569 40 28.</p>
<p>Kommunikatör Börje Öhman i tjänst från torsdag 07:00.                           </p>
","Norrbotten, okänd kommun",no_incident_keywords
76193,2018-06-14,Övrigt,Ingen kommunikatör i tjänst under natten,"<p>Polisen.se/händelsenotiser och samtal från media hanteras i mån av tid av befälen på RLC. Media hänvisas att ringa 010-569 40 28.</p>
<p>Kommunikatör Marie Andersson i tjänst från fredag 07:00.                     </p>","Norrbotten, okänd kommun",no_incident_keywords
76259,2018-06-15,Övrigt,"Norrbotten, ingen kommunikatör i tjänst under eftermiddagen/kvällen","<p>Polisen.se/händelsenotiser och samtal från media hanteras i mån av tid av befälen på RLC. Media hänvisas att ringa 010-5694028.</p>
<p>Kommunikatör Börje Öhman är i tjänst från lördag kl 07:00.                              </p>
","Norrbotten, okänd kommun",no_incident_keywords
76357,2018-06-16,Övrigt,Ingen kommunikatör i tjänst under kvällen och natten,"<p>Polisen.se/händelsenotiser och samtal från media hanteras i mån av tid av befälen på RLC. Media hänvisas att ringa 010-5694028.</p>
<p>Kommunikatör Börje Öhman är i tjänst från söndag kl 07:00.    </p>","Norrbotten, okänd kommun",no_incident_keywords
76420,2018-06-17,Övrigt,Ingen kommunikatör i tjänst under kvällen och natten,"<p>Polisen.se/händelsenotiser och samtal från media hanteras i mån av tid av befälen på RLC. Media hänvisas att ringa 010-5694028.</p>
<p>Kommunikatör Marie Andersson är i tjänst från måndag kl 07:00.    </p>","Norrbotten, okänd kommun",no_incident_keywords
76506,2018-06-18,Övrigt,"Norrbotten, ingen kommunikatör i tjänst under eftermiddagen/kvällen","<p>Polisen.se/händelsenotiser och samtal från media hanteras i mån av tid av befälen på RLC. Media hänvisas att ringa 010-56 94028. </p>
<p>Kommunikatör Marie Andersson är i tjänst från tisdag kl 07:00.</p>","Norrbotten, okänd kommun",no_incident_keywords
76634,2018-06-19,Övrigt,"Norrbotten, ingen kommunikatör i tjänst under eftermiddagen/kvällen","<p>Polisen.se/händelsenotiser och samtal från media hanteras i mån av tid av befälen på RLC. Media hänvisas att ringa 010-56 94028.</p>
<p>Kommunikatör Börje Öhman är i tjänst från onsdag kl 07:00.                                  </p>

","Norrbotten, okänd kommun",no_incident_keywords
76761,2018-06-20,Övrigt,Ingen kommunikatör i tjänst under kvällen och natten,"<p>Polisen.se/händelsenotiser och samtal från media hanteras i mån av tid av befälen på RLC. Media hänvisas att ringa 010-56 94028.</p>
<p>Kommunikatör Börje Öhman är i tjänst från torsdag kl 07:00.  </p>","Norrbotten, okänd kommun",no_incident_keywords
76871,2018-06-21,Övrigt,Ingen kommunikatör i tjänst under kvällen eller natten,"<p>Polisen.se/händelsenotiser och samtal från media hanteras i mån av tid av befälen på RLC. Media hänvisas att ringa 010-56 94028.</p>
<p>Kommunikatör Börje Öhman är i tjänst från fredag kl 07:00.  </p>","Norrbotten, okänd kommun",no_incident_keywords
76979,2018-06-22,Övrigt,Ingen kommunikatör i tjänst under kvällen eller natten,"<p>Polisen.se/händelsenotiser och samtal från media hanteras i mån av tid av befälen på RLC. Media hänvisas att ringa 010-56 94028.</p>
<p>Kommunikatör Marie Andersson är i tjänst från lördag kl 07:00. </p>","Norrbotten, okänd kommun",no_incident_keywords
77062,2018-06-23,Övrigt,"Norrbotten, ingen kommunikatör i tjänst under eftermiddagen/kvällen","<p>Polisen.se/händelsenotiser och samtal från media hanteras i mån av tid av befälen på RLC. Media hänvisas att ringa 010-56 94028.  </p>
<p>Kommunikatör Marie Andersson är i tjänst från söndag kl 07:00.                                         </p>","Norrbotten, okänd kommun",no_incident_keywords
77155,2018-06-24,Övrigt,"Norrbotten, ingen kommunikatör i tjänst under eftermiddagen och kvällen","<p>Polisen.se/händelsenotiser och samtal från media hanteras i mån av tid av befälen på RLC. Media hänvisas att ringa 010-56 94028.  </p>
<p>Kommunikatör Maria Stigenius är i tjänst från måndag kl 07:00.  </p>","Norrbotten, okänd kommun",no_incident_keywords
77257,2018-06-25,Övrigt,"Norrbotten, ingen kommunikatör i tjänst under eftermiddagen och kvällen.","<p>Polisen.se/händelsenotiser och samtal från media hanteras i mån av tid av befälen på RLC. <br />Media hänvisas att ringa 010-56 94028.  </p>
<p>Kommunikatör Marie Andersson är i tjänst från tisdag kl 07:00. </p>

","Norrbotten, okänd kommun",no_incident_keywords
77342,2018-06-26,Övrigt,"Norrbotten, ingen kommunikatör i tjänst under eftermiddagen/kvällen","<p>Polisen.se/händelsenotiser och samtal från media hanteras i mån av tid av befälen på RLC. Media hänvisas att ringa 010-56 94028.</p>
<p>Kommunikatör Marie Andersson är i tjänst från onsdag kl 7:00.                                 </p>
","Norrbotten, okänd kommun",no_incident_keywords
77445,2018-06-27,Övrigt,"Norrbotten, ingen kommunikatör i tjänst under eftermiddagen/kvällen","<p>Polisen.se/händelsenotiser och samtal från media hanteras i mån av tid av befälen på RLC. Media hänvisas att ringa 010-56 94028.  </p>
<p>Kommunikatör Börje Öhman är i tjänst från torsdag kl 07:00.                                         </p>","Norrbotten, okänd kommun",no_incident_keywords
77633,2018-06-29,Övrigt,Ingen kommunikatör i tjänst under kvällen eller natten,"<p>Polisen.se/händelsenotiser och samtal från media hanteras i mån av tid av befälen på RLC. Media hänvisas att ringa 010-56 94028.  </p>
<p>Kommunikatör Börje Öhman är i tjänst från lördag kl 07:00.  </p>","Norrbotten, okänd kommun",no_incident_keywords
77760,2018-07-01,Övrigt,Ingen kommunikatör i tjänst under kvällen eller natten.,"<p>Polisen.se/händelsenotiser och samtal från media hanteras i mån av tid av befälen på RLC. Media hänvisas att ringa 010-56 94028. </p>
<p>Kommunikatör Marie Andersson är i tjänst från måndag kl 07:00. </p>
","Norrbotten, okänd kommun",no_incident_keywords
77830,2018-07-02,Övrigt,"Norrbotten, ingen kommunikatör i tjänst under eftermiddagen/kvällen","<p>Polisen.se/händelsenotiser och samtal från media hanteras i mån av tid av befälen på RLC. Media hänvisas att ringa 010-56 94028.</p>
<p>Kommunikatör Marie Andersson är i tjänst från tisdag kl 07:00.                                        </p>","Norrbotten, okänd kommun",no_incident_keywords
77932,2018-07-03,Övrigt,"Norrbotten, ingen kommunikatör i tjänst under eftermiddagen och kvällen","<p>Polisen.se/händelsenotiser och samtal från media hanteras i mån av tid av befälen på RLC. Media hänvisas att ringa 010-56 94028.</p>
<p>Kommunikatör Marie Andersson är i tjänst från onsdag kl 07:00.                           </p>
","Norrbotten, okänd kommun",no_incident_keywords
78036,2018-07-04,Övrigt,"Norrbotten, ingen kommunikatör i tjänst under eftermiddagen och kvällen","<p>Polisen.se/händelsenotiser och samtal från media hanteras i mån av tid av befälen på RLC. Media hänvisas att ringa 010-56 94028.</p>
<p>Kommunikatör Marie Andersson är i tjänst från torsdag kl 07:00.                                     </p>
","Norrbotten, okänd kommun",no_incident_keywords
78121,2018-07-05,Övrigt,"Norrbotten, ingen kommunikatör i tjänst under eftermiddagen och kvällen","<p>Polisen.se/händelsenotiser och samtal från media hanteras i mån av tid av befälen på RLC. Media hänvisas att ringa 010-56 94028.</p>
<p>Kommunikatör Marie Andersson är i tjänst från fredag kl 07:00.                            </p>","Norrbotten, okänd kommun",no_incident_keywords
78246,2018-07-06,Övrigt,"Norrbotten, ingen kommunikatör i tjänst under eftermiddag och kvällen","<p>Polisen.se/händelsenotiser och samtal från media hanteras i mån av tid av befälen på RLC. Media hänvisas att ringa 010-56 94028. </p>
<p>Kommunikatör Börje Öhman är i tjänst från lördag kl 07:00.                               </p>","Norrbotten, okänd kommun",no_incident_keywords
78339,2018-07-07,Övrigt,Ingen kommunikatör i tjänst under kvällen och natten,"<p>Polisen.se/händelsenotiser och samtal från media hanteras i mån av tid av befälen på RLC. Media hänvisas att ringa 010-56 94028. </p>
<p>Kommunikatör Börje Öhman är i tjänst från söndag kl 07:00.</p>","Norrbotten, okänd kommun",no_incident_keywords
78496,2018-07-09,Övrigt,"Norrbotten, ingen kommunikatör i tjänst under eftermiddagen och kvällen","<p>Polisen.se/händelsenotiser och samtal från media hanteras i mån av tid av befälen på RLC. Media hänvisas att ringa 010-56 94028.</p>
<p>Kommunikatör Marie Andersson är i tjänst från tisdag kl 07:00.</p>","Norrbotten, okänd kommun",no_incident_keywords
78618,2018-07-10,Övrigt,"Norrbotten, ingen kommunikatör i tjänst under eftermiddagen och kvällen","<p>Polisen.se/händelsenotiser och samtal från media hanteras i mån av tid av befälen på RLC. Media hänvisas att ringa 010-56 94028. </p>
<p>Kommunikatör Marie Andersson är i tjänst från onsdag kl 07:00.                                    </p>","Norrbotten, okänd kommun",no_incident_keywords
78737,2018-07-11,Övrigt,"Norrbotten, ingen kommunikatör i tjänst under eftermiddagen och kvällen","<p>Polisen.se/händelsenotiser och samtal från media hanteras i mån av tid av befälen på RLC. Media hänvisas att ringa 010-56 94028.</p>
<p>Kommunikatör Börje Öhman är i tjänst från torsdag kl 07:00.                                     </p>
","Norrbotten, okänd kommun",no_incident_keywords
78843,2018-07-12,Övrigt,Ingen kommunikatör i tjänst under kvällen eller natten,"<p>Polisen.se/händelsenotiser och samtal från media hanteras i mån av tid av befälen på RLC. Media hänvisas att ringa 010-56 94028.</p>
<p>Kommunikatör Börje Öhman är i tjänst från fredag kl 07:00.  </p>","Norrbotten, okänd kommun",no_incident_keywords
78975,2018-07-13,Övrigt,Ingen kommunikatör i tjänst under kvällen och natten,"<p>Polisen.se/händelsenotiser och samtal från media hanteras i mån av tid av befälen på RLC. Media hänvisas att ringa 010-56 94028.</p>
<p>Kommunikatör Peder Jonsson är i tjänst från lördag kl 07:00. </p>","Norrbotten, okänd kommun",no_incident_keywords
79059,2018-07-14,Övrigt,Ingen kommunikatör i tjänst under kvällen/natten.,"<p>Polisen.se/händelsenotiser och samtal från media hanteras i mån av tid av befälen på RLC. Media hänvisas att ringa 010-56 94028.</p>
<p>Kommunikatör Peder Jonsson är i tjänst från söndag kl 07:00. </p>","Norrbotten, okänd kommun",no_incident_keywords
79132,2018-07-15,Övrigt,Ingen kommunikatör i tjänst under kvällen/natten.,"<p>Polisen.se/händelsenotiser och samtal från media hanteras i mån av tid av befälen på RLC. Media hänvisas att ringa 010-56 94028.</p>
<p>Kommunikatör Liv Fahlén är i tjänst från måndag kl 07:00. </p>","Norrbotten, okänd kommun",no_incident_keywords
79217,2018-07-16,Övrigt,Ingen kommunikatör i tjänst under kvällen och natten.,"<p>Polisen.se/händelsenotiser och samtal från media hanteras i mån av tid av befälen på RLC. Media hänvisas att ringa 010-569 40 28.</p>
<p>Kommunikatör Liv Fahlén i tjänst från tisdag klockan 07:00.                         </p>
","Norrbotten, okänd kommun",no_incident_keywords
79315,2018-07-17,Övrigt,Ingen kommunikatör i tjänst under kvällen och natten,"<p>Polisen.se/händelsenotiser och samtal från media hanteras i mån av tid av befälen på RLC. Media hänvisas att ringa 010-569 40 28.</p>
<p>Kommunikatör Peder Jonsson i tjänst från onsdag klockan 07:00.                           </p>","Norrbotten, okänd kommun",no_incident_keywords
79428,2018-07-18,Övrigt,Ingen kommunikatör i tjänst under kvällen/natten.,"<p>Polisen.se/händelsenotiser och samtal från media hanteras i mån av tid av befälen på RLC. Media hänvisas att ringa 010-569 40 28.</p>
<p>Kommunikatör Peder Jonsson i tjänst från torsdag klockan 07:00.     </p>","Norrbotten, okänd kommun",no_incident_keywords
79548,2018-07-19,Övrigt,Ingen kommunikatör i tjänst under kvällen/natten.,"<p>Polisen.se/händelsenotiser och samtal från media hanteras i mån av tid av befälen på RLC. Media hänvisas att ringa 010-569 40 28.</p>
<p>Kommunikatör Peder Jonsson i tjänst från fredag klockan 07:00.     </p>","Norrbotten, okänd kommun",no_incident_keywords
79645,2018-07-20,Övrigt,Ingen kommunikatör i tjänst under kvällen/natten.,"<p>Polisen.se/händelsenotiser och samtal från media hanteras i mån av tid av befälen på RLC. Media hänvisas att ringa 010-569 40 28.</p>
<p>Kommunikatör Maria Jakobsson i tjänst från lördag klockan 07:00.    </p>","Norrbotten, okänd kommun",no_incident_keywords
79726,2018-07-21,Övrigt,Ingen kommunikatör i tjänst,"<p>Polisen.se/händelsenotiser och samtal från media hanteras i mån av tid av befälen på RLC. Media hänvisas att ringa 010-569 40 28</p>
","Norrbotten, okänd kommun",no_incident_keywords
79792,2018-07-22,Övrigt,Ingen kommunikatör i tjänst under kvällen/natten.,"<p>Polisen.se/händelsenotiser och samtal från media hanteras i mån av tid av befälen på RLC. Media hänvisas att ringa 010-569 40 28.</p>
","Norrbotten, okänd kommun",no_incident_keywords
79902,2018-07-23,Övrigt,Ingen kommunikatör i tjänst under kvällen och natten.,"<p>Polisen.se/händelsenotiser och samtal från media hanteras i mån av tid av befälen på RLC. Media hänvisas att ringa 010-569 40 28.</p>
<p>Kommunikatör Liv Fahlén i tjänst från tisdag 07:00.                         </p>
","Norrbotten, okänd kommun",no_incident_keywords
80008,2018-07-24,Övrigt,Ingen kommunikatör i tjänst under kvällen och natten.,"<p>Polisen.se/händelsenotiser och samtal från media hanteras i mån av tid av befälen på RLC. Media hänvisas att ringa 010-569 40 28.</p>
<p>Kommunikatör Peder Jonsson i tjänst från onsdag 07:00.                            </p>","Norrbotten, okänd kommun",no_incident_keywords
80110,2018-07-25,Övrigt,Ingen kommunikatör i tjänst under kvällen/natten.,"<p>Polisen.se/händelsenotiser och samtal från media hanteras i mån av tid av befälen på RLC. Media hänvisas att ringa 010-569 40 28.</p>
<p>Kommunikatör Peder Jonsson i tjänst från torsdag 07:00.   </p>","Norrbotten, okänd kommun",no_incident_keywords
80252,2018-07-26,Övrigt,Ingen kommunikatör i tjänst under kvällen/natten.,"<p>Polisen.se/händelsenotiser och samtal från media hanteras i mån av tid av befälen på RLC. Media hänvisas att ringa 010-569 40 28.</p>
<p>Kommunikatör Liv Fahlén i tjänst från fredag 07:00. </p>","Norrbotten, okänd kommun",no_incident_keywords
80558,2018-07-29,Övrigt,Ingen kommunikatör i tjänst under kvällen och natten.,"<p>Polisen.se/händelsenotiser och samtal från media hanteras i mån av tid av befälen på RLC. Media hänvisas att ringa 010-569 40 28.</p>
<p>Kommunikatör Liv Fahlén i tjänst från måndag 07:00.                           </p>","Norrbotten, okänd kommun",no_incident_keywords
80647,2018-07-30,Övrigt,Ingen kommunikatör i tjänst under kvällen och natten.,"<p>Polisen.se/händelsenotiser och samtal från media hanteras i mån av tid av befälen på RLC. Media hänvisas att ringa 010-569 40 28.</p>
<p>Kommunikatör Liv Fahlén i tjänst från tisdag 07:00.                        </p>","Norrbotten, okänd kommun",no_incident_keywords
80771,2018-07-31,Övrigt,Ingen kommunikatör i tjänst under kvällen och natten.,"<p>Polisen.se/händelsenotiser och samtal från media hanteras i mån av tid av befälen på RLC. Media hänvisas att ringa 010-569 40 28.</p>
<p>Kommunikatör Peder Jonsson i tjänst från onsdag 07:00.                     </p>
","Norrbotten, okänd kommun",no_incident_keywords
80880,2018-08-01,Övrigt,Ingen kommunikatör i tjänst under kvällen/natten.,"<p>Polisen.se/händelsenotiser och samtal från media hanteras i mån av tid av befälen på RLC. Media hänvisas att ringa 010-569 40 28.</p>
<p>Kommunikatör Peder Jonsson i tjänst från torsdag 07:00.  </p>","Norrbotten, okänd kommun",no_incident_keywords
81027,2018-08-02,Övrigt,Ingen kommunikatör i tjänst under kvällen/natten.,"<p>Polisen.se/händelsenotiser och samtal från media hanteras i mån av tid av befälen på RLC. Media hänvisas att ringa 010-569 40 28.</p>
<p>Kommunikatör  Liv Fahlén i tjänst från fredag 07:00.  </p>","Norrbotten, okänd kommun",no_incident_keywords
81166,2018-08-03,Övrigt,Ingen kommunikatör i tjänst under kvällen och natten.,"<p>Polisen.se/händelsenotiser och samtal från media hanteras i mån av tid av befälen på RLC. Media hänvisas att ringa 010-569 40 28.</p>
<p>Kommunikatör Liv Fahlén i tjänst från lördag 07:00.                         </p>
","Norrbotten, okänd kommun",no_incident_keywords
81277,2018-08-04,Övrigt,Ingen kommunikatör i tjänst under kvällen och natten.,"<p>Polisen.se/händelsenotiser och samtal från media hanteras i mån av tid av befälen på RLC. Media hänvisas att ringa 010-569 40 28.</p>
<p>Kommunikatör Peder Jonsson i tjänst från söndag 07:00.</p>
","Norrbotten, okänd kommun",no_incident_keywords
81353,2018-08-05,Övrigt,Ingen kommunikatör i tjänst under kvällen/natten.,"<p>Polisen.se/händelsenotiser och samtal från media hanteras i mån av tid av befälen på RLC. Media hänvisas att ringa 010-569 40 28.</p>
<p>Kommunikatör Liv Fahlén i tjänst från måndag 07:00.</p>","Norrbotten, okänd kommun",no_incident_keywords
81438,2018-08-06,Övrigt,Ingen kommunikatör i tjänst under kvällen och natten.,"<p>Polisen.se/händelsenotiser och samtal från media hanteras i mån av tid av befälen på RLC. Media hänvisas att ringa 010-569 40 28.</p>
<p>Kommunikatör Liv Fahlén i tjänst från tisdag klockan 07:00.</p>","Norrbotten, okänd kommun",no_incident_keywords
81554,2018-08-07,Övrigt,Ingen kommunikatör i tjänst under kvällen och natten.,"<p>Polisen.se/händelsenotiser och samtal från media hanteras i mån av tid av befälen på RLC. Media hänvisas att ringa 010-569 40 28.</p>
<p>Kommunikatör Liv Fahlén i tjänst från onsdag klockan 07:00.                            </p>","Norrbotten, okänd kommun",no_incident_keywords
81690,2018-08-08,Övrigt,Ingen kommunikatör i tjänst under kvällen och natten.,"<p>Polisen.se/händelsenotiser och samtal från media hanteras i mån av tid av befälen på RLC. Media hänvisas att ringa 010-569 40 28.</p>
<p>Kommunikatör Liv Fahlén i tjänst från torsdag klockan 07:00.                         </p>","Norrbotten, okänd kommun",no_incident_keywords
81819,2018-08-09,Övrigt,Ingen kommunikatör i tjänst under kvällen och natten.,"<p>Polisen.se/händelsenotiser och samtal från media hanteras i mån av tid av befälen på RLC. Media hänvisas att ringa 010-569 40 28.</p>
<p>Kommunikatör Liv Fahlén i tjänst från fredag klockan 07:00.</p>","Norrbotten, okänd kommun",no_incident_keywords
81955,2018-08-10,Övrigt,Ingen kommunikatör i tjänst under kvällen och natten.,"<p>Polisen.se/händelsenotiser och samtal från media hanteras i mån av tid av befälen på RLC. Media hänvisas att ringa 010-569 40 28.</p>
<p>Kommunikatör Peder Jonsson i tjänst från lördag klockan 07:00.                            </p>","Norrbotten, okänd kommun",no_incident_keywords
82015,2018-08-11,Övrigt,Ingen kommunikatör i tjänst under kvällen/natten.,"<p>Polisen.se/händelsenotiser och samtal från media hanteras i mån av tid av befälen på RLC. Media hänvisas att ringa 010-569 40 28.</p>
<p>Kommunikatör Peder Jonsson i tjänst från söndag klockan 07:00.</p>","Norrbotten, okänd kommun",no_incident_keywords
82090,2018-08-12,Övrigt,Ingen kommunikatör i tjänst under kvällen/natten.,"<p>Polisen.se/händelsenotiser och samtal från media hanteras i mån av tid av befälen på RLC. Media hänvisas att ringa 010-569 40 28.</p>
<p>Kommunikatör Liv Fahlén i tjänst från måndag klockan 07:00.</p>","Norrbotten, okänd kommun",no_incident_keywords
82185,2018-08-13,Övrigt,Ingen kommunikatör i tjänst under kvällen och natten.,"<p>Polisen.se/händelsenotiser och samtal från media hanteras i mån av tid av befälen på RLC. Media hänvisas att ringa 010-569 40 28. </p>
<p>Kommunikatör Liv Fahlén i tjänst från tisdag 07:00.                            </p>
","Norrbotten, okänd kommun",no_incident_keywords
82301,2018-08-14,Övrigt,Ingen kommunikatör i tjänst under kvällen och natten.,"<p>Polisen.se/händelsenotiser och samtal från media hanteras i mån av tid av befälen på RLC. Media hänvisas att ringa 010-569 40 28.</p>
<p>Kommunikatör Peder Jonsson i tjänst från onsdag klockan 07:00.</p>","Norrbotten, okänd kommun",no_incident_keywords
82417,2018-08-15,Övrigt,Ingen kommunikatör i tjänst under kvällen/natten.,"<p>Polisen.se/händelsenotiser och samtal från media hanteras i mån av tid av befälen på RLC. Media hänvisas att ringa 010-569 40 28.</p>
<p>Kommunikatör Peder Jonsson i tjänst från torsdag klockan 07:00.</p>","Norrbotten, okänd kommun",no_incident_keywords
82516,2018-08-16,Övrigt,Ingen kommunikatör i tjänst under kvällen/natten.,"<p>Polisen.se/händelsenotiser och samtal från media hanteras i mån av tid av befälen på RLC. Media hänvisas att ringa 010-569 40 28.</p>
<p>Kommunikatör Liv Fahlén i tjänst från fredag klockan 07:00.</p>","Norrbotten, okänd kommun",no_incident_keywords
82671,2018-08-17,Övrigt,Ingen kommunikatör i tjänst under natten.,"<p>Polisen.se/händelsenotiser och samtal från media hanteras i mån av tid av befälen på RLC. Media hänvisas att ringa 010-569 40 28.</p>
<p>Kommunikatör Liv Fahlén i tjänst från lördag klockan 07:00.</p>","Norrbotten, okänd kommun",no_incident_keywords
82742,2018-08-18,Övrigt,Ingen kommunikatör i tjänst under kvällen och natten.,"<p>Polisen.se/händelsenotiser och samtal från media hanteras i mån av tid av befälen på RLC. Media hänvisas att ringa 010-569 40 28.</p>
<p>Kommunikatör Liv Fahlén i tjänst från söndag 07:00.                            </p>","Norrbotten, okänd kommun",no_incident_keywords
82830,2018-08-19,Övrigt,Ingen kommunikatör i tjänst under kvällen och natten.,"<p>Polisen.se/händelsenotiser och samtal från media hanteras i mån av tid av befälen på RLC. Media hänvisas att ringa 010-569 40 28.</p>
<p>Kommunikatör Marie Andersson i tjänst från måndag klockan 07:00.                            </p>","Norrbotten, okänd kommun",no_incident_keywords
83259,2018-08-22,Övrigt,Ingen kommunikatör i tjänst under natten.,"<p>Polisen.se/händelsenotiser och samtal från media hanteras i mån av tid av befälen på RLC. Media hänvisas att ringa 010-569 40 28.</p>
<p>Kommunikatör Börje Öhman i tjänst från torsdag klockan 07:00. </p>","Norrbotten, okänd kommun",no_incident_keywords
83520,2018-08-24,Övrigt,"Norrbotten, ingen kommunikatör i tjänst under natten","<p>Polisen.se/händelsenotiser och samtal från media hanteras i mån av tid av befälen på RLC. Media hänvisas att ringa 010-56 94028.</p>
<p>Kommunikatör Marie Andersson är i tjänst från lördag kl 07:00.                                         </p>
","Norrbotten, okänd kommun",no_incident_keywords
83599,2018-08-25,Övrigt,"Norrbotten, ingen kommunikatör i tjänst","<p>Polisen.se/händelsenotiser och samtal från media hanteras i mån av tid av befälen på RLC. Media hänvisas att ringa 010-56 94028. </p>
<p>Kommunikatör Marie Andersson är i tjänst från söndag kl 07:00.                                  </p>
","Norrbotten, okänd kommun",no_incident_keywords
83692,2018-08-26,Övrigt,"Norrbotten, ingen kommunikatör i tjänst","<p>Polisen.se/händelsenotiser och samtal från media hanteras i mån av tid av befälen på RLC. Media hänvisas att ringa 010-56 94028.</p>
<p>Kommunikatör Börje Öhman är i tjänst från måndag kl 07:00.  </p>
","Norrbotten, okänd kommun",no_incident_keywords
83858,2018-08-27,Övrigt,Ingen kommunikatör i tjänst under natten.,"<p>Polisen.se/händelsenotiser och samtal från media hanteras i mån av tid av befälen på RLC. Media hänvisas att ringa 010-56 94028.</p>
<p>Kommunikatör Börje Öhman är i tjänst från tisdag kl 07:00.  </p>","Norrbotten, okänd kommun",no_incident_keywords
83998,2018-08-28,Övrigt,Ingen kommunikatör i tjänst under natten.,"<p>Polisen.se/händelsenotiser och samtal från media hanteras i mån av tid av befälen på RLC. Media hänvisas att ringa 010-56 94028.</p>
<p>Kommunikatör Marie Andersson är i tjänst från onsdag kl 07:00.  </p>","Norrbotten, okänd kommun",no_incident_keywords
84089,2018-08-29,Övrigt,"Norrbotten, ingen kommunikatör i tjänst","<p>Polisen.se/händelsenotiser och samtal från media hanteras i mån av tid av befälen på RLC. Media hänvisas att ringa 010-56 94028.</p>
<p>Kommunikatör Peder Jonsson är i tjänst från torsdag kl 07:00.</p>
","Norrbotten, okänd kommun",no_incident_keywords
84276,2018-08-30,Övrigt,"Norrbotten, ingen kommunikatör i tjänst under natten","<p>Polisen.se/händelsenotiser och samtal från media hanteras i mån av tid av befälen på RLC. Media hänvisas att ringa 010-56 94028.</p>
<p>Kommunikatör Börje Öhman är i tjänst från fredag kl 07:00.</p>","Norrbotten, okänd kommun",no_incident_keywords
84386,2018-08-31,Övrigt,Ingen kommunikatör i tjänst under natten.,"<p>Polisen.se/händelsenotiser och samtal från media hanteras i mån av tid av befälen på RLC. Media hänvisas att ringa 010-56 94028.</p>
<p>Kommunikatör Börje Öhman är i tjänst från lördag kl 07:00.</p>","Norrbotten, okänd kommun",no_incident_keywords
84703,2018-09-03,Övrigt,"Norrbotten, ingen kommunikatör i tjänst under natten","<p>Polisen.se/händelsenotiser och samtal från media hanteras i mån av tid av befälen på RLC. Media hänvisas att ringa 010-56 94028.</p>
<p>Kommunikatör Peder Jonsson är i tjänst från tisdag kl 07:00.</p>

","Norrbotten, okänd kommun",no_incident_keywords
84809,2018-09-04,Övrigt,Ingen kommunikatör i tjänst under kvällen/natten.,"<p>Polisen.se/händelsenotiser och samtal från media hanteras i mån av tid av befälen på RLC. Media hänvisas att ringa 010-56 94028.</p>
<p>Kommunikatör Liv Fahlén är i tjänst från onsdag kl 07:00.</p>","Norrbotten, okänd kommun",no_incident_keywords
84957,2018-09-05,Övrigt,Ingen kommunikatör i tjänst under kvällen och natten.,"<p>Polisen.se/händelsenotiser och samtal från media hanteras i mån av tid av befälen på RLC. Media hänvisas att ringa 010-569 40 28.</p>
<p>Kommunikatör Marie Andersson i tjänst från torsdag klockan 07:00.</p>","Norrbotten, okänd kommun",no_incident_keywords
85146,2018-09-06,Övrigt,Ingen kommunikatör i tjänst under natten.,"<p>Polisen.se/händelsenotiser och samtal från media hanteras i mån av tid av befälen på RLC. Media hänvisas att ringa 010-569 40 28.</p>
<p>Kommunikatör Marie Andersson i tjänst från fredag 07:00.                            </p>","Norrbotten, okänd kommun",no_incident_keywords
85230,2018-09-07,Övrigt,"Norrbotten, ingen kommunikatör i tjänst","<p>Polisen.se/händelsenotiser och samtal från media hanteras i mån av tid av befälen på RLC. Media hänvisas att ringa 010-56 94028.</p>
<p>Kommunikatör Peder Jonsson är i tjänst från lördag kl 07:00.</p>
","Norrbotten, okänd kommun",no_incident_keywords
85365,2018-09-08,Övrigt,Ingen kommunikatör i tjänst under kvällen/natten.,"<p>Polisen.se/händelsenotiser och samtal från media hanteras i mån av tid av befälen på RLC. Media hänvisas att ringa 010-56 94028.</p>
<p>Kommunikatör Peder Jonsson är i tjänst från söndag kl 07:00.</p>","Norrbotten, okänd kommun",no_incident_keywords
85477,2018-09-09,Övrigt,Ingen kommunikatör i tjänst under kvällen/natten.,"<p>Polisen.se/händelsenotiser och samtal från media hanteras i mån av tid av befälen på RLC. Media hänvisas att ringa 010-56 94028.</p>
<p>Kommunikatör Marie Andersson är i tjänst från måndag kl 07:00.</p>","Norrbotten, okänd kommun",no_incident_keywords
85664,2018-09-10,Övrigt,Ingen kommunikatör i tjänst under natten.,"<p>Polisen.se/händelsenotiser och samtal från media hanteras i mån av tid av befälen på RLC. Media hänvisas att ringa 010-569 40 28.</p>
<p>Kommunikatör Marie Andersson i tjänst från tisdag klockan 07:00. </p>","Norrbotten, okänd kommun",no_incident_keywords
85810,2018-09-11,Övrigt,Ingen kommunikatör i tjänst under natten.,"<p>Polisen.se/händelsenotiser och samtal från media hanteras i mån av tid av befälen på RLC. Media hänvisas att ringa 010-569 40 28.</p>
<p>Kommunikatör Peder Jonsson i tjänst från onsdag 07:00.</p>","Norrbotten, okänd kommun",no_incident_keywords
85892,2018-09-12,Övrigt,Ingen kommunikatör i tjänst under kvällen/natten.,"<p>Polisen.se/händelsenotiser och samtal från media hanteras i mån av tid av befälen på RLC. Media hänvisas att ringa 010-569 40 28.</p>
<p>Kommunikatör Peder Jonsson i tjänst från torsdag 07:00.</p>","Norrbotten, okänd kommun",no_incident_keywords
86033,2018-09-13,Övrigt,Ingen kommunikatör i tjänst under kvällen/natten.,"<p>Polisen.se/händelsenotiser och samtal från media hanteras i mån av tid av befälen på RLC. Media hänvisas att ringa 010-569 40 28.</p>
<p>Kommunikatör Liv Fahlén i tjänst från fredag 07:00.</p>","Norrbotten, okänd kommun",no_incident_keywords
86193,2018-09-14,Övrigt,Ingen kommunikatör i tjänst under natten.,"<p>Polisen.se/händelsenotiser och samtal från media hanteras i mån av tid av befälen på RLC. Media hänvisas att ringa 010-569 40 28.</p>
<p>Kommunikatör Marie Andersson i tjänst från lördag 07:00.</p>","Norrbotten, okänd kommun",no_incident_keywords
86293,2018-09-15,Övrigt,"Norrbotten, ingen kommunikatör i tjänst","<p>Polisen.se/händelsenotiser och samtal från media hanteras i mån av tid av befälen på RLC. Media hänvisas att ringa 010-56 94028.</p>
<p>Kommunikatör Marie Andersson är i tjänst från söndag kl 07:00.</p>","Norrbotten, okänd kommun",no_incident_keywords
86397,2018-09-16,Övrigt,"Norrbotten, ingen kommunikatör i tjänst","<p>Polisen.se/händelsenotiser och samtal från media hanteras i mån av tid av befälen på RLC. Media hänvisas att ringa 010-56 94028.</p>
<p>Kommunikatör Liv Fahlén är i tjänst från måndag kl 07:00.</p>
","Norrbotten, okänd kommun",no_incident_keywords
86511,2018-09-17,Övrigt,Ingen kommunikatör i tjänst under kvällen och natten.,"<p>Polisen.se/händelsenotiser och samtal från media hanteras i mån av tid av befälen på RLC. Media hänvisas att ringa 010-569 40 28.</p>
<p>Kommunikatör Liv Fahlén i tjänst från tisdag 07:00. </p>","Norrbotten, okänd kommun",no_incident_keywords
86566,2018-09-18,Övrigt,Lugnt i Länet,<p>Förutom Fjällräddningsinsatsen vid Tjäkjastugan som ska påbörjas när det blir ljust så finns det inget att rapportera om från nattpasset. För mer information hänvisas till ordinarie kommunikatör som börjar kl 07.00.</p>,"Norrbotten, okänd kommun",no_incident_keywords
86646,2018-09-18,Övrigt,Ingen kommunikatör i tjänst under kvällen och natten.,"<p>Polisen.se/händelsenotiser och samtal från media hanteras i mån av tid av befälen på RLC. Media hänvisas att ringa 010-569 40 28.</p>
<p>Kommunikatör Liv Fahlén i tjänst från onsdag klockan 07:00.</p>","Norrbotten, okänd kommun",no_incident_keywords
86689,2018-09-18,Övrigt,Lugnt i länet,"<p>Nattpasset har börjat lugnt och det finns inget att rapportera. För sammanfattning hänvisas till RLC:s kommunikatör som finns på plats kl 07:00.</p>
","Norrbotten, okänd kommun",no_incident_keywords
86773,2018-09-19,Övrigt,Ingen kommunikatör i tjänst under kvällen och natten.,"<p>Polisen.se/händelsenotiser och samtal från media hanteras i mån av tid av befälen på RLC. Media hänvisas att ringa 010-569 40 28.</p>
<p>Kommunikatör Marie Andersson i tjänst från torsdag klockan 07:00.</p>","Norrbotten, okänd kommun",no_incident_keywords
86900,2018-09-20,Övrigt,"Norrbotten, ingen kommunikatör i tjänst","<p>Polisen.se/händelsenotiser och samtal från media hanteras i mån av tid av befälen på RLC. Media hänvisas att ringa 010-56 94028.</p>
<p>Kommunikatör Liv Fahlén är i tjänst från fredag kl 07:00.</p>
","Norrbotten, okänd kommun",no_incident_keywords
87111,2018-09-21,Övrigt,"Norrbotten, ingen kommunikatör i tjänst under natten","<p>Polisen.se/händelsenotiser och samtal från media hanteras i mån av tid av befälen på RLC. Media hänvisas att ringa 010-56 94028.</p>
<p>Kommunikatör Liv Fahlén är i tjänst från lördag kl 07:00. </p>
","Norrbotten, okänd kommun",no_incident_keywords
87188,2018-09-22,Övrigt,Ingen kommunikatör i tjänst under kvällen och natten.,"<p>Polisen.se/händelsenotiser och samtal från media hanteras i mån av tid av befälen på RLC. Media hänvisas att ringa 010-569 40 28.</p>
<p>Kommunikatör Liv Fahlén i tjänst från söndag klockan 07:00.</p>","Norrbotten, okänd kommun",no_incident_keywords
87294,2018-09-23,Övrigt,Ingen kommunikatör i tjänst under kvällen och natten.,"<p>Polisen.se/händelsenotiser och samtal från media hanteras i mån av tid av befälen på RLC. Media hänvisas att ringa 010-569 40 28.</p>
<p>Kommunikatör Marie Andersson i tjänst från måndag klockan 07:00.</p>","Norrbotten, okänd kommun",no_incident_keywords
87399,2018-09-24,Övrigt,"Norrbotten, ingen kommunikatör i tjänst","<p>Polisen.se/händelsenotiser och samtal från media hanteras i mån av tid av befälen på RLC. Media hänvisas att ringa 010-56 94028. </p>
<p>Numret gäller även under tisdag och onsdag.</p>
","Norrbotten, okänd kommun",no_incident_keywords
87831,2018-09-28,Övrigt,Ingen kommunikatör i tjänst under natten.,"<p>Polisen.se/händelsenotiser och samtal från media hanteras i mån av tid av befälen på RLC. Media hänvisas att ringa 010-569 40 28.</p>
<p>Kommunikatör Börje Öhman i tjänst från lördag klockan 07:00.</p>","Norrbotten, okänd kommun",no_incident_keywords
88003,2018-09-30,Övrigt,Ingen kommunikatör i tjänst under kvällen och natten,"<p>Polisen.se/händelsenotiser och samtal från media hanteras i mån av tid av befälen på RLC. Media hänvisas att ringa 010-569 40 28.</p>
<p>Kommunikatör Peder Jonsson i tjänst från måndag klockan 07:00.</p>","Norrbotten, okänd kommun",no_incident_keywords
88187,2018-10-01,Övrigt,Ingen kommunikatör i tjänst under natten.,"<p>Polisen.se/händelsenotiser och samtal från media hanteras i mån av tid av befälen på RLC. Media hänvisas att ringa 010-569 40 28.</p>
<p>Kommunikatör Marie Andersson i tjänst från tisdag klockan 07:00.</p>","Norrbotten, okänd kommun",no_incident_keywords
88330,2018-10-02,Övrigt,Ingen kommunikatör i tjänst under natten.,"<p>Polisen.se/händelsenotiser och samtal från media hanteras i mån av tid av befälen på RLC. Media hänvisas att ringa 010-569 40 28.</p>
<p>Kommunikatör Liv Fahlén i tjänst från onsdag klockan 07:00.</p>","Norrbotten, okänd kommun",no_incident_keywords
88415,2018-10-03,Övrigt,Ingen kommunikatör i tjänst under kvällen och natten.,"<p>Polisen.se/händelsenotiser och samtal från media hanteras i mån av tid av befälen på RLC. Media hänvisas att ringa 010-569 40 28.</p>
<p>Kommunikatör Malin Axroth i tjänst från torsdag klockan 07:00.</p>","Norrbotten, okänd kommun",no_incident_keywords
88783,2018-10-05,Övrigt,Ingen kommunikatör i tjänst under natten.,"<p>Händelsenotiser på polisen.se och samtal från journalister hanteras i mån av tid av befälen på RLC. Telefonnummer: 010-569 40 28.</p>
<p>Kommunikatör Peder Jonsson i tjänst från klockan 07:00 i morgon lördag.</p>","Norrbotten, okänd kommun",no_incident_keywords
88863,2018-10-06,Övrigt,Ingen kommunikatör i tjänst under kvällen/natten.,"<p>Händelsenotiser på polisen.se och samtal från journalister hanteras i mån av tid av befälen på RLC. Telefonnummer: 010-569 40 28.</p>
<p>Kommunikatör Peder Jonsson i tjänst från klockan 07:00 i morgon söndag.</p>","Norrbotten, okänd kommun",no_incident_keywords
88966,2018-10-07,Övrigt,Ingen kommunikatör i tjänst under kvällen/natten.,"<p>Händelsenotiser på polisen.se och samtal från journalister hanteras i mån av tid av befälen på RLC. Telefonnummer: 010-569 40 28.</p>
<p>Kommunikatör Marie Andersson i tjänst från klockan 07:00 i morgon måndag.</p>","Norrbotten, okänd kommun",no_incident_keywords
89160,2018-10-08,Övrigt,Ingen kommunikatör i tjänst under natten.,"<p>Polisen.se/händelsenotiser och samtal från media hanteras i mån av tid av befälen på RLC. Media hänvisas att ringa 010-569 40 28.</p>
<p>Kommunikatör Marie Andersson i tjänst från tisdag klockan 07:00.</p>","Norrbotten, okänd kommun",no_incident_keywords
89316,2018-10-09,Övrigt,Ingen kommunikatör i tjänst under natten.,"<p>Polisen.se/händelsenotiser och samtal från media hanteras i mån av tid av befälen på RLC. Media hänvisas att ringa 010-569 40 28.</p>
<p>Kommunikatör Peder Jonsson i tjänst från onsdag klockan 07:00.</p>","Norrbotten, okänd kommun",no_incident_keywords
89601,2018-10-11,Övrigt,Ingen kommunikatör i tjänst under natten.,"<p>Händelsenotiser på polisen.se och samtal från journalister hanteras i mån av tid av befälen på RLC. Telefonnummer: 010-569 40 28.</p>
<p>Kommunikatör Liv Fahlén i tjänst från klockan 07:00 i morgon fredag.</p>","Norrbotten, okänd kommun",no_incident_keywords
89750,2018-10-12,Övrigt,Ingen kommunikatör i tjänst under natten.,"<p>Händelsenotiser på polisen.se och samtal från journalister hanteras i mån av tid av befälen på RLC. Telefonnummer: 010-569 40 28.</p>
<p>Kommunikatör Marie Andersson i tjänst från klockan 07:00 i morgon lördag.</p>","Norrbotten, okänd kommun",no_incident_keywords
89858,2018-10-13,Övrigt,"Norrbotten, ingen kommunikatör i tjänst","<p>Polisen.se/händelsenotiser och samtal från media hanteras i mån av tid av befälen på RLC. Media hänvisas att ringa 010-56 94028.</p>
<p>Kommunikatör Marie Andersson är i tjänst från söndag kl 07:00.</p>
","Norrbotten, okänd kommun",no_incident_keywords
89964,2018-10-14,Övrigt,"Norrbotten, ingen kommunikatör i tjänst","<p>Polisen.se/händelsenotiser och samtal från media hanteras i mån av tid av befälen på RLC. Media hänvisas att ringa 010-56 94028.</p>
<p>Kommunikatör Liv Fahlén är i tjänst från måndag kl 07:00. </p>","Norrbotten, okänd kommun",no_incident_keywords
90155,2018-10-15,Övrigt,Ingen kommunikatör i tjänst under natten.,"<p>Händelsenotiser på polisen.se och samtal från journalister hanteras i mån av tid av befälen på RLC. Telefonnummer: 010-569 40 28.</p>
<p>Kommunikatör Liv Fahlén i tjänst från klockan 07:00 i morgon tisdag.</p>","Norrbotten, okänd kommun",no_incident_keywords
90301,2018-10-16,Övrigt,Ingen kommunikatör i tjänst under natten.,"<p>Händelsenotiser på polisen.se och samtal från journalister hanteras i mån av tid av befälen på RLC.</p>
<p><strong>Telefonnummer till RLC-befäl</strong><br />Jämtland: 010-569 40 27<br />Norrbotten: 010-569 40 28<br />Västerbotten: 010-569 40 25<br />Västernorrland: 010-569 40 26</p>
<p>Undertecknad i tjänst igen från klockan 07:00 i morgon.</p>","Norrbotten, okänd kommun",no_incident_keywords
90306,2018-10-16,Övrigt,Ingen kommunikatör i tjänst under natten.,"<p>Händelsenotiser på polisen.se och samtal från journalister hanteras i mån av tid av befälen på RLC.</p>
<p><strong>Telefonnummer till RLC-befäl</strong><br />Jämtland: 010-569 40 27<br />Norrbotten: 010-569 40 28<br />Västerbotten: 010-569 40 25<br />Västernorrland: 010-569 40 26</p>
<p>Undertecknad i tjänst igen från klockan 07:00 i morgon.</p>",Övriga Sverige,no_incident_keywords
90428,2018-10-17,Övrigt,Ingen kommunikatör i tjänst under kvällen och natten.,"<p>Händelsenotiser på polisen.se och samtal från journalister hanteras i mån av tid av befälen på RLC.</p>
<p><strong>Telefonnummer till RLC-befäl</strong><br />Jämtland: 010-569 40 27<br />Norrbotten: 010-569 40 28<br />Västerbotten: 010-569 40 25<br />Västernorrland: 010-569 40 26</p>
<p>Kommunikatör i tjänst igen från klockan 07:00 i morgon.</p>",Norrbotten / Övriga Sverige,no_incident_keywords
90431,2018-10-17,Övrigt,Ingen kommunikatör i tjänst under kvällen och natten.,"<p>Händelsenotiser på polisen.se och samtal från journalister hanteras i mån av tid av befälen på RLC.</p>
<p><strong>Telefonnummer till RLC-befäl</strong><br />Jämtland: 010-569 40 27<br />Norrbotten: 010-569 40 28<br />Västerbotten: 010-569 40 25<br />Västernorrland: 010-569 40 26</p>
<p>Kommunikatör i tjänst igen från klockan 07:00 i morgon.</p>",Övriga Sverige,no_incident_keywords
90430,2018-10-17,Övrigt,Ingen kommunikatör i tjänst under kvällen och natten.,"<p>Händelsenotiser på polisen.se och samtal från journalister hanteras i mån av tid av befälen på RLC.</p>
<p><strong>Telefonnummer till RLC-befäl</strong><br />Jämtland: 010-569 40 27<br />Norrbotten: 010-569 40 28<br />Västerbotten: 010-569 40 25<br />Västernorrland: 010-569 40 26</p>
<p>Kommunikatör i tjänst igen från klockan 07:00 i morgon.</p>",Övriga Sverige,no_incident_keywords
90606,2018-10-18,Övrigt,"Norrbotten, ingen kommunikatör i tjänst","<p>Polisen.se/händelsenotiser och samtal från media hanteras i mån av tid av befälen på RLC. Media hänvisas att ringa 010-56 94028.</p>
<p>Kommunikatör Malin Axroth är i tjänst från fredag kl 07:00.   </p>
","Norrbotten, okänd kommun",no_incident_keywords
90747,2018-10-19,Övrigt,"Norrbotten, ingen kommunikatör i tjänst under natten","<p>Polisen.se/händelsenotiser och samtal från media hanteras i mån av tid av befälen på RLC. Media hänvisas att ringa 010-56 94028. </p>
<p>Kommunikatör Liv Fahlén är i tjänst från lördag kl 07:00.</p>
","Norrbotten, okänd kommun",no_incident_keywords
90814,2018-10-20,Övrigt,Ingen kommunikatör i tjänst under kvällen och natten.,"<p>Polisen.se/händelsenotiser och samtal från media hanteras i mån av tid av befälen på RLC. Media hänvisas att ringa 010-569 40 28.</p>
<p>Kommunikatör Liv Fahlén i tjänst från söndag klockan 07:00.</p>","Norrbotten, okänd kommun",no_incident_keywords
90902,2018-10-21,Övrigt,Ingen kommunikatör i tjänst under kvällen och natten.,"<p>Polisen.se/händelsenotiser och samtal från media hanteras i mån av tid av befälen på RLC. Media hänvisas att ringa 010-569 40 28.</p>
<p>Kommunikatör Peder Jonsson i tjänst från måndag klockan 07:00.</p>","Norrbotten, okänd kommun",no_incident_keywords
91250,2018-10-23,Övrigt,Ingen kommunikatör i tjänst under natten.,"<p>Händelsenotiser på polisen.se och samtal från journalister hanteras i mån av tid av befälen på RLC.</p>
<p><strong>Telefonnummer till RLC-befäl</strong><br />Jämtland: 010-569 40 27<br />Norrbotten: 010-569 40 28<br />Västerbotten: 010-569 40 25<br />Västernorrland: 010-569 40 26</p>
<p>Kommunikatör i tjänst igen från klockan 07:00 i morgon.</p>",Norrbotten / Övriga Sverige,no_incident_keywords
91248,2018-10-23,Övrigt,Ingen kommunikatör i tjänst under natten.,"<p>Händelsenotiser på polisen.se och samtal från journalister hanteras i mån av tid av befälen på RLC.</p>
<p><strong>Telefonnummer till RLC-befäl</strong><br />Jämtland: 010-569 40 27<br />Norrbotten: 010-569 40 28<br />Västerbotten: 010-569 40 25<br />Västernorrland: 010-569 40 26</p>
<p>Kommunikatör i tjänst igen från klockan 07:00 i morgon.</p>",Övriga Sverige,no_incident_keywords
91247,2018-10-23,Övrigt,Ingen kommunikatör i tjänst under natten.,"<p>Händelsenotiser på polisen.se och samtal från journalister hanteras i mån av tid av befälen på RLC.</p>
<p><strong>Telefonnummer till RLC-befäl</strong><br />Jämtland: 010-569 40 27<br />Norrbotten: 010-569 40 28<br />Västerbotten: 010-569 40 25<br />Västernorrland: 010-569 40 26</p>
<p>Kommunikatör i tjänst igen från klockan 07:00 i morgon.</p>",Övriga Sverige,no_incident_keywords
91387,2018-10-24,Övrigt,"Norrbotten, ingen kommunikatör i tjänst under natten","<p>Polisen.se/händelsenotiser och samtal från media hanteras i mån av tid av befälen på RLC. Media hänvisas att ringa 010-56 94028.</p>
<p>Kommunikatör Liv Fahlén är i tjänst från torsdag kl 07:00.</p>
","Norrbotten, okänd kommun",no_incident_keywords
91559,2018-10-25,Övrigt,"Norrbotten, ingen kommunikatör i tjänst","<p>Polisen.se/händelsenotiser och samtal från media hanteras i mån av tid av befälen på RLC. Media hänvisas att ringa 010-56 94028. </p>
<p>Kommunikatör Liv Fahlén är i tjänst från fredag kl 07:00.</p>

","Norrbotten, okänd kommun",no_incident_keywords
91720,2018-10-26,Övrigt,Ingen kommunikatör i tjänst under natten.,"<p>Polisen.se/händelsenotiser och samtal från media hanteras i mån av tid av befälen på RLC. Media hänvisas att ringa 010-56 94028. </p>
<p>Kommunikatör Malin Axroth är i tjänst från lördag kl 07:00.</p>","Norrbotten, okänd kommun",no_incident_keywords
91848,2018-10-27,Övrigt,Ingen kommunikatör i tjänst under kvällen och natten.,"<p>Händelsenotiser på polisen.se och samtal från journalister hanteras i mån av tid av befälen på RLC.</p>
<p><strong>Telefonnummer till RLC-befäl</strong><br />Jämtland: 010-569 40 27<br />Norrbotten: 010-569 40 28<br />Västerbotten: 010-569 40 25<br />Västernorrland: 010-569 40 26</p>
<p>Kommunikatör i tjänst igen från klockan 07:00 i morgon.</p>",Norrbotten / Övriga Sverige,no_incident_keywords
91846,2018-10-27,Övrigt,Ingen kommunikatör i tjänst under kvällen och natten.,"<p>Händelsenotiser på polisen.se och samtal från journalister hanteras i mån av tid av befälen på RLC.</p>
<p><strong>Telefonnummer till RLC-befäl</strong><br />Jämtland: 010-569 40 27<br />Norrbotten: 010-569 40 28<br />Västerbotten: 010-569 40 25<br />Västernorrland: 010-569 40 26</p>
<p>Kommunikatör i tjänst igen från klockan 07:00 i morgon.</p>",Övriga Sverige,no_incident_keywords
91845,2018-10-27,Övrigt,Ingen kommunikatör i tjänst under kvällen och natten.,"<p>Händelsenotiser på polisen.se och samtal från journalister hanteras i mån av tid av befälen på RLC.</p>
<p><strong>Telefonnummer till RLC-befäl</strong><br />Jämtland: 010-569 40 27<br />Norrbotten: 010-569 40 28<br />Västerbotten: 010-569 40 25<br />Västernorrland: 010-569 40 26</p>
<p>Kommunikatör i tjänst igen från klockan 07:00 i morgon.</p>",Övriga Sverige,no_incident_keywords
91945,2018-10-28,Övrigt,Ingen kommunikatör i tjänst under kvällen och natten.,"<p>Händelsenotiser på polisen.se och samtal från journalister hanteras i mån av tid av befälen på RLC.</p>
<p><strong>Telefonnummer till RLC-befäl</strong><br />Jämtland: 010-569 40 27<br />Norrbotten: 010-569 40 28<br />Västerbotten: 010-569 40 25<br />Västernorrland: 010-569 40 26</p>
<p>Kommunikatör i tjänst igen från klockan 07:00 i morgon.</p>",Norrbotten / Övriga Sverige,no_incident_keywords
91942,2018-10-28,Övrigt,Ingen kommunikatör i tjänst under kvällen och natten.,"<p>Händelsenotiser på polisen.se och samtal från journalister hanteras i mån av tid av befälen på RLC.</p>
<p><strong>Telefonnummer till RLC-befäl</strong><br />Jämtland: 010-569 40 27<br />Norrbotten: 010-569 40 28<br />Västerbotten: 010-569 40 25<br />Västernorrland: 010-569 40 26</p>
<p>Kommunikatör i tjänst igen från klockan 07:00 i morgon.</p>",Övriga Sverige,no_incident_keywords
91941,2018-10-28,Övrigt,Ingen kommunikatör i tjänst under kvällen och natten.,"<p>Händelsenotiser på polisen.se och samtal från journalister hanteras i mån av tid av befälen på RLC.</p>
<p><strong>Telefonnummer till RLC-befäl</strong><br />Jämtland: 010-569 40 27<br />Norrbotten: 010-569 40 28<br />Västerbotten: 010-569 40 25<br />Västernorrland: 010-569 40 26</p>
<p>Kommunikatör i tjänst igen från klockan 07:00 i morgon.</p>",Övriga Sverige,no_incident_keywords
92135,2018-10-29,Övrigt,"Norrbotten, ingen kommunikatör i tjänst under natten","<p>Polisen.se/händelsenotiser och samtal från media hanteras i mån av tid av befälen på RLC. Media hänvisas att ringa 010-56 94028.</p>
<p>Kommunikatör Peder Jonsson är i tjänst från tisdag kl 07:00.</p>
","Norrbotten, okänd kommun",no_incident_keywords
92297,2018-10-30,Övrigt,"Norrbotten, ingen kommunikatör i tjänst under natten","<p>Polisen.se/händelsenotiser och samtal från media hanteras i mån av tid av befälen på RLC. Media hänvisas att ringa 010-56 94028.</p>
<p>Kommunikatör Liv Fahlén är i tjänst från onsdag kl 07:00.</p>
","Norrbotten, okänd kommun",no_incident_keywords
92474,2018-10-31,Övrigt,Ingen kommunikatör i tjänst under natten.,"<p>Händelsenotiser på polisen.se och samtal från journalister hanteras i mån av tid av befälen på RLC.</p>
<p><strong>Telefonnummer till RLC-befäl</strong><br />Jämtland: 010-569 40 27<br />Norrbotten: 010-569 40 28<br />Västerbotten: 010-569 40 25<br />Västernorrland: 010-569 40 26</p>
<p>Kommunikatör i tjänst igen från klockan 07:00 i morgon.</p>",Norrbotten / Övriga Sverige,no_incident_keywords
92472,2018-10-31,Övrigt,Ingen kommunikatör i tjänst under natten.,"<p>Händelsenotiser på polisen.se och samtal från journalister hanteras i mån av tid av befälen på RLC.</p>
<p><strong>Telefonnummer till RLC-befäl</strong><br />Jämtland: 010-569 40 27<br />Norrbotten: 010-569 40 28<br />Västerbotten: 010-569 40 25<br />Västernorrland: 010-569 40 26</p>
<p>Kommunikatör i tjänst igen från klockan 07:00 i morgon.</p>",Övriga Sverige,no_incident_keywords
92471,2018-10-31,Övrigt,Ingen kommunikatör i tjänst under natten.,"<p>Händelsenotiser på polisen.se och samtal från journalister hanteras i mån av tid av befälen på RLC.</p>
<p><strong>Telefonnummer till RLC-befäl</strong><br />Jämtland: 010-569 40 27<br />Norrbotten: 010-569 40 28<br />Västerbotten: 010-569 40 25<br />Västernorrland: 010-569 40 26</p>
<p>Kommunikatör i tjänst igen från klockan 07:00 i morgon.</p>",Övriga Sverige,no_incident_keywords
92671,2018-11-01,Övrigt,Ingen kommunikatör i tjänst under natten.,"<p>Händelsenotiser på polisen.se och samtal från journalister hanteras i mån av tid av befälen på RLC.</p>
<p><strong>Telefonnummer till RLC-befäl</strong><br />Jämtland: 010-569 40 27<br />Norrbotten: 010-569 40 28<br />Västerbotten: 010-569 40 25<br />Västernorrland: 010-569 40 26</p>
<p>Kommunikatör i tjänst igen från klockan 07:00 i morgon.</p>",Norrbotten / Övriga Sverige,no_incident_keywords
92669,2018-11-01,Övrigt,Ingen kommunikatör i tjänst under natten.,"<p>Händelsenotiser på polisen.se och samtal från journalister hanteras i mån av tid av befälen på RLC.</p>
<p><strong>Telefonnummer till RLC-befäl</strong><br />Jämtland: 010-569 40 27<br />Norrbotten: 010-569 40 28<br />Västerbotten: 010-569 40 25<br />Västernorrland: 010-569 40 26</p>
<p>Kommunikatör i tjänst igen från klockan 07:00 i morgon.</p>",Övriga Sverige,no_incident_keywords
92668,2018-11-01,Övrigt,Ingen kommunikatör i tjänst under natten.,"<p>Händelsenotiser på polisen.se och samtal från journalister hanteras i mån av tid av befälen på RLC.</p>
<p><strong>Telefonnummer till RLC-befäl</strong><br />Jämtland: 010-569 40 27<br />Norrbotten: 010-569 40 28<br />Västerbotten: 010-569 40 25<br />Västernorrland: 010-569 40 26</p>
<p>Kommunikatör i tjänst igen från klockan 07:00 i morgon.</p>",Övriga Sverige,no_incident_keywords
92828,2018-11-02,Övrigt,Ingen kommunikatör i tjänst under natten.,"<p>Händelsenotiser på polisen.se och samtal från journalister hanteras i mån av tid av befälen på RLC.</p>
<p><strong>Telefonnummer till RLC-befäl</strong><br />Jämtland: 010-569 40 27<br />Norrbotten: 010-569 40 28<br />Västerbotten: 010-569 40 25<br />Västernorrland: 010-569 40 26</p>
<p>Kommunikatör i tjänst igen från klockan 07:00 i morgon.</p>",Norrbotten / Övriga Sverige,no_incident_keywords
92826,2018-11-02,Övrigt,Ingen kommunikatör i tjänst under natten.,"<p>Händelsenotiser på polisen.se och samtal från journalister hanteras i mån av tid av befälen på RLC.</p>
<p><strong>Telefonnummer till RLC-befäl</strong><br />Jämtland: 010-569 40 27<br />Norrbotten: 010-569 40 28<br />Västerbotten: 010-569 40 25<br />Västernorrland: 010-569 40 26</p>
<p>Kommunikatör i tjänst igen från klockan 07:00 i morgon.</p>",Övriga Sverige,no_incident_keywords
92825,2018-11-02,Övrigt,Ingen kommunikatör i tjänst under natten.,"<p>Händelsenotiser på polisen.se och samtal från journalister hanteras i mån av tid av befälen på RLC.</p>
<p><strong>Telefonnummer till RLC-befäl</strong><br />Jämtland: 010-569 40 27<br />Norrbotten: 010-569 40 28<br />Västerbotten: 010-569 40 25<br />Västernorrland: 010-569 40 26</p>
<p>Kommunikatör i tjänst igen från klockan 07:00 i morgon.</p>",Övriga Sverige,no_incident_keywords
92917,2018-11-03,Övrigt,Ingen kommunikatör i tjänst under kvällen/natten.,"<p>Händelsenotiser på polisen.se och samtal från journalister hanteras i mån av tid av befälen på RLC.</p>
<p>Telefonnummer till RLC-befäl<br />Jämtland: 010-569 40 27<br />Norrbotten: 010-569 40 28<br />Västerbotten: 010-569 40 25<br />Västernorrland: 010-569 40 26</p>
<p>Kommunikatör Peder Jonsson i tjänst igen från klockan 07:00 i morgon.</p>",Övriga Sverige,no_incident_keywords
92916,2018-11-03,Övrigt,Ingen kommunikatör i tjänst under kvällen/natten,"<p>Händelsenotiser på polisen.se och samtal från journalister hanteras i mån av tid av befälen på RLC.</p>
<p>Telefonnummer till RLC-befäl<br />Jämtland: 010-569 40 27<br />Norrbotten: 010-569 40 28<br />Västerbotten: 010-569 40 25<br />Västernorrland: 010-569 40 26</p>
<p>Kommunikatör Peder Jonsson i tjänst igen från klockan 07:00 i morgon.</p>",Övriga Sverige,no_incident_keywords
92914,2018-11-03,Övrigt,Ingen kommunikatör i tjänst under kvällen/natten.,"<p>Händelsenotiser på polisen.se och samtal från journalister hanteras i mån av tid av befälen på RLC.</p>
<p>Telefonnummer till RLC-befäl<br />Jämtland: 010-569 40 27<br />Norrbotten: 010-569 40 28<br />Västerbotten: 010-569 40 25<br />Västernorrland: 010-569 40 26</p>
<p>Kommunikatör Peder Jonsson i tjänst igen från klockan 07:00 i morgon.</p>",Norrbotten / Övriga Sverige,no_incident_keywords
93027,2018-11-04,Övrigt,Ingen kommunikatör i tjänst under kvällen/natten.,"<p>Händelsenotiser på polisen.se och samtal från journalister hanteras i mån av tid av befälen på RLC.</p>
<p>Telefonnummer till RLC-befäl<br />Jämtland: 010-569 40 27<br />Norrbotten: 010-569 40 28<br />Västerbotten: 010-569 40 25<br />Västernorrland: 010-569 40 26</p>
<p>Kommunikatör Liv Fahlén i tjänst igen från klockan 07:00 i morgon.</p>",Övriga Sverige,no_incident_keywords
93026,2018-11-04,Övrigt,Ingen kommunikatör i tjänst under kvällen/natten.,"<p>Händelsenotiser på polisen.se och samtal från journalister hanteras i mån av tid av befälen på RLC.</p>
<p>Telefonnummer till RLC-befäl<br />Jämtland: 010-569 40 27<br />Norrbotten: 010-569 40 28<br />Västerbotten: 010-569 40 25<br />Västernorrland: 010-569 40 26</p>
<p>Kommunikatör Liv Fahlén i tjänst igen från klockan 07:00 i morgon.</p>",Övriga Sverige,no_incident_keywords
93024,2018-11-04,Övrigt,Ingen kommunikatör i tjänst under kvällen/natten.,"<p>Händelsenotiser på polisen.se och samtal från journalister hanteras i mån av tid av befälen på RLC.</p>
<p>Telefonnummer till RLC-befäl<br />Jämtland: 010-569 40 27<br />Norrbotten: 010-569 40 28<br />Västerbotten: 010-569 40 25<br />Västernorrland: 010-569 40 26</p>
<p>Kommunikatör Liv Fahlén i tjänst igen från klockan 07:00 i morgon.</p>",Norrbotten / Övriga Sverige,no_incident_keywords
93201,2018-11-05,Övrigt,"Norrbotten, ingen kommunikatör i tjänst","<p>Polisen.se/händelsenotiser och samtal från media hanteras i mån av tid av befälen på RLC. Media hänvisas att ringa 010-56 94028.  </p>
<p>Kommunikatör Liv Fahlén är i tjänst från tisdag kl 07:00. </p>
","Norrbotten, okänd kommun",no_incident_keywords
93385,2018-11-06,Övrigt,"Norrbotten, ingen kommunikatör i tjänst under natten","<p>Polisen.se/händelsenotiser och samtal från media hanteras i mån av tid av befälen på RLC. Media hänvisas att ringa 010-56 94028.</p>
<p>Kommunikatör Peder Jonsson är i tjänst från onsdag kl 07:00.</p>
","Norrbotten, okänd kommun",no_incident_keywords
93551,2018-11-07,Övrigt,Ingen kommunikatör i tjänst under natten. Obs! Gäller i kväll från klockan 21.00.,"<p>Händelsenotiser på polisen.se och samtal från journalister hanteras i mån av tid av befälen på RLC.</p>
<p><strong>Telefonnummer till RLC-befäl</strong><br />Jämtland: 010-569 40 27<br />Norrbotten: 010-569 40 28<br />Västerbotten: 010-569 40 25<br />Västernorrland: 010-569 40 26</p>
<p>Kommunikatör i tjänst igen från klockan 07:00 i morgon.</p>",Norrbotten / Övriga Sverige,no_incident_keywords
93550,2018-11-07,Övrigt,Ingen kommunikatör i tjänst under natten. Obs! Gäller i kväll från klockan 21.00.,"<p>Händelsenotiser på polisen.se och samtal från journalister hanteras i mån av tid av befälen på RLC.</p>
<p><strong>Telefonnummer till RLC-befäl</strong><br />Jämtland: 010-569 40 27<br />Norrbotten: 010-569 40 28<br />Västerbotten: 010-569 40 25<br />Västernorrland: 010-569 40 26</p>
<p>Kommunikatör i tjänst igen från klockan 07:00 i morgon.</p>",Övriga Sverige,no_incident_keywords
93549,2018-11-07,Övrigt,Ingen kommunikatör i tjänst under natten. Obs! Gäller i kväll från klockan 21.00.,"<p>Händelsenotiser på polisen.se och samtal från journalister hanteras i mån av tid av befälen på RLC.</p>
<p><strong>Telefonnummer till RLC-befäl</strong><br />Jämtland: 010-569 40 27<br />Norrbotten: 010-569 40 28<br />Västerbotten: 010-569 40 25<br />Västernorrland: 010-569 40 26</p>
<p>Kommunikatör i tjänst igen från klockan 07:00 i morgon.</p>",Övriga Sverige,no_incident_keywords
93548,2018-11-07,Övrigt,Ingen kommunikatör i tjänst under natten. Obs! Gäller i kväll från klockan 21.00.,"<p>Händelsenotiser på polisen.se och samtal från journalister hanteras i mån av tid av befälen på RLC.</p>
<p><strong>Telefonnummer till RLC-befäl</strong><br />Jämtland: 010-569 40 27<br />Norrbotten: 010-569 40 28<br />Västerbotten: 010-569 40 25<br />Västernorrland: 010-569 40 26</p>
<p>Kommunikatör i tjänst igen från klockan 07:00 i morgon.</p>",Övriga Sverige,no_incident_keywords
93733,2018-11-08,Övrigt,Ingen kommunikatör i tjänst under natten.,"<p>Händelsenotiser på polisen.se och samtal från journalister hanteras i mån av tid av befälen på RLC.</p>
<p><strong>Telefonnummer till RLC-befäl</strong><br />Jämtland: 010-569 40 27<br />Norrbotten: 010-569 40 28<br />Västerbotten: 010-569 40 25<br />Västernorrland: 010-569 40 26</p>
<p>Kommunikatör i tjänst igen från klockan 07:00 i morgon.</p>",Norrbotten / Övriga Sverige,no_incident_keywords
93732,2018-11-08,Övrigt,Ingen kommunikatör i tjänst under natten.,"<p>Händelsenotiser på polisen.se och samtal från journalister hanteras i mån av tid av befälen på RLC.</p>
<p><strong>Telefonnummer till RLC-befäl</strong><br />Jämtland: 010-569 40 27<br />Norrbotten: 010-569 40 28<br />Västerbotten: 010-569 40 25<br />Västernorrland: 010-569 40 26</p>
<p>Kommunikatör i tjänst igen från klockan 07:00 i morgon.</p>",Övriga Sverige,no_incident_keywords
93731,2018-11-08,Övrigt,Ingen kommunikatör i tjänst under natten.,"<p>Händelsenotiser på polisen.se och samtal från journalister hanteras i mån av tid av befälen på RLC.</p>
<p><strong>Telefonnummer till RLC-befäl</strong><br />Jämtland: 010-569 40 27<br />Norrbotten: 010-569 40 28<br />Västerbotten: 010-569 40 25<br />Västernorrland: 010-569 40 26</p>
<p>Kommunikatör i tjänst igen från klockan 07:00 i morgon.</p>",Övriga Sverige,no_incident_keywords
93730,2018-11-08,Övrigt,Ingen kommunikatör i tjänst under natten.,"<p>Händelsenotiser på polisen.se och samtal från journalister hanteras i mån av tid av befälen på RLC.</p>
<p><strong>Telefonnummer till RLC-befäl</strong><br />Jämtland: 010-569 40 27<br />Norrbotten: 010-569 40 28<br />Västerbotten: 010-569 40 25<br />Västernorrland: 010-569 40 26</p>
<p>Kommunikatör i tjänst igen från klockan 07:00 i morgon.</p>",Övriga Sverige,no_incident_keywords
93891,2018-11-09,Övrigt,Ingen kommunikatör i tjänst under natten.,"<p>Händelsenotiser på polisen.se och samtal från journalister hanteras i mån av tid av befälen på RLC.</p>
<p>Telefonnummer till RLC-befäl<br />Jämtland: 010-569 40 27<br />Norrbotten: 010-569 40 28<br />Västerbotten: 010-569 40 25<br />Västernorrland: 010-569 40 26</p>
<p>Kommunikatör i tjänst igen från klockan 07:00 i morgon.</p>",Norrbotten / Övriga Sverige,no_incident_keywords
93890,2018-11-09,Övrigt,Ingen kommunikatör i tjänst under natten.,"<p>Händelsenotiser på polisen.se och samtal från journalister hanteras i mån av tid av befälen på RLC.</p>
<p>Telefonnummer till RLC-befäl<br />Jämtland: 010-569 40 27<br />Norrbotten: 010-569 40 28<br />Västerbotten: 010-569 40 25<br />Västernorrland: 010-569 40 26</p>
<p>Kommunikatör i tjänst igen från klockan 07:00 i morgon.</p>",Övriga Sverige,no_incident_keywords
93889,2018-11-09,Övrigt,Ingen kommunikatör i tjänst under natten.,"<p>Händelsenotiser på polisen.se och samtal från journalister hanteras i mån av tid av befälen på RLC.</p>
<p>Telefonnummer till RLC-befäl<br />Jämtland: 010-569 40 27<br />Norrbotten: 010-569 40 28<br />Västerbotten: 010-569 40 25<br />Västernorrland: 010-569 40 26</p>
<p>Kommunikatör i tjänst igen från klockan 07:00 i morgon.</p>",Övriga Sverige,no_incident_keywords
93888,2018-11-09,Övrigt,Ingen kommunikatör i tjänst under natten.,"<p>Händelsenotiser på polisen.se och samtal från journalister hanteras i mån av tid av befälen på RLC.</p>
<p>Telefonnummer till RLC-befäl<br />Jämtland: 010-569 40 27<br />Norrbotten: 010-569 40 28<br />Västerbotten: 010-569 40 25<br />Västernorrland: 010-569 40 26</p>
<p>Kommunikatör i tjänst igen från klockan 07:00 i morgon.</p>",Övriga Sverige,no_incident_keywords
93977,2018-11-10,Övrigt,"Norrbotten, ingen kommunikatör i tjänst","<p>Polisen.se/händelsenotiser och samtal från media hanteras i mån av tid av befälen på RLC. Media hänvisas att ringa 010-56 94028.</p>
<p>Kommunikatör Marie Andersson är i tjänst från söndag kl 07:00. </p>","Norrbotten, okänd kommun",no_incident_keywords
94075,2018-11-11,Övrigt,"Norrbotten, ingen kommunikatör i tjänst","<p>Polisen.se/händelsenotiser och samtal från media hanteras i mån av tid av befälen på RLC. Media hänvisas att ringa 010-56 94028. </p>
<p>Kommunikatör Liv Fahlén är i tjänst från måndag kl 07:00.</p>
","Norrbotten, okänd kommun",no_incident_keywords
94253,2018-11-12,Övrigt,Ingen kommunikatör i tjänst under natten.,"<p>Händelsenotiser på polisen.se och samtal från journalister hanteras i mån av tid av befälen på RLC.</p>
<p><strong>Telefonnummer till RLC-befäl</strong><br />Jämtland: 010-569 40 27<br />Norrbotten: 010-569 40 28<br />Västerbotten: 010-569 40 25<br />Västernorrland: 010-569 40 26</p>
<p>Kommunikatör i tjänst igen från klockan 07:00 i morgon.</p>",Norrbotten / Övriga Sverige,no_incident_keywords
94252,2018-11-12,Övrigt,Ingen kommunikatör i tjänst under natten.,"<p>Händelsenotiser på polisen.se och samtal från journalister hanteras i mån av tid av befälen på RLC.</p>
<p><strong>Telefonnummer till RLC-befäl</strong><br />Jämtland: 010-569 40 27<br />Norrbotten: 010-569 40 28<br />Västerbotten: 010-569 40 25<br />Västernorrland: 010-569 40 26</p>
<p>Kommunikatör i tjänst igen från klockan 07:00 i morgon.</p>",Övriga Sverige,no_incident_keywords
94251,2018-11-12,Övrigt,Ingen kommunikatör i tjänst under natten.,"<p>Händelsenotiser på polisen.se och samtal från journalister hanteras i mån av tid av befälen på RLC.</p>
<p><strong>Telefonnummer till RLC-befäl</strong><br />Jämtland: 010-569 40 27<br />Norrbotten: 010-569 40 28<br />Västerbotten: 010-569 40 25<br />Västernorrland: 010-569 40 26</p>
<p>Kommunikatör i tjänst igen från klockan 07:00 i morgon.</p>",Övriga Sverige,no_incident_keywords
94250,2018-11-12,Övrigt,Ingen kommunikatör i tjänst under natten.,"<p>Händelsenotiser på polisen.se och samtal från journalister hanteras i mån av tid av befälen på RLC.</p>
<p><strong>Telefonnummer till RLC-befäl</strong><br />Jämtland: 010-569 40 27<br />Norrbotten: 010-569 40 28<br />Västerbotten: 010-569 40 25<br />Västernorrland: 010-569 40 26</p>
<p>Kommunikatör i tjänst igen från klockan 07:00 i morgon.</p>",Övriga Sverige,no_incident_keywords
94413,2018-11-13,Övrigt,Ingen kommunikatör i tjänst. Dessutom så påverkar en uppgradering av polisens telefonväxel medias telefonnummer till ledningscentralen.,"<p>Just nu pågår en teknikuppgradering i polisens telefonväxel. Det berör inte larmsamtal, men däremot så verkar medias telefonnummer till ledningscentralen påverkas. Därför kan det vara svårt att nå RLC-befälen under natten. Arbetet med uppgraderingen beräknas vara avslutat omkring klockan 03.00.</p>
<p>Händelsenotiser på polisen.se och samtal från journalister hanteras i mån av tid av befälen på RLC.</p>
<p><strong>Telefonnummer till RLC-befäl</strong><br />Jämtland: 010-569 40 27<br />Norrbotten: 010-569 40 28<br />Västerbotten: 010-569 40 25<br />Västernorrland: 010-569 40 26</p>
<p>Kommunikatör i tjänst igen från klockan 07:00 i morgon.</p>",Norrbotten / Övriga Sverige,no_incident_keywords
94412,2018-11-13,Övrigt,Ingen kommunikatör i tjänst. Dessutom så påverkar en uppgradering av polisens telefonväxel medias telefonnummer till ledningscentralen.,"<p>Just nu pågår en teknikuppgradering i polisens telefonväxel. Det berör inte larmsamtal, men däremot så verkar medias telefonnummer till ledningscentralen påverkas. Därför kan det vara svårt att nå RLC-befälen under natten. Arbetet med uppgraderingen beräknas vara avslutat omkring klockan 03.00.</p>
<p>Händelsenotiser på polisen.se och samtal från journalister hanteras i mån av tid av befälen på RLC.</p>
<p><strong>Telefonnummer till RLC-befäl</strong><br />Jämtland: 010-569 40 27<br />Norrbotten: 010-569 40 28<br />Västerbotten: 010-569 40 25<br />Västernorrland: 010-569 40 26</p>
<p>Kommunikatör i tjänst igen från klockan 07:00 i morgon.</p>",Övriga Sverige,no_incident_keywords
94416,2018-11-13,Övrigt,Ingen kommunikatör i tjänst. Dessutom så påverkar en uppgradering av polisens telefonväxel medias telefonnummer till ledningscentralen.,"<p>Just nu pågår en teknikuppgradering i polisens telefonväxel. Det berör inte larmsamtal, men däremot så verkar medias telefonnummer till ledningscentralen påverkas. Därför kan det vara svårt att nå RLC-befälen under natten. Arbetet med uppgraderingen beräknas vara avslutat omkring klockan 03.00.</p>
<p>Händelsenotiser på polisen.se och samtal från journalister hanteras i mån av tid av befälen på RLC.</p>
<p><strong>Telefonnummer till RLC-befäl</strong><br />Jämtland: 010-569 40 27<br />Norrbotten: 010-569 40 28<br />Västerbotten: 010-569 40 25<br />Västernorrland: 010-569 40 26</p>
<p>Kommunikatör i tjänst igen från klockan 07:00 i morgon.</p>",Övriga Sverige,no_incident_keywords
94415,2018-11-13,Övrigt,Ingen kommunikatör i tjänst. Dessutom så påverkar en uppgradering av polisens telefonväxel medias telefonnummer till ledningscentralen.,"<p>Just nu pågår en teknikuppgradering i polisens telefonväxel. Det berör inte larmsamtal, men däremot så verkar medias telefonnummer till ledningscentralen påverkas. Därför kan det vara svårt att nå RLC-befälen under natten. Arbetet med uppgraderingen beräknas vara avslutat omkring klockan 03.00.</p>
<p>Händelsenotiser på polisen.se och samtal från journalister hanteras i mån av tid av befälen på RLC.</p>
<p><strong>Telefonnummer till RLC-befäl</strong><br />Jämtland: 010-569 40 27<br />Norrbotten: 010-569 40 28<br />Västerbotten: 010-569 40 25<br />Västernorrland: 010-569 40 26</p>
<p>Kommunikatör i tjänst igen från klockan 07:00 i morgon.</p>",Övriga Sverige,no_incident_keywords
94553,2018-11-14,Övrigt,Ingen kommunikatör i tjänst under natten.,"<p>Händelsenotiser på polisen.se och samtal från journalister hanteras i mån av tid av befälen på RLC.</p>
<p>Telefonnummer till RLC-befäl<br />Jämtland: 010-569 40 27<br />Norrbotten: 010-569 40 28<br />Västerbotten: 010-569 40 25<br />Västernorrland: 010-569 40 26</p>
<p>Kommunikatör i tjänst igen från klockan 07:00 i morgon.</p>",Övriga Sverige,no_incident_keywords
94562,2018-11-14,Övrigt,Ingen kommunikatör i tjänst under natten.,"<p>Händelsenotiser på polisen.se och samtal från journalister hanteras i mån av tid av befälen på RLC.</p>
<p>Telefonnummer till RLC-befäl<br />Jämtland: 010-569 40 27<br />Norrbotten: 010-569 40 28<br />Västerbotten: 010-569 40 25<br />Västernorrland: 010-569 40 26</p>
<p>Kommunikatör i tjänst igen från klockan 07:00 i morgon.</p>",Övriga Sverige,no_incident_keywords
94561,2018-11-14,Övrigt,Ingen kommunikatör i tjänst under natten.,"<p>Händelsenotiser på polisen.se och samtal från journalister hanteras i mån av tid av befälen på RLC.</p>
<p>Telefonnummer till RLC-befäl<br />Jämtland: 010-569 40 27<br />Norrbotten: 010-569 40 28<br />Västerbotten: 010-569 40 25<br />Västernorrland: 010-569 40 26</p>
<p>Kommunikatör i tjänst igen från klockan 07:00 i morgon.</p>",Övriga Sverige,no_incident_keywords
94560,2018-11-14,Övrigt,Ingen kommunikatör i tjänst under natten.,"<p>Händelsenotiser på polisen.se och samtal från journalister hanteras i mån av tid av befälen på RLC.</p>
<p>Telefonnummer till RLC-befäl<br />Jämtland: 010-569 40 27<br />Norrbotten: 010-569 40 28<br />Västerbotten: 010-569 40 25<br />Västernorrland: 010-569 40 26</p>
<p>Kommunikatör i tjänst igen från klockan 07:00 i morgon.</p>",Norrbotten / Övriga Sverige,no_incident_keywords
94692,2018-11-15,Övrigt,Ingen kommunikatör i tjänst under natten.,"<p>Händelsenotiser på polisen.se och samtal från journalister hanteras i mån av tid av befälen på RLC.</p>
<p>Telefonnummer till RLC-befäl<br />Jämtland: 010-569 40 27<br />Norrbotten: 010-569 40 28<br />Västerbotten: 010-569 40 25<br />Västernorrland: 010-569 40 26</p>
<p>Kommunikatör i tjänst igen från klockan 07:00 i morgon.</p>",Norrbotten / Övriga Sverige,no_incident_keywords
94691,2018-11-15,Övrigt,Ingen kommunikatör i tjänst under natten.,"<p>Händelsenotiser på polisen.se och samtal från journalister hanteras i mån av tid av befälen på RLC.</p>
<p>Telefonnummer till RLC-befäl<br />Jämtland: 010-569 40 27<br />Norrbotten: 010-569 40 28<br />Västerbotten: 010-569 40 25<br />Västernorrland: 010-569 40 26</p>
<p>Kommunikatör i tjänst igen från klockan 07:00 i morgon.</p>",Övriga Sverige,no_incident_keywords
94690,2018-11-15,Övrigt,Ingen kommunikatör i tjänst under natten.,"<p>Händelsenotiser på polisen.se och samtal från journalister hanteras i mån av tid av befälen på RLC.</p>
<p>Telefonnummer till RLC-befäl<br />Jämtland: 010-569 40 27<br />Norrbotten: 010-569 40 28<br />Västerbotten: 010-569 40 25<br />Västernorrland: 010-569 40 26</p>
<p>Kommunikatör i tjänst igen från klockan 07:00 i morgon.</p>",Övriga Sverige,no_incident_keywords
94689,2018-11-15,Övrigt,Ingen kommunikatör i tjänst under natten.,"<p>Händelsenotiser på polisen.se och samtal från journalister hanteras i mån av tid av befälen på RLC.</p>
<p>Telefonnummer till RLC-befäl<br />Jämtland: 010-569 40 27<br />Norrbotten: 010-569 40 28<br />Västerbotten: 010-569 40 25<br />Västernorrland: 010-569 40 26</p>
<p>Kommunikatör i tjänst igen från klockan 07:00 i morgon.</p>",Övriga Sverige,no_incident_keywords
94864,2018-11-16,Övrigt,"Norrbotten, ingen kommunikatör i tjänst under natten","<p>Polisen.se/händelsenotiser och samtal från media hanteras i mån av tid av befälen på RLC. Media hänvisas att ringa 010-56 94028.</p>
<p>Kommunikatör Liv Fahlén i tjänst från lördag kl 07:00.</p>
","Norrbotten, okänd kommun",no_incident_keywords
94984,2018-11-17,Övrigt,Ingen kommunikatör i tjänst under kvällen och natten.,"<p>Polisen.se/händelsenotiser och samtal från media hanteras i mån av tid av befälen på RLC. Media hänvisas att ringa 010-569 40 28.</p>
<p>Kommunikatör Liv Fahlén i tjänst från söndag klockan 07:00.</p>","Norrbotten, okänd kommun",no_incident_keywords
95103,2018-11-18,Övrigt,Ingen kommunikatör i tjänst under kvällen och natten.,"<p>Polisen.se/händelsenotiser och samtal från media hanteras i mån av tid av befälen på RLC. Media hänvisas att ringa 010-569 40 28.</p>
<p>Kommunikatör Malin Axroth i tjänst från måndag klockan 07:00.</p>","Norrbotten, okänd kommun",no_incident_keywords
95304,2018-11-19,Övrigt,Ingen kommunikatör i tjänst under natten.,"<p>Händelsenotiser på polisen.se och samtal från journalister hanteras i mån av tid av befälen på RLC.</p>
<p>Telefonnummer till RLC-befäl<br />Jämtland: 010-569 40 27<br />Norrbotten: 010-569 40 28<br />Västerbotten: 010-569 40 25<br />Västernorrland: 010-569 40 26</p>
<p>Kommunikatör i tjänst igen från klockan 07:00 i morgon.</p>",Norrbotten / Övriga Sverige,no_incident_keywords
95303,2018-11-19,Övrigt,Ingen kommunikatör i tjänst under natten.,"<p>Händelsenotiser på polisen.se och samtal från journalister hanteras i mån av tid av befälen på RLC.</p>
<p>Telefonnummer till RLC-befäl<br />Jämtland: 010-569 40 27<br />Norrbotten: 010-569 40 28<br />Västerbotten: 010-569 40 25<br />Västernorrland: 010-569 40 26</p>
<p>Kommunikatör i tjänst igen från klockan 07:00 i morgon.</p>",Övriga Sverige,no_incident_keywords
95302,2018-11-19,Övrigt,Ingen kommunikatör i tjänst under natten.,"<p>Händelsenotiser på polisen.se och samtal från journalister hanteras i mån av tid av befälen på RLC.</p>
<p>Telefonnummer till RLC-befäl<br />Jämtland: 010-569 40 27<br />Norrbotten: 010-569 40 28<br />Västerbotten: 010-569 40 25<br />Västernorrland: 010-569 40 26</p>
<p>Kommunikatör i tjänst igen från klockan 07:00 i morgon.</p>",Övriga Sverige,no_incident_keywords
95301,2018-11-19,Övrigt,Ingen kommunikatör i tjänst under natten.,"<p>Händelsenotiser på polisen.se och samtal från journalister hanteras i mån av tid av befälen på RLC.</p>
<p>Telefonnummer till RLC-befäl<br />Jämtland: 010-569 40 27<br />Norrbotten: 010-569 40 28<br />Västerbotten: 010-569 40 25<br />Västernorrland: 010-569 40 26</p>
<p>Kommunikatör i tjänst igen från klockan 07:00 i morgon.</p>",Övriga Sverige,no_incident_keywords
95457,2018-11-20,Övrigt,Ingen kommunikatör i tjänst under natten.,"<p>Händelsenotiser på polisen.se och samtal från journalister hanteras i mån av tid av befälen på RLC.</p>
<p>Telefonnummer till RLC-befäl<br />Jämtland: 010-569 40 27<br />Norrbotten: 010-569 40 28<br />Västerbotten: 010-569 40 25<br />Västernorrland: 010-569 40 26</p>
<p>Kommunikatör i tjänst igen från klockan 07:00 i morgon.</p>",Övriga Sverige,no_incident_keywords
95456,2018-11-20,Övrigt,Ingen kommunikatör i tjänst under natten.,"<p>Händelsenotiser på polisen.se och samtal från journalister hanteras i mån av tid av befälen på RLC.</p>
<p>Telefonnummer till RLC-befäl<br />Jämtland: 010-569 40 27<br />Norrbotten: 010-569 40 28<br />Västerbotten: 010-569 40 25<br />Västernorrland: 010-569 40 26</p>
<p>Kommunikatör i tjänst igen från klockan 07:00 i morgon.</p>",Övriga Sverige,no_incident_keywords
95455,2018-11-20,Övrigt,Ingen kommunikatör i tjänst under natten.,"<p>Händelsenotiser på polisen.se och samtal från journalister hanteras i mån av tid av befälen på RLC.</p>
<p>Telefonnummer till RLC-befäl<br />Jämtland: 010-569 40 27<br />Norrbotten: 010-569 40 28<br />Västerbotten: 010-569 40 25<br />Västernorrland: 010-569 40 26</p>
<p>Kommunikatör i tjänst igen från klockan 07:00 i morgon.</p>",Övriga Sverige,no_incident_keywords
95460,2018-11-20,Övrigt,Ingen kommunikatör i tjänst under natten.,"<p>Händelsenotiser på polisen.se och samtal från journalister hanteras i mån av tid av befälen på RLC.</p>
<p>Telefonnummer till RLC-befäl<br />Jämtland: 010-569 40 27<br />Norrbotten: 010-569 40 28<br />Västerbotten: 010-569 40 25<br />Västernorrland: 010-569 40 26</p>
<p>Kommunikatör i tjänst igen från klockan 07:00 i morgon.</p>",Norrbotten / Övriga Sverige,no_incident_keywords
95636,2018-11-21,Övrigt,"Norrbotten, ingen kommunikatör i tjänst under natten","<p>Polisen.se/händelsenotiser och samtal från media hanteras i mån av tid av befälen på RLC. Media hänvisas att ringa 010-56 94028.</p>
<p>Kommunikatör Liv Fahlén är i tjänst från torsdag kl 07:00.</p>
","Norrbotten, okänd kommun",no_incident_keywords
95790,2018-11-22,Övrigt,"Norrbotten, ingen kommunikatör i tjänst","<p>Polisen.se/händelsenotiser och samtal från media hanteras i mån av tid av befälen på RLC. Media hänvisas att ringa 010-56 94028.</p>
<p>Kommunikatör Peder Jonsson är i tjänst från fredag kl 07:00.</p>
","Norrbotten, okänd kommun",no_incident_keywords
95940,2018-11-23,Övrigt,Ingen kommunikatör i tjänst under natten.,"<p>Polisen.se/händelsenotiser och samtal från media hanteras i mån av tid av befälen på RLC. Media hänvisas att ringa 010-569 40 28.</p>
<p>Kommunikatör Malix Axroth i tjänst från lördag klockan 07:00.</p>","Norrbotten, okänd kommun",no_incident_keywords
96009,2018-11-24,Övrigt,Ingen kommunikatör i tjänst under kvällen och natten.,"<p>Händelsenotiser på polisen.se och samtal från journalister hanteras i mån av tid av befälen på RLC.</p>
<p><strong>Telefonnummer till RLC-befäl</strong><br />Jämtland: 010-569 40 27<br />Norrbotten: 010-569 40 28<br />Västerbotten: 010-569 40 25<br />Västernorrland: 010-569 40 26</p>
<p>Kommunikatör i tjänst igen från klockan 07:00 i morgon.</p>",Norrbotten / Övriga Sverige,no_incident_keywords
96008,2018-11-24,Övrigt,Ingen kommunikatör i tjänst under kvällen och natten.,"<p>Händelsenotiser på polisen.se och samtal från journalister hanteras i mån av tid av befälen på RLC.</p>
<p><strong>Telefonnummer till RLC-befäl</strong><br />Jämtland: 010-569 40 27<br />Norrbotten: 010-569 40 28<br />Västerbotten: 010-569 40 25<br />Västernorrland: 010-569 40 26</p>
<p>Kommunikatör i tjänst igen från klockan 07:00 i morgon.</p>",Övriga Sverige,no_incident_keywords
96007,2018-11-24,Övrigt,Ingen kommunikatör i tjänst under kvällen och natten.,"<p>Händelsenotiser på polisen.se och samtal från journalister hanteras i mån av tid av befälen på RLC.</p>
<p><strong>Telefonnummer till RLC-befäl</strong><br />Jämtland: 010-569 40 27<br />Norrbotten: 010-569 40 28<br />Västerbotten: 010-569 40 25<br />Västernorrland: 010-569 40 26</p>
<p>Kommunikatör i tjänst igen från klockan 07:00 i morgon.</p>",Övriga Sverige,no_incident_keywords
96006,2018-11-24,Övrigt,Ingen kommunikatör i tjänst under kvällen och natten.,"<p>Händelsenotiser på polisen.se och samtal från journalister hanteras i mån av tid av befälen på RLC.</p>
<p><strong>Telefonnummer till RLC-befäl</strong><br />Jämtland: 010-569 40 27<br />Norrbotten: 010-569 40 28<br />Västerbotten: 010-569 40 25<br />Västernorrland: 010-569 40 26</p>
<p>Kommunikatör i tjänst igen från klockan 07:00 i morgon.</p>",Övriga Sverige,no_incident_keywords
96107,2018-11-25,Övrigt,Ingen kommunikatör i tjänst under kvällen och natten.,"<p>Händelsenotiser på polisen.se och samtal från journalister hanteras i mån av tid av befälen på RLC.</p>
<p><strong>Telefonnummer till RLC-befäl</strong><br />Jämtland: 010-569 40 27<br />Norrbotten: 010-569 40 28<br />Västerbotten: 010-569 40 25<br />Västernorrland: 010-569 40 26</p>
<p>Kommunikatör i tjänst igen från klockan 07:00 i morgon.</p>",Övriga Sverige,no_incident_keywords
96106,2018-11-25,Övrigt,Ingen kommunikatör i tjänst under kvällen och natten.,"<p>Händelsenotiser på polisen.se och samtal från journalister hanteras i mån av tid av befälen på RLC.</p>
<p><strong>Telefonnummer till RLC-befäl</strong><br />Jämtland: 010-569 40 27<br />Norrbotten: 010-569 40 28<br />Västerbotten: 010-569 40 25<br />Västernorrland: 010-569 40 26</p>
<p>Kommunikatör i tjänst igen från klockan 07:00 i morgon.</p>",Övriga Sverige,no_incident_keywords
96105,2018-11-25,Övrigt,Ingen kommunikatör i tjänst under kvällen och natten.,"<p>Händelsenotiser på polisen.se och samtal från journalister hanteras i mån av tid av befälen på RLC.</p>
<p><strong>Telefonnummer till RLC-befäl</strong><br />Jämtland: 010-569 40 27<br />Norrbotten: 010-569 40 28<br />Västerbotten: 010-569 40 25<br />Västernorrland: 010-569 40 26</p>
<p>Kommunikatör i tjänst igen från klockan 07:00 i morgon.</p>",Övriga Sverige,no_incident_keywords
96104,2018-11-25,Övrigt,Ingen kommunikatör i tjänst under kvällen och natten.,"<p>Händelsenotiser på polisen.se och samtal från journalister hanteras i mån av tid av befälen på RLC.</p>
<p><strong>Telefonnummer till RLC-befäl</strong><br />Jämtland: 010-569 40 27<br />Norrbotten: 010-569 40 28<br />Västerbotten: 010-569 40 25<br />Västernorrland: 010-569 40 26</p>
<p>Kommunikatör i tjänst igen från klockan 07:00 i morgon.</p>",Norrbotten / Övriga Sverige,no_incident_keywords
96186,2018-11-26,Övrigt,Ingen kommunikatör i tjänst under kvällen och natten.,"<p>Händelsenotiser på polisen.se och samtal från journalister hanteras i mån av tid av befälen på RLC.</p>
<p>Telefonnummer till RLC-befäl<br />Jämtland: 010-569 40 27<br />Norrbotten: 010-569 40 28<br />Västerbotten: 010-569 40 25<br />Västernorrland: 010-569 40 26</p>
<p>Kommunikatör i tjänst igen från klockan 07:00 i morgon.</p>",Övriga Sverige,no_incident_keywords
96185,2018-11-26,Övrigt,Ingen kommunikatör i tjänst under kvällen och natten.,"<p>Händelsenotiser på polisen.se och samtal från journalister hanteras i mån av tid av befälen på RLC.</p>
<p>Telefonnummer till RLC-befäl<br />Jämtland: 010-569 40 27<br />Norrbotten: 010-569 40 28<br />Västerbotten: 010-569 40 25<br />Västernorrland: 010-569 40 26</p>
<p>Kommunikatör i tjänst igen från klockan 07:00 i morgon.</p>",Övriga Sverige,no_incident_keywords
96184,2018-11-26,Övrigt,Ingen kommunikatör i tjänst under kvällen och natten.,"<p>Händelsenotiser på polisen.se och samtal från journalister hanteras i mån av tid av befälen på RLC.</p>
<p>Telefonnummer till RLC-befäl<br />Jämtland: 010-569 40 27<br />Norrbotten: 010-569 40 28<br />Västerbotten: 010-569 40 25<br />Västernorrland: 010-569 40 26</p>
<p>Kommunikatör i tjänst igen från klockan 07:00 i morgon.</p>",Norrbotten / Övriga Sverige,no_incident_keywords
96188,2018-11-26,Övrigt,Ingen kommunikatör i tjänst under kvällen och natten.,"<p>Händelsenotiser på polisen.se och samtal från journalister hanteras i mån av tid av befälen på RLC.</p>
<p>Telefonnummer till RLC-befäl<br />Jämtland: 010-569 40 27<br />Norrbotten: 010-569 40 28<br />Västerbotten: 010-569 40 25<br />Västernorrland: 010-569 40 26</p>
<p>Kommunikatör i tjänst igen från klockan 07:00 i morgon.</p>",Övriga Sverige,no_incident_keywords
96351,2018-11-27,Övrigt,Ingen kommunikatör i tjänst under kvällen och natten.,"<p>Händelsenotiser på polisen.se och samtal från journalister hanteras i mån av tid av befälen på RLC.</p>
<p><strong>Telefonnummer till RLC-befäl</strong><br />Jämtland: 010-569 40 27<br />Norrbotten: 010-569 40 28<br />Västerbotten: 010-569 40 25<br />Västernorrland: 010-569 40 26</p>
<p>Kommunikatör i tjänst igen från klockan 07:00 i morgon.</p>",Norrbotten / Övriga Sverige,no_incident_keywords
96357,2018-11-27,Övrigt,Ingen kommunikatör i tjänst under kvällen och natten.,"<p>Händelsenotiser på polisen.se och samtal från journalister hanteras i mån av tid av befälen på RLC.</p>
<p><strong>Telefonnummer till RLC-befäl</strong><br />Jämtland: 010-569 40 27<br />Norrbotten: 010-569 40 28<br />Västerbotten: 010-569 40 25<br />Västernorrland: 010-569 40 26</p>
<p>Kommunikatör i tjänst igen från klockan 07:00 i morgon.</p>",Övriga Sverige,no_incident_keywords
96356,2018-11-27,Övrigt,Ingen kommunikatör i tjänst under kvällen och natten.,"<p>Händelsenotiser på polisen.se och samtal från journalister hanteras i mån av tid av befälen på RLC.</p>
<p><strong>Telefonnummer till RLC-befäl</strong><br />Jämtland: 010-569 40 27<br />Norrbotten: 010-569 40 28<br />Västerbotten: 010-569 40 25<br />Västernorrland: 010-569 40 26</p>
<p>Kommunikatör i tjänst igen från klockan 07:00 i morgon.</p>",Övriga Sverige,no_incident_keywords
96355,2018-11-27,Övrigt,Ingen kommunikatör i tjänst under kvällen och natten.,"<p>Händelsenotiser på polisen.se och samtal från journalister hanteras i mån av tid av befälen på RLC.</p>
<p><strong>Telefonnummer till RLC-befäl</strong><br />Jämtland: 010-569 40 27<br />Norrbotten: 010-569 40 28<br />Västerbotten: 010-569 40 25<br />Västernorrland: 010-569 40 26</p>
<p>Kommunikatör i tjänst igen från klockan 07:00 i morgon.</p>",Övriga Sverige,no_incident_keywords
96523,2018-11-28,Övrigt,Ingen kommunikatör i tjänst under kvällen och natten.,"<p>Händelsenotiser på polisen.se och samtal från journalister hanteras i mån av tid av befälen på RLC.</p>
<p><strong>Telefonnummer till RLC-befäl</strong><br />Jämtland: 010-569 40 27<br />Norrbotten: 010-569 40 28<br />Västerbotten: 010-569 40 25<br />Västernorrland: 010-569 40 26</p>
<p>Kommunikatör i tjänst igen från klockan 07:00 i morgon.</p>",Norrbotten / Övriga Sverige,no_incident_keywords
96522,2018-11-28,Övrigt,Ingen kommunikatör i tjänst under kvällen och natten.,"<p>Händelsenotiser på polisen.se och samtal från journalister hanteras i mån av tid av befälen på RLC.</p>
<p><strong>Telefonnummer till RLC-befäl</strong><br />Jämtland: 010-569 40 27<br />Norrbotten: 010-569 40 28<br />Västerbotten: 010-569 40 25<br />Västernorrland: 010-569 40 26</p>
<p>Kommunikatör i tjänst igen från klockan 07:00 i morgon.</p>",Övriga Sverige,no_incident_keywords
96521,2018-11-28,Övrigt,Ingen kommunikatör i tjänst under kvällen och natten.,"<p>Händelsenotiser på polisen.se och samtal från journalister hanteras i mån av tid av befälen på RLC.</p>
<p><strong>Telefonnummer till RLC-befäl</strong><br />Jämtland: 010-569 40 27<br />Norrbotten: 010-569 40 28<br />Västerbotten: 010-569 40 25<br />Västernorrland: 010-569 40 26</p>
<p>Kommunikatör i tjänst igen från klockan 07:00 i morgon.</p>",Övriga Sverige,no_incident_keywords
96520,2018-11-28,Övrigt,Ingen kommunikatör i tjänst under kvällen och natten.,"<p>Händelsenotiser på polisen.se och samtal från journalister hanteras i mån av tid av befälen på RLC.</p>
<p><strong>Telefonnummer till RLC-befäl</strong><br />Jämtland: 010-569 40 27<br />Norrbotten: 010-569 40 28<br />Västerbotten: 010-569 40 25<br />Västernorrland: 010-569 40 26</p>
<p>Kommunikatör i tjänst igen från klockan 07:00 i morgon.</p>",Övriga Sverige,no_incident_keywords
96758,2018-11-29,Övrigt,Ingen kommunikatör i tjänst under natten.,"<p>Händelsenotiser på polisen.se och samtal från journalister hanteras i mån av tid av befälen på RLC.</p>
<p><strong>Telefonnummer till RLC-befäl</strong><br />Jämtland: 010-569 40 27<br />Norrbotten: 010-569 40 28<br />Västerbotten: 010-569 40 25<br />Västernorrland: 010-569 40 26</p>
<p>Kommunikatör i tjänst igen från klockan 07:00 i morgon.</p>",Norrbotten / Övriga Sverige,no_incident_keywords
96757,2018-11-29,Övrigt,Ingen kommunikatör i tjänst under natten.,"<p>Händelsenotiser på polisen.se och samtal från journalister hanteras i mån av tid av befälen på RLC.</p>
<p><strong>Telefonnummer till RLC-befäl</strong><br />Jämtland: 010-569 40 27<br />Norrbotten: 010-569 40 28<br />Västerbotten: 010-569 40 25<br />Västernorrland: 010-569 40 26</p>
<p>Kommunikatör i tjänst igen från klockan 07:00 i morgon.</p>",Övriga Sverige,no_incident_keywords
96756,2018-11-29,Övrigt,Ingen kommunikatör i tjänst under natten.,"<p>Händelsenotiser på polisen.se och samtal från journalister hanteras i mån av tid av befälen på RLC.</p>
<p><strong>Telefonnummer till RLC-befäl</strong><br />Jämtland: 010-569 40 27<br />Norrbotten: 010-569 40 28<br />Västerbotten: 010-569 40 25<br />Västernorrland: 010-569 40 26</p>
<p>Kommunikatör i tjänst igen från klockan 07:00 i morgon.</p>",Övriga Sverige,no_incident_keywords
96755,2018-11-29,Övrigt,Ingen kommunikatör i tjänst under natten.,"<p>Händelsenotiser på polisen.se och samtal från journalister hanteras i mån av tid av befälen på RLC.</p>
<p><strong>Telefonnummer till RLC-befäl</strong><br />Jämtland: 010-569 40 27<br />Norrbotten: 010-569 40 28<br />Västerbotten: 010-569 40 25<br />Västernorrland: 010-569 40 26</p>
<p>Kommunikatör i tjänst igen från klockan 07:00 i morgon.</p>",Övriga Sverige,no_incident_keywords
96936,2018-11-30,Övrigt,Ingen kommunikatör i tjänst under natten.,"<p>Händelsenotiser på polisen.se och samtal från journalister hanteras i mån av tid av befälen på RLC.</p>
<p><strong>Telefonnummer till RLC-befäl</strong><br />Jämtland: 010-569 40 27<br />Norrbotten: 010-569 40 28<br />Västerbotten: 010-569 40 25<br />Västernorrland: 010-569 40 26</p>
<p>Kommunikatör i tjänst igen från klockan 07:00 i morgon.</p>",Norrbotten / Övriga Sverige,no_incident_keywords
96935,2018-11-30,Övrigt,Ingen kommunikatör i tjänst under natten.,"<p>Händelsenotiser på polisen.se och samtal från journalister hanteras i mån av tid av befälen på RLC.</p>
<p><strong>Telefonnummer till RLC-befäl</strong><br />Jämtland: 010-569 40 27<br />Norrbotten: 010-569 40 28<br />Västerbotten: 010-569 40 25<br />Västernorrland: 010-569 40 26</p>
<p>Kommunikatör i tjänst igen från klockan 07:00 i morgon.</p>",Övriga Sverige,no_incident_keywords
96934,2018-11-30,Övrigt,Ingen kommunikatör i tjänst under natten.,"<p>Händelsenotiser på polisen.se och samtal från journalister hanteras i mån av tid av befälen på RLC.</p>
<p><strong>Telefonnummer till RLC-befäl</strong><br />Jämtland: 010-569 40 27<br />Norrbotten: 010-569 40 28<br />Västerbotten: 010-569 40 25<br />Västernorrland: 010-569 40 26</p>
<p>Kommunikatör i tjänst igen från klockan 07:00 i morgon.</p>",Övriga Sverige,no_incident_keywords
96933,2018-11-30,Övrigt,Ingen kommunikatör i tjänst under natten.,"<p>Händelsenotiser på polisen.se och samtal från journalister hanteras i mån av tid av befälen på RLC.</p>
<p><strong>Telefonnummer till RLC-befäl</strong><br />Jämtland: 010-569 40 27<br />Norrbotten: 010-569 40 28<br />Västerbotten: 010-569 40 25<br />Västernorrland: 010-569 40 26</p>
<p>Kommunikatör i tjänst igen från klockan 07:00 i morgon.</p>",Övriga Sverige,no_incident_keywords
97066,2018-12-02,Övrigt,Ingen kommunikatör i tjänst under natten.,"<p>Händelsenotiser på polisen.se och samtal från journalister hanteras i mån av tid av befälen på RLC.</p>
<p>Telefonnummer till RLC-befäl<br />Jämtland: 010-569 40 27<br />Norrbotten: 010-569 40 28<br />Västerbotten: 010-569 40 25<br />Västernorrland: 010-569 40 26</p>
<p>Kommunikatör i tjänst igen från klockan 07:00 i morgon.</p>",Norrbotten / Övriga Sverige,no_incident_keywords
97065,2018-12-02,Övrigt,Ingen kommunikatör i tjänst under natten.,"<p>Händelsenotiser på polisen.se och samtal från journalister hanteras i mån av tid av befälen på RLC.</p>
<p>Telefonnummer till RLC-befäl<br />Jämtland: 010-569 40 27<br />Norrbotten: 010-569 40 28<br />Västerbotten: 010-569 40 25<br />Västernorrland: 010-569 40 26</p>
<p>Kommunikatör i tjänst igen från klockan 07:00 i morgon.</p>",Övriga Sverige,no_incident_keywords
97064,2018-12-02,Övrigt,Ingen kommunikatör i tjänst under natten.,"<p>Händelsenotiser på polisen.se och samtal från journalister hanteras i mån av tid av befälen på RLC.</p>
<p>Telefonnummer till RLC-befäl<br />Jämtland: 010-569 40 27<br />Norrbotten: 010-569 40 28<br />Västerbotten: 010-569 40 25<br />Västernorrland: 010-569 40 26</p>
<p>Kommunikatör i tjänst igen från klockan 07:00 i morgon.</p>",Övriga Sverige,no_incident_keywords
97199,2018-12-03,Övrigt,Ingen kommunikatör i tjänst under kvällen och natten.,"<p>Händelsenotiser på polisen.se och samtal från journalister hanteras i mån av tid av befälen på RLC.</p>
<p><strong>Telefonnummer till RLC-befäl</strong><br />Jämtland: 010-569 40 27<br />Norrbotten: 010-569 40 28<br />Västerbotten: 010-569 40 25<br />Västernorrland: 010-569 40 26</p>
<p>Kommunikatör i tjänst igen från klockan 07:00 i morgon.</p>",Norrbotten / Övriga Sverige,no_incident_keywords
97198,2018-12-03,Övrigt,Ingen kommunikatör i tjänst under kvällen och natten.,"<p>Händelsenotiser på polisen.se och samtal från journalister hanteras i mån av tid av befälen på RLC.</p>
<p><strong>Telefonnummer till RLC-befäl</strong><br />Jämtland: 010-569 40 27<br />Norrbotten: 010-569 40 28<br />Västerbotten: 010-569 40 25<br />Västernorrland: 010-569 40 26</p>
<p>Kommunikatör i tjänst igen från klockan 07:00 i morgon.</p>",Övriga Sverige,no_incident_keywords
97197,2018-12-03,Övrigt,Ingen kommunikatör i tjänst under kvällen och natten.,"<p>Händelsenotiser på polisen.se och samtal från journalister hanteras i mån av tid av befälen på RLC.</p>
<p><strong>Telefonnummer till RLC-befäl</strong><br />Jämtland: 010-569 40 27<br />Norrbotten: 010-569 40 28<br />Västerbotten: 010-569 40 25<br />Västernorrland: 010-569 40 26</p>
<p>Kommunikatör i tjänst igen från klockan 07:00 i morgon.</p>",Övriga Sverige,no_incident_keywords
97196,2018-12-03,Övrigt,Ingen kommunikatör i tjänst under kvällen och natten.,"<p>Händelsenotiser på polisen.se och samtal från journalister hanteras i mån av tid av befälen på RLC.</p>
<p><strong>Telefonnummer till RLC-befäl</strong><br />Jämtland: 010-569 40 27<br />Norrbotten: 010-569 40 28<br />Västerbotten: 010-569 40 25<br />Västernorrland: 010-569 40 26</p>
<p>Kommunikatör i tjänst igen från klockan 07:00 i morgon.</p>",Övriga Sverige,no_incident_keywords
97336,2018-12-04,Övrigt,Ingen kommunikatör i tjänst under kvällen och natten.,"<p>Händelsenotiser på polisen.se och samtal från journalister hanteras i mån av tid av befälen på RLC.</p>
<p><strong>Telefonnummer till RLC-befäl</strong><br />Jämtland: 010-569 40 27<br />Norrbotten: 010-569 40 28<br />Västerbotten: 010-569 40 25<br />Västernorrland: 010-569 40 26</p>
<p>Kommunikatör i tjänst igen från klockan 07:00 i morgon.</p>",Norrbotten / Övriga Sverige,no_incident_keywords
97335,2018-12-04,Övrigt,Ingen kommunikatör i tjänst under kvällen och natten.,"<p>Händelsenotiser på polisen.se och samtal från journalister hanteras i mån av tid av befälen på RLC.</p>
<p><strong>Telefonnummer till RLC-befäl</strong><br />Jämtland: 010-569 40 27<br />Norrbotten: 010-569 40 28<br />Västerbotten: 010-569 40 25<br />Västernorrland: 010-569 40 26</p>
<p>Kommunikatör i tjänst igen från klockan 07:00 i morgon.</p>",Övriga Sverige,no_incident_keywords
97334,2018-12-04,Övrigt,Ingen kommunikatör i tjänst under kvällen och natten.,"<p>Händelsenotiser på polisen.se och samtal från journalister hanteras i mån av tid av befälen på RLC.</p>
<p><strong>Telefonnummer till RLC-befäl</strong><br />Jämtland: 010-569 40 27<br />Norrbotten: 010-569 40 28<br />Västerbotten: 010-569 40 25<br />Västernorrland: 010-569 40 26</p>
<p>Kommunikatör i tjänst igen från klockan 07:00 i morgon.</p>",Övriga Sverige,no_incident_keywords
97338,2018-12-04,Övrigt,Ingen kommunikatör i tjänst under kvällen och natten.,"<p>Händelsenotiser på polisen.se och samtal från journalister hanteras i mån av tid av befälen på RLC.</p>
<p><strong>Telefonnummer till RLC-befäl</strong><br />Jämtland: 010-569 40 27<br />Norrbotten: 010-569 40 28<br />Västerbotten: 010-569 40 25<br />Västernorrland: 010-569 40 26</p>
<p>Kommunikatör i tjänst igen från klockan 07:00 i morgon.</p>",Övriga Sverige,no_incident_keywords
97455,2018-12-05,Övrigt,Ingen kommunikatör i tjänst under kvällen och natten.,"<p>Händelsenotiser på polisen.se och samtal från journalister hanteras i mån av tid av befälen på RLC.</p>
<p><strong>Telefonnummer till RLC-befäl</strong><br />Jämtland: 010-569 40 27<br />Norrbotten: 010-569 40 28<br />Västerbotten: 010-569 40 25<br />Västernorrland: 010-569 40 26</p>
<p>Kommunikatör i tjänst igen från klockan 07:00 i morgon.</p>",Norrbotten / Övriga Sverige,no_incident_keywords
97454,2018-12-05,Övrigt,Ingen kommunikatör i tjänst under kvällen och natten.,"<p>Händelsenotiser på polisen.se och samtal från journalister hanteras i mån av tid av befälen på RLC.</p>
<p><strong>Telefonnummer till RLC-befäl</strong><br />Jämtland: 010-569 40 27<br />Norrbotten: 010-569 40 28<br />Västerbotten: 010-569 40 25<br />Västernorrland: 010-569 40 26</p>
<p>Kommunikatör i tjänst igen från klockan 07:00 i morgon.</p>",Övriga Sverige,no_incident_keywords
97453,2018-12-05,Övrigt,Ingen kommunikatör i tjänst under kvällen och natten.,"<p>Händelsenotiser på polisen.se och samtal från journalister hanteras i mån av tid av befälen på RLC.</p>
<p><strong>Telefonnummer till RLC-befäl</strong><br />Jämtland: 010-569 40 27<br />Norrbotten: 010-569 40 28<br />Västerbotten: 010-569 40 25<br />Västernorrland: 010-569 40 26</p>
<p>Kommunikatör i tjänst igen från klockan 07:00 i morgon.</p>",Övriga Sverige,no_incident_keywords
97452,2018-12-05,Övrigt,Ingen kommunikatör i tjänst under kvällen och natten.,"<p>Händelsenotiser på polisen.se och samtal från journalister hanteras i mån av tid av befälen på RLC.</p>
<p><strong>Telefonnummer till RLC-befäl</strong><br />Jämtland: 010-569 40 27<br />Norrbotten: 010-569 40 28<br />Västerbotten: 010-569 40 25<br />Västernorrland: 010-569 40 26</p>
<p>Kommunikatör i tjänst igen från klockan 07:00 i morgon.</p>",Övriga Sverige,no_incident_keywords
97617,2018-12-06,Övrigt,Ingen kommunikatör i tjänst under kvällen och natten.,"<p>Händelsenotiser på polisen.se och samtal från journalister hanteras i mån av tid av befälen på RLC.</p>
<p>Telefonnummer till RLC-befäl<br />Jämtland: 010-569 40 27<br />Norrbotten: 010-569 40 28<br />Västerbotten: 010-569 40 25<br />Västernorrland: 010-569 40 26</p>
<p>Kommunikatör i tjänst igen från klockan 07:00 i morgon.</p>",Norrbotten / Övriga Sverige,no_incident_keywords
97616,2018-12-06,Övrigt,Ingen kommunikatör i tjänst under kvällen och natten.,"<p>Händelsenotiser på polisen.se och samtal från journalister hanteras i mån av tid av befälen på RLC.</p>
<p><strong>Telefonnummer till RLC-befäl</strong><br />Jämtland: 010-569 40 27<br />Norrbotten: 010-569 40 28<br />Västerbotten: 010-569 40 25<br />Västernorrland: 010-569 40 26</p>
<p>Kommunikatör i tjänst igen från klockan 07:00 i morgon.</p>",Övriga Sverige,no_incident_keywords
97615,2018-12-06,Övrigt,Ingen kommunikatör i tjänst under kvällen och natten.,"<p>Händelsenotiser på polisen.se och samtal från journalister hanteras i mån av tid av befälen på RLC.</p>
<p><strong>Telefonnummer till RLC-befäl</strong><br />Jämtland: 010-569 40 27<br />Norrbotten: 010-569 40 28<br />Västerbotten: 010-569 40 25<br />Västernorrland: 010-569 40 26</p>
<p>Kommunikatör i tjänst igen från klockan 07:00 i morgon.</p>",Övriga Sverige,no_incident_keywords
97779,2018-12-07,Övrigt,Ingen kommunikatör i tjänst under natten.,"<p>Händelsenotiser på polisen.se och samtal från journalister hanteras i mån av tid av befälen på RLC.</p>
<p>Telefonnummer till RLC-befäl<br />Jämtland: 010-569 40 27<br />Norrbotten: 010-569 40 28<br />Västerbotten: 010-569 40 25<br />Västernorrland: 010-569 40 26</p>
<p>Kommunikatör i tjänst igen från klockan 07:00 i morgon.</p>",Övriga Sverige,no_incident_keywords
97778,2018-12-07,Övrigt,Ingen kommunikatör i tjänst under natten.,"<p>Händelsenotiser på polisen.se och samtal från journalister hanteras i mån av tid av befälen på RLC.</p>
<p>Telefonnummer till RLC-befäl<br />Jämtland: 010-569 40 27<br />Norrbotten: 010-569 40 28<br />Västerbotten: 010-569 40 25<br />Västernorrland: 010-569 40 26</p>
<p>Kommunikatör i tjänst igen från klockan 07:00 i morgon.</p>",Övriga Sverige,no_incident_keywords
97775,2018-12-07,Övrigt,Ingen kommunikatör i tjänst under natten.,"<p>Händelsenotiser på polisen.se och samtal från journalister hanteras i mån av tid av befälen på RLC.</p>
<p>Telefonnummer till RLC-befäl<br />Jämtland: 010-569 40 27<br />Norrbotten: 010-569 40 28<br />Västerbotten: 010-569 40 25<br />Västernorrland: 010-569 40 26</p>
<p>Kommunikatör i tjänst igen från klockan 07:00 i morgon.</p>",Övriga Sverige,no_incident_keywords
97774,2018-12-07,Övrigt,Ingen kommunikatör i tjänst under natten.,"<p>Händelsenotiser på polisen.se och samtal från journalister hanteras i mån av tid av befälen på RLC.</p>
<p>Telefonnummer till RLC-befäl<br />Jämtland: 010-569 40 27<br />Norrbotten: 010-569 40 28<br />Västerbotten: 010-569 40 25<br />Västernorrland: 010-569 40 26</p>
<p>Kommunikatör i tjänst igen från klockan 07:00 i morgon.</p>",Norrbotten / Övriga Sverige,no_incident_keywords
97869,2018-12-08,Övrigt,"Norrbotten, ingen kommunikatör i tjänst","<p>Polisen.se/händelsenotiser och samtal från media hanteras i mån av tid av befälen på RLC. Media hänvisas att ringa 010-56 94028. </p>
<p>Kommunikatör Marie Andersson är i tjänst från söndag kl 07:00.</p>
","Norrbotten, okänd kommun",no_incident_keywords
97994,2018-12-09,Övrigt,"Norrbotten, ingen kommunikatör i tjänst","<p>Polisen.se/händelsenotiser och samtal från media hanteras i mån av tid av befälen på RLC. Media hänvisas att ringa 010-56 94028.</p>
<p>Kommunikatör Liv Fahlén är i tjänst från måndag kl 07:00.   </p>
","Norrbotten, okänd kommun",no_incident_keywords
98094,2018-12-10,Övrigt,Ingen kommunikatör i tjänst.,"<p>Polisen.se/händelsenotiser och samtal från media hanteras i mån av tid av befälen på RLC. Media hänvisas att ringa 010-569 40 28.</p>
<p>Kommunikatör Liv Fahlén åter i tjänst från 13:00.</p>","Norrbotten, okänd kommun",no_incident_keywords
98223,2018-12-10,Övrigt,Ingen kommunikatör i tjänst under natten.,"<p>Händelsenotiser på polisen.se och samtal från journalister hanteras i mån av tid av befälen på RLC.</p>
<p><strong>Telefonnummer till RLC-befäl</strong><br />Jämtland: 010-569 40 27<br />Norrbotten: 010-569 40 28<br />Västerbotten: 010-569 40 25<br />Västernorrland: 010-569 40 26</p>
<p>Kommunikatör i tjänst igen från klockan 07:00 i morgon.</p>",Norrbotten / Övriga Sverige,no_incident_keywords
98222,2018-12-10,Övrigt,Ingen kommunikatör i tjänst under natten.,"<p>Händelsenotiser på polisen.se och samtal från journalister hanteras i mån av tid av befälen på RLC.</p>
<p><strong>Telefonnummer till RLC-befäl</strong><br />Jämtland: 010-569 40 27<br />Norrbotten: 010-569 40 28<br />Västerbotten: 010-569 40 25<br />Västernorrland: 010-569 40 26</p>
<p>Kommunikatör i tjänst igen från klockan 07:00 i morgon.</p>",Övriga Sverige,no_incident_keywords
98221,2018-12-10,Övrigt,Ingen kommunikatör i tjänst under natten.,"<p>Händelsenotiser på polisen.se och samtal från journalister hanteras i mån av tid av befälen på RLC.</p>
<p><strong>Telefonnummer till RLC-befäl</strong><br />Jämtland: 010-569 40 27<br />Norrbotten: 010-569 40 28<br />Västerbotten: 010-569 40 25<br />Västernorrland: 010-569 40 26</p>
<p>Kommunikatör i tjänst igen från klockan 07:00 i morgon.</p>",Övriga Sverige,no_incident_keywords
98220,2018-12-10,Övrigt,Ingen kommunikatör i tjänst under natten.,"<p>Händelsenotiser på polisen.se och samtal från journalister hanteras i mån av tid av befälen på RLC.</p>
<p><strong>Telefonnummer till RLC-befäl</strong><br />Jämtland: 010-569 40 27<br />Norrbotten: 010-569 40 28<br />Västerbotten: 010-569 40 25<br />Västernorrland: 010-569 40 26</p>
<p>Kommunikatör i tjänst igen från klockan 07:00 i morgon.</p>",Övriga Sverige,no_incident_keywords
98421,2018-12-11,Övrigt,Ingen kommunikatör i tjänst under natten.,"<p>Händelsenotiser på polisen.se och samtal från journalister hanteras i mån av tid av befälen på RLC.</p>
<p><strong>Telefonnummer till RLC-befäl</strong><br />Jämtland: 010-569 40 27<br />Norrbotten: 010-569 40 28<br />Västerbotten: 010-569 40 25<br />Västernorrland: 010-569 40 26</p>
<p>Kommunikatör i tjänst igen från klockan 07:00 i morgon.</p>",Norrbotten / Övriga Sverige,no_incident_keywords
98420,2018-12-11,Övrigt,Ingen kommunikatör i tjänst under natten.,"<p>Händelsenotiser på polisen.se och samtal från journalister hanteras i mån av tid av befälen på RLC.</p>
<p><strong>Telefonnummer till RLC-befäl</strong><br />Jämtland: 010-569 40 27<br />Norrbotten: 010-569 40 28<br />Västerbotten: 010-569 40 25<br />Västernorrland: 010-569 40 26</p>
<p>Kommunikatör i tjänst igen från klockan 07:00 i morgon.</p>",Övriga Sverige,no_incident_keywords
98419,2018-12-11,Övrigt,Ingen kommunikatör i tjänst under natten.,"<p>Händelsenotiser på polisen.se och samtal från journalister hanteras i mån av tid av befälen på RLC.</p>
<p><strong>Telefonnummer till RLC-befäl</strong><br />Jämtland: 010-569 40 27<br />Norrbotten: 010-569 40 28<br />Västerbotten: 010-569 40 25<br />Västernorrland: 010-569 40 26</p>
<p>Kommunikatör i tjänst igen från klockan 07:00 i morgon.</p>",Övriga Sverige,no_incident_keywords
98418,2018-12-11,Övrigt,Ingen kommunikatör i tjänst under natten.,"<p>Händelsenotiser på polisen.se och samtal från journalister hanteras i mån av tid av befälen på RLC.</p>
<p><strong>Telefonnummer till RLC-befäl</strong><br />Jämtland: 010-569 40 27<br />Norrbotten: 010-569 40 28<br />Västerbotten: 010-569 40 25<br />Västernorrland: 010-569 40 26</p>
<p>Kommunikatör i tjänst igen från klockan 07:00 i morgon.</p>",Övriga Sverige,no_incident_keywords
98617,2018-12-12,Övrigt,Ingen kommunikatör i tjänst under natten.,"<p>Händelsenotiser på polisen.se och samtal från journalister hanteras i mån av tid av befälen på RLC.</p>
<p>Telefonnummer till RLC-befäl<br />Jämtland: 010-569 40 27<br />Norrbotten: 010-569 40 28<br />Västerbotten: 010-569 40 25<br />Västernorrland: 010-569 40 26</p>
<p>Kommunikatör i tjänst igen från klockan 07:00 i morgon.</p>",Övriga Sverige,no_incident_keywords
98622,2018-12-12,Övrigt,Ingen kommunikatör i tjänst under natten.,"<p>Händelsenotiser på polisen.se och samtal från journalister hanteras i mån av tid av befälen på RLC.</p>
<p>Telefonnummer till RLC-befäl<br />Jämtland: 010-569 40 27<br />Norrbotten: 010-569 40 28<br />Västerbotten: 010-569 40 25<br />Västernorrland: 010-569 40 26</p>
<p>Kommunikatör i tjänst igen från klockan 07:00 i morgon.</p>",Övriga Sverige,no_incident_keywords
98621,2018-12-12,Övrigt,Ingen kommunikatör i tjänst under natten.,"<p>Händelsenotiser på polisen.se och samtal från journalister hanteras i mån av tid av befälen på RLC.</p>
<p>Telefonnummer till RLC-befäl<br />Jämtland: 010-569 40 27<br />Norrbotten: 010-569 40 28<br />Västerbotten: 010-569 40 25<br />Västernorrland: 010-569 40 26</p>
<p>Kommunikatör i tjänst igen från klockan 07:00 i morgon.</p>",Övriga Sverige,no_incident_keywords
98620,2018-12-12,Övrigt,Ingen kommunikatör i tjänst under natten.,"<p>Händelsenotiser på polisen.se och samtal från journalister hanteras i mån av tid av befälen på RLC.</p>
<p>Telefonnummer till RLC-befäl<br />Jämtland: 010-569 40 27<br />Norrbotten: 010-569 40 28<br />Västerbotten: 010-569 40 25<br />Västernorrland: 010-569 40 26</p>
<p>Kommunikatör i tjänst igen från klockan 07:00 i morgon.</p>",Norrbotten / Övriga Sverige,no_incident_keywords
98797,2018-12-13,Övrigt,Ingen kommunikatör i tjänst under natten.,"<p>Händelsenotiser på polisen.se och samtal från journalister hanteras i mån av tid av befälen på RLC.</p>
<p>Telefonnummer till RLC-befäl<br />Jämtland: 010-569 40 27<br />Norrbotten: 010-569 40 28<br />Västerbotten: 010-569 40 25<br />Västernorrland: 010-569 40 26</p>
<p>Kommunikatör i tjänst igen från klockan 07:00 i morgon.</p>",Övriga Sverige,no_incident_keywords
98796,2018-12-13,Övrigt,Ingen kommunikatör i tjänst under natten.,"<p>Händelsenotiser på polisen.se och samtal från journalister hanteras i mån av tid av befälen på RLC.</p>
<p>Telefonnummer till RLC-befäl<br />Jämtland: 010-569 40 27<br />Norrbotten: 010-569 40 28<br />Västerbotten: 010-569 40 25<br />Västernorrland: 010-569 40 26</p>
<p>Kommunikatör i tjänst igen från klockan 07:00 i morgon.</p>",Övriga Sverige,no_incident_keywords
98795,2018-12-13,Övrigt,Ingen kommunikatör i tjänst under natten.,"<p>Händelsenotiser på polisen.se och samtal från journalister hanteras i mån av tid av befälen på RLC.</p>
<p>Telefonnummer till RLC-befäl<br />Jämtland: 010-569 40 27<br />Norrbotten: 010-569 40 28<br />Västerbotten: 010-569 40 25<br />Västernorrland: 010-569 40 26</p>
<p>Kommunikatör i tjänst igen från klockan 07:00 i morgon.</p>",Norrbotten / Övriga Sverige,no_incident_keywords
98800,2018-12-13,Övrigt,Ingen kommunikatör i tjänst under natten.,"<p>Händelsenotiser på polisen.se och samtal från journalister hanteras i mån av tid av befälen på RLC.</p>
<p>Telefonnummer till RLC-befäl<br />Jämtland: 010-569 40 27<br />Norrbotten: 010-569 40 28<br />Västerbotten: 010-569 40 25<br />Västernorrland: 010-569 40 26</p>
<p>Kommunikatör i tjänst igen från klockan 07:00 i morgon.</p>",Övriga Sverige,no_incident_keywords
98950,2018-12-14,Övrigt,"Norrbotten, ingen kommunikatör i tjänst under natten","<p>Polisen.se/händelsenotiser och samtal från media hanteras i mån av tid av befälen på RLC. Media hänvisas att ringa 010-56 94028.</p>
<p>Kommunikatör Liv Fahlén är i tjänst från lördag kl 07:00.</p>","Norrbotten, okänd kommun",no_incident_keywords
99039,2018-12-15,Övrigt,Ingen kommunikatör i tjänst under kvällen och natten.,"<p>Polisen.se/händelsenotiser och samtal från media hanteras i mån av tid av befälen på RLC. Media hänvisas att ringa 010-569 40 28.</p>
<p>Kommunikatör Liv Fahlén i tjänst från söndag klockan 07:00.</p>","Norrbotten, okänd kommun",no_incident_keywords
99146,2018-12-16,Övrigt,Ingen kommunikatör i tjänst under kvällen och natten.,"<p>Polisen.se/händelsenotiser och samtal från media hanteras i mån av tid av befälen på RLC. Media hänvisas att ringa 010-569 40 28.</p>
<p>Kommunikatör Malin Axroth i tjänst från måndag klockan 07:00.</p>","Norrbotten, okänd kommun",no_incident_keywords
99310,2018-12-17,Övrigt,Ingen kommunikatör på plats under natten.,"<p>Händelsenotiser på polisen.se och samtal från journalister hanteras i mån av tid av befälen på RLC.</p>
<p>Telefonnummer till RLC-befäl<br />Jämtland: 010-569 40 27<br />Norrbotten: 010-569 40 28<br />Västerbotten: 010-569 40 25<br />Västernorrland: 010-569 40 26</p>
<p>Kommunikatör i tjänst igen från klockan 07:00 i morgon.</p>",Norrbotten / Övriga Sverige,no_incident_keywords
99308,2018-12-17,Övrigt,Ingen kommunikatör på plats under natten.,"<p>Händelsenotiser på polisen.se och samtal från journalister hanteras i mån av tid av befälen på RLC.</p>
<p>Telefonnummer till RLC-befäl<br />Jämtland: 010-569 40 27<br />Norrbotten: 010-569 40 28<br />Västerbotten: 010-569 40 25<br />Västernorrland: 010-569 40 26</p>
<p>Kommunikatör i tjänst igen från klockan 07:00 i morgon.</p>",Övriga Sverige,no_incident_keywords
99307,2018-12-17,Övrigt,Ingen kommunikatör på plats under natten.,"<p>Händelsenotiser på polisen.se och samtal från journalister hanteras i mån av tid av befälen på RLC.</p>
<p>Telefonnummer till RLC-befäl<br />Jämtland: 010-569 40 27<br />Norrbotten: 010-569 40 28<br />Västerbotten: 010-569 40 25<br />Västernorrland: 010-569 40 26</p>
<p>Kommunikatör i tjänst igen från klockan 07:00 i morgon.</p>",Övriga Sverige,no_incident_keywords
99465,2018-12-18,Övrigt,Ingen kommunikatör på plats under natten.,"<p>Ingen kommunikatör på plats under natten.Händelsenotiser på polisen.se och samtal från journalister hanteras i mån av tid av befälen på RLC.</p>
<p>Telefonnummer till RLC-befäl<br />Jämtland: 010-569 40 27<br />Norrbotten: 010-569 40 28<br />Västerbotten: 010-569 40 25<br />Västernorrland: 010-569 40 26</p>
<p>Kommunikatör i tjänst igen från klockan 07:00 i morgon.</p>",Övriga Sverige,no_incident_keywords
99464,2018-12-18,Övrigt,Ingen kommunikatör på plats under natten.,"<p>Ingen kommunikatör på plats under natten. Händelsenotiser på polisen.se och samtal från journalister hanteras i mån av tid av befälen på RLC.</p>
<p>Telefonnummer till RLC-befäl<br />Jämtland: 010-569 40 27<br />Norrbotten: 010-569 40 28<br />Västerbotten: 010-569 40 25<br />Västernorrland: 010-569 40 26</p>
<p>Kommunikatör i tjänst igen från klockan 07:00 i morgon.</p>",Övriga Sverige,no_incident_keywords
99463,2018-12-18,Övrigt,Ingen kommunikatör på plats under natten.,"<p>Ingen kommunikatör på plats under natten.Händelsenotiser på polisen.se och samtal från journalister hanteras i mån av tid av befälen på RLC.</p>
<p>Telefonnummer till RLC-befäl<br />Jämtland: 010-569 40 27<br />Norrbotten: 010-569 40 28<br />Västerbotten: 010-569 40 25<br />Västernorrland: 010-569 40 26</p>
<p>Kommunikatör i tjänst igen från klockan 07:00 i morgon.</p>",Norrbotten / Övriga Sverige,no_incident_keywords
99643,2018-12-19,Övrigt,"Norrbotten, ingen kommunikatör i tjänst under natten","<p>Polisen.se/händelsenotiser och samtal från media hanteras i mån av tid av befälen på RLC. Media hänvisas att ringa 010-56 94028.</p>
<p>Kommunikatör Liv Fahlén och Maria Linné är i tjänst från torsdag kl 07:00.</p>
","Norrbotten, okänd kommun",no_incident_keywords
99799,2018-12-20,Övrigt,"Norrbotten, ingen kommunikatör i tjänst under natten","<p>Polisen.se/händelsenotiser och samtal från media hanteras i mån av tid av befälen på RLC. Media hänvisas att ringa 010-56 94028.</p>
<p>Kommunikatörer Maria Linné och Peder Jonsson är i tjänst från fredag kl 07:00.  </p>
","Norrbotten, okänd kommun",no_incident_keywords
99953,2018-12-21,Övrigt,Ingen kommunikatör i tjänst under natten.,"<p>Polisen.se/händelsenotiser och samtal från media hanteras i mån av tid av befälen på RLC. Media hänvisas att ringa 010-569 40 28.</p>
<p>Kommunikatör Peder Jonsson i tjänst från söndag klockan 07:00.</p>","Norrbotten, okänd kommun",no_incident_keywords
100035,2018-12-22,Övrigt,Ingen kommunikatör i tjänst under kvällen och natten.,"<p>Polisen.se/händelsenotiser och samtal från media hanteras i mån av tid av befälen på RLC. Media hänvisas att ringa 010-569 40 28.</p>
<p>Kommunikatör Peder Jonsson i tjänst från söndag klockan 07:00.</p>","Norrbotten, okänd kommun",no_incident_keywords
100125,2018-12-23,Övrigt,Ingen kommunikatör i tjänst under kvällen/natten.,"<p>Polisen.se/händelsenotiser och samtal från media hanteras i mån av tid av befälen på RLC. Media hänvisas att ringa 010-569 40 28.</p>
<p>Kommunikatör Peder Jonsson i tjänst från måndag klockan 07:00.</p>","Norrbotten, okänd kommun",no_incident_keywords
100202,2018-12-24,Övrigt,Ingen kommunikatör i tjänst under kvällen/natten.,"<p>Polisen.se/händelsenotiser och samtal från media hanteras i mån av tid av befälen på RLC. Media hänvisas att ringa 010-569 40 28.</p>
<p>Kommunikatör Peder Jonsson i tjänst från tisdag klockan 07:00.</p>","Norrbotten, okänd kommun",no_incident_keywords
100320,2018-12-25,Övrigt,"Norrbotten, ingen kommunikatör i tjänst under natten","<p>Polisen.se/händelsenotiser och samtal från media hanteras i mån av tid av befälen på RLC. Media hänvisas att ringa 010-56 94028.</p>
<p>Kommunikatör Malin Axroth är i tjänst från onsdag kl 07:00.  </p>
","Norrbotten, okänd kommun",no_incident_keywords
100438,2018-12-26,Övrigt,"Norrbotten, ingen kommunikatör i tjänst under natten","<p>Polisen.se/händelsenotiser och samtal från media hanteras i mån av tid av befälen på RLC. Media hänvisas att ringa 010-56 94028.</p>
<p>Kommunikatör Maria Linné är i tjänst från torsdag kl 07:00.</p>
","Norrbotten, okänd kommun",no_incident_keywords
100795,2018-12-28,Övrigt,Ingen kommunikatör i tjänst under natten.,"<p>Händelsenotiser på polisen.se och samtal från journalister hanteras i mån av tid av befälen på RLC.</p>
<p><strong>Telefonnummer till RLC-befäl</strong><br />Jämtland: 010-569 40 27<br />Norrbotten: 010-569 40 28<br />Västerbotten: 010-569 40 25<br />Västernorrland: 010-569 40 26</p>
<p>Kommunikatör i tjänst igen från klockan 07:00 i morgon.</p>",Norrbotten / Övriga Sverige,no_incident_keywords
100793,2018-12-28,Övrigt,Ingen kommunikatör i tjänst under natten.,"<p>Händelsenotiser på polisen.se och samtal från journalister hanteras i mån av tid av befälen på RLC.</p>
<p><strong>Telefonnummer till RLC-befäl</strong><br />Jämtland: 010-569 40 27<br />Norrbotten: 010-569 40 28<br />Västerbotten: 010-569 40 25<br />Västernorrland: 010-569 40 26</p>
<p>Kommunikatör i tjänst igen från klockan 07:00 i morgon.</p>",Övriga Sverige,no_incident_keywords
100792,2018-12-28,Övrigt,Ingen kommunikatör i tjänst under natten.,"<p>Händelsenotiser på polisen.se och samtal från journalister hanteras i mån av tid av befälen på RLC.</p>
<p><strong>Telefonnummer till RLC-befäl</strong><br />Jämtland: 010-569 40 27<br />Norrbotten: 010-569 40 28<br />Västerbotten: 010-569 40 25<br />Västernorrland: 010-569 40 26</p>
<p>Kommunikatör i tjänst igen från klockan 07:00 i morgon.</p>",Övriga Sverige,no_incident_keywords
100843,2018-12-29,Övrigt,Ingen kommunikatör i tjänst under kvällen och natten.,"<p>Händelsenotiser på polisen.se och samtal från journalister hanteras i mån av tid av befälen på RLC.</p>
<p>Telefonnummer till RLC-befäl<br />Jämtland: 010-569 40 27<br />Norrbotten: 010-569 40 28<br />Västerbotten: 010-569 40 25<br />Västernorrland: 010-569 40 26</p>
<p>Kommunikatör i tjänst igen från klockan 07:00 i morgon.</p>",Övriga Sverige,no_incident_keywords
100842,2018-12-29,Övrigt,Ingen kommunikatör i tjänst under kvällen och natten.,"<p>Händelsenotiser på polisen.se och samtal från journalister hanteras i mån av tid av befälen på RLC.</p>
<p>Telefonnummer till RLC-befäl<br />Jämtland: 010-569 40 27<br />Norrbotten: 010-569 40 28<br />Västerbotten: 010-569 40 25<br />Västernorrland: 010-569 40 26</p>
<p>Kommunikatör i tjänst igen från klockan 07:00 i morgon.</p>",Norrbotten / Övriga Sverige,no_incident_keywords
100840,2018-12-29,Övrigt,Ingen kommunikatör i tjänst under kvällen och natten.,"<p>Händelsenotiser på polisen.se och samtal från journalister hanteras i mån av tid av befälen på RLC.</p>
<p>Telefonnummer till RLC-befäl<br />Jämtland: 010-569 40 27<br />Norrbotten: 010-569 40 28<br />Västerbotten: 010-569 40 25<br />Västernorrland: 010-569 40 26</p>
<p>Kommunikatör i tjänst igen från klockan 07:00 i morgon.</p>",Övriga Sverige,no_incident_keywords
100934,2018-12-30,Övrigt,Ingen kommunikatör i tjänst under kvällen och natten.,"<p>Händelsenotiser på polisen.se och samtal från journalister hanteras i mån av tid av befälen på RLC.</p>
<p>Telefonnummer till RLC-befäl<br />Jämtland: 010-569 40 27<br />Norrbotten: 010-569 40 28<br />Västerbotten: 010-569 40 25<br />Västernorrland: 010-569 40 26</p>
<p>Kommunikatör i tjänst igen från klockan 07:00 i morgon.</p>",Norrbotten / Övriga Sverige,no_incident_keywords
100933,2018-12-30,Övrigt,Ingen kommunikatör i tjänst under kvällen och natten.,"<p>Händelsenotiser på polisen.se och samtal från journalister hanteras i mån av tid av befälen på RLC.</p>
<p>Telefonnummer till RLC-befäl<br />Jämtland: 010-569 40 27<br />Norrbotten: 010-569 40 28<br />Västerbotten: 010-569 40 25<br />Västernorrland: 010-569 40 26</p>
<p>Kommunikatör i tjänst igen från klockan 07:00 i morgon.</p>

",Övriga Sverige,no_incident_keywords
100932,2018-12-30,Övrigt,Ingen kommunikatör i tjänst under kvällen och natten.,"<p>Händelsenotiser på polisen.se och samtal från journalister hanteras i mån av tid av befälen på RLC.</p>
<p>Telefonnummer till RLC-befäl<br />Jämtland: 010-569 40 27<br />Norrbotten: 010-569 40 28<br />Västerbotten: 010-569 40 25<br />Västernorrland: 010-569 40 26</p>
<p>Kommunikatör i tjänst igen från klockan 07:00 i morgon.</p>

",Övriga Sverige,no_incident_keywords
101009,2018-12-31,Övrigt,Ingen kommunikatör i tjänst under kvällen och natten.,"<p>Polisen.se/händelsenotiser och samtal från media hanteras i mån av tid av befälen på RLC. Media hänvisas att ringa 010-569 40 28.</p>
<p>Kommunikatör i tjänst från tisdag klockan 07:00.</p>","Norrbotten, okänd kommun",no_incident_keywords
101106,2019-01-01,Övrigt,Ingen kommunikatör i tjänst under kvällen och natten.,"<p>Polisen.se/händelsenotiser och samtal från media hanteras i mån av tid av befälen på RLC. Media hänvisas att ringa 010-569 40 28.</p>
<p>Kommunikatör i tjänst från onsdag klockan 07:00.</p>","Norrbotten, okänd kommun",no_incident_keywords
101287,2019-01-02,Övrigt,Ingen kommunikatör i tjänst under natten.,"<p>Händelsenotiser på polisen.se och samtal från journalister hanteras i mån av tid av befälen på RLC.</p>
<p><strong>Telefonnummer till RLC-befäl</strong><br />Jämtland: 010-569 40 27<br />Norrbotten: 010-569 40 28<br />Västerbotten: 010-569 40 25<br />Västernorrland: 010-569 40 26</p>
<p>Kommunikatör i tjänst igen från klockan 07.00 i morgon.</p>",Norrbotten / Övriga Sverige,no_incident_keywords
101285,2019-01-02,Övrigt,Ingen kommunikatör i tjänst under natten.,"<p>Händelsenotiser på polisen.se och samtal från journalister hanteras i mån av tid av befälen på RLC.</p>
<p><strong>Telefonnummer till RLC-befäl</strong><br />Jämtland: 010-569 40 27<br />Norrbotten: 010-569 40 28<br />Västerbotten: 010-569 40 25<br />Västernorrland: 010-569 40 26</p>
<p>Kommunikatör i tjänst igen från klockan 07.00 i morgon.</p>",Övriga Sverige,no_incident_keywords
101289,2019-01-02,Övrigt,Ingen kommunikatör i tjänst under natten.,"<p>Händelsenotiser på polisen.se och samtal från journalister hanteras i mån av tid av befälen på RLC.</p>
<p><strong>Telefonnummer till RLC-befäl</strong><br />Jämtland: 010-569 40 27<br />Norrbotten: 010-569 40 28<br />Västerbotten: 010-569 40 25<br />Västernorrland: 010-569 40 26</p>
<p>Kommunikatör i tjänst igen från klockan 07.00 i morgon.</p>",Övriga Sverige,no_incident_keywords
101466,2019-01-03,Övrigt,Ingen kommunikatör i tjänst under natten.,"<p>Händelsenotiser på polisen.se och samtal från journalister hanteras i mån av tid av befälen på RLC.</p>
<p><strong>Telefonnummer till RLC-befäl</strong><br />Jämtland: 010-569 40 27<br />Norrbotten: 010-569 40 28<br />Västerbotten: 010-569 40 25<br />Västernorrland: 010-569 40 26</p>
<p>Kommunikatör i tjänst igen från klockan 07.00 i morgon.</p>",Norrbotten / Övriga Sverige,no_incident_keywords
101464,2019-01-03,Övrigt,Ingen kommunikatör i tjänst under natten.,"<p>Händelsenotiser på polisen.se och samtal från journalister hanteras i mån av tid av befälen på RLC.</p>
<p><strong>Telefonnummer till RLC-befäl</strong><br />Jämtland: 010-569 40 27<br />Norrbotten: 010-569 40 28<br />Västerbotten: 010-569 40 25<br />Västernorrland: 010-569 40 26</p>
<p>Kommunikatör i tjänst igen från klockan 07.00 i morgon.</p>",Övriga Sverige,no_incident_keywords
101463,2019-01-03,Övrigt,Ingen kommunikatör i tjänst under natten.,"<p>Händelsenotiser på polisen.se och samtal från journalister hanteras i mån av tid av befälen på RLC.</p>
<p><strong>Telefonnummer till RLC-befäl</strong><br />Jämtland: 010-569 40 27<br />Norrbotten: 010-569 40 28<br />Västerbotten: 010-569 40 25<br />Västernorrland: 010-569 40 26</p>
<p>Kommunikatör i tjänst igen från klockan 07.00 i morgon.</p>",Övriga Sverige,no_incident_keywords
101633,2019-01-04,Övrigt,Ingen kommunikatör i tjänst under natten.,"<p>Händelsenotiser på polisen.se och samtal från journalister hanteras i mån av tid av befälen på RLC.</p>
<p>Telefonnummer till RLC-befäl<br />Jämtland: 010-569 40 27<br />Norrbotten: 010-569 40 28<br />Västerbotten: 010-569 40 25<br />Västernorrland: 010-569 40 26</p>
<p>Kommunikatör i tjänst igen från klockan 07:00 i morgon.</p>",Norrbotten / Övriga Sverige,no_incident_keywords
101632,2019-01-04,Övrigt,Ingen kommunikatör i tjänst under natten.,"<p>Händelsenotiser på polisen.se och samtal från journalister hanteras i mån av tid av befälen på RLC.</p>
<p>Telefonnummer till RLC-befäl<br />Jämtland: 010-569 40 27<br />Norrbotten: 010-569 40 28<br />Västerbotten: 010-569 40 25<br />Västernorrland: 010-569 40 26</p>
<p>Kommunikatör i tjänst igen från klockan 07:00 i morgon.</p>",Övriga Sverige,no_incident_keywords
101630,2019-01-04,Övrigt,Ingen kommunikatör i tjänst under natten.,"<p>Händelsenotiser på polisen.se och samtal från journalister hanteras i mån av tid av befälen på RLC.</p>
<p>Telefonnummer till RLC-befäl<br />Jämtland: 010-569 40 27<br />Norrbotten: 010-569 40 28<br />Västerbotten: 010-569 40 25<br />Västernorrland: 010-569 40 26</p>
<p>Kommunikatör i tjänst igen från klockan 07:00 i morgon.</p>",Övriga Sverige,no_incident_keywords
101714,2019-01-05,Övrigt,"Norrbotten, ingen kommunikatör i tjänst","<p>Polisen.se/händelsenotiser och samtal från media hanteras i mån av tid av befälen på RLC. Media hänvisas att ringa 010-56 94028.</p>
<p>Kommunikatör Marie Andersson är i tjänst från söndag kl 07:00. </p>
","Norrbotten, okänd kommun",no_incident_keywords
101795,2019-01-06,Övrigt,"Norrbotten, ingen kommunikatör i tjänst","<p>Polisen.se/händelsenotiser och samtal från media hanteras i mån av tid av befälen på RLC. Media hänvisas att ringa 010-56 94028.</p>
<p>Kommunikatör Maria Linné är i tjänst från måndag kl 07:00.</p>
","Norrbotten, okänd kommun",no_incident_keywords
101962,2019-01-07,Övrigt,Ingen kommunikatör i tjänst under natten.,"<p>Händelsenotiser på polisen.se och samtal från journalister hanteras i mån av tid av befälen på RLC.</p>
<p><strong>Telefonnummer till RLC-befäl</strong><br />Jämtland: 010-569 40 27<br />Norrbotten: 010-569 40 28<br />Västerbotten: 010-569 40 25<br />Västernorrland: 010-569 40 26</p>
<p>Kommunikatör i tjänst igen från klockan 07.00 i morgon.</p>",Norrbotten / Övriga Sverige,no_incident_keywords
101960,2019-01-07,Övrigt,Ingen kommunikatör i tjänst under natten.,"<p>Händelsenotiser på polisen.se och samtal från journalister hanteras i mån av tid av befälen på RLC.</p>
<p><strong>Telefonnummer till RLC-befäl</strong><br />Jämtland: 010-569 40 27<br />Norrbotten: 010-569 40 28<br />Västerbotten: 010-569 40 25<br />Västernorrland: 010-569 40 26</p>
<p>Kommunikatör i tjänst igen från klockan 07.00 i morgon.</p>",Övriga Sverige,no_incident_keywords
101959,2019-01-07,Övrigt,Ingen kommunikatör i tjänst under natten.,"<p>Händelsenotiser på polisen.se och samtal från journalister hanteras i mån av tid av befälen på RLC.</p>
<p><strong>Telefonnummer till RLC-befäl</strong><br />Jämtland: 010-569 40 27<br />Norrbotten: 010-569 40 28<br />Västerbotten: 010-569 40 25<br />Västernorrland: 010-569 40 26</p>
<p>Kommunikatör i tjänst igen från klockan 07.00 i morgon.</p>",Övriga Sverige,no_incident_keywords
102146,2019-01-08,Övrigt,Ingen kommunikatör i tjänst under natten.,"<p>Händelsenotiser på polisen.se och samtal från journalister hanteras i mån av tid av befälen på RLC.</p>
<p>Telefonnummer till RLC-befäl<br />Jämtland: 010-569 40 27<br />Norrbotten: 010-569 40 28<br />Västerbotten: 010-569 40 25<br />Västernorrland: 010-569 40 26</p>",Övriga Sverige,no_incident_keywords
102145,2019-01-08,Övrigt,Ingen kommunikatör i tjänst under natten.,"<p>Händelsenotiser på polisen.se och samtal från journalister hanteras i mån av tid av befälen på RLC.</p>
<p>Telefonnummer till RLC-befäl<br />Jämtland: 010-569 40 27<br />Norrbotten: 010-569 40 28<br />Västerbotten: 010-569 40 25<br />Västernorrland: 010-569 40 26</p>",Norrbotten / Övriga Sverige,no_incident_keywords
102143,2019-01-08,Övrigt,Ingen kommunikatör i tjänst under natten.,"<p>Händelsenotiser på polisen.se och samtal från journalister hanteras i mån av tid av befälen på RLC.</p>
<p>Telefonnummer till RLC-befäl<br />Jämtland: 010-569 40 27<br />Norrbotten: 010-569 40 28<br />Västerbotten: 010-569 40 25<br />Västernorrland: 010-569 40 26</p>",Övriga Sverige,no_incident_keywords
102572,2019-01-11,Övrigt,"Norrbotten, ingen kommunikatör i tjänst under natten","<p>Polisen.se/händelsenotiser och samtal från media hanteras i mån av tid av befälen på RLC. Media hänvisas att ringa 010-56 94028.</p>
<p>Kommunikatör Liv Fahlén är i tjänst från lördag kl 07:00.</p>
","Norrbotten, okänd kommun",no_incident_keywords
102659,2019-01-12,Övrigt,Ingen kommunikatör i tjänst under kvällen och natten.,"<p>Polisen.se/händelsenotiser och samtal från media hanteras i mån av tid av befälen på RLC. Media hänvisas att ringa 010-569 40 28.</p>
<p>Kommunikatör i tjänst från tisdag klockan 07:00.</p>","Norrbotten, okänd kommun",no_incident_keywords
102779,2019-01-13,Övrigt,Ingen kommunikatör i tjänst under kvällen och natten.,"<p>Polisen.se/händelsenotiser och samtal från media hanteras i mån av tid av befälen på RLC. Media hänvisas att ringa 010-569 40 28.</p>
<p>Kommunikatör i tjänst från måndag klockan 07:00.</p>","Norrbotten, okänd kommun",no_incident_keywords
102932,2019-01-14,Övrigt,Ingen kommunikatör i tjänst under natten.,"<p>Polisen.se/händelsenotiser och samtal från media hanteras i mån av tid av befälen på RLC. Media hänvisas att ringa 010-569 40 28.</p>
<p>Kommunikatör i tjänst från måndag klockan 07:00.</p>","Norrbotten, okänd kommun",no_incident_keywords
103095,2019-01-15,Övrigt,Ingen kommunikatör i tjänst under natten.,"<p>Polisen.se/händelsenotiser och samtal från media hanteras i mån av tid av befälen på RLC. Media hänvisas att ringa 010-569 40 28.</p>
<p>Kommunikatör i tjänst från måndag klockan 07:00.</p>","Norrbotten, okänd kommun",no_incident_keywords
103302,2019-01-16,Övrigt,"Norrbotten, ingen kommunikatör i tjänst","<p>Polisen.se/händelsenotiser och samtal från media hanteras i mån av tid av befälen på RLC. Media hänvisas att ringa 010-56 94028.</p>
<p>Kommunikatör Liv Fahlén är i tjänst från torsdag kl 07:00.</p>","Norrbotten, okänd kommun",no_incident_keywords
103473,2019-01-17,Övrigt,"Norrbotten, ingen kommunikatör i tjänst under natten","<p>Polisen.se/händelsenotiser och samtal från media hanteras i mån av tid av befälen på RLC. Media hänvisas att ringa 010-56 94028.</p>
<p>Kommunikatör Peder Jonsson är i tjänst från fredag kl 07:00.</p>
","Norrbotten, okänd kommun",no_incident_keywords
103630,2019-01-18,Övrigt,Ingen kommunikatör i tjänst under natten.,"<p>Polisen.se/händelsenotiser och samtal från media hanteras i mån av tid av befälen på RLC. Media hänvisas att ringa 010-569 40 28.</p>
<p>Kommunikatör i tjänst från lördag klockan 07:00.</p>","Norrbotten, okänd kommun",no_incident_keywords
103720,2019-01-19,Övrigt,Ingen kommunikatör i tjänst under kvällen och natten.,"<p>Ingen kommunikatör i tjänst under kvällen och natten.</p>
<p>Händelsenotiser på polisen.se och samtal från journalister hanteras i mån av tid av befälen på RLC.</p>
<p>Telefonnummer till RLC-befäl<br />Jämtland: 010-569 40 27<br />Norrbotten: 010-569 40 28<br />Västerbotten: 010-569 40 25<br />Västernorrland: 010-569 40 26</p>
<p>Kommunikatör i tjänst igen från klockan 07:00 i morgon.</p>",Norrbotten / Övriga Sverige,no_incident_keywords
103719,2019-01-19,Övrigt,Ingen kommunikatör i tjänst under kvällen och natten.,"<p>Ingen kommunikatör i tjänst under kvällen och natten.</p>
<p>Händelsenotiser på polisen.se och samtal från journalister hanteras i mån av tid av befälen på RLC.</p>
<p>Telefonnummer till RLC-befäl<br />Jämtland: 010-569 40 27<br />Norrbotten: 010-569 40 28<br />Västerbotten: 010-569 40 25<br />Västernorrland: 010-569 40 26</p>
<p>Kommunikatör i tjänst igen från klockan 07:00 i morgon.</p>",Övriga Sverige,no_incident_keywords
103717,2019-01-19,Övrigt,Ingen kommunikatör i tjänst under kvällen och natten.,"<p>Ingen kommunikatör i tjänst under kvällen och natten.</p>
<p>Händelsenotiser på polisen.se och samtal från journalister hanteras i mån av tid av befälen på RLC.</p>
<p>Telefonnummer till RLC-befäl<br />Jämtland: 010-569 40 27<br />Norrbotten: 010-569 40 28<br />Västerbotten: 010-569 40 25<br />Västernorrland: 010-569 40 26</p>
<p>Kommunikatör i tjänst igen från klockan 07:00 i morgon.</p>",Övriga Sverige,no_incident_keywords
103807,2019-01-20,Övrigt,Ingen kommunikatör i tjänst under kvällen och natten.,"<p>Ingen kommunikatör i tjänst under kvällen och natten.</p>
<p>Händelsenotiser på polisen.se och samtal från journalister hanteras i mån av tid av befälen på RLC.</p>
<p>Telefonnummer till RLC-befäl<br />Jämtland: 010-569 40 27<br />Norrbotten: 010-569 40 28<br />Västerbotten: 010-569 40 25<br />Västernorrland: 010-569 40 26</p>
<p>Kommunikatör i tjänst igen från klockan 07:00 i morgon.</p>",Norrbotten / Övriga Sverige,no_incident_keywords
103806,2019-01-20,Övrigt,Ingen kommunikatör i tjänst under kvällen och natten.,"<p>Ingen kommunikatör i tjänst under kvällen och natten.</p>
<p>Händelsenotiser på polisen.se och samtal från journalister hanteras i mån av tid av befälen på RLC.</p>
<p>Telefonnummer till RLC-befäl<br />Jämtland: 010-569 40 27<br />Norrbotten: 010-569 40 28<br />Västerbotten: 010-569 40 25<br />Västernorrland: 010-569 40 26</p>
<p>Kommunikatör i tjänst igen från klockan 07:00 i morgon.</p>",Övriga Sverige,no_incident_keywords
103805,2019-01-20,Övrigt,Ingen kommunikatör i tjänst under kvällen och natten.,"<p>Ingen kommunikatör i tjänst under kvällen och natten.</p>
<p>Händelsenotiser på polisen.se och samtal från journalister hanteras i mån av tid av befälen på RLC.</p>
<p>Telefonnummer till RLC-befäl<br />Jämtland: 010-569 40 27<br />Norrbotten: 010-569 40 28<br />Västerbotten: 010-569 40 25<br />Västernorrland: 010-569 40 26</p>
<p>Kommunikatör i tjänst igen från klockan 07:00 i morgon.</p>",Övriga Sverige,no_incident_keywords
103985,2019-01-21,Övrigt,"Norrbotten, ingen kommunikatör i tjänst under natten","<p>Polisen.se/händelsenotiser och samtal från media hanteras i mån av tid av befälen på RLC. Media hänvisas att ringa 010-56 94028.</p>
<p>Kommunikatör Peder Jonsson är i tjänst från tisdag kl 07:00.</p>
","Norrbotten, okänd kommun",no_incident_keywords
104108,2019-01-22,Övrigt,"Norrbotten, ingen kommunikatör i tjänst under natten","<p>Polisen.se/händelsenotiser och samtal från media hanteras i mån av tid av befälen på RLC. Media hänvisas att ringa 010-56 94028.</p>
<p>Kommunikatör Maria Linné är i tjänst från onsdag kl 07:00.   </p>
","Norrbotten, okänd kommun",no_incident_keywords
104259,2019-01-23,Övrigt,Ingen kommunikatör i tjänst under natten.,"<p>Polisen.se/händelsenotiser och samtal från media hanteras i mån av tid av befälen på RLC. Media hänvisas att ringa 010-569 40 28.</p>
<p>Kommunikatör i tjänst från torsdag klockan 07:00.</p>","Norrbotten, okänd kommun",no_incident_keywords
104402,2019-01-24,Övrigt,Ingen kommunikatör i tjänst under natten.,"<p>Händelsenotiser på polisen.se och samtal från journalister hanteras i mån av tid av befälen på RLC.</p>
<p><strong>Telefonnummer till RLC-befäl</strong><br />Jämtland: 010-569 40 27<br />Norrbotten: 010-569 40 28<br />Västerbotten: 010-569 40 25<br />Västernorrland: 010-569 40 26</p>
<p>Kommunikatör i tjänst igen från klockan 07.00 i morgon.</p>",Norrbotten / Övriga Sverige,no_incident_keywords
104400,2019-01-24,Övrigt,Ingen kommunikatör i tjänst under natten.,"<p>Händelsenotiser på polisen.se och samtal från journalister hanteras i mån av tid av befälen på RLC.</p>
<p><strong>Telefonnummer till RLC-befäl</strong><br />Jämtland: 010-569 40 27<br />Norrbotten: 010-569 40 28<br />Västerbotten: 010-569 40 25<br />Västernorrland: 010-569 40 26</p>
<p>Kommunikatör i tjänst igen från klockan 07.00 i morgon.</p>",Övriga Sverige,no_incident_keywords
104399,2019-01-24,Övrigt,Ingen kommunikatör i tjänst under natten.,"<p>Händelsenotiser på polisen.se och samtal från journalister hanteras i mån av tid av befälen på RLC.</p>
<p><strong>Telefonnummer till RLC-befäl</strong><br />Jämtland: 010-569 40 27<br />Norrbotten: 010-569 40 28<br />Västerbotten: 010-569 40 25<br />Västernorrland: 010-569 40 26</p>
<p>Kommunikatör i tjänst igen från klockan 07.00 i morgon.</p>",Övriga Sverige,no_incident_keywords
104546,2019-01-25,Övrigt,Ingen kommunikatör i tjänst under natten.,"<p>Ingen kommunikatör i tjänst under natten.</p>
<p>Händelsenotiser på polisen.se och samtal från journalister hanteras i mån av tid av befälen på RLC.</p>
<p>Telefonnummer till RLC-befäl<br />Jämtland: 010-569 40 27<br />Norrbotten: 010-569 40 28<br />Västerbotten: 010-569 40 25<br />Västernorrland: 010-569 40 26</p>
<p>Kommunikatör i tjänst igen från klockan 07:00 i morgon.</p>",Norrbotten / Övriga Sverige,no_incident_keywords
104544,2019-01-25,Övrigt,Ingen kommunikatör i tjänst under natten.,"<p>Ingen kommunikatör i tjänst under natten.</p>
<p>Händelsenotiser på polisen.se och samtal från journalister hanteras i mån av tid av befälen på RLC.</p>
<p>Telefonnummer till RLC-befäl<br />Jämtland: 010-569 40 27<br />Norrbotten: 010-569 40 28<br />Västerbotten: 010-569 40 25<br />Västernorrland: 010-569 40 26</p>
<p>Kommunikatör i tjänst igen från klockan 07:00 i morgon.</p>",Övriga Sverige,no_incident_keywords
104550,2019-01-25,Övrigt,Ingen kommunikatör i tjänst under natten.,"<p>Händelsenotiser på polisen.se och samtal från journalister hanteras i mån av tid av befälen på RLC.</p>
<p>Telefonnummer till RLC-befäl<br />Jämtland: 010-569 40 27<br />Norrbotten: 010-569 40 28<br />Västerbotten: 010-569 40 25<br />Västernorrland: 010-569 40 26</p>
<p>Kommunikatör i tjänst igen från klockan 07:00 i morgon.</p>",Övriga Sverige,no_incident_keywords
104620,2019-01-26,Övrigt,Ingen kommunikatör i tjänst under kvällen/natten.,"<p>Händelsenotiser på polisen.se och samtal från journalister hanteras i mån av tid av befälen på RLC.</p>
<p>Telefonnummer till RLC-befäl<br />Jämtland: 010-569 40 27<br />Norrbotten: 010-569 40 28<br />Västerbotten: 010-569 40 25<br />Västernorrland: 010-569 40 26</p>
<p>Kommunikatör i tjänst igen från klockan 07:00 i morgon.</p>",Norrbotten / Övriga Sverige,no_incident_keywords
104615,2019-01-26,Övrigt,Ingen kommunikatör i tjänst under kvällen/natten.,"<p>Händelsenotiser på polisen.se och samtal från journalister hanteras i mån av tid av befälen på RLC.</p>
<p>Telefonnummer till RLC-befäl<br />Jämtland: 010-569 40 27<br />Norrbotten: 010-569 40 28<br />Västerbotten: 010-569 40 25<br />Västernorrland: 010-569 40 26</p>
<p>Kommunikatör i tjänst igen från klockan 07:00 i morgon.</p>",Övriga Sverige,no_incident_keywords
104614,2019-01-26,Övrigt,Ingen kommunikatör i tjänst under kvällen/natten.,"<p>Händelsenotiser på polisen.se och samtal från journalister hanteras i mån av tid av befälen på RLC.</p>
<p>Telefonnummer till RLC-befäl<br />Jämtland: 010-569 40 27<br />Norrbotten: 010-569 40 28<br />Västerbotten: 010-569 40 25<br />Västernorrland: 010-569 40 26</p>
<p>Kommunikatör i tjänst igen från klockan 07:00 i morgon.</p>",Övriga Sverige,no_incident_keywords
104729,2019-01-27,Övrigt,Ingen kommunikatör i tjänst under kvällen/natten.,"<p>Händelsenotiser på polisen.se och samtal från journalister hanteras i mån av tid av befälen på RLC.</p>
<p>Telefonnummer till RLC-befäl<br />Jämtland: 010-569 40 27<br />Norrbotten: 010-569 40 28<br />Västerbotten: 010-569 40 25<br />Västernorrland: 010-569 40 26</p>
<p>Kommunikatör i tjänst igen från klockan 07:00 i morgon.</p>",Övriga Sverige,no_incident_keywords
104727,2019-01-27,Övrigt,Ingen kommunikatör i tjänst under kvällen/natten.,"<p>Händelsenotiser på polisen.se och samtal från journalister hanteras i mån av tid av befälen på RLC.</p>
<p>Telefonnummer till RLC-befäl<br />Jämtland: 010-569 40 27<br />Norrbotten: 010-569 40 28<br />Västerbotten: 010-569 40 25<br />Västernorrland: 010-569 40 26</p>
<p>Kommunikatör i tjänst igen från klockan 07:00 i morgon.</p>",Övriga Sverige,no_incident_keywords
104726,2019-01-27,Övrigt,Ingen kommunikatör i tjänst under kvällen/natten.,"<p>Händelsenotiser på polisen.se och samtal från journalister hanteras i mån av tid av befälen på RLC.</p>
<p>Telefonnummer till RLC-befäl<br />Jämtland: 010-569 40 27<br />Norrbotten: 010-569 40 28<br />Västerbotten: 010-569 40 25<br />Västernorrland: 010-569 40 26</p>
<p>Kommunikatör i tjänst igen från klockan 07:00 i morgon.</p>",Norrbotten / Övriga Sverige,no_incident_keywords
104837,2019-01-28,Övrigt,Ingen kommunikatör i tjänst under kvällen och natten.,"<p>Ingen kommunikatör i tjänst under kvällen och natten.</p>
<p>Händelsenotiser på polisen.se och samtal från journalister hanteras i mån av tid av befälen på RLC.</p>
<p>Telefonnummer till RLC-befäl<br />Jämtland: 010-569 40 27<br />Norrbotten: 010-569 40 28<br />Västerbotten: 010-569 40 25<br />Västernorrland: 010-569 40 26</p>
<p>Kommunikatör i tjänst igen från klockan 07:00 i morgon.</p>",Övriga Sverige,no_incident_keywords
104836,2019-01-28,Övrigt,Ingen kommunikatör i tjänst under kvällen och natten.,"<p>Ingen kommunikatör i tjänst under kvällen och natten.</p>
<p>Händelsenotiser på polisen.se och samtal från journalister hanteras i mån av tid av befälen på RLC.</p>
<p>Telefonnummer till RLC-befäl<br />Jämtland: 010-569 40 27<br />Norrbotten: 010-569 40 28<br />Västerbotten: 010-569 40 25<br />Västernorrland: 010-569 40 26</p>
<p>Kommunikatör i tjänst igen från klockan 07:00 i morgon.</p>",Övriga Sverige,no_incident_keywords
104834,2019-01-28,Övrigt,Ingen kommunikatör i tjänst under kvällen och natten.,"<p>Ingen kommunikatör i tjänst under kvällen och natten.</p>
<p>Händelsenotiser på polisen.se och samtal från journalister hanteras i mån av tid av befälen på RLC.</p>
<p>Telefonnummer till RLC-befäl<br />Jämtland: 010-569 40 27<br />Norrbotten: 010-569 40 28<br />Västerbotten: 010-569 40 25<br />Västernorrland: 010-569 40 26</p>
<p>Kommunikatör i tjänst igen från klockan 07:00 i morgon.</p>",Norrbotten / Övriga Sverige,no_incident_keywords
105006,2019-01-29,Övrigt,"Norrbotten, ingen kommunikatör i tjänst","<p>Polisen.se/händelsenotiser och samtal från media hanteras i mån av tid av befälen på RLC. Media hänvisas att ringa 010-56 94028.</p>
<p>Kommunikatör Peder Jonsson är i tjänst från onsdag kl 07:00.</p>","Norrbotten, okänd kommun",no_incident_keywords
105671,2019-02-02,Övrigt,"Norrbotten, ingen kommunikatör i tjänst","<p>Polisen.se/händelsenotiser och samtal från media hanteras i mån av tid av befälen på RLC. Media hänvisas att ringa 010-56 94028.</p>
<p>Kommunikatör Marie Andersson är i tjänst från söndag kl 07:00.</p>
","Norrbotten, okänd kommun",no_incident_keywords
105781,2019-02-03,Övrigt,"Norrbotten, ingen kommunikatör i tjänst","<p>Polisen.se/händelsenotiser och samtal från media hanteras i mån av tid av befälen på RLC. Media hänvisas att ringa 010-56 94028.</p>
<p>Kommunikatör Liv Fahlén är i tjänst från måndag kl 07:00.</p>
","Norrbotten, okänd kommun",no_incident_keywords
106663,2019-02-08,Övrigt,"Norrbotten, ingen kommunikatör i tjänst under natten","<p>Polisen.se/händelsenotiser och samtal från media hanteras i mån av tid av befälen på RLC. Media hänvisas att ringa 010-56 94028.</p>
<p>Kommunikatör Liv Fahlén är i tjänst från lördag kl 07:00.   </p>
","Norrbotten, okänd kommun",no_incident_keywords
107489,2019-02-14,Övrigt,"Norrbotten, ingen kommunikatör i tjänst under natten","<p>Polisen.se/händelsenotiser och samtal från media hanteras i mån av tid av befälen på RLC. Media hänvisas att ringa 010-56 94028.</p>
<p>Kommunikatör Peder Jonsson är i tjänst från fredag kl 07:00.  </p>
","Norrbotten, okänd kommun",no_incident_keywords
107958,2019-02-18,Övrigt,"Norrbotten, ingen kommunikatör i tjänst under natten","<p>Polisen.se/händelsenotiser och samtal från media hanteras i mån av tid av befälen på RLC. Media hänvisas att ringa 010-56 94028.</p>
<p>Kommunikatör Marie Andersson är i tjänst från tisdag kl 07:00.</p>","Norrbotten, okänd kommun",no_incident_keywords
108045,2019-02-19,Övrigt,"Norrbotten, ingen kommunikatör i tjänst","<p>Polisen.se/händelsenotiser och samtal från media hanteras i mån av tid av befälen på RLC. Media hänvisas att ringa 010-56 94028.</p>
<p>Kommunikatör Maria Linné är i tjänst från onsdag kl 07:00.</p>
","Norrbotten, okänd kommun",no_incident_keywords
108268,2019-02-20,Övrigt,Ingen kommunikatör i tjänst under natten.,"<p>Polisen.se/händelsenotiser och samtal från media hanteras i mån av tid av befälen på RLC. Media hänvisas att ringa 010-569 40 28.</p>
<p>Kommunikatör i tjänst från torsdag klockan 07:00.</p>","Norrbotten, okänd kommun",no_incident_keywords
108411,2019-02-21,Övrigt,Ingen kommunikatör i tjänst under natten.,"<p>Polisen.se/händelsenotiser och samtal från media hanteras i mån av tid av befälen på RLC. Media hänvisas att ringa 010-569 40 28.</p>
<p>Kommunikatör i tjänst från fredag klockan 07:00.</p>
","Norrbotten, okänd kommun",no_incident_keywords
108564,2019-02-22,Övrigt,Ingen kommunikatör i tjänst under natten.,"<p>Händelsenotiser på polisen.se och samtal från journalister hanteras i mån av tid av befälen på RLC.</p>
<p>Telefonnummer till RLC-befäl<br />Jämtland: 010-569 40 27<br />Norrbotten: 010-569 40 28<br />Västerbotten: 010-569 40 25<br />Västernorrland: 010-569 40 26</p>
<p>Kommunikatör i tjänst igen från klockan 07:00 i morgon.</p>",Norrbotten / Övriga Sverige,no_incident_keywords
108562,2019-02-22,Övrigt,Ingen kommunikatör i tjänst under natten.,"<p>Händelsenotiser på polisen.se och samtal från journalister hanteras i mån av tid av befälen på RLC.</p>
<p>Telefonnummer till RLC-befäl<br />Jämtland: 010-569 40 27<br />Norrbotten: 010-569 40 28<br />Västerbotten: 010-569 40 25<br />Västernorrland: 010-569 40 26</p>
<p>Kommunikatör i tjänst igen från klockan 07:00 i morgon.</p>

",Övriga Sverige,no_incident_keywords
108561,2019-02-22,Övrigt,Ingen kommunikatör i tjänst under natten.,"<p>Händelsenotiser på polisen.se och samtal från journalister hanteras i mån av tid av befälen på RLC.</p>
<p>Telefonnummer till RLC-befäl<br />Jämtland: 010-569 40 27<br />Norrbotten: 010-569 40 28<br />Västerbotten: 010-569 40 25<br />Västernorrland: 010-569 40 26</p>
<p>Kommunikatör i tjänst igen från klockan 07:00 i morgon.</p>",Övriga Sverige,no_incident_keywords
108900,2019-02-25,Övrigt,Ingen kommunikatör i tjänst under natten.,"<p>Polisen.se/händelsenotiser och samtal från media hanteras i mån av tid av befälen på RLC. Media hänvisas att ringa 010-569 40 28.</p>
<p>Kommunikatör i tjänst från tisdag klockan 07:00.</p>","Norrbotten, okänd kommun",no_incident_keywords
109087,2019-02-26,Övrigt,Ingen kommunikatör i tjänst under natten.,"<p>Polisen.se/händelsenotiser och samtal från media hanteras i mån av tid av befälen på RLC. Media hänvisas att ringa 010-569 40 28.</p>
<p>Kommunikatör i tjänst från onsdag klockan 07:00.</p>","Norrbotten, okänd kommun",no_incident_keywords
109408,2019-02-28,Övrigt,Ingen kommunikatör i tjänst under natten.,"<p>Händelsenotiser på polisen.se och samtal från journalister hanteras i mån av tid av befälen på RLC.</p>
<p>Telefonnummer till RLC-befäl<br />Jämtland: 010-569 40 27<br />Norrbotten: 010-569 40 28<br />Västerbotten: 010-569 40 25<br />Västernorrland: 010-569 40 26</p>
<p>Kommunikatör i tjänst igen från klockan 07:00 i morgon.</p>",Norrbotten / Övriga Sverige,no_incident_keywords
109406,2019-02-28,Övrigt,Ingen kommunikatör i tjänst under natten.,"<p>Händelsenotiser på polisen.se och samtal från journalister hanteras i mån av tid av befälen på RLC.</p>
<p>Telefonnummer till RLC-befäl<br />Jämtland: 010-569 40 27<br />Norrbotten: 010-569 40 28<br />Västerbotten: 010-569 40 25<br />Västernorrland: 010-569 40 26</p>
<p>Kommunikatör i tjänst igen från klockan 07:00 i morgon.</p>",Övriga Sverige,no_incident_keywords
109405,2019-02-28,Övrigt,Ingen kommunikatör i tjänst under natten.,"<p>Händelsenotiser på polisen.se och samtal från journalister hanteras i mån av tid av befälen på RLC.</p>
<p>Telefonnummer till RLC-befäl<br />Jämtland: 010-569 40 27<br />Norrbotten: 010-569 40 28<br />Västerbotten: 010-569 40 25<br />Västernorrland: 010-569 40 26</p>
<p>Kommunikatör i tjänst igen från klockan 07:00 i morgon.</p>",Övriga Sverige,no_incident_keywords
109648,2019-03-02,Övrigt,"Norrbotten, ingen kommunikatör i tjänst","<p>Polisen.se/händelsenotiser och samtal från media hanteras i mån av tid av befälen på RLC. Media hänvisas att ringa 010-569 40 28.</p>
<p>Kommunikatör Marie Andersson är i tjänst från söndag kl 07:00.</p>","Norrbotten, okänd kommun",no_incident_keywords
109750,2019-03-03,Övrigt,"Norrbotten, ingen kommunikatör i tjänst","<p>Händelsenotiser på polisen.se och samtal från journalister hanteras i mån av tid av befälen på RLC.</p>
<p>Telefonnummer till RLC-befäl</p>
<p>Jämtland: 010-569 40 27</p>
<p>Norrbotten: 010-569 40 28</p>
<p>Västerbotten: 010-569 40 25</p>
<p>Västernorrland: 010-569 40 26</p>

<p>Kommunikatör Liv Fahlén är i tjänst från klockan 07:00 i morgon.</p>",Norrbotten / Övriga Sverige,no_incident_keywords
110632,2019-03-09,Övrigt,Ingen kommunikatör i tjänst under kvällen och natten.,"<p>Polisen.se/händelsenotiser och samtal från media hanteras i mån av tid av befälen på RLC. Media hänvisas att ringa 010-569 40 28.</p>
<p>Kommunikatör i tjänst från söndag klockan 07:00.</p>","Norrbotten, okänd kommun",no_incident_keywords
110733,2019-03-10,Övrigt,Ingen kommunikatör i tjänst under kvällen och natten.,"<p>Polisen.se/händelsenotiser och samtal från media hanteras i mån av tid av befälen på RLC. Media hänvisas att ringa 010-569 40 28.</p>
<p>Kommunikatör i tjänst från måndag klockan 07:00.</p>","Norrbotten, okänd kommun",no_incident_keywords
110897,2019-03-11,Övrigt,Ingen kommunikatör i tjänst under natten.,"<p>Polisen.se/händelsenotiser och samtal från media hanteras i mån av tid av befälen på RLC. Media hänvisas att ringa 010-569 40 28.</p>
<p>Kommunikatör i tjänst från tisdag klockan 07:00.</p>","Norrbotten, okänd kommun",no_incident_keywords
111257,2019-03-13,Övrigt,"Norrbotten, ingen kommunikatör i tjänst under natten","<p>Polisen.se/händelsenotiser och samtal från media hanteras i mån av tid av befälen på RLC. Media hänvisas att ringa 010-569 40 28. </p>
<p>Kommunikatör Liv Fahlén är i tjänst från torsdag kl 07:00.</p>","Norrbotten, okänd kommun",no_incident_keywords
111304,2019-03-14,Övrigt,Ingen kommunikatör i tjänst.,"<p>Polisen.se/händelsenotiser och samtal från media hanteras i mån av tid av befälen på RLC. Media hänvisas att ringa 010-569 40 28.</p>
<p>Kommunikatör i tjänst vid 16-tiden i eftermiddag.</p>","Norrbotten, okänd kommun",no_incident_keywords
111376,2019-03-14,Övrigt,"Norrbotten, ingen kommunikatör i tjänst under natten","<p>Polisen.se/händelsenotiser och samtal från media hanteras i mån av tid av befälen på RLC. Media hänvisas att ringa 010-569 40 28. </p>
<p>Kommunikatör Peder Jonsson är i tjänst från fredag kl 07:00.</p>","Norrbotten, okänd kommun",no_incident_keywords
111519,2019-03-15,Övrigt,Ingen kommunikatör i tjänst under natten.,"<p>Polisen.se/händelsenotiser och samtal från media hanteras i mån av tid av befälen på RLC. Media hänvisas att ringa 010-569 40 28.</p>
<p>Kommunikatör i tjänst från lördag klockan 07:00.</p>","Norrbotten, okänd kommun",no_incident_keywords
111852,2019-03-18,Övrigt,"Norrbotten, ingen kommunikatör i tjänst under natten","<p>Polisen.se/händelsenotiser och samtal från media hanteras i mån av tid av befälen på RLC. Media hänvisas att ringa 010-569 40 28. </p>
<p>Kommunikatör Marie Andersson är i tjänst från tisdag kl 07:00.</p>","Norrbotten, okänd kommun",no_incident_keywords
111943,2019-03-19,Övrigt,"Norrbotten, ingen kommunikatör i tjänst","<p>Polisen.se/händelsenotiser och samtal från media hanteras i mån av tid av befälen på RLC. Media hänvisas att ringa 010-569 40 28.</p>
<p>Kommunikatör i tjänst från kl 07:00 onsdag.</p>","Norrbotten, okänd kommun",no_incident_keywords
112140,2019-03-20,Övrigt,Ingen kommunikatör i tjänst under natten.,"<p>Polisen.se/händelsenotiser och samtal från media hanteras i mån av tid av befälen på RLC. Media hänvisas att ringa 010-569 40 28.</p>
<p>Kommunikatör i tjänst från torsdag klockan 07:00.</p>","Norrbotten, okänd kommun",no_incident_keywords
112280,2019-03-21,Övrigt,Ingen kommunikatör i tjänst under natten.,"<p>Polisen.se/händelsenotiser och samtal från media hanteras i mån av tid av befälen på RLC. Media hänvisas att ringa 010-569 40 28.</p>
<p>Kommunikatör i tjänst från fredag klockan 07:00.</p>","Norrbotten, okänd kommun",no_incident_keywords
113403,2019-03-30,Övrigt,"Norrbotten, ingen kommunikatör i tjänst","<p>Polisen.se/händelsenotiser och samtal från media hanteras i mån av tid av befälen på RLC. Media hänvisas att ringa 010-569 40 28. </p>
<p>Kommunikatör Marie Andersson är i tjänst från söndag kl 07:00.</p>","Norrbotten, okänd kommun",no_incident_keywords
113509,2019-03-31,Övrigt,"Norrbotten, ingen kommunikatör i tjänst","<p>Polisen.se/händelsenotiser och samtal från media hanteras i mån av tid av befälen på RLC. Media hänvisas att ringa 010-569 40 28.</p>
<p>Kommunikatör Liv Fahlén är i tjänst från måndag kl 07:00.</p>","Norrbotten, okänd kommun",no_incident_keywords
114298,2019-04-05,Övrigt,"Norrbotten, ingen kommunikatör i tjänst under natten","<p>Polisen.se/händelsenotiser och samtal från media hanteras i mån av tid av befälen på RLC. Media hänvisas att ringa 010-569 40 28. </p>
<p>Kommunikatör Liv Fahlén är i tjänst från lördag kl 07:00.</p>","Norrbotten, okänd kommun",no_incident_keywords
114389,2019-04-06,Övrigt,Ingen kommunikatör i tjänst under kvällen och natten.,"<p>Polisen.se/händelsenotiser och samtal från media hanteras i mån av tid av befälen på RLC. Media hänvisas att ringa 010-569 40 28.</p>
<p>Kommunikatör i tjänst från söndag klockan 07:00.</p>","Norrbotten, okänd kommun",no_incident_keywords
114494,2019-04-07,Övrigt,Ingen kommunikatör i tjänst under kvällen och natten.,"<p>Polisen.se/händelsenotiser och samtal från media hanteras i mån av tid av befälen på RLC. Media hänvisas att ringa 010-569 40 28.</p>
<p>Kommunikatör i tjänst från måndag klockan 07:00.</p>","Norrbotten, okänd kommun",no_incident_keywords
115108,2019-04-11,Övrigt,"Norrbotten, ingen kommunikatör i tjänst under natten","<p>Polisen.se/händelsenotiser och samtal från media hanteras i mån av tid av befälen på RLC. Media hänvisas att ringa 010-569 40 28.</p>
<p>Kommunikatör Liv Fahlén är i tjänst från fredag kl 07:00.</p>","Norrbotten, okänd kommun",no_incident_keywords
115279,2019-04-12,Övrigt,"Norrbotten, ingen kommunikatör i tjänst under natten","<p>Polisen.se/händelsenotiser och samtal från media hanteras i mån av tid av befälen på RLC. Media hänvisas att ringa 010-569 40 28. </p>
<p>Kommunikatör Maria Linné är i tjänst från lördag kl 07:00. </p>","Norrbotten, okänd kommun",no_incident_keywords
115606,2019-04-15,Övrigt,"Norrbotten, ingen kommunikatör i tjänst under natten","<p>Polisen.se/händelsenotiser och samtal från media hanteras i mån av tid av befälen på RLC. Media hänvisas att ringa 010-569 40 28. </p>
<p>Kommunikatör Peder Jonsson är i tjänst från tisdag kl 07:00.</p>","Norrbotten, okänd kommun",no_incident_keywords
115733,2019-04-16,Övrigt,"Norrbotten, ingen kommunikatör i tjänst under natten","<p>Polisen.se/händelsenotiser och samtal från media hanteras i mån av tid av befälen på RLC. Media hänvisas att ringa 010-569 40 28. </p>
<p>Kommunikatör Marie Andersson är i tjänst från onsdag kl 07:00.</p>","Norrbotten, okänd kommun",no_incident_keywords
115902,2019-04-17,Övrigt,Ingen kommunikatör i tjänst under natten.,"<p>Polisen.se/händelsenotiser och samtal från media hanteras i mån av tid av befälen på RLC. Media hänvisas att ringa 010-569 40 28.</p>
<p>Kommunikatör i tjänst från torsdag klockan 07:00.</p>","Norrbotten, okänd kommun",no_incident_keywords
116106,2019-04-18,Övrigt,Ingen kommunikatör i tjänst under natten.,"<p>Polisen.se/händelsenotiser och samtal från media hanteras i mån av tid av befälen på RLC. Media hänvisas att ringa 010-569 40 28.</p>
<p>Kommunikatör i tjänst från fredag klockan 07:00.</p>","Norrbotten, okänd kommun",no_incident_keywords
116211,2019-04-19,Övrigt,"Norrbotten, ingen kommunikatör i tjänst","<p>Polisen.se/händelsenotiser och samtal från media hanteras i mån av tid av befälen på RLC. Media hänvisas att ringa 010-569 40 28.</p>
<p>Kommunikatör Marie Andersson är i tjänst från lördag kl 07:00.</p>","Norrbotten, okänd kommun",no_incident_keywords
116306,2019-04-20,Övrigt,"Norrbotten, ingen kommunikatör i tjänst","<p>Polisen.se/händelsenotiser och samtal från media hanteras i mån av tid av befälen på RLC. Media hänvisas att ringa 010-569 40 28. </p>
<p>Kommunikatör Marie Andersson är i tjänst från söndag kl 07:00.</p>","Norrbotten, okänd kommun",no_incident_keywords
116391,2019-04-21,Övrigt,"Norrbotten, ingen kommunikatör i tjänst","<p>Polisen.se/händelsenotiser och samtal från media hanteras i mån av tid av befälen på RLC. Media hänvisas att ringa 010-569 40 28. </p>
<p>Kommunikatör Liv Fahlén är i tjänst från måndag kl 07:00.   </p>","Norrbotten, okänd kommun",no_incident_keywords
116481,2019-04-22,Övrigt,Ingen kommunikatör i tjänst under kvällen och natten.,"<p>Polisen.se/händelsenotiser och samtal från media hanteras i mån av tid av befälen på RLC. Media hänvisas att ringa 010-569 40 28.</p>
<p>Kommunikatör i tjänst från tisdag klockan 07:00.</p>","Norrbotten, okänd kommun",no_incident_keywords
116672,2019-04-23,Övrigt,Ingen kommunikatör i tjänst under natten.,"<p>Polisen.se/händelsenotiser och samtal från media hanteras i mån av tid av befälen på RLC. Media hänvisas att ringa 010-569 40 28.</p>
<p>Kommunikatör i tjänst från onsdag klockan 07:00.</p>","Norrbotten, okänd kommun",no_incident_keywords
117968,2019-05-04,Övrigt,Ingen kommunikatör i tjänst under kvällen och natten.,"<p>Polisen.se/händelsenotiser och samtal från media hanteras i mån av tid av befälen på RLC. Media hänvisas att ringa 010-569 40 28.</p>
<p>Kommunikatör i tjänst från söndag klockan 07:00.</p>","Norrbotten, okänd kommun",no_incident_keywords
118055,2019-05-05,Övrigt,Ingen kommunikatör i tjänst under kvällen och natten.,"<p>Polisen.se/händelsenotiser och samtal från media hanteras i mån av tid av befälen på RLC. Media hänvisas att ringa 010-569 40 28.</p>
<p>Kommunikatör i tjänst från måndag klockan 07:00.</p>","Norrbotten, okänd kommun",no_incident_keywords
118745,2019-05-10,Övrigt,Ingen kommunikatör i tjänst under natten.,"<p>Polisen.se/händelsenotiser och samtal från media hanteras i mån av tid av befälen på RLC. Media hänvisas att ringa 010-569 40 28.</p>
<p>Kommunikatör i tjänst från lördag klockan 07:00.</p>","Norrbotten, okänd kommun",no_incident_keywords
119433,2019-05-15,Övrigt,Ingen kommunikatör i tjänst under natten.,"<p>Polisen.se/händelsenotiser och samtal från media hanteras i mån av tid av befälen på RLC. Media hänvisas att ringa 010-569 40 28.</p>
<p>Kommunikatör i tjänst från torsdag klockan 07:00.</p>","Norrbotten, okänd kommun",no_incident_keywords
119577,2019-05-16,Övrigt,Ingen kommunikatör i tjänst under natten.,"<p>Polisen.se/händelsenotiser och samtal från media hanteras i mån av tid av befälen på RLC. Media hänvisas att ringa 010-569 40 28.</p>
<p>Kommunikatör i tjänst från fredag klockan 07:00.</p>","Norrbotten, okänd kommun",no_incident_keywords
121352,2019-05-30,Övrigt,"Norrbotten, ingen kommunikatör i tjänst","<p>Händelsenotiser på polisen.se och samtal från journalister hanteras i mån av tid av befälen på regionledningscentralen (RLC).</p>
<p>Telefonnummer till RLC-befäl</p>
<p>Jämtland: 010-569 40 27</p>
<p>Norrbotten: 010-569 40 28</p>
<p>Västerbotten: 010-569 40 25</p>
<p>Västernorrland: 010-569 40 26</p>
<p>Kommunikatör i tjänst igen från klockan 07:00 i morgon.</p>",Norrbotten / Övriga Sverige,no_incident_keywords
122225,2019-06-06,Övrigt,Ingen kommunikatör i tjänst under kvällen och natten.,"<p>Polisen.se/händelsenotiser och samtal från media hanteras i mån av tid av befälen på RLC. Media hänvisas att ringa 010-569 40 28.</p>
<p>Kommunikatör i tjänst från fredag klockan 07:00.</p>","Norrbotten, okänd kommun",no_incident_keywords
122391,2019-06-07,Övrigt,Ingen kommunikatör i tjänst under natten.,"<p>Polisen.se/händelsenotiser och samtal från media hanteras i mån av tid av befälen på RLC. Media hänvisas att ringa 010-569 40 28.</p>
<p>Kommunikatör i tjänst från lördag klockan 07:00.</p>","Norrbotten, okänd kommun",no_incident_keywords
122743,2019-06-10,Övrigt,Ingen kommunikatör i tjänst under natten.,"<p>Polisen.se/händelsenotiser och samtal från media hanteras i mån av tid av befälen på RLC. Media hänvisas att ringa 010-569 40 28.</p>
<p>Kommunikatör i tjänst från tisdag klockan 07:00.</p>","Norrbotten, okänd kommun",no_incident_keywords
122854,2019-06-11,Övrigt,Ingen kommunikatör i tjänst under kvällen och natten.,"<p>Polisen.se/händelsenotiser och samtal från media hanteras i mån av tid av befälen på RLC. Media hänvisas att ringa 010-569 40 28.</p>
<p>Kommunikatör i tjänst från onsdag klockan 07:00.</p>","Norrbotten, okänd kommun",no_incident_keywords
123112,2019-06-13,Övrigt,Ingen kommunikatör i tjänst under kvällen och natten.,"<p>Polisen.se/händelsenotiser och samtal från media hanteras i mån av tid av befälen på RLC. Media hänvisas att ringa 010-569 40 28.</p>
<p>Kommunikatör i tjänst från fredag klockan 07:00.</p>","Norrbotten, okänd kommun",no_incident_keywords
123270,2019-06-14,Övrigt,Ingen kommunikatör i tjänst under natten.,"<p>Polisen.se/händelsenotiser och samtal från media hanteras i mån av tid av befälen på RLC. Media hänvisas att ringa 010-569 40 28.</p>
<p>Kommunikatör i tjänst från lördag klockan 07:00.</p>
","Norrbotten, okänd kommun",no_incident_keywords
123572,2019-06-17,Övrigt,Ingen kommunikatör i tjänst under kvällen och natten.,"<p>Polisen.se/händelsenotiser och samtal från media hanteras i mån av tid av befälen på RLC. Media hänvisas att ringa 010-569 40 28.</p>
<p>Kommunikatör i tjänst från tisdag klockan 07:00.</p>","Norrbotten, okänd kommun",no_incident_keywords
123696,2019-06-18,Övrigt,Ingen kommunikatör i tjänst under kvällen och natten.,"<p>Polisen.se/händelsenotiser och samtal från media hanteras i mån av tid av befälen på RLC. Media hänvisas att ringa 010-569 40 28.</p>
<p>Kommunikatör i tjänst från onsdag klockan 07:00.</p>","Norrbotten, okänd kommun",no_incident_keywords
124044,2019-06-21,Övrigt,Ingen kommunikatör i tjänst under kvällen och natten.,"<p>Polisen.se/händelsenotiser och samtal från media hanteras i mån av tid av befälen på RLC. Media hänvisas att ringa 010-569 40 28.</p>
<p>Kommunikatör i tjänst från lördag klockan 07:00.</p>","Norrbotten, okänd kommun",no_incident_keywords
124138,2019-06-22,Övrigt,Ingen kommunikatör i tjänst under kvällen och natten.,"<p>Polisen.se/händelsenotiser och samtal från media hanteras i mån av tid av befälen på RLC. Media hänvisas att ringa 010-569 40 28.</p>
<p>Kommunikatör i tjänst från söndag klockan 07:00.</p>","Norrbotten, okänd kommun",no_incident_keywords
124232,2019-06-23,Övrigt,Ingen kommunikatör i tjänst under kvällen och natten.,"<p>Polisen.se/händelsenotiser och samtal från media hanteras i mån av tid av befälen på RLC. Media hänvisas att ringa 010-569 40 28.</p>
<p>Kommunikatör i tjänst från måndag klockan 07:00.</p>","Norrbotten, okänd kommun",no_incident_keywords
124534,2019-06-26,Övrigt,Ingen kommunikatör i tjänst under kvällen och natten.,"<p>Polisen.se/händelsenotiser och samtal från media hanteras i mån av tid av befälen på RLC. Media hänvisas att ringa 010-569 40 28.</p>
<p>Kommunikatör i tjänst från torsdag klockan 07:00.</p>","Norrbotten, okänd kommun",no_incident_keywords
124640,2019-06-27,Övrigt,Ingen kommunikatör i tjänst under kvällen och natten.,"<p>Polisen.se/händelsenotiser och samtal från media hanteras i mån av tid av befälen på RLC. Media hänvisas att ringa 010-569 40 28.</p>
<p>Kommunikatör i tjänst från fredag klockan 07:00.</p>","Norrbotten, okänd kommun",no_incident_keywords
124801,2019-06-28,Övrigt,Ingen kommunikatör i tjänst under natten.,"<p>Polisen.se/händelsenotiser och samtal från media hanteras i mån av tid av befälen på RLC. Media hänvisas att ringa 010-569 40 28.</p>
<p>Kommunikatör i tjänst från lördag klockan 07:00.</p>","Norrbotten, okänd kommun",no_incident_keywords
124984,2019-07-01,Övrigt,Ingen kommunikatör i tjänst under kvällen och natten.,"<p>Polisen.se/händelsenotiser och samtal från media hanteras i mån av tid av befälen på RLC. Media hänvisas att ringa 010-569 40 28.</p>
<p>Kommunikatör i tjänst från tisdag klockan 07:00.</p>","Norrbotten, okänd kommun",no_incident_keywords
125089,2019-07-02,Övrigt,Ingen kommunikatör i tjänst under kvällen och natten.,"<p>Polisen.se/händelsenotiser och samtal från media hanteras i mån av tid av befälen på RLC. Media hänvisas att ringa 010-569 40 28.</p>
<p>Kommunikatör i tjänst från onsdag klockan 07:00.</p>","Norrbotten, okänd kommun",no_incident_keywords
125547,2019-07-06,Övrigt,Ingen kommunikatör i tjänst under kvällen och natten.,"<p>Polisen.se/händelsenotiser och samtal från media hanteras i mån av tid av befälen på RLC. Media hänvisas att ringa 010-569 40 28.</p>
<p>Kommunikatör i tjänst från söndag klockan 07:00.</p>","Norrbotten, okänd kommun",no_incident_keywords
125627,2019-07-07,Övrigt,Ingen kommunikatör i tjänst under kvällen och natten.,"<p>Polisen.se/händelsenotiser och samtal från media hanteras i mån av tid av befälen på RLC. Media hänvisas att ringa 010-569 40 28.</p>
<p>Kommunikatör i tjänst från måndag klockan 07:00.</p>","Norrbotten, okänd kommun",no_incident_keywords
125882,2019-07-10,Övrigt,Ingen kommunikatör i tjänst under kvällen och natten.,"<p>Polisen.se/händelsenotiser och samtal från media hanteras i mån av tid av befälen på RLC. Media hänvisas att ringa 010-569 40 28.</p>
<p>Kommunikatör i tjänst från torsdag klockan 07:00.</p>","Norrbotten, okänd kommun",no_incident_keywords
125989,2019-07-11,Övrigt,Ingen kommunikatör i tjänst under kvällen och natten.,"<p>Polisen.se/händelsenotiser och samtal från media hanteras i mån av tid av befälen på RLC. Media hänvisas att ringa 010-569 40 28.</p>
<p>Kommunikatör i tjänst från fredag klockan 07:00.</p>","Norrbotten, okänd kommun",no_incident_keywords
126123,2019-07-12,Övrigt,Ingen kommunikatör i tjänst under natten.,"<p>Polisen.se/händelsenotiser och samtal från media hanteras i mån av tid av befälen på RLC. Media hänvisas att ringa 010-569 40 28.</p>
<p>Kommunikatör i tjänst från lördag klockan 07:00.</p>","Norrbotten, okänd kommun",no_incident_keywords
126303,2019-07-15,Övrigt,Ingen kommunikatör i tjänst under kvällen/ natten.,<p>Ingen kommunikatör i tjänst.  Polisen.se/händelsenotiser och samtal från media hanteras i mån av tid av befälen på RLC. Media hänvisas att ringa 010-569 40 28.</p>,"Norrbotten, okänd kommun",no_incident_keywords
126403,2019-07-16,Övrigt,Ingen kommunikatör i tjänst.,<p>Ingen kommunikatör i tjänst.  Polisen.se/händelsenotiser och samtal från media hanteras i mån av tid av befälen på RLC. Media hänvisas att ringa 010-569 40 28.</p>,"Norrbotten, okänd kommun",no_incident_keywords
126502,2019-07-17,Övrigt,"Norrbotten, ingen kommunikatör i tjänst","<p>Händelsenotiser på polisen.se och samtal från journalister hanteras i mån av tid av befälen på regionledningscentralen (RLC).</p>
<p>Telefonnummer till RLC-befäl</p>
<p>Jämtland: 010-569 40 27</p>
<p>Norrbotten: 010-569 40 28</p>
<p>Västerbotten: 010-569 40 25</p>
<p>Västernorrland: 010-569 40 26</p>
<p>Kommunikatör Marie Andersson är i tjänst igen från klockan 07:00 i morgon.</p>",Norrbotten / Övriga Sverige,no_incident_keywords
126589,2019-07-18,Övrigt,"Norrbotten, ingen kommunikatör i tjänst","<p>Händelsenotiser på polisen.se och samtal från journalister hanteras i mån av tid av befälen på regionledningscentralen (RLC).</p>
<p>Telefonnummer till RLC-befäl</p>
<p>Jämtland: 010-569 40 27</p>
<p>Norrbotten: 010-569 40 28</p>
<p>Västerbotten: 010-569 40 25</p>
<p>Västernorrland: 010-569 40 26</p>
<p>Kommunikatör Marie Andersson är i tjänst igen från klockan 07:00 i morgon.</p>",Norrbotten / Övriga Sverige,no_incident_keywords
126703,2019-07-19,Övrigt,"Norrbotten, ingen kommunikatör i tjänst","<p>Händelsenotiser på polisen.se och samtal från journalister hanteras i mån av tid av befälen på regionledningscentralen (RLC).</p>
<p>Telefonnummer till RLC-befäl</p>
<p>Jämtland: 010-569 40 27</p>
<p>Norrbotten: 010-569 40 28</p>
<p>Västerbotten: 010-569 40 25</p>
<p>Västernorrland: 010-569 40 26</p>
<p>Kommunikatör är i tjänst igen från klockan 07:00 i morgon.</p>",Norrbotten / Övriga Sverige,no_incident_keywords
126801,2019-07-20,Övrigt,Ingen kommunikatör i tjänst under kvällen och natten.,"<p>Händelsenotiser på polisen.se och samtal från journalister hanteras i mån av tid av befälen på RLC.</p>
<p><strong>Telefonnummer till RLC-befäl</strong><br />Jämtland: 010-569 40 27<br />Norrbotten: 010-569 40 28<br />Västerbotten: 010-569 40 25<br />Västernorrland: 010-569 40 26</p>
<p>Kommunikatör i tjänst igen från klockan 07.00 i morgon.</p>",Norrbotten / Övriga Sverige,no_incident_keywords
126800,2019-07-20,Övrigt,Ingen kommunikatör i tjänst under kvällen och natten.,"<p>Händelsenotiser på polisen.se och samtal från journalister hanteras i mån av tid av befälen på RLC.</p>
<p><strong>Telefonnummer till RLC-befäl</strong><br />Jämtland: 010-569 40 27<br />Norrbotten: 010-569 40 28<br />Västerbotten: 010-569 40 25<br />Västernorrland: 010-569 40 26</p>
<p>Kommunikatör i tjänst igen från klockan 07.00 i morgon.</p>",Övriga Sverige,no_incident_keywords
126877,2019-07-21,Övrigt,Ingen kommunikatör i tjänst under kvällen och natten.,"<p>Händelsenotiser på polisen.se och samtal från journalister hanteras i mån av tid av befälen på RLC.</p>
<p><strong>Telefonnummer till RLC-befäl</strong><br />Jämtland: 010-569 40 27<br />Norrbotten: 010-569 40 28<br />Västerbotten: 010-569 40 25<br />Västernorrland: 010-569 40 26</p>
<p>Kommunikatör i tjänst igen från klockan 07.00 i morgon.</p>",Norrbotten / Övriga Sverige,no_incident_keywords
126876,2019-07-21,Övrigt,Ingen kommunikatör i tjänst under kvällen och natten.,"<p>Händelsenotiser på polisen.se och samtal från journalister hanteras i mån av tid av befälen på RLC.</p>
<p><strong>Telefonnummer till RLC-befäl</strong><br />Jämtland: 010-569 40 27<br />Norrbotten: 010-569 40 28<br />Västerbotten: 010-569 40 25<br />Västernorrland: 010-569 40 26</p>
<p>Kommunikatör i tjänst igen från klockan 07.00 i morgon.</p>",Övriga Sverige,no_incident_keywords
126956,2019-07-22,Övrigt,Ingen kommunikatör i tjänst under kvällen och natten.,"<p>Händelsenotiser på polisen.se och samtal från journalister hanteras i mån av tid av befälen på RLC.</p>
<p>Telefonnummer till RLC-befäl<br />Jämtland: 010-569 40 27<br />Norrbotten: 010-569 40 28<br />Västerbotten: 010-569 40 25<br />Västernorrland: 010-569 40 26</p>
<p>Kommunikatör i tjänst igen från klockan 07.00 i morgon.</p>",Norrbotten / Övriga Sverige,no_incident_keywords
126955,2019-07-22,Övrigt,Ingen kommunikatör i tjänst under kvällen och natten.,"<p>Händelsenotiser på polisen.se och samtal från journalister hanteras i mån av tid av befälen på RLC.</p>
<p>Telefonnummer till RLC-befäl<br />Jämtland: 010-569 40 27<br />Norrbotten: 010-569 40 28<br />Västerbotten: 010-569 40 25<br />Västernorrland: 010-569 40 26</p>
<p>Kommunikatör i tjänst igen från klockan 07.00 i morgon.</p>",Övriga Sverige,no_incident_keywords
127032,2019-07-23,Övrigt,"Norrbotten, ingen kommunikatör i tjänst","<p>Händelsenotiser på polisen.se och samtal från journalister hanteras i mån av tid av befälen på regionledningscentralen (RLC).</p>
<p>Telefonnummer till RLC-befäl</p>
<p>Jämtland: 010-569 40 27</p>
<p>Norrbotten: 010-569 40 28</p>
<p>Västerbotten: 010-569 40 25</p>
<p>Västernorrland: 010-569 40 26</p>
<p>Kommunikatör Marie Andersson är i tjänst igen från klockan 07:00 i morgon.</p>",Norrbotten / Övriga Sverige,no_incident_keywords
127121,2019-07-24,Övrigt,"Norrbotten, ingen kommunikatör i tjänst","<p>Händelsenotiser på polisen.se och samtal från journalister hanteras i mån av tid av befälen på regionledningscentralen (RLC).</p>
<p>Telefonnummer till RLC-befäl</p>
<p>Jämtland: 010-569 40 27</p>
<p>Norrbotten: 010-569 40 28</p>
<p>Västerbotten: 010-569 40 25</p>
<p>Västernorrland: 010-569 40 26</p>
<p>Kommunikatör i tjänst igen från klockan 07:00 i morgon.</p>",Norrbotten / Övriga Sverige,no_incident_keywords
127246,2019-07-25,Övrigt,"Norrbotten, ingen kommunikatör i tjänst.","<p>Händelsenotiser på polisen.se och samtal från journalister hanteras i mån av tid av befälen på regionledningscentralen (RLC).</p>
<p>Telefonnummer till RLC-befäl:</p>
<p>Jämtland: 010-569 40 27</p>
<p>Norrbotten: 010-569 40 28</p>
<p>Västerbotten: 010-569 40 25</p>
<p>Västernorrland: 010-569 40 26</p>
<p>Kommunikatör i tjänst igen från klockan 07:00 i morgon.</p>",Norrbotten / Övriga Sverige,no_incident_keywords
127365,2019-07-26,Övrigt,"Norrbotten, ingen kommunikatör i tjänst","<p>Händelsenotiser på polisen.se och samtal från journalister hanteras i mån av tid av befälen på regionledningscentralen (RLC).</p>
<p>Telefonnummer till RLC-befäl</p>
<p>Jämtland: 010-569 40 27</p>
<p>Norrbotten: 010-569 40 28</p>
<p>Västerbotten: 010-569 40 25</p>
<p>Västernorrland: 010-569 40 26</p>
<p>Kommunikatör i tjänst igen från klockan 07:00 i morgon.</p>",Norrbotten / Övriga Sverige,no_incident_keywords
127464,2019-07-27,Övrigt,"Norrbotten, ingen kommunikatör i tjänst","<p>Händelsenotiser på polisen.se och samtal från journalister hanteras i mån av tid av befälen på regionledningscentralen (RLC).</p>
<p>Telefonnummer till RLC-befäl</p>
<p>Jämtland: 010-569 40 27</p>
<p>Norrbotten: 010-569 40 28</p>
<p>Västerbotten: 010-569 40 25</p>
<p>Västernorrland: 010-569 40 26</p>
<p>Kommunikatör i tjänst igen från klockan 07:00 i morgon.</p>",Norrbotten / Övriga Sverige,no_incident_keywords
127540,2019-07-28,Övrigt,"Norrbotten, ingen kommunikatör i tjänst","<p>Händelsenotiser på polisen.se och samtal från journalister hanteras i mån av tid av befälen på regionledningscentralen (RLC).</p>
<p>Telefonnummer till RLC-befäl</p>
<p>Jämtland: 010-569 40 27</p>
<p>Norrbotten: 010-569 40 28</p>
<p>Västerbotten: 010-569 40 25</p>
<p>Västernorrland: 010-569 40 26</p>
<p>Kommunikatör i tjänst igen från klockan 07:00 i morgon.</p>",Norrbotten / Övriga Sverige,no_incident_keywords
127890,2019-08-01,Övrigt,"Norrbotten, ingen kommunikatör i tjänst","<p>Händelsenotiser på polisen.se och samtal från journalister hanteras i mån av tid av befälen på regionledningscentralen (RLC).</p>
<p>Telefonnummer till RLC-befäl</p>
<p>Jämtland: 010-569 40 27</p>
<p>Norrbotten: 010-569 40 28</p>
<p>Västerbotten: 010-569 40 25</p>
<p>Västernorrland: 010-569 40 26</p>
<p>Kommunikatör i tjänst igen från klockan 07:00 i morgon.</p>",Norrbotten / Övriga Sverige,no_incident_keywords
128003,2019-08-02,Övrigt,"Norrbotten, ingen kommunikatör i tjänst","<p>Händelsenotiser på polisen.se och samtal från journalister hanteras i mån av tid av befälen på regionledningscentralen (RLC).</p>
<p>Telefonnummer till RLC-befäl</p>
<p>Jämtland: 010-569 40 27</p>
<p>Norrbotten: 010-569 40 28</p>
<p>Västerbotten: 010-569 40 25</p>
<p>Västernorrland: 010-569 40 26</p>
<p>Kommunikatör i tjänst igen från klockan 07:00 i morgon.</p>",Norrbotten / Övriga Sverige,no_incident_keywords
128228,2019-08-05,Övrigt,"Norrbotten, ingen kommunikatör i tjänst","<p>Händelsenotiser på polisen.se och samtal från journalister hanteras i mån av tid av befälen på regionledningscentralen (RLC).</p>
<p>Telefonnummer till RLC-befäl</p>
<p>Jämtland: 010-569 40 27</p>
<p>Norrbotten: 010-569 40 28</p>
<p>Västerbotten: 010-569 40 25</p>
<p>Västernorrland: 010-569 40 26</p>
<p>Kommunikatör i tjänst igen från klockan 07:00 i morgon.</p>",Norrbotten / Övriga Sverige,no_incident_keywords
128333,2019-08-06,Övrigt,"Norrbotten, ingen kommunikatör i tjänst","<p>Händelsenotiser på polisen.se och samtal från journalister hanteras i mån av tid av befälen på regionledningscentralen (RLC).</p>
<p>Telefonnummer till RLC-befäl</p>
<p>Jämtland: 010-569 40 27</p>
<p>Norrbotten: 010-569 40 28</p>
<p>Västerbotten: 010-569 40 25</p>
<p>Västernorrland: 010-569 40 26</p>
<p>Kommunikatör i tjänst igen från klockan 07:00 i morgon.</p>",Norrbotten / Övriga Sverige,no_incident_keywords
128771,2019-08-09,Övrigt,"Norrbotten, ingen kommunikatör i tjänst under natten","<p>Händelsenotiser på polisen.se och samtal från journalister hanteras i mån av tid av befälen på regionledningscentralen (RLC).</p>
<p>Telefonnummer till RLC-befäl</p>
<p>Jämtland: 010-569 40 27</p>
<p>Norrbotten: 010-569 40 28</p>
<p>Västerbotten: 010-569 40 25</p>
<p>Västernorrland: 010-569 40 26</p>
<p>Kommunikatör i tjänst igen från klockan 07:00 i morgon.</p>",Norrbotten / Övriga Sverige,no_incident_keywords
128840,2019-08-10,Övrigt,Ingen kommunikatör i tjänst under kvällen och natten.,"<p>Händelsenotiser på polisen.se och samtal från journalister hanteras i mån av tid av befälen på RLC.</p>
<p><strong>Telefonnummer till RLC-befäl</strong><br />Jämtland: 010-569 40 27<br />Norrbotten: 010-569 40 28<br />Västerbotten: 010-569 40 25<br />Västernorrland: 010-569 40 26</p>
<p>Kommunikatör i tjänst igen från klockan 07.00 i morgon.</p>",Norrbotten / Övriga Sverige,no_incident_keywords
128839,2019-08-10,Övrigt,Ingen kommunikatör i tjänst under kvällen och natten.,"<p>Händelsenotiser på polisen.se och samtal från journalister hanteras i mån av tid av befälen på RLC.</p>
<p><strong>Telefonnummer till RLC-befäl</strong><br />Jämtland: 010-569 40 27<br />Norrbotten: 010-569 40 28<br />Västerbotten: 010-569 40 25<br />Västernorrland: 010-569 40 26</p>
<p>Kommunikatör i tjänst igen från klockan 07.00 i morgon.</p>",Övriga Sverige,no_incident_keywords
128982,2019-08-12,Övrigt,Ingen kommunikatör i tjänst under kvällen och natten.,"<p>Polisen.se/händelsenotiser och samtal från media hanteras i mån av tid av befälen på RLC. Media hänvisas att ringa 010-569 40 28.</p>
<p>Kommunikatör i tjänst från tisdag klockan 07:00.</p>","Norrbotten, okänd kommun",no_incident_keywords
129095,2019-08-13,Övrigt,Ingen kommunikatör i tjänst under kvällen och natten.,"<p>Polisen.se/händelsenotiser och samtal från media hanteras i mån av tid av befälen på RLC. Media hänvisas att ringa 010-569 40 28.</p>
<p>Kommunikatör i tjänst från onsdag klockan 07:00.</p>","Norrbotten, okänd kommun",no_incident_keywords
130932,2019-08-28,Övrigt,"Norrbotten, ingen kommunikatör i tjänst under natten","<p>Händelsenotiser på polisen.se och samtal från journalister hanteras i mån av tid av befälen på regionledningscentralen (RLC).</p>
<p>Telefonnummer till RLC-befäl</p>
<p>Jämtland: 010-569 40 27</p>
<p>Norrbotten: 010-569 40 28</p>
<p>Västerbotten: 010-569 40 25</p>
<p>Västernorrland: 010-569 40 26</p>
<p>Kommunikatör i tjänst igen från klockan 07:00 i morgon.</p>",Norrbotten / Övriga Sverige,no_incident_keywords
131552,2019-09-02,Övrigt,"Norrbotten, ingen kommunikatör i tjänst under natten","<p>Händelsenotiser på polisen.se och samtal från journalister hanteras i mån av tid av befälen på regionledningscentralen (RLC).</p>
<p>Telefonnummer till RLC-befäl</p>
<p>Jämtland: 010-569 40 27</p>
<p>Norrbotten: 010-569 40 28</p>
<p>Västerbotten: 010-569 40 25</p>
<p>Västernorrland: 010-569 40 26</p>
<p>Kommunikatör i tjänst igen från klockan 07:00 i morgon.</p>",Norrbotten / Övriga Sverige,no_incident_keywords
131690,2019-09-03,Övrigt,"Norrbotten, ingen kommunikatör i tjänst under natten","<p>Händelsenotiser på polisen.se och samtal från journalister hanteras i mån av tid av befälen på regionledningscentralen (RLC).</p>
<p>Telefonnummer till RLC-befäl</p>
<p>Jämtland: 010-569 40 27</p>
<p>Norrbotten: 010-569 40 28</p>
<p>Västerbotten: 010-569 40 25</p>
<p>Västernorrland: 010-569 40 26</p>
<p>Kommunikatör i tjänst igen från klockan 07:00 i morgon.</p>",Norrbotten / Övriga Sverige,no_incident_keywords
133029,2019-09-14,Övrigt,"Norrbotten, ingen kommunikatör i tjänst","<p>Händelsenotiser på polisen.se och samtal från journalister hanteras i mån av tid av befälen på regionledningscentralen (RLC).</p>
<p>Telefonnummer till RLC-befäl</p>
<p>Jämtland: 010-569 40 27</p>
<p>Norrbotten: 010-569 40 28</p>
<p>Västerbotten: 010-569 40 25</p>
<p>Västernorrland: 010-569 40 26</p>
<p>Kommunikatör i tjänst igen från klockan 07:00 i morgon.</p>",Norrbotten / Övriga Sverige,no_incident_keywords
133130,2019-09-15,Övrigt,"Norrbotten, ingen kommunikatör i tjänst","<p>Händelsenotiser på polisen.se och samtal från journalister hanteras i mån av tid av befälen på regionledningscentralen (RLC).</p>
<p>Telefonnummer till RLC-befäl</p>
<p>Jämtland: 010-569 40 27</p>
<p>Norrbotten: 010-569 40 28</p>
<p>Västerbotten: 010-569 40 25</p>
<p>Västernorrland: 010-569 40 26</p>
<p>Kommunikatör i tjänst igen från klockan 07:00 i morgon.</p>",Norrbotten / Övriga Sverige,no_incident_keywords
133877,2019-09-20,Övrigt,"Norrbotten, ingen kommunikatör i tjänst under natten","<p>Händelsenotiser på polisen.se och samtal från journalister hanteras i mån av tid av befälen på regionledningscentralen (RLC).</p>
<p>Telefonnummer till RLC-befäl</p>
<p>Jämtland: 010-569 40 27</p>
<p>Norrbotten: 010-569 40 28</p>
<p>Västerbotten: 010-569 40 25</p>
<p>Västernorrland: 010-569 40 26</p>
<p>Kommunikatör i tjänst igen från klockan 07:00 i morgon.</p>",Norrbotten / Övriga Sverige,no_incident_keywords
134401,2019-09-25,Övrigt,"Norrbotten, ingen kommunikatör i tjänst","<p>Händelsenotiser på polisen.se och samtal från journalister hanteras i mån av tid av befälen på regionledningscentralen (RLC).</p>
<p>Telefonnummer till RLC-befäl</p>
<p>Jämtland: 010-569 40 27</p>
<p>Norrbotten: 010-569 40 28</p>
<p>Västerbotten: 010-569 40 25</p>
<p>Västernorrland: 010-569 40 26</p>
<p>Kommunikatör i tjänst igen från klockan 07:00 i morgon.</p>",Norrbotten / Övriga Sverige,no_incident_keywords
134533,2019-09-26,Övrigt,"Norrbotten, ingen kommunikatör i tjänst","<p>Händelsenotiser på polisen.se och samtal från journalister hanteras i mån av tid av befälen på regionledningscentralen (RLC).</p>
<p>Telefonnummer till RLC-befäl</p>
<p>Jämtland: 010-569 40 27</p>
<p>Norrbotten: 010-569 40 28</p>
<p>Västerbotten: 010-569 40 25</p>
<p>Västernorrland: 010-569 40 26</p>
<p>Kommunikatör i tjänst igen från klockan 07:00 i morgon.</p>",Norrbotten / Övriga Sverige,no_incident_keywords
134731,2019-09-27,Övrigt,"Norrbotten, ingen kommunikatör i tjänst under natten","<p>Polisen.se/händelsenotiser och samtal från media hanteras i mån av tid av befälen på RLC. Media hänvisas att ringa 010-569 40 28.</p>
<p>Kommunikatör Maria Linné är i tjänst från lördag kl 07.</p>","Norrbotten, okänd kommun",no_incident_keywords
135184,2019-10-01,Övrigt,"Norrbotten, ingen kommunikatör i tjänst under natten","<p> Händelsenotiser på polisen.se och samtal från journalister hanteras i mån av tid av befälen på regionledningscentralen (RLC).</p>
<p>Telefonnummer till RLC-befäl</p>
<p>Jämtland: 010-569 40 27</p>
<p>Norrbotten: 010-569 40 28</p>
<p>Västerbotten: 010-569 40 25</p>
<p>Västernorrland: 010-569 40 26</p>
<p>Kommunikatör i tjänst igen från klockan 07:00 i morgon.</p>",Norrbotten / Övriga Sverige,no_incident_keywords
136399,2019-10-12,Övrigt,"Norrbotten, ingen kommunikatör i tjänst under kvällen och natten","<p>Händelsenotiser på polisen.se och samtal från journalister hanteras i mån av tid av befälen på regionledningscentralen (RLC).</p>
<p>Telefonnummer till RLC-befäl</p>
<p>Jämtland: 010-569 40 27</p>
<p>Norrbotten: 010-569 40 28</p>
<p>Västerbotten: 010-569 40 25</p>
<p>Västernorrland: 010-569 40 26</p>
<p>Kommunikatör i tjänst igen från klockan 07:00 i morgon.</p>",Norrbotten / Övriga Sverige,no_incident_keywords
136497,2019-10-13,Övrigt,"Norrbotten, ingen kommunikatör i tjänst under kvällen och natten","<p>Händelsenotiser på polisen.se och samtal från journalister hanteras i mån av tid av befälen på regionledningscentralen (RLC).</p>
<p>Telefonnummer till RLC-befäl</p>
<p>Jämtland: 010-569 40 27</p>
<p>Norrbotten: 010-569 40 28</p>
<p>Västerbotten: 010-569 40 25</p>
<p>Västernorrland: 010-569 40 26</p>
<p>Kommunikatör i tjänst igen från klockan 07:00 i morgon.</p>",Norrbotten / Övriga Sverige,no_incident_keywords
137177,2019-10-18,Övrigt,"Norrbotten, ingen kommunikatör i tjänst under natten","<p>Händelsenotiser på polisen.se och samtal från journalister hanteras i mån av tid av befälen på regionledningscentralen (RLC).</p>
<p>Telefonnummer till RLC-befäl</p>
<p>Jämtland: 010-569 40 27</p>
<p>Norrbotten: 010-569 40 28</p>
<p>Västerbotten: 010-569 40 25</p>
<p>Västernorrland: 010-569 40 26</p>
<p>Kommunikatör i tjänst igen från klockan 07:00 i morgon.</p>",Norrbotten / Övriga Sverige,no_incident_keywords
137598,2019-10-22,Övrigt,Ingen kommunikatör i tjänst under kvällen och natten.,"<p>Händelsenotiser på polisen.se och samtal från journalister hanteras i mån av tid av befälen på RLC.</p>
<p><strong>Telefonnummer till RLC-befäl</strong><br />Jämtland: 010-569 40 27<br />Norrbotten: 010-569 40 28<br />Västerbotten: 010-569 40 25<br />Västernorrland: 010-569 40 26</p>
<p>Kommunikatör i tjänst igen från klockan 07.00 i morgon.</p>",Norrbotten / Övriga Sverige,no_incident_keywords
137597,2019-10-22,Övrigt,Ingen kommunikatör i tjänst under kvällen och natten.,"<p>Händelsenotiser på polisen.se och samtal från journalister hanteras i mån av tid av befälen på RLC.</p>
<p><strong>Telefonnummer till RLC-befäl</strong><br />Jämtland: 010-569 40 27<br />Norrbotten: 010-569 40 28<br />Västerbotten: 010-569 40 25<br />Västernorrland: 010-569 40 26</p>
<p>Kommunikatör i tjänst igen från klockan 07.00 i morgon.</p>",Övriga Sverige,no_incident_keywords
137900,2019-10-24,Övrigt,"Norrbotten, ingen kommunikatör i tjänst under natten","<p>Händelsenotiser på polisen.se och samtal från journalister hanteras i mån av tid av befälen på regionledningscentralen (RLC).</p>
<p>Telefonnummer till RLC-befäl</p>
<p>Jämtland: 010-569 40 27</p>
<p>Norrbotten: 010-569 40 28</p>
<p>Västerbotten: 010-569 40 25</p>
<p>Västernorrland: 010-569 40 26</p>
<p>Kommunikatör i tjänst igen från klockan 07:00 i morgon.</p>",Norrbotten / Övriga Sverige,no_incident_keywords
139140,2019-11-04,Övrigt,"Norrbotten, ingen kommunikatör i tjänst under natten","<p>Händelsenotiser på polisen.se och samtal från journalister hanteras i mån av tid av befälen på regionledningscentralen (RLC).</p>
<p>Telefonnummer till RLC-befäl</p>
<p>Jämtland: 010-569 40 27</p>
<p>Norrbotten: 010-569 40 28</p>
<p>Västerbotten: 010-569 40 25</p>
<p>Västernorrland: 010-569 40 26</p>
<p>Kommunikatör i tjänst igen från klockan 07:00 i morgon.</p>",Norrbotten / Övriga Sverige,no_incident_keywords
139722,2019-11-09,Övrigt,"Norrbotten, ingen kommunikatör i tjänst under kvällen och natten","<p>Händelsenotiser på polisen.se och samtal från journalister hanteras i mån av tid av befälen på regionledningscentralen (RLC).</p>
<p>Telefonnummer till RLC-befäl</p>
<p>Jämtland: 010-569 40 27</p>
<p>Norrbotten: 010-569 40 28</p>
<p>Västerbotten: 010-569 40 25</p>
<p>Västernorrland: 010-569 40 26</p>
<p>Kommunikatör i tjänst igen från klockan 07:00 i morgon.</p>",Norrbotten / Övriga Sverige,no_incident_keywords
139819,2019-11-10,Övrigt,"Norrbotten, ingen kommunikatör i tjänst under kvällen och natten","<p>Händelsenotiser på polisen.se och samtal från journalister hanteras i mån av tid av befälen på regionledningscentralen (RLC).</p>
<p>Telefonnummer till RLC-befäl</p>
<p>Jämtland: 010-569 40 27</p>
<p>Norrbotten: 010-569 40 28</p>
<p>Västerbotten: 010-569 40 25</p>
<p>Västernorrland: 010-569 40 26</p>
<p>Kommunikatör i tjänst igen från klockan 07:00 i morgon.</p>",Norrbotten / Övriga Sverige,no_incident_keywords
140499,2019-11-15,Övrigt,"Norrbotten, ingen kommunikatör i tjänst under natten","<p>Händelsenotiser på polisen.se och samtal från journalister hanteras i mån av tid av befälen på regionledningscentralen (RLC).</p>
<p>Telefonnummer till RLC-befäl</p>
<p>Jämtland: 010-569 40 27</p>
<p>Norrbotten: 010-569 40 28</p>
<p>Västerbotten: 010-569 40 25</p>
<p>Västernorrland: 010-569 40 26</p>
<p>Kommunikatör i tjänst igen från klockan 07:00 i morgon.</p>",Norrbotten / Övriga Sverige,no_incident_keywords
142991,2019-12-07,Övrigt,"Norrbotten, ingen kommunikatör i tjänst under kvällen och natten","<p>Händelsenotiser på polisen.se och samtal från journalister hanteras i mån av tid av befälen på regionledningscentralen (RLC).</p>
<p>Telefonnummer till RLC-befäl</p>
<p>Jämtland: 010-569 40 27</p>
<p>Norrbotten: 010-569 40 28</p>
<p>Västerbotten: 010-569 40 25</p>
<p>Västernorrland: 010-569 40 26</p>
<p>Kommunikatör i tjänst igen från klockan 07:00 i morgon.</p>",Norrbotten / Övriga Sverige,no_incident_keywords
143107,2019-12-08,Övrigt,"Norrbotten, ingen kommunikatör i tjänst under kvällen och natten","<p>Händelsenotiser på polisen.se och samtal från journalister hanteras i mån av tid av befälen på regionledningscentralen (RLC).</p>
<p>Telefonnummer till RLC-befäl</p>
<p>Jämtland: 010-569 40 27</p>
<p>Norrbotten: 010-569 40 28</p>
<p>Västerbotten: 010-569 40 25</p>
<p>Västernorrland: 010-569 40 26</p>
<p>Kommunikatör i tjänst igen från klockan 07:00 i morgon.</p>",Norrbotten / Övriga Sverige,no_incident_keywords
143754,2019-12-13,Övrigt,"Norrbotten, ingen kommunikatör i tjänst under natten","<p>Händelsenotiser på polisen.se och samtal från journalister hanteras i mån av tid av befälen på regionledningscentralen (RLC).</p>
<p>Telefonnummer till RLC-befäl</p>
<p>Jämtland: 010-569 40 27</p>
<p>Norrbotten: 010-569 40 28</p>
<p>Västerbotten: 010-569 40 25</p>
<p>Västernorrland: 010-569 40 26</p>
<p>Kommunikatör i tjänst igen från klockan 07:00 i morgon.</p>",Norrbotten / Övriga Sverige,no_incident_keywords
144522,2019-12-19,Övrigt,"Norrbotten, ingen kommunikatör i tjänst under natten","<p>Händelsenotiser på polisen.se och samtal från journalister hanteras i mån av tid av befälen på regionledningscentralen (RLC).</p>
<p>Telefonnummer till RLC-befäl</p>
<p>Jämtland: 010-569 40 27</p>
<p>Norrbotten: 010-569 40 28</p>
<p>Västerbotten: 010-569 40 25</p>
<p>Västernorrland: 010-569 40 26</p>
<p>Kommunikatör i tjänst igen från klockan 07:00 i morgon.</p>",Norrbotten / Övriga Sverige,no_incident_keywords
145090,2019-12-25,Övrigt,"Norrbotten, ingen kommunikatör i tjänst under natten","<p>Händelsenotiser på polisen.se och samtal från journalister hanteras i mån av tid av befälen på regionledningscentralen (RLC).</p>
<p>Telefonnummer till RLC-befäl</p>
<p>Jämtland: 010-569 40 27</p>
<p>Norrbotten: 010-569 40 28</p>
<p>Västerbotten: 010-569 40 25</p>
<p>Västernorrland: 010-569 40 26</p>
<p>Kommunikatör i tjänst igen från klockan 07:00 i morgon.</p>",Norrbotten / Övriga Sverige,no_incident_keywords
145180,2019-12-26,Övrigt,"Norrbotten, ingen kommunikatör i tjänst under natten","<p>Händelsenotiser på polisen.se och samtal från journalister hanteras i mån av tid av befälen på regionledningscentralen (RLC).</p>
<p>Telefonnummer till RLC-befäl</p>
<p>Jämtland: 010-569 40 27</p>
<p>Norrbotten: 010-569 40 28</p>
<p>Västerbotten: 010-569 40 25</p>
<p>Västernorrland: 010-569 40 26</p>
<p>Kommunikatör i tjänst igen från klockan 07:00 i morgon.</p>",Norrbotten / Övriga Sverige,no_incident_keywords
145304,2019-12-27,Övrigt,"Norrbotten, ingen kommunikatör i tjänst under natten","<p>Händelsenotiser på polisen.se och samtal från journalister hanteras i mån av tid av befälen på regionledningscentralen (RLC).</p>
<p>Telefonnummer till RLC-befäl</p>
<p>Jämtland: 010-569 40 27</p>
<p>Norrbotten: 010-569 40 28</p>
<p>Västerbotten: 010-569 40 25</p>
<p>Västernorrland: 010-569 40 26</p>
<p>Kommunikatör i tjänst igen från klockan 07:00 i morgon.</p>",Norrbotten / Övriga Sverige,no_incident_keywords
146114,2020-01-04,Övrigt,"Norrbotten, ingen kommunikatör i tjänst under kvällen och natten","<p>Händelsenotiser på polisen.se och samtal från journalister hanteras i mån av tid av befälen på regionledningscentralen (RLC).</p>
<p>Telefonnummer till RLC-befäl</p>
<p>Jämtland: 010-569 40 27</p>
<p>Norrbotten: 010-569 40 28</p>
<p>Västerbotten: 010-569 40 25</p>
<p>Västernorrland: 010-569 40 26</p>
<p>Kommunikatör i tjänst igen från klockan 07:00 i morgon.</p>",Norrbotten / Övriga Sverige,no_incident_keywords
146200,2020-01-05,Övrigt,"Norrbotten, ingen kommunikatör i tjänst","<p>Händelsenotiser på polisen.se och samtal från journalister hanteras i mån av tid av befälen på regionledningscentralen (RLC).</p>
<p>Telefonnummer till RLC-befäl</p>
<p>Jämtland: 010-569 40 27</p>
<p>Norrbotten: 010-569 40 28</p>
<p>Västerbotten: 010-569 40 25</p>
<p>Västernorrland: 010-569 40 26</p>
<p>Kommunikatör i tjänst igen från klockan 07:00 i morgon.</p>",Norrbotten / Övriga Sverige,no_incident_keywords
146721,2020-01-09,Övrigt,"Norrbotten, ingen kommunikatör i tjänst","<p>Händelsenotiser på polisen.se och samtal från journalister hanteras i mån av tid av befälen på regionledningscentralen (RLC).</p>
<p>Telefonnummer till RLC-befäl</p>
<p>Jämtland: 010-569 40 27</p>
<p>Norrbotten: 010-569 40 28</p>
<p>Västerbotten: 010-569 40 25</p>
<p>Västernorrland: 010-569 40 26</p>
<p>Kommunikatör i tjänst igen från klockan 07:00 i morgon.</p>",Norrbotten / Övriga Sverige,no_incident_keywords
146853,2020-01-10,Övrigt,"Norrbotten, ingen kommunikatör i tjänst under natten","<p>Händelsenotiser på polisen.se och samtal från journalister hanteras i mån av tid av befälen på regionledningscentralen (RLC).</p>
<p>Telefonnummer till RLC-befäl</p>
<p>Jämtland: 010-569 40 27</p>
<p>Norrbotten: 010-569 40 28</p>
<p>Västerbotten: 010-569 40 25</p>
<p>Västernorrland: 010-569 40 26</p>
<p>Kommunikatör i tjänst igen från klockan 07:00 i morgon.</p>",Norrbotten / Övriga Sverige,no_incident_keywords
147428,2020-01-15,Övrigt,"Norrbotten, ingen kommunikatör i tjänst under natten","<p>Händelsenotiser på polisen.se och samtal från journalister hanteras i mån av tid av befälen på regionledningscentralen (RLC).</p>
<p>Telefonnummer till RLC-befäl</p>
<p>Jämtland: 010-569 40 27</p>
<p>Norrbotten: 010-569 40 28</p>
<p>Västerbotten: 010-569 40 25</p>
<p>Västernorrland: 010-569 40 26</p>
<p>Kommunikatör i tjänst igen från klockan 07:00 i morgon.</p>",Norrbotten / Övriga Sverige,no_incident_keywords
147556,2020-01-16,Övrigt,"Norrbotten, ingen kommunikatör i tjänst under natten","<p>Händelsenotiser på polisen.se och samtal från journalister hanteras i mån av tid av befälen på regionledningscentralen (RLC).</p>
<p>Telefonnummer till RLC-befäl</p>
<p>Jämtland: 010-569 40 27</p>
<p>Norrbotten: 010-569 40 28</p>
<p>Västerbotten: 010-569 40 25</p>
<p>Västernorrland: 010-569 40 26</p>
<p>Kommunikatör i tjänst igen från klockan 07:00 i morgon.</p>",Norrbotten / Övriga Sverige,no_incident_keywords
147993,2020-01-20,Övrigt,"Norrbotten, ingen kommunikatör i tjänst under natten","<p>Händelsenotiser på polisen.se och samtal från journalister hanteras i mån av tid av befälen på regionledningscentralen (RLC).</p>
<p>Telefonnummer till RLC-befäl</p>
<p>Jämtland: 010-569 40 27</p>
<p>Norrbotten: 010-569 40 28</p>
<p>Västerbotten: 010-569 40 25</p>
<p>Västernorrland: 010-569 40 26</p>
<p>Kommunikatör i tjänst igen från klockan 07:00 i morgon.</p>",Norrbotten / Övriga Sverige,no_incident_keywords
149353,2020-02-01,Övrigt,"Norrbotten, ingen kommunikatör i tjänst under kvällen och natten","<p>Händelsenotiser på polisen.se och samtal från journalister hanteras i mån av tid av befälen på regionledningscentralen (RLC).</p>
<p>Telefonnummer till RLC-befäl</p>
<p>Jämtland: 010-569 40 27</p>
<p>Norrbotten: 010-569 40 28</p>
<p>Västerbotten: 010-569 40 25</p>
<p>Västernorrland: 010-569 40 26</p>
<p>Kommunikatör i tjänst igen från klockan 07:00 i morgon.</p>",Norrbotten / Övriga Sverige,no_incident_keywords
149452,2020-02-02,Övrigt,"Norrbotten, ingen kommunikatör i tjänst under kvällen och natten","<p>Händelsenotiser på polisen.se och samtal från journalister hanteras i mån av tid av befälen på regionledningscentralen (RLC).</p>
<p>Telefonnummer till RLC-befäl</p>
<p>Jämtland: 010-569 40 27</p>
<p>Norrbotten: 010-569 40 28</p>
<p>Västerbotten: 010-569 40 25</p>
<p>Västernorrland: 010-569 40 26</p>
<p>Kommunikatör i tjänst igen från klockan 07:00 i morgon.</p>",Norrbotten / Övriga Sverige,no_incident_keywords
150733,2020-02-12,Övrigt,"Norrbotten, ingen kommunikatör i tjänst under natten","<p>Händelsenotiser på polisen.se och samtal från journalister hanteras i mån av tid av befälen på regionledningscentralen (RLC).</p>
<p>Telefonnummer till RLC-befäl</p>
<p>Jämtland: 010-569 40 27</p>
<p>Norrbotten: 010-569 40 28</p>
<p>Västerbotten: 010-569 40 25</p>
<p>Västernorrland: 010-569 40 26</p>
<p>Kommunikatör i tjänst igen från klockan 07:00 i morgon.</p>",Norrbotten / Övriga Sverige,no_incident_keywords
150891,2020-02-13,Övrigt,"Norrbotten, ingen kommunikatör i tjänst under natten","<p>Händelsenotiser på polisen.se och samtal från journalister hanteras i mån av tid av befälen på regionledningscentralen (RLC).</p>
<p>Telefonnummer till RLC-befäl</p>
<p>Jämtland: 010-569 40 27</p>
<p>Norrbotten: 010-569 40 28</p>
<p>Västerbotten: 010-569 40 25</p>
<p>Västernorrland: 010-569 40 26</p>
<p>Kommunikatör i tjänst igen från klockan 07:00 i morgon.</p>",Norrbotten / Övriga Sverige,no_incident_keywords
151295,2020-02-17,Övrigt,"Norrbotten, ingen kommunikatör i tjänst under natten","<p>Händelsenotiser på polisen.se och samtal från journalister hanteras i mån av tid av befälen på regionledningscentralen (RLC).</p>
<p>Telefonnummer till RLC-befäl</p>
<p>Jämtland: 010-569 40 27</p>
<p>Norrbotten: 010-569 40 28</p>
<p>Västerbotten: 010-569 40 25</p>
<p>Västernorrland: 010-569 40 26</p>
<p>Kommunikatör i tjänst igen från klockan 07:00 i morgon.</p>",Norrbotten / Övriga Sverige,no_incident_keywords
151605,2020-02-20,Övrigt,"Norrbotten, ingen kommunikatör i tjänst under natten","<p>Händelsenotiser på polisen.se och samtal från journalister hanteras i mån av tid av befälen på regionledningscentralen (RLC).</p>
<p>Telefonnummer till RLC-befäl</p>
<p>Jämtland: 010-569 40 27</p>
<p>Norrbotten: 010-569 40 28</p>
<p>Västerbotten: 010-569 40 25</p>
<p>Västernorrland: 010-569 40 26</p>
<p>Kommunikatör i tjänst igen från klockan 07:00 i morgon.</p>",Norrbotten / Övriga Sverige,no_incident_keywords
151738,2020-02-21,Övrigt,"Norrbotten, ingen kommunikatör i tjänst under natten","<p>Händelsenotiser på polisen.se och samtal från journalister hanteras i mån av tid av befälen på regionledningscentralen (RLC).</p>
<p>Telefonnummer till RLC-befäl</p>
<p>Jämtland: 010-569 40 27</p>
<p>Norrbotten: 010-569 40 28</p>
<p>Västerbotten: 010-569 40 25</p>
<p>Västernorrland: 010-569 40 26</p>
<p>Kommunikatör i tjänst igen från klockan 07:00 i morgon.</p>",Norrbotten / Övriga Sverige,no_incident_keywords
153293,2020-03-06,Övrigt,"Norrbotten, ingen kommunikatör i tjänst under natten","<p>Händelsenotiser på polisen.se och samtal från journalister hanteras i mån av tid av befälen på regionledningscentralen (RLC).</p>
<p>Telefonnummer till RLC-befäl</p>
<p>Jämtland: 010-569 40 27</p>
<p>Norrbotten: 010-569 40 28</p>
<p>Västerbotten: 010-569 40 25</p>
<p>Västernorrland: 010-569 40 26</p>
<p>Kommunikatör i tjänst igen från klockan 07:00 i morgon.</p>",Norrbotten / Övriga Sverige,no_incident_keywords
153812,2020-03-11,Övrigt,"Norrbotten, ingen kommunikatör i tjänst under natten","<p>Händelsenotiser på polisen.se och samtal från journalister hanteras i mån av tid av befälen på regionledningscentralen (RLC).</p>
<p>Telefonnummer till RLC-befäl</p>
<p>Jämtland: 010-569 40 27</p>
<p>Norrbotten: 010-569 40 28</p>
<p>Västerbotten: 010-569 40 25</p>
<p>Västernorrland: 010-569 40 26</p>
<p>Kommunikatör i tjänst igen från klockan 07:00 i morgon.</p>",Norrbotten / Övriga Sverige,no_incident_keywords
153941,2020-03-12,Övrigt,"Norrbotten, ingen kommunikatör i tjänst under natten","<p>Händelsenotiser på polisen.se och samtal från journalister hanteras i mån av tid av befälen på regionledningscentralen (RLC).</p>
<p>Telefonnummer till RLC-befäl</p>
<p>Jämtland: 010-569 40 27</p>
<p>Norrbotten: 010-569 40 28</p>
<p>Västerbotten: 010-569 40 25</p>
<p>Västernorrland: 010-569 40 26</p>
<p>Kommunikatör i tjänst igen från klockan 07:00 i morgon.</p>",Norrbotten / Övriga Sverige,no_incident_keywords
154220,2020-03-15,Övrigt,"Norrbotten, ingen kommunikatör i tjänst under kvällen och natten","<p>Händelsenotiser på polisen.se och samtal från journalister hanteras i mån av tid av befälen på regionledningscentralen (RLC).</p>
<p>Telefonnummer till RLC-befäl</p>
<p>Jämtland: 010-569 40 27</p>
<p>Norrbotten: 010-569 40 28</p>
<p>Västerbotten: 010-569 40 25</p>
<p>Västernorrland: 010-569 40 26</p>
<p>Kommunikatör i tjänst igen från klockan 07:00 i morgon.</p>",Norrbotten / Övriga Sverige,no_incident_keywords
154647,2020-03-19,Övrigt,"Norrbotten, ingen kommunikatör i tjänst under natten","<p>Händelsenotiser på polisen.se och samtal från journalister hanteras i mån av tid av befälen på regionledningscentralen (RLC).</p>
<p>Telefonnummer till RLC-befäl</p>
<p>Jämtland: 010-569 40 27</p>
<p>Norrbotten: 010-569 40 28</p>
<p>Västerbotten: 010-569 40 25</p>
<p>Västernorrland: 010-569 40 26</p>
<p>Kommunikatör i tjänst igen från klockan 07:00 i morgon.</p>",Norrbotten / Övriga Sverige,no_incident_keywords
155639,2020-03-28,Övrigt,"Norrbotten, ingen kommunikatör i tjänst under kvällen och natten","<p>Händelsenotiser på polisen.se och samtal från journalister hanteras i mån av tid av befälen på regionledningscentralen (RLC).</p>
<p>Telefonnummer till RLC-befäl</p>
<p>Jämtland: 010-569 40 27</p>
<p>Norrbotten: 010-569 40 28</p>
<p>Västerbotten: 010-569 40 25</p>
<p>Västernorrland: 010-569 40 26</p>
<p>Kommunikatör i tjänst igen från klockan 07:00 i morgon.</p>",Norrbotten / Övriga Sverige,no_incident_keywords
155726,2020-03-29,Övrigt,"Norrbotten, ingen kommunikatör i tjänst under kvällen och natten","<p>Händelsenotiser på polisen.se och samtal från journalister hanteras i mån av tid av befälen på regionledningscentralen (RLC).</p>
<p>Telefonnummer till RLC-befäl</p>
<p>Jämtland: 010-569 40 27</p>
<p>Norrbotten: 010-569 40 28</p>
<p>Västerbotten: 010-569 40 25</p>
<p>Västernorrland: 010-569 40 26</p>
<p>Kommunikatör i tjänst igen från klockan 07:00 i morgon.</p>",Norrbotten / Övriga Sverige,no_incident_keywords
156336,2020-04-03,Övrigt,"Norrbotten, ingen kommunikatör i tjänst under natten","<p>Händelsenotiser på polisen.se och samtal från journalister hanteras i mån av tid av befälen på regionledningscentralen (RLC).</p>
<p>Telefonnummer till RLC-befäl</p>
<p>Jämtland: 010-569 40 27</p>
<p>Norrbotten: 010-569 40 28</p>
<p>Västerbotten: 010-569 40 25</p>
<p>Västernorrland: 010-569 40 26</p>
<p>Kommunikatör i tjänst igen från klockan 07:00 i morgon.</p>",Norrbotten / Övriga Sverige,no_incident_keywords
156878,2020-04-08,Övrigt,"Norrbotten, ingen kommunikatör i tjänst under natten","<p>Händelsenotiser på polisen.se och samtal från journalister hanteras i mån av tid av befälen på regionledningscentralen (RLC).</p>
<p>Telefonnummer till RLC-befäl</p>
<p>Jämtland: 010-569 40 27</p>
<p>Norrbotten: 010-569 40 28</p>
<p>Västerbotten: 010-569 40 25</p>
<p>Västernorrland: 010-569 40 26</p>
<p>Kommunikatör i tjänst igen från klockan 07:00 i morgon.</p>",Norrbotten / Övriga Sverige,no_incident_keywords
157027,2020-04-09,Övrigt,"Norrbotten, ingen kommunikatör i tjänst under natten","<p>Händelsenotiser på polisen.se och samtal från journalister hanteras i mån av tid av befälen på regionledningscentralen (RLC).</p>
<p>Telefonnummer till RLC-befäl</p>
<p>Jämtland: 010-569 40 27</p>
<p>Norrbotten: 010-569 40 28</p>
<p>Västerbotten: 010-569 40 25</p>
<p>Västernorrland: 010-569 40 26</p>
<p>Kommunikatör i tjänst igen från klockan 07:00 i morgon.</p>",Norrbotten / Övriga Sverige,no_incident_keywords
157292,2020-04-13,Övrigt,"Norrbotten, ingen kommunikatör i tjänst under kvällen och natten","<p>Händelsenotiser på polisen.se och samtal från journalister hanteras i mån av tid av befälen på regionledningscentralen (RLC).</p>
<p>Telefonnummer till RLC-befäl</p>
<p>Jämtland: 010-569 40 27</p>
<p>Norrbotten: 010-569 40 28</p>
<p>Västerbotten: 010-569 40 25</p>
<p>Västernorrland: 010-569 40 26</p>
<p>Kommunikatör i tjänst igen från klockan 07:00 i morgon.</p>",Norrbotten / Övriga Sverige,no_incident_keywords
158650,2020-04-25,Övrigt,"Norrbotten, ingen kommunikatör i tjänst under kvällen och natten","<p>Händelsenotiser på polisen.se och samtal från journalister hanteras i mån av tid av befälen på regionledningscentralen (RLC).</p>
<p>Telefonnummer till RLC-befäl</p>
<p>Jämtland: 010-569 40 27</p>
<p>Norrbotten: 010-569 40 28</p>
<p>Västerbotten: 010-569 40 25</p>
<p>Västernorrland: 010-569 40 26</p>
<p>Kommunikatör i tjänst igen från klockan 07:00 i morgon.</p>",Norrbotten / Övriga Sverige,no_incident_keywords
158751,2020-04-26,Övrigt,"Norrbotten, ingen kommunikatör i tjänst under kvällen och natten","<p>Händelsenotiser på polisen.se och samtal från journalister hanteras i mån av tid av befälen på regionledningscentralen (RLC).</p>
<p>Telefonnummer till RLC-befäl</p>
<p>Jämtland: 010-569 40 27</p>
<p>Norrbotten: 010-569 40 28</p>
<p>Västerbotten: 010-569 40 25</p>
<p>Västernorrland: 010-569 40 26</p>
<p>Kommunikatör i tjänst igen från klockan 07:00 i morgon.</p>",Norrbotten / Övriga Sverige,no_incident_keywords
159812,2020-05-06,Övrigt,"Norrbotten, ingen kommunikatör i tjänst under natten","<p>Händelsenotiser på polisen.se och samtal från journalister hanteras i mån av tid av befälen på regionledningscentralen (RLC).</p>
<p>Telefonnummer till RLC-befäl</p>
<p>Jämtland: 010-569 40 27</p>
<p>Norrbotten: 010-569 40 28</p>
<p>Västerbotten: 010-569 40 25</p>
<p>Västernorrland: 010-569 40 26</p>
<p>Kommunikatör i tjänst igen från klockan 07:00 i morgon.</p>",Norrbotten / Övriga Sverige,no_incident_keywords
160176,2020-05-11,Övrigt,"Norrbotten, ingen kommunikatör i tjänst under natten","<p>Händelsenotiser på polisen.se och samtal från journalister hanteras i mån av tid av befälen på regionledningscentralen (RLC).</p>
<p>Telefonnummer till RLC-befäl</p>
<p>Jämtland: 010-569 40 27</p>
<p>Norrbotten: 010-569 40 28</p>
<p>Västerbotten: 010-569 40 25</p>
<p>Västernorrland: 010-569 40 26</p>
<p>Kommunikatör i tjänst igen från klockan 07:00 i morgon.</p>",Norrbotten / Övriga Sverige,no_incident_keywords
160522,2020-05-14,Övrigt,"Norrbotten, ingen kommunikatör i tjänst under natten","<p>Händelsenotiser på polisen.se och samtal från journalister hanteras i mån av tid av befälen på regionledningscentralen (RLC).</p>
<p>Telefonnummer till RLC-befäl</p>
<p>Jämtland: 010-569 40 27</p>
<p>Norrbotten: 010-569 40 28</p>
<p>Västerbotten: 010-569 40 25</p>
<p>Västernorrland: 010-569 40 26</p>
<p>Kommunikatör i tjänst igen från klockan 07:00 i morgon.</p>",Norrbotten / Övriga Sverige,no_incident_keywords
161477,2020-05-23,Övrigt,"Norrbotten, ingen kommunikatör i tjänst","<p>Händelsenotiser på polisen.se och samtal från journalister hanteras i mån av tid av befälen på regionledningscentralen (RLC).</p>
<p>Telefonnummer till RLC-befäl</p>
<p>Jämtland: 010-569 40 27</p>
<p>Norrbotten: 010-569 40 28</p>
<p>Västerbotten: 010-569 40 25</p>
<p>Västernorrland: 010-569 40 26</p>
<p>Kommunikatör i tjänst igen från klockan 07:00 i morgon.</p>",Norrbotten / Övriga Sverige,no_incident_keywords
161548,2020-05-24,Övrigt,"Norrbotten, ingen kommunikatör i tjänst","<p>Händelsenotiser på polisen.se och samtal från journalister hanteras i mån av tid av befälen på regionledningscentralen (RLC).</p>
<p>Telefonnummer till RLC-befäl</p>
<p>Jämtland: 010-569 40 27</p>
<p>Norrbotten: 010-569 40 28</p>
<p>Västerbotten: 010-569 40 25</p>
<p>Västernorrland: 010-569 40 26</p>
<p>Kommunikatör i tjänst igen från klockan 07:00 i morgon.</p>",Norrbotten / Övriga Sverige,no_incident_keywords
162185,2020-05-29,Övrigt,"Norrbotten, ingen kommunikatör i tjänst","<p>Händelsenotiser på polisen.se och samtal från journalister hanteras i mån av tid av befälen på regionledningscentralen (RLC).</p>
<p>Telefonnummer till RLC-befäl</p>
<p>Jämtland: 010-569 40 27</p>
<p>Norrbotten: 010-569 40 28</p>
<p>Västerbotten: 010-569 40 25</p>
<p>Västernorrland: 010-569 40 26</p>
<p>Kommunikatör i tjänst igen från klockan 07:00 i morgon.</p>",Norrbotten / Övriga Sverige,no_incident_keywords
162814,2020-06-04,Övrigt,"Norrbotten, ingen kommunikatör i tjänst","<p>Händelsenotiser på polisen.se och samtal från journalister hanteras i mån av tid av befälen på regionledningscentralen (RLC).</p>
<p>Telefonnummer till RLC-befäl</p>
<p>Jämtland: 010-569 40 27</p>
<p>Norrbotten: 010-569 40 28</p>
<p>Västerbotten: 010-569 40 25</p>
<p>Västernorrland: 010-569 40 26</p>
<p>Kommunikatör i tjänst igen från klockan 07:00 i morgon.</p>",Norrbotten / Övriga Sverige,no_incident_keywords
163585,2020-06-11,Övrigt,"Norrbotten, ingen kommunikatör i tjänst under natten","<p>Händelsenotiser på polisen.se och samtal från journalister hanteras i mån av tid av befälen på regionledningscentralen (RLC).</p>
<p>Telefonnummer till RLC-befäl</p>
<p>Jämtland: 010-569 40 27</p>
<p>Norrbotten: 010-569 40 28</p>
<p>Västerbotten: 010-569 40 25</p>
<p>Västernorrland: 010-569 40 26</p>
<p>Kommunikatör i tjänst igen från klockan 07:00 i morgon.</p>",Norrbotten / Övriga Sverige,no_incident_keywords
163713,2020-06-12,Övrigt,"Norrbotten, ingen kommunikatör i tjänst under natten","<p>Händelsenotiser på polisen.se och samtal från journalister hanteras i mån av tid av befälen på regionledningscentralen (RLC).</p>
<p>Telefonnummer till RLC-befäl</p>
<p>Jämtland: 010-569 40 27</p>
<p>Norrbotten: 010-569 40 28</p>
<p>Västerbotten: 010-569 40 25</p>
<p>Västernorrland: 010-569 40 26</p>
<p>Kommunikatör i tjänst igen från klockan 07:00 i morgon.</p>",Norrbotten / Övriga Sverige,no_incident_keywords
165944,2020-07-07,Övrigt,Ingen kommunikatör i tjänst under kvällen och natten.,"<p>Händelsenotiser på polisen.se och samtal från journalister hanteras i mån av tid av befälen på regionledningscentralen (RLC).</p>
<p><strong>Telefonnummer till RLC-befäl<br /></strong>Jämtland: 010-569 40 27</p>
<p>Norrbotten: 010-569 40 28<br />Västerbotten: 010-569 40 25<br />Västernorrland: 010-569 40 26</p>
<p>Kommunikatör i tjänst igen från klockan 07:00 i morgon.</p>",Norrbotten / Övriga Sverige,no_incident_keywords
165942,2020-07-07,Övrigt,Ingen kommunikatör i tjänst under kvällen och natten.,"<p>Händelsenotiser på polisen.se och samtal från journalister hanteras i mån av tid av befälen på regionledningscentralen (RLC).</p>
<p><strong>Telefonnummer till RLC-befäl</strong><br />Jämtland: 010-569 40 27<br />Norrbotten: 010-569 40 28<br />Västerbotten: 010-569 40 25<br />Västernorrland: 010-569 40 26</p>
<p>Kommunikatör i tjänst igen från klockan 07:00 i morgon.</p>",Övriga Sverige,no_incident_keywords
165940,2020-07-07,Övrigt,Ingen kommunikatör i tjänst under kvällen och natten.,"<p>Händelsenotiser på polisen.se och samtal från journalister hanteras i mån av tid av befälen på regionledningscentralen (RLC).</p>
<p><strong>Telefonnummer till RLC-befäl</strong><br />Jämtland: 010-569 40 27<br />Norrbotten: 010-569 40 28<br />Västerbotten: 010-569 40 25<br />Västernorrland: 010-569 40 26</p>
<p>Kommunikatör i tjänst igen från klockan 07:00 i morgon.</p>",Övriga Sverige,no_incident_keywords
166013,2020-07-08,Övrigt,Ingen kommunikatör i tjänst under kvällen och natten.,"










<p>Norrbotten</p>
<p>Ingen kommunikatör i tjänst.  Polisen.se/händelsenotiser och samtal från media hanteras i mån av tid av befälen på RLC. Media hänvisas att ringa 010-569 40 28.</p>

<p>Kommunikatör ”namn” i tjänst från ”dag och tid”   </p>


<p>Västerbotten</p>
<p>Ingen kommunikatör i tjänst,  Polisen.se/händelsenotiser och samtal från media hanteras i mån av tid av befälen på RLC. Media hänvisas att ringa 010-569 40 25.</p>

<p>Kommunikatör ”namn” i tjänst från ”dag och tid”                                         </p>


<p>Västernorrland</p>
<p>Ingen kommunikatör i tjänst. Polisen.se/händelsenotiser och samtal från media hanteras i mån av tid av befälen på RLC. Media hänvisas att ringa 010-569 40 26.                                           </p>

<p>Kommunikatör ”namn” i tjänst från ”dag och tid”                                         </p>


<p>Jämtland</p>
<p>Ingen kommunikatör i tjänst.  Polisen.se/händelsenotiser och samtal från media hanteras i mån av tid av befälen på RLC. Media hänvisas att ringa 010-569 40 27.                                                                  </p>

<p>Kommunikatör ”namn” i tjänst från ”dag och tid”                                         </p>
<p>Händelsenotiser på polisen.se och samtal från journalister hanteras i mån av tid av befälen på regionledningscentralen (RLC).</p>
<p>Telefonnummer till RLC-befäl</p>
<p>Jämtland: 010-569 40 27</p>
<p>Norrbotten: 010-569 40 28</p>
<p>Västerbotten: 010-569 40 25</p>
<p>Västernorrland: 010-569 40 26</p>
<p>Kommunikatör i tjänst igen från klockan 07:00 i morgon.</p>",Övriga Sverige,no_incident_keywords
167079,2020-07-21,Övrigt,"Norrbotten, ingen kommunikatör i tjänst under natten","<p>Händelsenotiser på polisen.se och samtal från journalister hanteras i mån av tid av befälen på regionledningscentralen (RLC).</p>
<p>Telefonnummer till RLC-befäl</p>
<p>Jämtland: 010-569 40 27</p>
<p>Norrbotten: 010-569 40 28</p>
<p>Västerbotten: 010-569 40 25</p>
<p>Västernorrland: 010-569 40 26</p>
<p>Kommunikatör i tjänst igen från klockan 07:00 i morgon.</p>",Norrbotten / Övriga Sverige,no_incident_keywords
167489,2020-07-25,Övrigt,"Norrbotten, ingen kommunikatör i tjänst under kväll och natt","<p>Händelsenotiser på polisen.se och samtal från journalister hanteras i mån av tid av befälen på regionledningscentralen (RLC).</p>
<p>Telefonnummer till RLC-befäl</p>
<p>Jämtland: 010-569 40 27</p>
<p>Norrbotten: 010-569 40 28</p>
<p>Västerbotten: 010-569 40 25</p>
<p>Västernorrland: 010-569 40 26</p>
<p>Kommunikatör i tjänst igen från klockan 07:00 i morgon.</p>",Norrbotten / Övriga Sverige,no_incident_keywords
167565,2020-07-26,Övrigt,"Norrbotten, ingen kommunikatör i tjänst under kvällen och natten","<p>Händelsenotiser på polisen.se och samtal från journalister hanteras i mån av tid av befälen på regionledningscentralen (RLC).</p>
<p>Telefonnummer till RLC-befäl</p>
<p>Jämtland: 010-569 40 27</p>
<p>Norrbotten: 010-569 40 28</p>
<p>Västerbotten: 010-569 40 25</p>
<p>Västernorrland: 010-569 40 26</p>
<p>Kommunikatör i tjänst igen från klockan 07:00 i morgon.</p>",Norrbotten / Övriga Sverige,no_incident_keywords
167844,2020-07-29,Övrigt,"Norrbotten, ingen kommunikatör i tjänst under kvällen och natten","<p>Händelsenotiser på polisen.se och samtal från journalister hanteras i mån av tid av befälen på regionledningscentralen (RLC).</p>
<p>Telefonnummer till RLC-befäl</p>
<p>Jämtland: 010-569 40 27</p>
<p>Norrbotten: 010-569 40 28</p>
<p>Västerbotten: 010-569 40 25</p>
<p>Västernorrland: 010-569 40 26</p>
<p>Kommunikatör i tjänst igen från klockan 07:00 i morgon.</p>",Norrbotten / Övriga Sverige,no_incident_keywords
167943,2020-07-30,Övrigt,"Norrbotten, ingen kommunikatör i tjänst under kvällen och natten","<p>Händelsenotiser på polisen.se och samtal från journalister hanteras i mån av tid av befälen på regionledningscentralen (RLC).</p>
<p>Telefonnummer till RLC-befäl</p>
<p>Jämtland: 010-569 40 27</p>
<p>Norrbotten: 010-569 40 28</p>
<p>Västerbotten: 010-569 40 25</p>
<p>Västernorrland: 010-569 40 26</p>
<p>Kommunikatör i tjänst igen från klockan 07:00 i morgon.</p>",Norrbotten / Övriga Sverige,no_incident_keywords
168063,2020-07-31,Övrigt,"Norrbotten, ingen kommunikatör i tjänst under natten","<p>Händelsenotiser på polisen.se och samtal från journalister hanteras i mån av tid av befälen på regionledningscentralen (RLC).</p>
<p>Telefonnummer till RLC-befäl</p>
<p>Jämtland: 010-569 40 27</p>
<p>Norrbotten: 010-569 40 28</p>
<p>Västerbotten: 010-569 40 25</p>
<p>Västernorrland: 010-569 40 26</p>
<p>Kommunikatör i tjänst igen från klockan 07:00 i morgon.</p>",Norrbotten / Övriga Sverige,no_incident_keywords
168284,2020-08-03,Övrigt,"Norrbotten, ingen kommunikatör i tjänst under kvällen och natten","<p>Händelsenotiser på polisen.se och samtal från journalister hanteras i mån av tid av befälen på regionledningscentralen (RLC).</p>
<p>Telefonnummer till RLC-befäl</p>
<p>Jämtland: 010-569 40 27</p>
<p>Norrbotten: 010-569 40 28</p>
<p>Västerbotten: 010-569 40 25</p>
<p>Västernorrland: 010-569 40 26</p>
<p>Kommunikatör i tjänst igen från klockan 07:00 i morgon.</p>",Norrbotten / Övriga Sverige,no_incident_keywords
168447,2020-08-04,Övrigt,"Norrbotten, ingen kommunikatör i tjänst under natten","<p>Händelsenotiser på polisen.se och samtal från journalister hanteras i mån av tid av befälen på regionledningscentralen (RLC).</p>
<p>Telefonnummer till RLC-befäl</p>
<p>Jämtland: 010-569 40 27</p>
<p>Norrbotten: 010-569 40 28</p>
<p>Västerbotten: 010-569 40 25</p>
<p>Västernorrland: 010-569 40 26</p>
<p>Kommunikatör i tjänst igen från klockan 07:00 i morgon.</p>",Norrbotten / Övriga Sverige,no_incident_keywords
168835,2020-08-08,Övrigt,"Norrbotten, ingen kommunikatör i tjänst under kvällen och natten","<p>Händelsenotiser på polisen.se och samtal från journalister hanteras i mån av tid av befälen på regionledningscentralen (RLC).</p>
<p>Telefonnummer till RLC-befäl</p>
<p>Jämtland: 010-569 40 27</p>
<p>Norrbotten: 010-569 40 28</p>
<p>Västerbotten: 010-569 40 25</p>
<p>Västernorrland: 010-569 40 26</p>
<p>Kommunikatör i tjänst igen från klockan 07:00 i morgon.</p>",Norrbotten / Övriga Sverige,no_incident_keywords
168926,2020-08-09,Övrigt,"Norrbotten, ingen kommunikatör i tjänst under kvällen och natten","<p>Händelsenotiser på polisen.se och samtal från journalister hanteras i mån av tid av befälen på regionledningscentralen (RLC).</p>
<p>Telefonnummer till RLC-befäl</p>
<p>Jämtland: 010-569 40 27</p>
<p>Norrbotten: 010-569 40 28</p>
<p>Västerbotten: 010-569 40 25</p>
<p>Västernorrland: 010-569 40 26</p>
<p>Kommunikatör i tjänst igen från klockan 07:00 i morgon.</p>",Norrbotten / Övriga Sverige,no_incident_keywords
169372,2020-08-13,Övrigt,"Norrbotten, ingen kommunikatör i tjänst under kvällen och natten","<p>Händelsenotiser på polisen.se och samtal från journalister hanteras i mån av tid av befälen på regionledningscentralen (RLC).</p>
<p>Telefonnummer till RLC-befäl</p>
<p>Jämtland: 010-569 40 27</p>
<p>Norrbotten: 010-569 40 28</p>
<p>Västerbotten: 010-569 40 25</p>
<p>Västernorrland: 010-569 40 26</p>
<p>Kommunikatör i tjänst igen från klockan 07:00 i morgon.</p>",Norrbotten / Övriga Sverige,no_incident_keywords
169529,2020-08-14,Övrigt,"Norrbotten, ingen kommunikatör i tjänst under natten","<p>Händelsenotiser på polisen.se och samtal från media hanteras i mån av tid av befälen på RLC. Media hänvisas att ringa 010-569 40 28.</p>
<p>Kommunikatör är i tjänst från lördag kl 07:00.  </p>","Norrbotten, okänd kommun",no_incident_keywords
169779,2020-08-17,Övrigt,"Norrbotten, ingen kommunikatör i tjänst under kvällen och natten","<p>Händelsenotiser på polisen.se och samtal från journalister hanteras i mån av tid av befälen på regionledningscentralen (RLC).</p>
<p>Telefonnummer till RLC-befäl</p>
<p>Jämtland: 010-569 40 27</p>
<p>Norrbotten: 010-569 40 28</p>
<p>Västerbotten: 010-569 40 25</p>
<p>Västernorrland: 010-569 40 26</p>
<p>Kommunikatör i tjänst igen från klockan 07:00 i morgon.</p>",Norrbotten / Övriga Sverige,no_incident_keywords
170051,2020-08-19,Övrigt,"Norrbotten, ingen kommunikatör i tjänst under natten","<p>Händelsenotiser på polisen.se och samtal från journalister hanteras i mån av tid av befälen på regionledningscentralen (RLC).</p>
<p>Telefonnummer till RLC-befäl</p>
<p>Jämtland: 010-569 40 27</p>
<p>Norrbotten: 010-569 40 28</p>
<p>Västerbotten: 010-569 40 25</p>
<p>Västernorrland: 010-569 40 26</p>
<p>Kommunikatör i tjänst igen från klockan 07:00 i morgon.</p>",Norrbotten / Övriga Sverige,no_incident_keywords
170390,2020-08-22,Övrigt,"Norrbotten, ingen kommunikatör i tjänst under kvällen och natten","<p>Händelsenotiser på polisen.se och samtal från journalister hanteras i mån av tid av befälen på regionledningscentralen (RLC).</p>
<p>Telefonnummer till RLC-befäl</p>
<p>Jämtland: 010-569 40 27</p>
<p>Norrbotten: 010-569 40 28</p>
<p>Västerbotten: 010-569 40 25</p>
<p>Västernorrland: 010-569 40 26</p>
<p>Kommunikatör i tjänst igen från klockan 07:00 i morgon.</p>",Norrbotten / Övriga Sverige,no_incident_keywords
170478,2020-08-23,Övrigt,"Norrbotten, ingen kommunikatör i tjänst under kvällen och natten","<p>Händelsenotiser på polisen.se och samtal från journalister hanteras i mån av tid av befälen på regionledningscentralen (RLC).</p>
<p>Telefonnummer till RLC-befäl</p>
<p>Jämtland: 010-569 40 27</p>
<p>Norrbotten: 010-569 40 28</p>
<p>Västerbotten: 010-569 40 25</p>
<p>Västernorrland: 010-569 40 26</p>
<p>Kommunikatör i tjänst igen från klockan 07:00 i morgon.</p>",Norrbotten / Övriga Sverige,no_incident_keywords
170846,2020-08-26,Övrigt,"Norrbotten, ingen kommunikatör i tjänst under natten","<p>Händelsenotiser på polisen.se och samtal från journalister hanteras i mån av tid av befälen på regionledningscentralen (RLC).</p>
<p>Telefonnummer till RLC-befäl</p>
<p>Jämtland: 010-569 40 27</p>
<p>Norrbotten: 010-569 40 28</p>
<p>Västerbotten: 010-569 40 25</p>
<p>Västernorrland: 010-569 40 26</p>
<p>Kommunikatör i tjänst igen från klockan 07:00 i morgon.</p>",Norrbotten / Övriga Sverige,no_incident_keywords
170932,2020-08-27,Övrigt,"Norrbotten, ingen kommunikatör i tjänst under kvällen och natten","<p>Händelsenotiser på polisen.se och samtal från journalister hanteras i mån av tid av befälen på regionledningscentralen (RLC).</p>
<p>Telefonnummer till RLC-befäl</p>
<p>Jämtland: 010-569 40 27</p>
<p>Norrbotten: 010-569 40 28</p>
<p>Västerbotten: 010-569 40 25</p>
<p>Västernorrland: 010-569 40 26</p>
<p>Kommunikatör i tjänst igen från klockan 07:00 i morgon.</p>",Norrbotten / Övriga Sverige,no_incident_keywords
171339,2020-08-31,Övrigt,"Norrbotten, ingen kommunikatör i tjänst under natten","<p>Händelsenotiser på polisen.se och samtal från journalister hanteras i mån av tid av befälen på regionledningscentralen (RLC).</p>
<p>Telefonnummer till RLC-befäl</p>
<p>Jämtland: 010-569 40 27</p>
<p>Norrbotten: 010-569 40 28</p>
<p>Västerbotten: 010-569 40 25</p>
<p>Västernorrland: 010-569 40 26</p>
<p>Kommunikatör i tjänst igen från klockan 07:00 i morgon.</p>",Norrbotten / Övriga Sverige,no_incident_keywords
171673,2020-09-03,Övrigt,"Norrbotten, ingen kommunikatör i tjänst under natten","<p>Händelsenotiser på polisen.se och samtal från journalister hanteras i mån av tid av befälen på regionledningscentralen (RLC).</p>
<p>Telefonnummer till RLC-befäl</p>
<p>Jämtland: 010-569 40 27</p>
<p>Norrbotten: 010-569 40 28</p>
<p>Västerbotten: 010-569 40 25</p>
<p>Västernorrland: 010-569 40 26</p>
<p>Kommunikatör i tjänst igen från klockan 07:00 i morgon.</p>",Norrbotten / Övriga Sverige,no_incident_keywords
172632,2020-09-12,Övrigt,"Norrbotten, ingen kommunikatör i tjänst under kvällen och natten","<p>Händelsenotiser på polisen.se och samtal från journalister hanteras i mån av tid av befälen på regionledningscentralen (RLC).</p>
<p>Telefonnummer till RLC-befäl</p>
<p>Jämtland: 010-569 40 27</p>
<p>Norrbotten: 010-569 40 28</p>
<p>Västerbotten: 010-569 40 25</p>
<p>Västernorrland: 010-569 40 26</p>
<p>Kommunikatör i tjänst igen från klockan 07:00 i morgon.</p>",Norrbotten / Övriga Sverige,no_incident_keywords
172705,2020-09-13,Övrigt,"Norrbotten, ingen kommunikatör i tjänst under kvällen och natten","<p>Händelsenotiser på polisen.se och samtal från journalister hanteras i mån av tid av befälen på regionledningscentralen (RLC).</p>
<p>Telefonnummer till RLC-befäl</p>
<p>Jämtland: 010-569 40 27</p>
<p>Norrbotten: 010-569 40 28</p>
<p>Västerbotten: 010-569 40 25</p>
<p>Västernorrland: 010-569 40 26</p>
<p>Kommunikatör i tjänst igen från klockan 07:00 i morgon.</p>",Norrbotten / Övriga Sverige,no_incident_keywords
173553,2020-09-21,Övrigt,"Norrbotten, ingen kommunikatör i tjänst under kvällen och natten","<p>Händelsenotiser på polisen.se och samtal från journalister hanteras i mån av tid av befälen på regionledningscentralen (RLC).</p>
<p>Telefonnummer till RLC-befäl</p>
<p>Jämtland: 010-569 40 27</p>
<p>Norrbotten: 010-569 40 28</p>
<p>Västerbotten: 010-569 40 25</p>
<p>Västernorrland: 010-569 40 26</p>
<p>Kommunikatör i tjänst igen från klockan 07:00 i morgon.</p>",Norrbotten / Övriga Sverige,no_incident_keywords
173821,2020-09-23,Övrigt,"Norrbotten, ingen kommunikatör i tjänst under natten","<p>Händelsenotiser på polisen.se och samtal från journalister hanteras i mån av tid av befälen på regionledningscentralen (RLC).</p>
<p>Telefonnummer till RLC-befäl</p>
<p>Jämtland: 010-569 40 27</p>
<p>Norrbotten: 010-569 40 28</p>
<p>Västerbotten: 010-569 40 25</p>
<p>Västernorrland: 010-569 40 26</p>
<p>Kommunikatör i tjänst igen från klockan 07:00 i morgon.</p>",Norrbotten / Övriga Sverige,no_incident_keywords
173951,2020-09-24,Övrigt,"Norrbotten, ingen kommunikatör i tjänst under natten","<p>Händelsenotiser på polisen.se och samtal från journalister hanteras i mån av tid av befälen på regionledningscentralen (RLC).</p>
<p>Telefonnummer till RLC-befäl</p>
<p>Jämtland: 010-569 40 27</p>
<p>Norrbotten: 010-569 40 28</p>
<p>Västerbotten: 010-569 40 25</p>
<p>Västernorrland: 010-569 40 26</p>
<p>Kommunikatör i tjänst igen från klockan 07:00 i morgon.</p>",Norrbotten / Övriga Sverige,no_incident_keywords
174321,2020-09-28,Övrigt,"Norrbotten, ingen kommunikatör i tjänst under natten","<p>Händelsenotiser på polisen.se och samtal från journalister hanteras i mån av tid av befälen på regionledningscentralen (RLC).</p>
<p>Telefonnummer till RLC-befäl</p>
<p>Jämtland: 010-569 40 27</p>
<p>Norrbotten: 010-569 40 28</p>
<p>Västerbotten: 010-569 40 25</p>
<p>Västernorrland: 010-569 40 26</p>
<p>Kommunikatör i tjänst igen från klockan 07:00 i morgon.</p>",Norrbotten / Övriga Sverige,no_incident_keywords
175497,2020-10-10,Övrigt,"Norrbotten, ingen kommunikatör i tjänst under kvällen och natten","<p>Händelsenotiser på polisen.se och samtal från journalister hanteras i mån av tid av befälen på regionledningscentralen (RLC).</p>
<p>Telefonnummer till RLC-befäl</p>
<p>Jämtland: 010-569 40 27</p>
<p>Norrbotten: 010-569 40 28</p>
<p>Västerbotten: 010-569 40 25</p>
<p>Västernorrland: 010-569 40 26</p>
<p>Kommunikatör i tjänst igen från klockan 07:00 i morgon.</p>",Norrbotten / Övriga Sverige,no_incident_keywords
175577,2020-10-11,Övrigt,"Norrbotten, ingen kommunikatör i tjänst under kvällen och natten","<p>Händelsenotiser på polisen.se och samtal från journalister hanteras i mån av tid av befälen på regionledningscentralen (RLC).</p>
<p>Telefonnummer till RLC-befäl</p>
<p>Jämtland: 010-569 40 27</p>
<p>Norrbotten: 010-569 40 28</p>
<p>Västerbotten: 010-569 40 25</p>
<p>Västernorrland: 010-569 40 26</p>
<p>Kommunikatör i tjänst igen från klockan 07:00 i morgon.</p>",Norrbotten / Övriga Sverige,no_incident_keywords
175909,2020-10-14,Övrigt,"Norrbotten, ingen kommunikatör i tjänst under kvällen och natten","<p>Händelsenotiser på polisen.se och samtal från journalister hanteras i mån av tid av befälen på regionledningscentralen (RLC).</p>
<p>Telefonnummer till RLC-befäl</p>
<p>Jämtland: 010-569 40 27</p>
<p>Norrbotten: 010-569 40 28</p>
<p>Västerbotten: 010-569 40 25</p>
<p>Västernorrland: 010-569 40 26</p>
<p>Kommunikatör i tjänst igen från klockan 07:00 i morgon.</p>",Norrbotten / Övriga Sverige,no_incident_keywords
176197,2020-10-16,Övrigt,"Norrbotten, ingen kommunikatör i tjänst under natten","<p>Händelsenotiser på polisen.se och samtal från journalister hanteras i mån av tid av befälen på regionledningscentralen (RLC).</p>
<p>Telefonnummer till RLC-befäl</p>
<p>Jämtland: 010-569 40 27</p>
<p>Norrbotten: 010-569 40 28</p>
<p>Västerbotten: 010-569 40 25</p>
<p>Västernorrland: 010-569 40 26</p>
<p>Kommunikatör i tjänst igen från klockan 07:00 i morgon.</p>",Norrbotten / Övriga Sverige,no_incident_keywords
176739,2020-10-21,Övrigt,"Norrbotten, ingen kommunikatör i tjänst under natten","<p>Händelsenotiser på polisen.se och samtal från journalister hanteras i mån av tid av befälen på regionledningscentralen (RLC).</p>
<p>Telefonnummer till RLC-befäl</p>
<p>Jämtland: 010-569 40 27</p>
<p>Norrbotten: 010-569 40 28</p>
<p>Västerbotten: 010-569 40 25</p>
<p>Västernorrland: 010-569 40 26</p>
<p>Kommunikatör i tjänst igen från klockan 07:00 i morgon.</p>",Norrbotten / Övriga Sverige,no_incident_keywords
176872,2020-10-22,Övrigt,"Norrbotten, ingen kommunikatör i tjänst under natten","<p>Händelsenotiser på polisen.se och samtal från journalister hanteras i mån av tid av befälen på regionledningscentralen (RLC).</p>
<p>Telefonnummer till RLC-befäl</p>
<p>Jämtland: 010-569 40 27</p>
<p>Norrbotten: 010-569 40 28</p>
<p>Västerbotten: 010-569 40 25</p>
<p>Västernorrland: 010-569 40 26</p>
<p>Kommunikatör i tjänst igen från klockan 07:00 i morgon.</p>",Norrbotten / Övriga Sverige,no_incident_keywords
178045,2020-11-02,Övrigt,"Norrbotten, ingen kommunikatör i tjänst under kvällen och natten","<p>Händelsenotiser på polisen.se och samtal från journalister hanteras i mån av tid av befälen på regionledningscentralen (RLC).</p>
<p>Telefonnummer till RLC-befäl</p>
<p>Jämtland: 010-569 40 27</p>
<p>Norrbotten: 010-569 40 28</p>
<p>Västerbotten: 010-569 40 25</p>
<p>Västernorrland: 010-569 40 26</p>
<p>Kommunikatör i tjänst igen från klockan 07:00 i morgon.</p>",Norrbotten / Övriga Sverige,no_incident_keywords
178645,2020-11-07,Övrigt,"Norrbotten, ingen kommunikatör i tjänst under kvällen och natten","<p>Händelsenotiser på polisen.se och samtal från journalister hanteras i mån av tid av befälen på regionledningscentralen (RLC).</p>
<p>Telefonnummer till RLC-befäl</p>
<p>Jämtland: 010-569 40 27</p>
<p>Norrbotten: 010-569 40 28</p>
<p>Västerbotten: 010-569 40 25</p>
<p>Västernorrland: 010-569 40 26</p>
<p>Kommunikatör i tjänst igen från klockan 07:00 i morgon.</p>",Norrbotten / Övriga Sverige,no_incident_keywords
178711,2020-11-08,Övrigt,"Norrbotten, ingen kommunikatör i tjänst under kvällen och natten","<p>Händelsenotiser på polisen.se och samtal från journalister hanteras i mån av tid av befälen på regionledningscentralen (RLC).</p>
<p>Telefonnummer till RLC-befäl</p>
<p>Jämtland: 010-569 40 27</p>
<p>Norrbotten: 010-569 40 28</p>
<p>Västerbotten: 010-569 40 25</p>
<p>Västernorrland: 010-569 40 26</p>
<p>Kommunikatör i tjänst igen från klockan 07:00 i morgon.</p>",Norrbotten / Övriga Sverige,no_incident_keywords
179296,2020-11-13,Övrigt,"Norrbotten, ingen kommunikatör i tjänst under natten","<p>Händelsenotiser på polisen.se och samtal från journalister hanteras i mån av tid av befälen på regionledningscentralen (RLC).</p>
<p>Telefonnummer till RLC-befäl</p>
<p>Jämtland: 010-569 40 27</p>
<p>Norrbotten: 010-569 40 28</p>
<p>Västerbotten: 010-569 40 25</p>
<p>Västernorrland: 010-569 40 26</p>
<p>Kommunikatör i tjänst igen från klockan 07:00 i morgon.</p>",Norrbotten / Övriga Sverige,no_incident_keywords
179864,2020-11-19,Övrigt,"Norrbotten, ingen kommunikatör i tjänst under natten","<p>Händelsenotiser på polisen.se och samtal från journalister hanteras i mån av tid av befälen på regionledningscentralen (RLC).</p>
<p>Telefonnummer till RLC-befäl</p>
<p>Jämtland: 010-569 40 27</p>
<p>Norrbotten: 010-569 40 28</p>
<p>Västerbotten: 010-569 40 25</p>
<p>Västernorrland: 010-569 40 26</p>
<p>Kommunikatör i tjänst igen från klockan 07:00 i morgon.</p>",Norrbotten / Övriga Sverige,no_incident_keywords
180256,2020-11-23,Övrigt,"Norrbotten, ingen kommunikatör i tjänst under natten","<p>Händelsenotiser på polisen.se och samtal från journalister hanteras i mån av tid av befälen på regionledningscentralen (RLC).</p>
<p>Telefonnummer till RLC-befäl</p>
<p>Jämtland: 010-569 40 27</p>
<p>Norrbotten: 010-569 40 28</p>
<p>Västerbotten: 010-569 40 25</p>
<p>Västernorrland: 010-569 40 26</p>
<p>Kommunikatör i tjänst igen från klockan 07:00 i morgon.</p>",Norrbotten / Övriga Sverige,no_incident_keywords
180384,2020-11-24,Övrigt,"Norrbotten, ingen kommunikatör i tjänst under natten","<p>Händelsenotiser på polisen.se och samtal från journalister hanteras i mån av tid av befälen på regionledningscentralen (RLC).</p>
<p>Telefonnummer till RLC-befäl</p>
<p>Jämtland: 010-569 40 27</p>
<p>Norrbotten: 010-569 40 28</p>
<p>Västerbotten: 010-569 40 25</p>
<p>Västernorrland: 010-569 40 26</p>
<p>Kommunikatör i tjänst igen från klockan 07:00 i morgon.</p>",Norrbotten / Övriga Sverige,no_incident_keywords
182252,2020-12-11,Övrigt,"Norrbotten, ingen kommunikatör i tjänst under natten","<p>Händelsenotiser på polisen.se och samtal från journalister hanteras i mån av tid av befälen på regionledningscentralen (RLC).</p>
<p>Telefonnummer till RLC-befäl</p>
<p>Jämtland: 010-569 40 27</p>
<p>Norrbotten: 010-569 40 28</p>
<p>Västerbotten: 010-569 40 25</p>
<p>Västernorrland: 010-569 40 26</p>
<p>Kommunikatör i tjänst igen från klockan 07:00 i morgon.</p>",Norrbotten / Övriga Sverige,no_incident_keywords
182875,2020-12-17,Övrigt,"Norrbotten, ingen kommunikatör i tjänst under natten","<p>Händelsenotiser på polisen.se och samtal från journalister hanteras i mån av tid av befälen på regionledningscentralen (RLC).</p>
<p>Telefonnummer till RLC-befäl</p>
<p>Jämtland: 010-569 40 27</p>
<p>Norrbotten: 010-569 40 28</p>
<p>Västerbotten: 010-569 40 25</p>
<p>Västernorrland: 010-569 40 26</p>
<p>Kommunikatör i tjänst igen från klockan 07:00 i morgon.</p>",Norrbotten / Övriga Sverige,no_incident_keywords
183948,2020-12-28,Övrigt,"Norrbotten, ingen kommunikatör i tjänst under natten","<p>Händelsenotiser på polisen.se och samtal från journalister hanteras i mån av tid av befälen på regionledningscentralen (RLC).</p>
<p>Telefonnummer till RLC-befäl</p>
<p>Jämtland: 010-569 40 27</p>
<p>Norrbotten: 010-569 40 28</p>
<p>Västerbotten: 010-569 40 25</p>
<p>Västernorrland: 010-569 40 26</p>
<p>Kommunikatör i tjänst igen från klockan 07:00 i morgon.</p>",Norrbotten / Övriga Sverige,no_incident_keywords
184049,2020-12-29,Övrigt,"Norrbotten, ingen kommunikatör i tjänst under natten","<p>Händelsenotiser på polisen.se och samtal från journalister hanteras i mån av tid av befälen på regionledningscentralen (RLC).</p>
<p>Telefonnummer till RLC-befäl</p>
<p>Jämtland: 010-569 40 27</p>
<p>Norrbotten: 010-569 40 28</p>
<p>Västerbotten: 010-569 40 25</p>
<p>Västernorrland: 010-569 40 26</p>
<p>Kommunikatör i tjänst igen från klockan 07:00 i morgon.</p>",Norrbotten / Övriga Sverige,no_incident_keywords
184310,2021-01-01,Övrigt,"Norrbotten, ingen kommunikatör i tjänst under kvällen och natten","<p>Händelsenotiser på polisen.se och samtal från journalister hanteras i mån av tid av befälen på regionledningscentralen (RLC).</p>
<p>Telefonnummer till RLC-befäl</p>
<p>Jämtland: 010-569 40 27</p>
<p>Norrbotten: 010-569 40 28</p>
<p>Västerbotten: 010-569 40 25</p>
<p>Västernorrland: 010-569 40 26</p>
<p>Kommunikatör i tjänst igen från klockan 07:00 i morgon.</p>",Norrbotten / Övriga Sverige,no_incident_keywords
184553,2021-01-04,Övrigt,"Norrbotten, ingen kommunikatör i tjänst under natten","<p>Händelsenotiser på polisen.se och samtal från journalister hanteras i mån av tid av befälen på regionledningscentralen (RLC).</p>
<p>Telefonnummer till RLC-befäl</p>
<p>Jämtland: 010-569 40 27</p>
<p>Norrbotten: 010-569 40 28</p>
<p>Västerbotten: 010-569 40 25</p>
<p>Västernorrland: 010-569 40 26</p>
<p>Kommunikatör i tjänst igen från klockan 07:00 i morgon.</p>",Norrbotten / Övriga Sverige,no_incident_keywords
186298,2021-01-20,Övrigt,Ingen kommunikatör i tjänst under natten.,"<p>Händelsenotiser på polisen.se och samtal från journalister hanteras i mån av tid av befälen på regionledningscentralen (RLC).</p>
<p>Telefonnummer till RLC-befäl</p>
<p>Jämtland: 010-569 40 27</p>
<p>Norrbotten: 010-569 40 28</p>
<p>Västerbotten: 010-569 40 25</p>
<p>Västernorrland: 010-569 40 26</p>
<p>Kommunikatör i tjänst igen från klockan 07:00 i morgon.</p>",Norrbotten / Övriga Sverige,no_incident_keywords
187372,2021-02-01,Övrigt,Lugnt i länet.,<p>Lugnt i länet.</p>,"Norrbotten, okänd kommun",no_incident_keywords
188749,2021-02-13,Övrigt,Ingen kommunikatör i tjänst under kvällen och natten.,"<p>Händelsenotiser på polisen.se och samtal från journalister hanteras i mån av tid av befälen på regionledningscentralen (RLC).</p>
<p>Telefonnummer till RLC-befäl</p>
<p>Jämtland: 010-569 40 27</p>
<p>Norrbotten: 010-569 40 28</p>
<p>Västerbotten: 010-569 40 25</p>
<p>Västernorrland: 010-569 40 26</p>
<p>Kommunikatör i tjänst igen från klockan 07:00 i morgon.</p>",Norrbotten / Övriga Sverige,no_incident_keywords
188822,2021-02-14,Övrigt,Ingen kommunikatör i tjänst under kvällen och natten.,"<p>Händelsenotiser på polisen.se och samtal från journalister hanteras i mån av tid av befälen på regionledningscentralen (RLC).</p>
<p>Telefonnummer till RLC-befäl</p>
<p>Jämtland: 010-569 40 27</p>
<p>Norrbotten: 010-569 40 28</p>
<p>Västerbotten: 010-569 40 25</p>
<p>Västernorrland: 010-569 40 26</p>
<p>Kommunikatör i tjänst igen från klockan 07:00 i morgon.</p>",Norrbotten / Övriga Sverige,no_incident_keywords
189434,2021-02-19,Övrigt,Ingen kommunikatör i tjänst under natten.,"<p>Händelsenotiser på polisen.se och samtal från journalister hanteras i mån av tid av befälen på regionledningscentralen (RLC).</p>
<p>Telefonnummer till RLC-befäl</p>
<p>Jämtland: 010-569 40 27</p>
<p>Norrbotten: 010-569 40 28</p>
<p>Västerbotten: 010-569 40 25</p>
<p>Västernorrland: 010-569 40 26</p>
<p>Kommunikatör i tjänst igen från klockan 07:00 i morgon.</p>",Norrbotten / Övriga Sverige,no_incident_keywords
189979,2021-02-24,Övrigt,Ingen kommunikatör i tjänst under natten.,"<p>Händelsenotiser på polisen.se och samtal från journalister hanteras i mån av tid av befälen på regionledningscentralen (RLC).</p>
<p>Telefonnummer till RLC-befäl</p>
<p>Jämtland: 010-569 40 27</p>
<p>Norrbotten: 010-569 40 28</p>
<p>Västerbotten: 010-569 40 25</p>
<p>Västernorrland: 010-569 40 26</p>
<p>Kommunikatör i tjänst igen från klockan 07:00 i morgon.</p>",Norrbotten / Övriga Sverige,no_incident_keywords
189977,2021-02-24,Övrigt,Ingen kommunikatör i tjänst under natten.,"<p>Händelsenotiser på polisen.se och samtal från journalister hanteras i mån av tid av befälen på regionledningscentralen (RLC).</p>
<p>Telefonnummer till RLC-befäl</p>
<p>Jämtland: 010-569 40 27</p>
<p>Norrbotten: 010-569 40 28</p>
<p>Västerbotten: 010-569 40 25</p>
<p>Västernorrland: 010-569 40 26</p>
<p>Kommunikatör i tjänst igen från klockan 07:00 i morgon.</p>",Övriga Sverige,no_incident_keywords
190091,2021-02-25,Övrigt,Ingen kommunikatör i tjänst under natten.,"<p>Händelsenotiser på polisen.se och samtal från journalister hanteras i mån av tid av befälen på regionledningscentralen (RLC).</p>
<p>Telefonnummer till RLC-befäl</p>
<p>Jämtland: 010-569 40 27</p>
<p>Norrbotten: 010-569 40 28</p>
<p>Västerbotten: 010-569 40 25</p>
<p>Västernorrland: 010-569 40 26</p>
<p>Kommunikatör i tjänst igen från klockan 07:00 i morgon.</p>",Övriga Sverige,no_incident_keywords
190207,2021-02-26,Övrigt,Ingen kommunikatör i tjänst under natten.,"<p><strong></strong></p>
<p>Händelsenotiser på polisen.se och samtal från journalister hanteras i mån av tid av befälen på regionledningscentralen (RLC).</p>
<p>Telefonnummer till RLC-befäl</p>
<p>Jämtland: 010-569 40 27</p>
<p>Norrbotten: 010-569 40 28</p>
<p>Västerbotten: 010-569 40 25</p>
<p>Västernorrland: 010-569 40 26</p>
<p>Kommunikatör i tjänst igen från klockan 07:00 i morgon.</p>",Övriga Sverige,no_incident_keywords
190749,2021-03-03,Övrigt,Ingen kommunikatör i tjänst under natten.,"<p>Händelsenotiser på polisen.se och samtal från journalister hanteras i mån av tid av befälen på regionledningscentralen (RLC).</p>
<p>Telefonnummer till RLC-befäl</p>
<p>Jämtland: 010-569 40 27</p>
<p>Norrbotten: 010-569 40 28</p>
<p>Västerbotten: 010-569 40 25</p>
<p>Västernorrland: 010-569 40 26</p>
<p>Kommunikatör i tjänst igen från klockan 07:00 i morgon.</p>",Norrbotten / Övriga Sverige,no_incident_keywords
190870,2021-03-04,Övrigt,Ingen kommunikatör i tjänst under natten.,"<p>Händelsenotiser på polisen.se och samtal från journalister hanteras i mån av tid av befälen på regionledningscentralen (RLC).</p>
<p>Telefonnummer till RLC-befäl</p>
<p>Jämtland: 010-569 40 27</p>
<p>Norrbotten: 010-569 40 28</p>
<p>Västerbotten: 010-569 40 25</p>
<p>Västernorrland: 010-569 40 26</p>
<p>Kommunikatör i tjänst igen från klockan 07:00 i morgon.</p>",Norrbotten / Övriga Sverige,no_incident_keywords
191039,2021-03-06,Övrigt,Ingen kommunikatör i tjänst under kvällen och natten.,"<p>Händelsenotiser på polisen.se och samtal från journalister hanteras i mån av tid av befälen på regionledningscentralen (RLC).</p>
<p>Telefonnummer till RLC-befäl</p>
<p>Jämtland: 010-569 40 27</p>
<p>Norrbotten: 010-569 40 28</p>
<p>Västerbotten: 010-569 40 25</p>
<p>Västernorrland: 010-569 40 26</p>
<p>Kommunikatör i tjänst igen från klockan 07:00 i morgon.</p>",Övriga Sverige,no_incident_keywords
191037,2021-03-06,Övrigt,Ingen kommunikatör i tjänst under kvällen och natten.,"<p>Händelsenotiser på polisen.se och samtal från journalister hanteras i mån av tid av befälen på regionledningscentralen (RLC).</p>
<p>Telefonnummer till RLC-befäl</p>
<p>Jämtland: 010-569 40 27</p>
<p>Norrbotten: 010-569 40 28</p>
<p>Västerbotten: 010-569 40 25</p>
<p>Västernorrland: 010-569 40 26</p>
<p>Kommunikatör i tjänst igen från klockan 07:00 i morgon.</p>",Norrbotten / Övriga Sverige,no_incident_keywords
191111,2021-03-07,Övrigt,Ingen kommunikatör i tjänst under kvällen och natten.,"<p>Händelsenotiser på polisen.se och samtal från journalister hanteras i mån av tid av befälen på regionledningscentralen (RLC).</p>
<p>Telefonnummer till RLC-befäl</p>
<p>Jämtland: 010-569 40 27</p>
<p>Norrbotten: 010-569 40 28</p>
<p>Västerbotten: 010-569 40 25</p>
<p>Västernorrland: 010-569 40 26</p>
<p>Kommunikatör i tjänst igen från klockan 07:00 i morgon.</p>",Övriga Sverige,no_incident_keywords
191329,2021-03-09,Övrigt,Ingen kommunikatör i tjänst under natten.,"<p>Händelsenotiser på polisen.se och samtal från journalister hanteras i mån av tid av befälen på regionledningscentralen (RLC).</p>
<p>Telefonnummer till RLC-befäl</p>
<p>Jämtland: 010-569 40 27</p>
<p>Norrbotten: 010-569 40 28</p>
<p>Västerbotten: 010-569 40 25</p>
<p>Västernorrland: 010-569 40 26</p>
<p>Kommunikatör i tjänst igen från klockan 07:00 i morgon.</p>",Övriga Sverige,no_incident_keywords
192201,2021-03-17,Övrigt,Ingen kommunikatör i tjänst under natten.,"<p>Händelsenotiser på polisen.se och samtal från journalister hanteras i mån av tid av befälen på regionledningscentralen (RLC).</p>
<p>Telefonnummer till RLC-befäl</p>
<p>Jämtland: 010-569 40 27</p>
<p>Norrbotten: 010-569 40 28</p>
<p>Västerbotten: 010-569 40 25</p>
<p>Västernorrland: 010-569 40 26</p>
<p>Kommunikatör i tjänst igen från klockan 07:00 i morgon.</p>",Norrbotten / Övriga Sverige,no_incident_keywords
192301,2021-03-18,Övrigt,Ingen kommunikatör i tjänst under natten.,"<p>Händelsenotiser på polisen.se och samtal från journalister hanteras i mån av tid av befälen på regionledningscentralen (RLC).</p>
<p>Telefonnummer till RLC-befäl</p>
<p>Jämtland: 010-569 40 27</p>
<p>Norrbotten: 010-569 40 28</p>
<p>Västerbotten: 010-569 40 25</p>
<p>Västernorrland: 010-569 40 26</p>
<p>Kommunikatör i tjänst igen från klockan 07:00 i morgon.</p>",Norrbotten / Övriga Sverige,no_incident_keywords
192422,2021-03-19,Övrigt,Ingen kommunikatör i tjänst under natten,"<p>Händelsenotiser på polisen.se och samtal från journalister hanteras i mån av tid av befälen på regionledningscentralen (RLC).</p>
<p>Telefonnummer till RLC-befäl</p>
<p>Jämtland: 010-569 40 27</p>
<p>Norrbotten: 010-569 40 28</p>
<p>Västerbotten: 010-569 40 25</p>
<p>Västernorrland: 010-569 40 26</p>
<p>Kommunikatör i tjänst igen från klockan 07:00 i morgon.</p>",Norrbotten / Övriga Sverige,no_incident_keywords
192419,2021-03-19,Övrigt,Ingen kommunikatör i tjänst under natten.,"










<p>Norrbotten</p>
<p>Ingen kommunikatör i tjänst.  Polisen.se/händelsenotiser och samtal från media hanteras i mån av tid av befälen på RLC. Media hänvisas att ringa 010-569 40 28.</p>

<p>Kommunikatör ”namn” i tjänst från ”dag och tid”   </p>


<p>Västerbotten</p>
<p>Ingen kommunikatör i tjänst,  Polisen.se/händelsenotiser och samtal från media hanteras i mån av tid av befälen på RLC. Media hänvisas att ringa 010-569 40 25.</p>

<p>Kommunikatör ”namn” i tjänst från ”dag och tid”                                         </p>


<p>Västernorrland</p>
<p>Ingen kommunikatör i tjänst. Polisen.se/händelsenotiser och samtal från media hanteras i mån av tid av befälen på RLC. Media hänvisas att ringa 010-569 40 26.                                           </p>

<p>Kommunikatör ”namn” i tjänst från ”dag och tid”                                         </p>


<p>Jämtland</p>
<p>Ingen kommunikatör i tjänst.  Polisen.se/händelsenotiser och samtal från media hanteras i mån av tid av befälen på RLC. Media hänvisas att ringa 010-569 40 27.                                                                  </p>

<p>Kommunikatör ”namn” i tjänst från ”dag och tid”                                         </p>
<p>Händelsenotiser på polisen.se och samtal från journalister hanteras i mån av tid av befälen på regionledningscentralen (RLC).</p>
<p>Telefonnummer till RLC-befäl</p>
<p>Jämtland: 010-569 40 27</p>
<p>Norrbotten: 010-569 40 28</p>
<p>Västerbotten: 010-569 40 25</p>
<p>Västernorrland: 010-569 40 26</p>
<p>Kommunikatör i tjänst igen från klockan 07:00 i morgon.</p>",Övriga Sverige,no_incident_keywords
192483,2021-03-20,Övrigt,Ingen kommunikatör i tjänst under kvällen och natten.,"<p>Händelsenotiser på polisen.se och samtal från journalister hanteras i mån av tid av befälen på regionledningscentralen (RLC).</p>
<p>Telefonnummer till RLC-befäl</p>
<p>Jämtland: 010-569 40 27</p>
<p>Norrbotten: 010-569 40 28</p>
<p>Västerbotten: 010-569 40 25</p>
<p>Västernorrland: 010-569 40 26</p>
<p>Kommunikatör i tjänst igen från klockan 07:00 i morgon.</p>",Norrbotten / Övriga Sverige,no_incident_keywords
192562,2021-03-21,Övrigt,Ingen kommunikatör i tjänst under kvällen och natten.,"<p>Händelsenotiser på polisen.se och samtal från journalister hanteras i mån av tid av befälen på regionledningscentralen (RLC).</p>
<p>Telefonnummer till RLC-befäl</p>
<p>Jämtland: 010-569 40 27</p>
<p>Norrbotten: 010-569 40 28</p>
<p>Västerbotten: 010-569 40 25</p>
<p>Västernorrland: 010-569 40 26</p>
<p>Kommunikatör i tjänst igen från klockan 07:00 i morgon.</p>",Norrbotten / Övriga Sverige,no_incident_keywords
192560,2021-03-21,Övrigt,Ingen kommunikatör i tjänst under kvällen och natten.,"<p>Händelsenotiser på polisen.se och samtal från journalister hanteras i mån av tid av befälen på regionledningscentralen (RLC).</p>
<p>Telefonnummer till RLC-befäl</p>
<p>Jämtland: 010-569 40 27</p>
<p>Norrbotten: 010-569 40 28</p>
<p>Västerbotten: 010-569 40 25</p>
<p>Västernorrland: 010-569 40 26</p>
<p>Kommunikatör i tjänst igen från klockan 07:00 i morgon</p>",Övriga Sverige,no_incident_keywords
192657,2021-03-22,Övrigt,Ingen kommunikatör i tjänst under natten.,"<p>Händelsenotiser på polisen.se och samtal från journalister hanteras i mån av tid av befälen på regionledningscentralen (RLC).</p>
<p>Telefonnummer till RLC-befäl</p>
<p>Jämtland: 010-569 40 27</p>
<p>Norrbotten: 010-569 40 28</p>
<p>Västerbotten: 010-569 40 25</p>
<p>Västernorrland: 010-569 40 26</p>
<p>Kommunikatör i tjänst igen från klockan 07:00 i morgon.</p>",Norrbotten / Övriga Sverige,no_incident_keywords
192761,2021-03-23,Övrigt,Ingen kommunikatör i tjänst under natten.,"<p>Händelsenotiser på polisen.se och samtal från journalister hanteras i mån av tid av befälen på regionledningscentralen (RLC).</p>
<p>Telefonnummer till RLC-befäl</p>
<p>Jämtland: 010-569 40 27</p>
<p>Norrbotten: 010-569 40 28</p>
<p>Västerbotten: 010-569 40 25</p>
<p>Västernorrland: 010-569 40 26</p>
<p>Kommunikatör i tjänst igen från klockan 07:00 i morgon.</p>",Norrbotten / Övriga Sverige,no_incident_keywords
192895,2021-03-24,Övrigt,Ingen kommunikatör i tjänst under natten.,"<p>Händelsenotiser på polisen.se och samtal från journalister hanteras i mån av tid av befälen på regionledningscentralen (RLC).</p>
<p>Telefonnummer till RLC-befäl</p>
<p>Jämtland: 010-569 40 27</p>
<p>Norrbotten: 010-569 40 28</p>
<p>Västerbotten: 010-569 40 25</p>
<p>Västernorrland: 010-569 40 26</p>
<p>Kommunikatör i tjänst igen från klockan 07:00 i morgon.</p>",Norrbotten / Övriga Sverige,no_incident_keywords
193052,2021-03-25,Övrigt,Ingen kommunikatör i tjänst under natten.,"<p>Händelsenotiser på polisen.se och samtal från journalister hanteras i mån av tid av befälen på regionledningscentralen (RLC).</p>
<p>Telefonnummer till RLC-befäl</p>
<p>Jämtland: 010-569 40 27</p>
<p>Norrbotten: 010-569 40 28</p>
<p>Västerbotten: 010-569 40 25</p>
<p>Västernorrland: 010-569 40 26</p>
<p>Kommunikatör i tjänst igen från klockan 07:00 i morgon.</p>",Övriga Sverige,no_incident_keywords
199227,2021-05-21,Övrigt,Ingen kommunikatör i tjänst under natten.,"<p>Händelsenotiser på polisen.se och samtal från journalister hanteras i mån av tid av befälen på regionledningscentralen (RLC).</p>
<p>Telefonnummer till RLC-befäl</p>
<p>Jämtland: 010-569 40 27</p>
<p>Norrbotten: 010-569 40 28</p>
<p>Västerbotten: 010-569 40 25</p>
<p>Västernorrland: 010-569 40 26</p>
<p>Kommunikatör i tjänst igen från klockan 07:00 i morgon.</p>",Norrbotten / Övriga Sverige,no_incident_keywords
199744,2021-05-26,Övrigt,Ingen kommunikatör i tjänst under natten.,"<p>Händelsenotiser på polisen.se och samtal från journalister hanteras i mån av tid av befälen på regionledningscentralen (RLC).</p>
<p>Telefonnummer till RLC-befäl</p>
<p>Jämtland: 010-569 40 27</p>
<p>Norrbotten: 010-569 40 28</p>
<p>Västerbotten: 010-569 40 25</p>
<p>Västernorrland: 010-569 40 26</p>
<p>Kommunikatör i tjänst igen från klockan 07:00 i morgon.</p>",Norrbotten / Övriga Sverige,no_incident_keywords
200256,2021-05-31,Övrigt,Ingen kommunikatör i tjänst under natten.,"<p>Händelsenotiser på polisen.se och samtal från journalister hanteras i mån av tid av befälen på regionledningscentralen (RLC).</p>
<p>Telefonnummer till RLC-befäl</p>
<p>Jämtland: 010-569 40 27</p>
<p>Norrbotten: 010-569 40 28</p>
<p>Västerbotten: 010-569 40 25</p>
<p>Västernorrland: 010-569 40 26</p>
<p>Kommunikatör i tjänst igen från klockan 07:00 i morgon.</p>",Norrbotten / Övriga Sverige,no_incident_keywords
200382,2021-06-01,Övrigt,Ingen kommunikatör i tjänst under natten.,"<p>Händelsenotiser på polisen.se och samtal från journalister hanteras i mån av tid av befälen på regionledningscentralen (RLC).</p>
<p>Telefonnummer till RLC-befäl</p>
<p>Jämtland: 010-569 40 27</p>
<p>Norrbotten: 010-569 40 28</p>
<p>Västerbotten: 010-569 40 25</p>
<p>Västernorrland: 010-569 40 26</p>
<p>Kommunikatör i tjänst igen från klockan 07:00 i morgon.</p>",Norrbotten / Övriga Sverige,no_incident_keywords
204858,2021-07-13,Övrigt,Ingen kommunikatör i tjänst,"<p>Ingen kommunikatör i tjänst under natten.</p>
<p>Händelsenotiser på polisen.se och samtal från journalister hanteras i mån av tid av befälen på regionledningscentralen (RLC).</p>
<p>Telefonnummer till RLC-befäl</p>
<p>Jämtland: 010-569 40 27</p>
<p>Norrbotten: 010-569 40 28</p>
<p>Västerbotten: 010-569 40 25</p>
<p>Västernorrland: 010-569 40 26</p>
<p>Kommunikatör i tjänst igen från klockan 07:00 i morgon</p>",Norrbotten / Övriga Sverige,no_incident_keywords
