event_id,date,type_original,headline,content,geography_group,review_flag
35505,2017-07-17,Tillfälligt obemannat,Ingen mediakommunikatör i tjänst under kvällen,"Under kvällen finns ingen mediakommunikatör i tjänst. Ring på respektive område (det nummer som används på natten, finns på hemsidan). Vi svarar på mediasamtal och lägger ut notiser i mån av tid.
Polisen Norrbotten","Norrbotten, okänd kommun",possible_admin_non_event
35630,2017-07-18,Tillfälligt obemannat,Ingen mediakommunikatör,"Ikväll har vi ingen mediakommunikatör i tjänst. Vi svara på mediasamtal och lägger ut notiser i mån av tid. Ring det lokala numret så ni hamnar på rätt område (det man ringer på natten, finns på hemsidan).
Polisen Norrbotten","Norrbotten, okänd kommun",possible_admin_non_event
35986,2017-07-21,Övrigt,Under kvällen/natten kommer vi inte ha någon kommunikatör på plats vilket gör att vi kommer ha begränsad möjlighet att svara på mediafrågor.,Polisen Norrbotten,"Norrbotten, okänd kommun",possible_admin_non_event
37107,2017-08-02,Tillfälligt obemannat,"Norrbotten, ingen kommunikatör i tjänst 15:00-07:00","Publicering av notiser och samtal med medierna kommer att hanteras av RLC-befäl i mån av tid.
Telefonnummer till RLC-befäl, polisområde Norrbotten: 010-569 40 28.
Polisen Norrbotten","Norrbotten, okänd kommun",possible_admin_non_event
37330,2017-08-04,Tillfälligt obemannat,"Norrbotten, ingen RLC-kommunikatör i tjänst kl 15:00-07:00","Publicering av notiser och samtal med media kommer att hanteras av RLC-befäl i mån av tid.
Telefonnummer till RLC-befäl Norrbotten: 010-569 40 28.
Polisen Norrbotten","Norrbotten, okänd kommun",possible_admin_non_event
37458,2017-08-05,Tillfälligt obemannat,Ingen presskommunikatör i tjänst 22:00-07:00.,"Publicering av händelsenotiser och mediesamtal hanteras av RLC-befäl i mån av tid.
Telefonnummer till RLC-befäl för Norrbotten: 010-569 40 28.
Polisen Norrbotten","Norrbotten, okänd kommun",possible_admin_non_event
37525,2017-08-06,Tillfälligt obemannat,"Norrbotten, ingen kommunikatör i tjänst 15:00- måndag 07:00.","Publicering av notiser och samtal med medierna kommer att hanteras av RLC-befäl i mån av tid.
Telefonnummer till RLC-befäl, polisområde Norrbotten: 010-569 40 28
 
Polisen Norrbotten","Norrbotten, okänd kommun",possible_admin_non_event
47066,2017-10-30,Övrigt,Polisen arbetar vidare med utredningen på flygplatsen i Gällivare. Brottsrubriceringen är i nuläget brott mot luftfartslagen.,"Platsen är avspärrad och polisen håller förhör. Tekniker kommer att göra en undersökning av platsen. I nuläget finns ingen misstänkt.
Ärendet leds av lokal förundersökningsledare. Mer information i ärendet kommer tidigast kunna lämnas under eftermiddagen idag måndag.
Kontaktperson för media: Kristina Lantto, kommunikatör, tel. 010-568 35 30.<br />
Polisen Norrbotten",Gällivare kommun,mixed_or_incident_check
49486,2017-11-17,Övrigt,"Norrbotten, ingen kommunikatör i tjänst under natten.","Polisen.se/händelsenotiser och samtal från media hanteras i mån av tid av befälen på RLC. Media hänvisas att ringa 010-56 94028 
 
Kommunikatör Markus Isacson är i tjänst från och med lördag kl 06:45.
Polisen Norrbotten","Norrbotten, okänd kommun",possible_admin_non_event
50099,2017-11-22,Övrigt,"Norrbotten, ingen kommunikatör i tjänst under kvällen och natten.","Händelsenotiser på polisen.se och samtal från media hanteras i mån av tid av befälen på regionledningscentralen. Media hänvisas ringa 010-5694028.
Kommunikatör Peder Jonsson är i tjänst från och med torsdag morgon klockan 07:00.
Polisen Norrbotten","Norrbotten, okänd kommun",possible_admin_non_event
51484,2017-12-01,Övrigt,"Norrbotten, ingen kommunikatör i tjänst under eftermiddag och kväll.","Händelsenotiser på polisen.se och samtal från medierna hanteras i mån av tid av befälen på regionsledningscentralen. Media hänvisas att ringa till 010-5694028.
Kommunikatör Peder Jonsson är i tjänst i morgon lördag från och med kl 7.00.
Polisen Norrbotten","Norrbotten, okänd kommun",possible_admin_non_event
51569,2017-12-02,Övrigt,"Norrbotten, ingen kommunikatör i tjänst under eftermiddag och kväll.","Händelsenotiser på polisen.se och samtal från medierna hanteras i mån av tid av befälen på regionsledningscentralen. Media hänvisas att ringa till 010-5694028.
Kommunikatör Peder Jonsson är i tjänst i morgon söndag från och med kl 7.00.
Polisen Norrbotten","Norrbotten, okänd kommun",possible_admin_non_event
51661,2017-12-03,Övrigt,"Norrbotten, ingen kommunikatör i tjänst under eftermiddag och kväll.","Händelsenotiser på polisen.se och samtal från medierna hanteras i mån av tid av befälen på regionsledningscentralen. Media hänvisas att ringa till 010-5694028.
Kommunikatör Marie Andersson är i tjänst i morgon måndag från och med kl 7.00.
Polisen Norrbotten","Norrbotten, okänd kommun",possible_admin_non_event
51990,2017-12-05,Övrigt,"Norrbotten, ingen kommunikatör i tjänst kommande dygn","Händelsenotiser på polisen.se och mediesamtal hanteras i mån av tid av befälen på regionsledningscentralen. Media hänvisas att ringa 010-5694028.
Ingen kommunikatör kommer att vara i tjänst under onsdagen. 
Kommunikatör Peder Jonsson är i tjänst från kl 07:00 torsdag.
Polisen Norrbotten","Norrbotten, okänd kommun",possible_admin_non_event
52582,2017-12-09,Övrigt,"Norrbotten, ingen kommunikatör i tjänst under kvällen och natten.","Händelsenotiser på polisen.se och samtal från media hanteras i mån av tid av befälen vid regionledningscentralen. Media hänvisas att ringa 010-5694028.
Kommunikatör Marie Andersson är i tjänst från och med söndag morgon kl 07:00.
Polisen Norrbotten","Norrbotten, okänd kommun",possible_admin_non_event
52729,2017-12-10,Övrigt,"Norrbotten, ingen kommunikatör i tjänst under eftermiddag, kväll","Händelsenotiser på polisen.se och samtal från media hanteras i mån av tid av befälen vid regionledningscentralen. Media hänvisas att ringa 010-5694028.
Kommunikatör Markus Isaksson är i tjänst från och med måndag morgon kl 07:00.
Polisen Norrbotten","Norrbotten, okänd kommun",possible_admin_non_event
53456,2017-12-14,Övrigt,"Norrbotten, ingen kommunikatör i tjänst under natten","Händelsenotiser/polisen.se och samtal från media hanteras i mån av tid av befälen på regionledningscentralen. Media hänvisas att ringa 010-5694028.
Kommunikatör Markus Isacson är i tjänst från fredag morgon kl 07:00.
Polisen Norrbotten","Norrbotten, okänd kommun",possible_admin_non_event
53615,2017-12-15,Övrigt,"Norrbotten, ingen kommunikatör i tjänst under natten","Händelsenotiser/polisen.se och samtal från media hanteras i mån av tid av befälen på regionledningscentralen. Media hänvisas att ringa 010-5694028.
Kommunikatör Markus Isacson är i tjänst från lördag morgon kl 07:00.
Polisen Norrbotten","Norrbotten, okänd kommun",possible_admin_non_event
54287,2017-12-20,Övrigt,"Norrbotten, ingen kommunikatör i tjänst under natten","Händelsenotiser på polisen.se och samtal från media hanteras i mån av tid av befälen på regionledningscentralen. Media hänvisas att ringa 010-5694028.
Kommunikatör Markus Isacson är i tjänst från och med torsdag morgon kl 7:00.
Polisen Norrbotten","Norrbotten, okänd kommun",possible_admin_non_event
54439,2017-12-21,Övrigt,"Norrbotten, ingen kommunikatör i tjänst under natten.","Händelsenotiser på polisen.se och samtal från media hanteras i mån av tid av befälen på regionledningscentralen. Media hänvisas att ringa 010-5694028.
Kommunikatör Börje Öhman är i tjänst från och med fredag morgon kl 7:00.
Polisen Norrbotten","Norrbotten, okänd kommun",possible_admin_non_event
54783,2017-12-25,Övrigt,"Norrbotten, ingen kommunikatör i tjänst under natten","Polisen.se/händelsenotiser och samtal från media hanteras i mån av tid av befälen på RLC. Media hänvisas att ringa 010-569 40 28. 
 
Kommunikatör Markus Isacson är i tjänst från tisdag morgon kl 07:00.
Polisen Norrbotten","Norrbotten, okänd kommun",possible_admin_non_event
54891,2017-12-26,Övrigt,"Norrbotten, ingen kommunikatör i tjänst under natten.","Polisen.se/händelsenotiser och samtal från media hanteras i mån av tid av befälen på RLC. Media hänvisas att ringa 010-569 40 28. 
 
Kommunikatör Börje Öhman är i tjänst från onsdag morgon kl 07:00.
Polisen Norrbotten","Norrbotten, okänd kommun",possible_admin_non_event
55591,2018-01-01,Övrigt,Sammanfattning av ordningsläget under nyårsnatten.,"Antal gripna: 2 (misshandel, olaga hot)<br />Antal omhändertagna för fylleri (LOB): 7<br />Antal händelser i länet mellan klockan 18-06: 142
Sammanfattningsvis en ganska normal nyårsafton.
<strong>Uppdatering 08:35</strong>
En av de gripna anhölls under morgonen av jouråklagare.
Eventuella frågor med anledning av ovanstående besvaras av Peder Jonsson, RLC-kommunikatör, telefon 070-689 02 37.
Polisen Norrbotten","Norrbotten, okänd kommun",mixed_or_incident_check
55637,2018-01-01,Övrigt,"Norrbotten, ingen kommunikatör i tjänst","Polisen.se/händelsenotiser och samtal från media hanteras i mån av tid av befälen på RLC. Media hänvisas att ringa 010-569 40 28.
Kommunikatör Marie Andersson i tjänst från tisdag kl 07:00.
Polisen Norrbotten","Norrbotten, okänd kommun",possible_admin_non_event
56053,2018-01-04,Tillfälligt obemannat,Kommunikatör ej på plats.,"Polisen.se/händelsenotiser och samtal från media hanteras i mån av tid av befälen på RLC. Media hänvisas att ringa 010-569 40 28.
Kommunikatör Markus Isacson i tjänst efter 14.
Polisen Norrbotten","Norrbotten, okänd kommun",possible_admin_non_event
56338,2018-01-06,Övrigt,"Norrbotten, ingen kommunikatör i tjänst","Polisen.se/händelsenotiser och samtal från media hanteras i mån av tid av befälen på RLC. Media hänvisas att ringa 010-569 40 28. 
 
Kommunikatör Marie Andersson i tjänst från 07:00, söndag.
Polisen Norrbotten","Norrbotten, okänd kommun",possible_admin_non_event
56429,2018-01-07,Övrigt,"Norrbotten, ingen kommunikatör i tjänst under kvällen och natten","Polisen.se/händelsenotiser och samtal från media hanteras i mån av tid av befälen på RLC. Media hänvisas att ringa 010-569 40 28. 
 
 
Polisen Norrbotten","Norrbotten, okänd kommun",possible_admin_non_event
56780,2018-01-10,Övrigt,"Norrbotten, ingen kommunikatör i tjänst","Polisen.se/händelsenotiser och samtal från media hanteras i mån av tid av befälen på RLC. Media hänvisas att ringa 010-569 40 28. 
 
Kommunikatör Marie Andersson i tjänst från torsdag kl 07:00
Polisen Norrbotten","Norrbotten, okänd kommun",possible_admin_non_event
56902,2018-01-11,Övrigt,"Norrbotten, ingen kommunikatör i tjänst under kvällen","Polisen.se/händelsenotiser och samtal från media hanteras i mån av tid av befälen på RLC. Media hänvisas att ringa 010-569 40 28. 
 
Kommunikatör Börje Öhman är i tjänst från fredag kl 07:00.
Polisen Norrbotten","Norrbotten, okänd kommun",possible_admin_non_event
57038,2018-01-12,Övrigt,"Norrbotten, ingen kommunikatör i tjänst under natten","Polisen.se/händelsenotiser och samtal från media hanteras i mån av tid av befälen på RLC. Media hänvisas att ringa 010-569 40 28. 
 
Kommunikatör Marie Andersson är i tjänst från lördag kl 07:00.
Polisen Norrbotten","Norrbotten, okänd kommun",possible_admin_non_event
57088,2018-01-13,Övrigt,"Norrbotten, ingen kommunikatör i tjänst under kvällen/natten","Polisen.se/händelsenotiser och samtal från media hanteras i mån av tid av befälen på RLC. Media hänvisas att ringa 010-569 40 28. 
 
Kommunikatör Markus Isacson är i tjänst från söndag kl 07:00.
Polisen Norrbotten","Norrbotten, okänd kommun",possible_admin_non_event
57583,2018-01-17,Övrigt,"Norrbotten, ingen kommunikatör i tjänst under natten","Polisen.se/händelsenotiser och samtal från media hanteras i mån av tid av befälen på RLC. Media hänvisas att ringa 010-569 40 28.
Kommunikatör Markus Isacson är i tjänst från torsdag kl 07:00.
Polisen Norrbotten","Norrbotten, okänd kommun",possible_admin_non_event
57734,2018-01-18,Övrigt,"Norrbotten, ingen kommunikatör i tjänst under natten","Polisen.se/händelsenotiser och samtal från media hanteras i mån av tid av befälen på RLC. Media hänvisas att ringa 010-569 40 28.
Kommunikatör Peder Jonsson är i tjänst från fredag kl 07:00.
Polisen Norrbotten","Norrbotten, okänd kommun",possible_admin_non_event
58165,2018-01-22,Övrigt,"Norrbotten, ingen kommunikatör i tjänst under natten","Polisen.se/händelsenotiser och samtal från media hanteras i mån av tid av befälen på RLC. Media hänvisas att ringa 010-5694028.
Kommunikatör Liv Fahlén är i tjänst från tisdag morgon kl 07:00.
Polisen Norrbotten","Norrbotten, okänd kommun",possible_admin_non_event
58320,2018-01-23,Övrigt,"Norrbotten, ingen kommunikatör i tjänst under natten","Polisen.se/händelsenotiser och samtal från media hanteras i mån av tid av befälen på RLC. Media hänvisas att ringa 010-5694028.
Kommunikatör Börje Öhman är i tjänst från onsdag morgon kl 07:00.
Polisen Norrbotten","Norrbotten, okänd kommun",possible_admin_non_event
58883,2018-01-29,Övrigt,"Luleå, misstänkt sexköp.","Efter inre och yttre spaning har polisen kunnat rapportera två män, födda 1993 och 1973 för misstanke om brott mot sexköpslagen. Polisen har under flera år haft bra samarbeten med olika hotell/ vandrarhem och campingar för att få stopp på sexköpshandeln. 
Polisen håller regelbundna utbildningar för servicepersonal för att de ska veta vad och hur de ska agera vid misstanke om sexköp. 
Hela händelsen utspelade sig idag, måndag vid lunchtid, på en camping i Luleå området. Två kvinnor i 30- års åldern befann sig i en stuga tillsammans med en av männen. Polisen avbröt brottshandlingen när de knackade på dörren. 
Polisen har nu hållit förhör med misstänkta personer samt med de två kvinnorna. Den andra mannen kommer att rapporteras samt höras längre fram. Sexköp ses redan på försöksstadiet som en brottslig handling som kan ge böter.
Ärendet kommer att redovisas för åklagare. 
Mediekontakt: Maria Jakobsson, kommunikatör tel: 070-2525673
Polisen Norrbotten",Luleå kommun,mixed_or_incident_check
59586,2018-02-03,Övrigt,"Norrbotten, ingen kommunikatör i tjänst under eftermiddagen, natten","Polisen.se/händelsenotiser och samtal från media hanteras i mån av tid av befälen på RLC. Media hänvisas att ringa 010-569 40 28.  
Kommunikatör Marie Andersson i tjänst från söndag morgon 07:00. 
Polisen Norrbotten","Norrbotten, okänd kommun",possible_admin_non_event
59677,2018-02-04,Övrigt,"Norrbotten, ingen kommunikatör i tjänst under kvällen, natten","Polisen.se/händelsenotiser och samtal från media hanteras i mån av tid av befälen på RLC. Media hänvisas att ringa 010-569 40 28.  
Kommunikatör Börje Öhman i tjänst från måndag morgon kl 07:00. 
Polisen Norrbotten","Norrbotten, okänd kommun",possible_admin_non_event
59937,2018-02-06,Tillfälligt obemannat,Ingen mediakommunikatör i tjänst,"Under kvällen och natten finns ingen medíakommunikatör i tjänst på RLC Nord. Information till media lämnas främst på hemsidan. I mån av tid svarar RLC befäl i telefon. Tänk på att ring telefonnumret direkt till resp polisområde. Numret finns på hemsidan.
Polisen Norrbotten","Norrbotten, okänd kommun",possible_admin_non_event
60412,2018-02-09,Övrigt,"Norrbotten, ingen kommunikatör i tjänst under natten","Polisen.se/händelsenotiser och samtal från media hanteras i mån av tid av befälen på RLC. Media hänvisas att ringa 010-569 40 28. 
Kommunikatör Liv Fahlén i tjänst från lördag morgon klockan 07:00. 
Polisen Norrbotten","Norrbotten, okänd kommun",possible_admin_non_event
60937,2018-02-14,Tillfälligt obemannat,Ingen mediakommunikatör i tjänst under kvällen /natten,"Ikväll har RLC Nord ingen mediakommunikatör i tjänst. RLC Befäl svarar i telefon i mån av tid. Tänk på att ring till respektive polisområde (telefonnummer finns på hemsidan).
Polisen Norrbotten","Norrbotten, okänd kommun",possible_admin_non_event
61050,2018-02-15,Övrigt,"Norrbotten, ingen kommunikatör i tjänst under kvällen, natten","Polisen.se/händelsenotiser och samtal från media hanteras i mån av tid av befälen på RLC. Media hänvisas att ringa 010-569 40 28.  
Kommunikatör Peder Jonsson är i tjänst från fredag morgon klockan 07:00.
Polisen Norrbotten","Norrbotten, okänd kommun",possible_admin_non_event
63984,2018-03-03,Övrigt,"Norrbotten, ingen kommunikatör i tjänst under eftermiddagen/natten",<p>Polisen.se/händelsenotiser och samtal från medier hanteras i mån av tid av befälen på RLC. Media hänvisas att ringa 010-5694028.</p>,"Norrbotten, okänd kommun",possible_admin_non_event
64093,2018-03-04,Övrigt,"Norrbotten, ingen kommunikatör i tjänst under kvällen/natten","<p>Polisen.se/händelsenotiser och samtal från medier hanteras i mån av tid av befälen på RLC. Media hänvisas att ringa 010-5694028.</p>
<p>Kommunikatör Liv Fahlén jobbar från kl 07:00 måndag.</p>","Norrbotten, okänd kommun",possible_admin_non_event
64851,2018-03-09,Övrigt,"Norrbotten, ingen kommunikatör i tjänst under natten","<p>Polisen.se/händelsenotiser och samtal från media hanteras i mån av tid av befälen på RLC. Media hänvisas att ringa 010-5694028.</p>
<p>Kommunikatör Liv Fahlén är i tjänst från lördag kl 07:00.</p>","Norrbotten, okänd kommun",possible_admin_non_event
65406,2018-03-14,Övrigt,"Norrbotten, ingen kommunikatör i tjänst under natten","<p>Polisen.se/händelsenotiser och samtal från media hanteras i mån av tid av befälen på RLC (regionledningscentralen). Media hänvisas att ringa 010-5694028.</p>
<p>Kommunikatör Börje Öhman är i tjänst från torsdag kl 07:00.</p>","Norrbotten, okänd kommun",possible_admin_non_event
65538,2018-03-15,Övrigt,"Norrbotten, ingen kommunikatör i tjänst under natten","<p>Polisen.se/händelsenotiser och samtal från media hanteras i mån av tid av befälen på RLC. Media hänvisas att ringa 010-56 94028.</p>
<p>Kommunikatör Börje Öhman i tjänst från fredag kl 07:00.                                        </p>
","Norrbotten, okänd kommun",possible_admin_non_event
67362,2018-03-30,Tillfälligt obemannat,Ingen mediakommunikatör i tjänst under kvällen/natten,"<p>Under kvällen och natten finns ingen mediakommunikatör i tjänst. RLC-befäl uppdaterar bloggen och svarar i telefon i mån av tid. Ring till respektive polisområde. Nummer dit finns på hemsidan.</p>
<p>Mediakommunikatör åter imorgon 07:00.</p>","Norrbotten, okänd kommun",possible_admin_non_event
67456,2018-03-31,Övrigt,"Norrbotten, ingen kommunikatör i tjänst under kvällen/natten","<p>Polisen.se/händelsenotiser och samtal från media hanteras i mån av tid av befälen på RLC. Media hänvisas ringa 010-5694028.</p>
<p>Kommunikatör Marie Andersson är i tjänst från söndag kl 07:00.</p>","Norrbotten, okänd kommun",possible_admin_non_event
67546,2018-04-01,Övrigt,"Norrbotten, ingen kommunikatör i tjänst under kvällen/natten","<p>Polisen.se/händelsenotiser och samtal från media hanteras i mån av tid av befälen på RLC. Media hänvisas att ringa 010-5694028.</p>
<p>Kommunikatör Liv Fahlén är i tjänst från måndag kl 07:00.</p>","Norrbotten, okänd kommun",possible_admin_non_event
67850,2018-04-04,Övrigt,"Norrbotten, ingen kommunikatör i tjänst under kvällen/natten","<p>Polisen.se/händelsenotiser och samtal från media hanteras i mån av tid av befälen på regionledningscentralen (RLC). Media hänvisas ringa 010-5694028.</p>
<p>Kommunikatör Marie Andersson är i tjänst från torsdag kl 07:00.</p>","Norrbotten, okänd kommun",possible_admin_non_event
68127,2018-04-06,Övrigt,"Norrbotten, ingen kommunikatör i tjänst under natten","<p>Polisen.se/händelsenotiser och samtal från media hanteras i mån av tid av befälen på regionledningscentralen. Media hänvisas att ringa 010-56 94028.</p>

<p>Kommunikatör Liv Fahlén är i tjänst från lördag kl 07:00.                                      </p>
","Norrbotten, okänd kommun",possible_admin_non_event
68702,2018-04-11,Övrigt,"Norrbotten, ingen kommunikatör i tjänst under natten","<p>Polisen.se/händelsenotiser och samtal från media hanteras i mån av tid av befälen på RLC. Media hänvisas att ringa 010-56 94028. </p>
<p>Kommunikatör Liv Fahlén är i tjänst från torsdag kl 07:00.                                      </p>
","Norrbotten, okänd kommun",possible_admin_non_event
69216,2018-04-16,Övrigt,"Norrbotten, ingen kommunikatör på plats under kvällen/natten","<p>Polisen.se/händelsenotiser och samtal från media hanteras i mån av tid av befälen på regionledningscentralen. Media hänvisas att ringa 010-56 94028. </p>
<p>Kommunikatör Marie Andersson är i tjänst från tisdag kl 07:00.                                     </p>","Norrbotten, okänd kommun",possible_admin_non_event
70560,2018-04-28,Övrigt,"Norrbotten, ingen kommunikatör i tjänst under kvällen/natten","<p>Polisen.se/händelsenotiser och samtal från media hanteras i mån av tid av befälen på RLC. Media hänvisas ringa 010-5694028.</p>
<p>Kommunikatör Marie Andersson är i tjänst från och med söndag kl 07:00.</p>

","Norrbotten, okänd kommun",possible_admin_non_event
70807,2018-05-01,Övrigt,Här kommer polisen att uppdatera informationen om arbetet under 1 maj i Boden.  Läget uppdateras med senaste nytt överst på sidan.,"<p><strong>17:50:</strong></p>
<p>Sammanfattning 1 maj Boden: </p>
<p>Dagens demonstrationer och allmänna sammankomster har kunnat genomföras utan större ordningsstörningar.</p>
<p>Under dagen har tre personer gripits, en misstänkt för våld mot tjänsteman, och två för brott mot maskeringsförbudslagen. Alla gripna är nu släppta.</p>
<p>Två anmälningar om brott mot ordningslagen gällande icke tillståndsgivna demonstrationer.</p>
<p>En anmälan har upprättats gällande hets mot folkgrupp.</p>
<p>Totalt 7 personer avlägsnades eller omhändertogs för ordningsstörningar enligt polislagens 13§.</p>
<p>Det kan eventuellt komma att upprättas fler anmälningar i efterhand.</p>
<p>- Insatsen har från vår sida kunnat genomföras enligt plan. Det har varit mycket folk i rörelse under dagen, men poliserna på plats har hanterat situationen på ett mycket bra sätt och sett till att alla har fått genomföra sina allmänna sammankomster, säger Per Karlsson, kommenderingschef. </p>
<p>- Vi vill tacka våra samverkanspartners för ett gott genomförande, avslutar Per Karlsson.<br /> </p>
<p><strong>Mediekontakter</strong></p>
<p>Polisens två presstalespersoner har nu avslutat sin dag och kommer inte att kunna svara på frågor hädanefter. Eventuella frågor från media från och med i morgon onsdag hänvisas till Kristina Lantto, kommunikatör, 010-568 35 30.</p>

<p><strong>14:40</strong></p>
<p>Kl. 12:35 greps en man född 1990 i nuläget misstänkt för våld mot tjänsteman i samband med ordningstörningar mot NMR:s demonstrationståg.</p>
<p><strong>13:15</strong></p>
<p>NMR:s tåg är framme vid sin demonstrationsplats. Vissa ordningsstörningar i samband med demonstrationståget har förekommit.</p>
<p>Avspärrningarna av Medborgarplatsen kommer att hävas.</p>
<p>Manifestationen mot antisemitism och antisionism är avslutad och allt gick lugnt tillväga. Övriga allmänna sammankomster fortsätter.</p>
<p><strong>12:55</strong></p>
<p>Vänsterpartiets demonstrationståg gick utan störningar.</p>
<p>NMR:s tåg pågår, fick pausa då det uppkom mindre konfrontationer mellan motdemonstranter och demonstrationståget. Efter en stund kunde tåget fortsätta.</p>

<p><strong>11:30</strong></p>
<p>De tillståndsgivna allmänna sammankomsterna samlas vid sina platser. Just nu är läget lugnt på alla platser, inga större ordningsstörningar har inrapporterats.</p>

<p><strong>Kl 10:40</strong></p>
<p>Läget är lugnt i Boden just nu.</p>
<p>Polisen har arbetat med att sätta upp de avspärrningar som är aktuella. Avspärrningarna har beslutats i enlighet med § 24 i polislagen. Det innebär inte att området är avspärrat för allmänheten under hela den tiden. Det innebär att polisen kan förhindra tillträde om det skulle uppstå ett behov.</p>
<p>Polisen vill påminna om att det under vissa tider idag den 1:a maj kommer vara begränsad tillgänglighet kring de centrala delarna av. Det är då viktigt att man följer de anvisningar och direktiv som ges av de poliser som finns på plats.</p>
",Bodens kommun,mixed_or_incident_check
70933,2018-05-02,Övrigt,"Norrbotten, ingen kommunikatör i tjänst under kvällen","<p>Polisen.se/händelsenotiser och samtal från media hanteras i mån av tid av befälen vid regionledningscentralen. Media hänvisas att ringa 010-5694028.</p>
<p>Kommunikatör Börje Öhman är i tjänst från torsdag kl 07:00.</p>","Norrbotten, okänd kommun",possible_admin_non_event
71209,2018-05-04,Övrigt,"Norrbotten, ingen kommunikatör i tjänst under natten","<p>Polisen.se/händelsenotiser och samtal från media hanteras i mån av tid av befälen på regionledningscentralen. Media hänvisas att ringa 010-5694028.</p>
<p>Kommunikatör Liv Fahlén är i tjänst från lördag kl 07:00.</p>","Norrbotten, okänd kommun",possible_admin_non_event
71796,2018-05-09,Övrigt,"Norrbotten, ingen kommunikatör i tjänst under natten","<p>Polisen.se/händelsenotiser och samtal från media hanteras i mån av tid av befälen på regionledningscentralen. Media hänvisas att ringa 010-5694028.</p>
<p>Kommunikatör Liv Fahlén är i tjänst från torsdag kl 07:00.</p>","Norrbotten, okänd kommun",possible_admin_non_event
72305,2018-05-14,Övrigt,"Norrbotten, ingen kommunikatör i tjänst under natten","<p>Polisen.se/händelsenotiser och samtal från media hanteras i mån av tid av befälen på regionledningscentralen. Media hänvisas att ringa 010-5694028.</p>
<p>Kommunikatör Peder Jonsson är i tjänst från tisdag kl 07:00.</p>
","Norrbotten, okänd kommun",possible_admin_non_event
73819,2018-05-26,Övrigt,"Norrbotten, ingen kommunikatör i tjänst under kvällen/natten","<p>Polisen.se/händelsenotiser och samtal från media hanteras i mån av tid av befälen på RLC. Media hänvisas att ringa 010-5694028</p>
<p>Kommunikatör Marie Andersson är i tjänst från söndag klockan 07:00.</p>","Norrbotten, okänd kommun",possible_admin_non_event
73925,2018-05-27,Övrigt,"Norrbotten, ingen kommunikatör i tjänst under kväll/natt","<p>Polisen.se/händelsenotiser och samtal från media hanteras i mån av tid av befälen på RLC. Media hänvisas att ringa 010-5694028.</p>
<p>Kommunikatör Peder Jonsson är i tjänst från måndag kl 07:00.                               </p>","Norrbotten, okänd kommun",possible_admin_non_event
74639,2018-06-01,Övrigt,"Norrbotten, ingen kommunikatör i tjänst under natten","<p>Polisen.se/händelsenotiser och samtal från media hanteras i mån av tid av befälen på RLC. Media hänvisas att ringa 010-56 94028. </p>
<p>Kommunikatör Liv Fahlén är i tjänst från lördag kl 07:00.                                       </p>

","Norrbotten, okänd kommun",possible_admin_non_event
75341,2018-06-07,Övrigt,"Norrbotten, ingen kommunikatör i tjänst under natten","<p>Polisen.se/händelsenotiser och samtal från media hanteras i mån av tid av befälen på RLC. Media hänvisas att ringa 010-56 94028.</p>
<p>Kommunikatör Peder Jonsson i tjänst från fredag kl 07:00.</p>","Norrbotten, okänd kommun",possible_admin_non_event
75802,2018-06-11,Övrigt,"Norrbotten, ingen kommunikatör i tjänst under natten","<p>Polisen.se/händelsenotiser och samtal från media hanteras i mån av tid av befälen på RLC. Media hänvisas att ringa 010-56 94028.  </p>
<p>Kommunikatör Peder Jonsson är i tjänst från tisdag kl 07:00.                                        </p>
","Norrbotten, okänd kommun",possible_admin_non_event
75939,2018-06-12,Övrigt,"Norrbotten, ingen kommunikatör i tjänst under natten","<p>Polisen.se/händelsenotiser och samtal från media hanteras i mån av tid av befälen på RLC. Media hänvisas att ringa 010-5694028.  </p>
<p>Kommunikatör Börje Öhman är i tjänst från onsdag kl 07:00.                                   </p>
","Norrbotten, okänd kommun",possible_admin_non_event
76259,2018-06-15,Övrigt,"Norrbotten, ingen kommunikatör i tjänst under eftermiddagen/kvällen","<p>Polisen.se/händelsenotiser och samtal från media hanteras i mån av tid av befälen på RLC. Media hänvisas att ringa 010-5694028.</p>
<p>Kommunikatör Börje Öhman är i tjänst från lördag kl 07:00.                              </p>
","Norrbotten, okänd kommun",possible_admin_non_event
76506,2018-06-18,Övrigt,"Norrbotten, ingen kommunikatör i tjänst under eftermiddagen/kvällen","<p>Polisen.se/händelsenotiser och samtal från media hanteras i mån av tid av befälen på RLC. Media hänvisas att ringa 010-56 94028. </p>
<p>Kommunikatör Marie Andersson är i tjänst från tisdag kl 07:00.</p>","Norrbotten, okänd kommun",possible_admin_non_event
76634,2018-06-19,Övrigt,"Norrbotten, ingen kommunikatör i tjänst under eftermiddagen/kvällen","<p>Polisen.se/händelsenotiser och samtal från media hanteras i mån av tid av befälen på RLC. Media hänvisas att ringa 010-56 94028.</p>
<p>Kommunikatör Börje Öhman är i tjänst från onsdag kl 07:00.                                  </p>

","Norrbotten, okänd kommun",possible_admin_non_event
77062,2018-06-23,Övrigt,"Norrbotten, ingen kommunikatör i tjänst under eftermiddagen/kvällen","<p>Polisen.se/händelsenotiser och samtal från media hanteras i mån av tid av befälen på RLC. Media hänvisas att ringa 010-56 94028.  </p>
<p>Kommunikatör Marie Andersson är i tjänst från söndag kl 07:00.                                         </p>","Norrbotten, okänd kommun",possible_admin_non_event
77155,2018-06-24,Övrigt,"Norrbotten, ingen kommunikatör i tjänst under eftermiddagen och kvällen","<p>Polisen.se/händelsenotiser och samtal från media hanteras i mån av tid av befälen på RLC. Media hänvisas att ringa 010-56 94028.  </p>
<p>Kommunikatör Maria Stigenius är i tjänst från måndag kl 07:00.  </p>","Norrbotten, okänd kommun",possible_admin_non_event
77257,2018-06-25,Övrigt,"Norrbotten, ingen kommunikatör i tjänst under eftermiddagen och kvällen.","<p>Polisen.se/händelsenotiser och samtal från media hanteras i mån av tid av befälen på RLC. <br />Media hänvisas att ringa 010-56 94028.  </p>
<p>Kommunikatör Marie Andersson är i tjänst från tisdag kl 07:00. </p>

","Norrbotten, okänd kommun",possible_admin_non_event
77342,2018-06-26,Övrigt,"Norrbotten, ingen kommunikatör i tjänst under eftermiddagen/kvällen","<p>Polisen.se/händelsenotiser och samtal från media hanteras i mån av tid av befälen på RLC. Media hänvisas att ringa 010-56 94028.</p>
<p>Kommunikatör Marie Andersson är i tjänst från onsdag kl 7:00.                                 </p>
","Norrbotten, okänd kommun",possible_admin_non_event
77445,2018-06-27,Övrigt,"Norrbotten, ingen kommunikatör i tjänst under eftermiddagen/kvällen","<p>Polisen.se/händelsenotiser och samtal från media hanteras i mån av tid av befälen på RLC. Media hänvisas att ringa 010-56 94028.  </p>
<p>Kommunikatör Börje Öhman är i tjänst från torsdag kl 07:00.                                         </p>","Norrbotten, okänd kommun",possible_admin_non_event
77830,2018-07-02,Övrigt,"Norrbotten, ingen kommunikatör i tjänst under eftermiddagen/kvällen","<p>Polisen.se/händelsenotiser och samtal från media hanteras i mån av tid av befälen på RLC. Media hänvisas att ringa 010-56 94028.</p>
<p>Kommunikatör Marie Andersson är i tjänst från tisdag kl 07:00.                                        </p>","Norrbotten, okänd kommun",possible_admin_non_event
77932,2018-07-03,Övrigt,"Norrbotten, ingen kommunikatör i tjänst under eftermiddagen och kvällen","<p>Polisen.se/händelsenotiser och samtal från media hanteras i mån av tid av befälen på RLC. Media hänvisas att ringa 010-56 94028.</p>
<p>Kommunikatör Marie Andersson är i tjänst från onsdag kl 07:00.                           </p>
","Norrbotten, okänd kommun",possible_admin_non_event
78036,2018-07-04,Övrigt,"Norrbotten, ingen kommunikatör i tjänst under eftermiddagen och kvällen","<p>Polisen.se/händelsenotiser och samtal från media hanteras i mån av tid av befälen på RLC. Media hänvisas att ringa 010-56 94028.</p>
<p>Kommunikatör Marie Andersson är i tjänst från torsdag kl 07:00.                                     </p>
","Norrbotten, okänd kommun",possible_admin_non_event
78121,2018-07-05,Övrigt,"Norrbotten, ingen kommunikatör i tjänst under eftermiddagen och kvällen","<p>Polisen.se/händelsenotiser och samtal från media hanteras i mån av tid av befälen på RLC. Media hänvisas att ringa 010-56 94028.</p>
<p>Kommunikatör Marie Andersson är i tjänst från fredag kl 07:00.                            </p>","Norrbotten, okänd kommun",possible_admin_non_event
78246,2018-07-06,Övrigt,"Norrbotten, ingen kommunikatör i tjänst under eftermiddag och kvällen","<p>Polisen.se/händelsenotiser och samtal från media hanteras i mån av tid av befälen på RLC. Media hänvisas att ringa 010-56 94028. </p>
<p>Kommunikatör Börje Öhman är i tjänst från lördag kl 07:00.                               </p>","Norrbotten, okänd kommun",possible_admin_non_event
78496,2018-07-09,Övrigt,"Norrbotten, ingen kommunikatör i tjänst under eftermiddagen och kvällen","<p>Polisen.se/händelsenotiser och samtal från media hanteras i mån av tid av befälen på RLC. Media hänvisas att ringa 010-56 94028.</p>
<p>Kommunikatör Marie Andersson är i tjänst från tisdag kl 07:00.</p>","Norrbotten, okänd kommun",possible_admin_non_event
78618,2018-07-10,Övrigt,"Norrbotten, ingen kommunikatör i tjänst under eftermiddagen och kvällen","<p>Polisen.se/händelsenotiser och samtal från media hanteras i mån av tid av befälen på RLC. Media hänvisas att ringa 010-56 94028. </p>
<p>Kommunikatör Marie Andersson är i tjänst från onsdag kl 07:00.                                    </p>","Norrbotten, okänd kommun",possible_admin_non_event
78737,2018-07-11,Övrigt,"Norrbotten, ingen kommunikatör i tjänst under eftermiddagen och kvällen","<p>Polisen.se/händelsenotiser och samtal från media hanteras i mån av tid av befälen på RLC. Media hänvisas att ringa 010-56 94028.</p>
<p>Kommunikatör Börje Öhman är i tjänst från torsdag kl 07:00.                                     </p>
","Norrbotten, okänd kommun",possible_admin_non_event
83520,2018-08-24,Övrigt,"Norrbotten, ingen kommunikatör i tjänst under natten","<p>Polisen.se/händelsenotiser och samtal från media hanteras i mån av tid av befälen på RLC. Media hänvisas att ringa 010-56 94028.</p>
<p>Kommunikatör Marie Andersson är i tjänst från lördag kl 07:00.                                         </p>
","Norrbotten, okänd kommun",possible_admin_non_event
83599,2018-08-25,Övrigt,"Norrbotten, ingen kommunikatör i tjänst","<p>Polisen.se/händelsenotiser och samtal från media hanteras i mån av tid av befälen på RLC. Media hänvisas att ringa 010-56 94028. </p>
<p>Kommunikatör Marie Andersson är i tjänst från söndag kl 07:00.                                  </p>
","Norrbotten, okänd kommun",possible_admin_non_event
83692,2018-08-26,Övrigt,"Norrbotten, ingen kommunikatör i tjänst","<p>Polisen.se/händelsenotiser och samtal från media hanteras i mån av tid av befälen på RLC. Media hänvisas att ringa 010-56 94028.</p>
<p>Kommunikatör Börje Öhman är i tjänst från måndag kl 07:00.  </p>
","Norrbotten, okänd kommun",possible_admin_non_event
84089,2018-08-29,Övrigt,"Norrbotten, ingen kommunikatör i tjänst","<p>Polisen.se/händelsenotiser och samtal från media hanteras i mån av tid av befälen på RLC. Media hänvisas att ringa 010-56 94028.</p>
<p>Kommunikatör Peder Jonsson är i tjänst från torsdag kl 07:00.</p>
","Norrbotten, okänd kommun",possible_admin_non_event
84276,2018-08-30,Övrigt,"Norrbotten, ingen kommunikatör i tjänst under natten","<p>Polisen.se/händelsenotiser och samtal från media hanteras i mån av tid av befälen på RLC. Media hänvisas att ringa 010-56 94028.</p>
<p>Kommunikatör Börje Öhman är i tjänst från fredag kl 07:00.</p>","Norrbotten, okänd kommun",possible_admin_non_event
84703,2018-09-03,Övrigt,"Norrbotten, ingen kommunikatör i tjänst under natten","<p>Polisen.se/händelsenotiser och samtal från media hanteras i mån av tid av befälen på RLC. Media hänvisas att ringa 010-56 94028.</p>
<p>Kommunikatör Peder Jonsson är i tjänst från tisdag kl 07:00.</p>

","Norrbotten, okänd kommun",possible_admin_non_event
85230,2018-09-07,Övrigt,"Norrbotten, ingen kommunikatör i tjänst","<p>Polisen.se/händelsenotiser och samtal från media hanteras i mån av tid av befälen på RLC. Media hänvisas att ringa 010-56 94028.</p>
<p>Kommunikatör Peder Jonsson är i tjänst från lördag kl 07:00.</p>
","Norrbotten, okänd kommun",possible_admin_non_event
86293,2018-09-15,Övrigt,"Norrbotten, ingen kommunikatör i tjänst","<p>Polisen.se/händelsenotiser och samtal från media hanteras i mån av tid av befälen på RLC. Media hänvisas att ringa 010-56 94028.</p>
<p>Kommunikatör Marie Andersson är i tjänst från söndag kl 07:00.</p>","Norrbotten, okänd kommun",possible_admin_non_event
86397,2018-09-16,Övrigt,"Norrbotten, ingen kommunikatör i tjänst","<p>Polisen.se/händelsenotiser och samtal från media hanteras i mån av tid av befälen på RLC. Media hänvisas att ringa 010-56 94028.</p>
<p>Kommunikatör Liv Fahlén är i tjänst från måndag kl 07:00.</p>
","Norrbotten, okänd kommun",possible_admin_non_event
86900,2018-09-20,Övrigt,"Norrbotten, ingen kommunikatör i tjänst","<p>Polisen.se/händelsenotiser och samtal från media hanteras i mån av tid av befälen på RLC. Media hänvisas att ringa 010-56 94028.</p>
<p>Kommunikatör Liv Fahlén är i tjänst från fredag kl 07:00.</p>
","Norrbotten, okänd kommun",possible_admin_non_event
87111,2018-09-21,Övrigt,"Norrbotten, ingen kommunikatör i tjänst under natten","<p>Polisen.se/händelsenotiser och samtal från media hanteras i mån av tid av befälen på RLC. Media hänvisas att ringa 010-56 94028.</p>
<p>Kommunikatör Liv Fahlén är i tjänst från lördag kl 07:00. </p>
","Norrbotten, okänd kommun",possible_admin_non_event
87399,2018-09-24,Övrigt,"Norrbotten, ingen kommunikatör i tjänst","<p>Polisen.se/händelsenotiser och samtal från media hanteras i mån av tid av befälen på RLC. Media hänvisas att ringa 010-56 94028. </p>
<p>Numret gäller även under tisdag och onsdag.</p>
","Norrbotten, okänd kommun",possible_admin_non_event
88197,2018-10-01,Övrigt,Under natten finns ingen kommunikatör i tjänst vid RLC.,<p>Under natten finns ingen kommunikatör i tjänst vid RLC.</p>,"Norrbotten, okänd kommun",possible_admin_non_event
88333,2018-10-02,Övrigt,Under natten finns ingen kommunikatör i tjänst vid RLC.,<p>Under natten finns ingen kommunikatör i tjänst vid RLC.</p>,"Norrbotten, okänd kommun",possible_admin_non_event
89858,2018-10-13,Övrigt,"Norrbotten, ingen kommunikatör i tjänst","<p>Polisen.se/händelsenotiser och samtal från media hanteras i mån av tid av befälen på RLC. Media hänvisas att ringa 010-56 94028.</p>
<p>Kommunikatör Marie Andersson är i tjänst från söndag kl 07:00.</p>
","Norrbotten, okänd kommun",possible_admin_non_event
89964,2018-10-14,Övrigt,"Norrbotten, ingen kommunikatör i tjänst","<p>Polisen.se/händelsenotiser och samtal från media hanteras i mån av tid av befälen på RLC. Media hänvisas att ringa 010-56 94028.</p>
<p>Kommunikatör Liv Fahlén är i tjänst från måndag kl 07:00. </p>","Norrbotten, okänd kommun",possible_admin_non_event
90606,2018-10-18,Övrigt,"Norrbotten, ingen kommunikatör i tjänst","<p>Polisen.se/händelsenotiser och samtal från media hanteras i mån av tid av befälen på RLC. Media hänvisas att ringa 010-56 94028.</p>
<p>Kommunikatör Malin Axroth är i tjänst från fredag kl 07:00.   </p>
","Norrbotten, okänd kommun",possible_admin_non_event
90747,2018-10-19,Övrigt,"Norrbotten, ingen kommunikatör i tjänst under natten","<p>Polisen.se/händelsenotiser och samtal från media hanteras i mån av tid av befälen på RLC. Media hänvisas att ringa 010-56 94028. </p>
<p>Kommunikatör Liv Fahlén är i tjänst från lördag kl 07:00.</p>
","Norrbotten, okänd kommun",possible_admin_non_event
91387,2018-10-24,Övrigt,"Norrbotten, ingen kommunikatör i tjänst under natten","<p>Polisen.se/händelsenotiser och samtal från media hanteras i mån av tid av befälen på RLC. Media hänvisas att ringa 010-56 94028.</p>
<p>Kommunikatör Liv Fahlén är i tjänst från torsdag kl 07:00.</p>
","Norrbotten, okänd kommun",possible_admin_non_event
91559,2018-10-25,Övrigt,"Norrbotten, ingen kommunikatör i tjänst","<p>Polisen.se/händelsenotiser och samtal från media hanteras i mån av tid av befälen på RLC. Media hänvisas att ringa 010-56 94028. </p>
<p>Kommunikatör Liv Fahlén är i tjänst från fredag kl 07:00.</p>

","Norrbotten, okänd kommun",possible_admin_non_event
92135,2018-10-29,Övrigt,"Norrbotten, ingen kommunikatör i tjänst under natten","<p>Polisen.se/händelsenotiser och samtal från media hanteras i mån av tid av befälen på RLC. Media hänvisas att ringa 010-56 94028.</p>
<p>Kommunikatör Peder Jonsson är i tjänst från tisdag kl 07:00.</p>
","Norrbotten, okänd kommun",possible_admin_non_event
92297,2018-10-30,Övrigt,"Norrbotten, ingen kommunikatör i tjänst under natten","<p>Polisen.se/händelsenotiser och samtal från media hanteras i mån av tid av befälen på RLC. Media hänvisas att ringa 010-56 94028.</p>
<p>Kommunikatör Liv Fahlén är i tjänst från onsdag kl 07:00.</p>
","Norrbotten, okänd kommun",possible_admin_non_event
92832,2018-11-03,Övrigt,Sammanfattning av nattens händelser,"<p>Under natten finns ingen möjlighet att svara på mediasamtal då belastningen på RLC är hög.</p>
<p>För sammanfattning av nattens händelser hänvisas till polisens kommunikatör efter kl 07.00.</p>
","Norrbotten, okänd kommun",possible_admin_non_event
92953,2018-11-03,Övrigt,Händelserapportering under natten,<p>Det finns ingen kommunikatör i tjänst på RLC under natten. Det är stor beslastning på RLC på helgnätterna så mediakontakten hänvisas till 07.00 då ordinarie kommunikatör åter finns på plats. Om det finns något att rapportera från RLC:s håll kommer det läggas ut skriftligt på denna sida. </p>,"Norrbotten, okänd kommun",possible_admin_non_event
92956,2018-11-04,Övrigt,Nattens händelser,<p>Hittills har natten mest handlat om fylleri/ krogrelaterade händelser. För en sammanfattning av nattens händelser hänvisas till RLC:s kommunikatör efter kl 07:00.</p>,"Norrbotten, okänd kommun",possible_admin_non_event
93201,2018-11-05,Övrigt,"Norrbotten, ingen kommunikatör i tjänst","<p>Polisen.se/händelsenotiser och samtal från media hanteras i mån av tid av befälen på RLC. Media hänvisas att ringa 010-56 94028.  </p>
<p>Kommunikatör Liv Fahlén är i tjänst från tisdag kl 07:00. </p>
","Norrbotten, okänd kommun",possible_admin_non_event
93385,2018-11-06,Övrigt,"Norrbotten, ingen kommunikatör i tjänst under natten","<p>Polisen.se/händelsenotiser och samtal från media hanteras i mån av tid av befälen på RLC. Media hänvisas att ringa 010-56 94028.</p>
<p>Kommunikatör Peder Jonsson är i tjänst från onsdag kl 07:00.</p>
","Norrbotten, okänd kommun",possible_admin_non_event
93977,2018-11-10,Övrigt,"Norrbotten, ingen kommunikatör i tjänst","<p>Polisen.se/händelsenotiser och samtal från media hanteras i mån av tid av befälen på RLC. Media hänvisas att ringa 010-56 94028.</p>
<p>Kommunikatör Marie Andersson är i tjänst från söndag kl 07:00. </p>","Norrbotten, okänd kommun",possible_admin_non_event
94075,2018-11-11,Övrigt,"Norrbotten, ingen kommunikatör i tjänst","<p>Polisen.se/händelsenotiser och samtal från media hanteras i mån av tid av befälen på RLC. Media hänvisas att ringa 010-56 94028. </p>
<p>Kommunikatör Liv Fahlén är i tjänst från måndag kl 07:00.</p>
","Norrbotten, okänd kommun",possible_admin_non_event
94864,2018-11-16,Övrigt,"Norrbotten, ingen kommunikatör i tjänst under natten","<p>Polisen.se/händelsenotiser och samtal från media hanteras i mån av tid av befälen på RLC. Media hänvisas att ringa 010-56 94028.</p>
<p>Kommunikatör Liv Fahlén i tjänst från lördag kl 07:00.</p>
","Norrbotten, okänd kommun",possible_admin_non_event
95636,2018-11-21,Övrigt,"Norrbotten, ingen kommunikatör i tjänst under natten","<p>Polisen.se/händelsenotiser och samtal från media hanteras i mån av tid av befälen på RLC. Media hänvisas att ringa 010-56 94028.</p>
<p>Kommunikatör Liv Fahlén är i tjänst från torsdag kl 07:00.</p>
","Norrbotten, okänd kommun",possible_admin_non_event
95790,2018-11-22,Övrigt,"Norrbotten, ingen kommunikatör i tjänst","<p>Polisen.se/händelsenotiser och samtal från media hanteras i mån av tid av befälen på RLC. Media hänvisas att ringa 010-56 94028.</p>
<p>Kommunikatör Peder Jonsson är i tjänst från fredag kl 07:00.</p>
","Norrbotten, okänd kommun",possible_admin_non_event
97869,2018-12-08,Övrigt,"Norrbotten, ingen kommunikatör i tjänst","<p>Polisen.se/händelsenotiser och samtal från media hanteras i mån av tid av befälen på RLC. Media hänvisas att ringa 010-56 94028. </p>
<p>Kommunikatör Marie Andersson är i tjänst från söndag kl 07:00.</p>
","Norrbotten, okänd kommun",possible_admin_non_event
97994,2018-12-09,Övrigt,"Norrbotten, ingen kommunikatör i tjänst","<p>Polisen.se/händelsenotiser och samtal från media hanteras i mån av tid av befälen på RLC. Media hänvisas att ringa 010-56 94028.</p>
<p>Kommunikatör Liv Fahlén är i tjänst från måndag kl 07:00.   </p>
","Norrbotten, okänd kommun",possible_admin_non_event
98950,2018-12-14,Övrigt,"Norrbotten, ingen kommunikatör i tjänst under natten","<p>Polisen.se/händelsenotiser och samtal från media hanteras i mån av tid av befälen på RLC. Media hänvisas att ringa 010-56 94028.</p>
<p>Kommunikatör Liv Fahlén är i tjänst från lördag kl 07:00.</p>","Norrbotten, okänd kommun",possible_admin_non_event
99643,2018-12-19,Övrigt,"Norrbotten, ingen kommunikatör i tjänst under natten","<p>Polisen.se/händelsenotiser och samtal från media hanteras i mån av tid av befälen på RLC. Media hänvisas att ringa 010-56 94028.</p>
<p>Kommunikatör Liv Fahlén och Maria Linné är i tjänst från torsdag kl 07:00.</p>
","Norrbotten, okänd kommun",possible_admin_non_event
99799,2018-12-20,Övrigt,"Norrbotten, ingen kommunikatör i tjänst under natten","<p>Polisen.se/händelsenotiser och samtal från media hanteras i mån av tid av befälen på RLC. Media hänvisas att ringa 010-56 94028.</p>
<p>Kommunikatörer Maria Linné och Peder Jonsson är i tjänst från fredag kl 07:00.  </p>
","Norrbotten, okänd kommun",possible_admin_non_event
100320,2018-12-25,Övrigt,"Norrbotten, ingen kommunikatör i tjänst under natten","<p>Polisen.se/händelsenotiser och samtal från media hanteras i mån av tid av befälen på RLC. Media hänvisas att ringa 010-56 94028.</p>
<p>Kommunikatör Malin Axroth är i tjänst från onsdag kl 07:00.  </p>
","Norrbotten, okänd kommun",possible_admin_non_event
100438,2018-12-26,Övrigt,"Norrbotten, ingen kommunikatör i tjänst under natten","<p>Polisen.se/händelsenotiser och samtal från media hanteras i mån av tid av befälen på RLC. Media hänvisas att ringa 010-56 94028.</p>
<p>Kommunikatör Maria Linné är i tjänst från torsdag kl 07:00.</p>
","Norrbotten, okänd kommun",possible_admin_non_event
100635,2018-12-27,Övrigt,"Norrbottens län, ingen kommunikatör i tjänst under natten.","<p>Händelsenotiser på polisen.se och samtal från journalister hanteras i mån av tid av befälen på RLC.</p>
<p><strong>Telefonnummer till RLC-befäl</strong><br />Jämtland: 010-569 40 27<br />Norrbotten: 010-569 40 28<br />Västerbotten: 010-569 40 25<br />Västernorrland: 010-569 40 26</p>
<p>Kommunikatör i tjänst igen från klockan 07:00 i morgon.</p>",Norrbotten / Övriga Sverige,possible_admin_non_event
100632,2018-12-27,Övrigt,"Jämtlands län, ingen kommunikatör i tjänst under natten.","<p>Händelsenotiser på polisen.se och samtal från journalister hanteras i mån av tid av befälen på RLC.</p>
<p><strong>Telefonnummer till RLC-befäl</strong><br />Jämtland: 010-569 40 27<br />Norrbotten: 010-569 40 28<br />Västerbotten: 010-569 40 25<br />Västernorrland: 010-569 40 26</p>
<p>Kommunikatör i tjänst igen från klockan 07:00 i morgon.</p>",Övriga Sverige,possible_admin_non_event
101714,2019-01-05,Övrigt,"Norrbotten, ingen kommunikatör i tjänst","<p>Polisen.se/händelsenotiser och samtal från media hanteras i mån av tid av befälen på RLC. Media hänvisas att ringa 010-56 94028.</p>
<p>Kommunikatör Marie Andersson är i tjänst från söndag kl 07:00. </p>
","Norrbotten, okänd kommun",possible_admin_non_event
101795,2019-01-06,Övrigt,"Norrbotten, ingen kommunikatör i tjänst","<p>Polisen.se/händelsenotiser och samtal från media hanteras i mån av tid av befälen på RLC. Media hänvisas att ringa 010-56 94028.</p>
<p>Kommunikatör Maria Linné är i tjänst från måndag kl 07:00.</p>
","Norrbotten, okänd kommun",possible_admin_non_event
102572,2019-01-11,Övrigt,"Norrbotten, ingen kommunikatör i tjänst under natten","<p>Polisen.se/händelsenotiser och samtal från media hanteras i mån av tid av befälen på RLC. Media hänvisas att ringa 010-56 94028.</p>
<p>Kommunikatör Liv Fahlén är i tjänst från lördag kl 07:00.</p>
","Norrbotten, okänd kommun",possible_admin_non_event
103302,2019-01-16,Övrigt,"Norrbotten, ingen kommunikatör i tjänst","<p>Polisen.se/händelsenotiser och samtal från media hanteras i mån av tid av befälen på RLC. Media hänvisas att ringa 010-56 94028.</p>
<p>Kommunikatör Liv Fahlén är i tjänst från torsdag kl 07:00.</p>","Norrbotten, okänd kommun",possible_admin_non_event
103473,2019-01-17,Övrigt,"Norrbotten, ingen kommunikatör i tjänst under natten","<p>Polisen.se/händelsenotiser och samtal från media hanteras i mån av tid av befälen på RLC. Media hänvisas att ringa 010-56 94028.</p>
<p>Kommunikatör Peder Jonsson är i tjänst från fredag kl 07:00.</p>
","Norrbotten, okänd kommun",possible_admin_non_event
103985,2019-01-21,Övrigt,"Norrbotten, ingen kommunikatör i tjänst under natten","<p>Polisen.se/händelsenotiser och samtal från media hanteras i mån av tid av befälen på RLC. Media hänvisas att ringa 010-56 94028.</p>
<p>Kommunikatör Peder Jonsson är i tjänst från tisdag kl 07:00.</p>
","Norrbotten, okänd kommun",possible_admin_non_event
104108,2019-01-22,Övrigt,"Norrbotten, ingen kommunikatör i tjänst under natten","<p>Polisen.se/händelsenotiser och samtal från media hanteras i mån av tid av befälen på RLC. Media hänvisas att ringa 010-56 94028.</p>
<p>Kommunikatör Maria Linné är i tjänst från onsdag kl 07:00.   </p>
","Norrbotten, okänd kommun",possible_admin_non_event
105006,2019-01-29,Övrigt,"Norrbotten, ingen kommunikatör i tjänst","<p>Polisen.se/händelsenotiser och samtal från media hanteras i mån av tid av befälen på RLC. Media hänvisas att ringa 010-56 94028.</p>
<p>Kommunikatör Peder Jonsson är i tjänst från onsdag kl 07:00.</p>","Norrbotten, okänd kommun",possible_admin_non_event
105671,2019-02-02,Övrigt,"Norrbotten, ingen kommunikatör i tjänst","<p>Polisen.se/händelsenotiser och samtal från media hanteras i mån av tid av befälen på RLC. Media hänvisas att ringa 010-56 94028.</p>
<p>Kommunikatör Marie Andersson är i tjänst från söndag kl 07:00.</p>
","Norrbotten, okänd kommun",possible_admin_non_event
105781,2019-02-03,Övrigt,"Norrbotten, ingen kommunikatör i tjänst","<p>Polisen.se/händelsenotiser och samtal från media hanteras i mån av tid av befälen på RLC. Media hänvisas att ringa 010-56 94028.</p>
<p>Kommunikatör Liv Fahlén är i tjänst från måndag kl 07:00.</p>
","Norrbotten, okänd kommun",possible_admin_non_event
106663,2019-02-08,Övrigt,"Norrbotten, ingen kommunikatör i tjänst under natten","<p>Polisen.se/händelsenotiser och samtal från media hanteras i mån av tid av befälen på RLC. Media hänvisas att ringa 010-56 94028.</p>
<p>Kommunikatör Liv Fahlén är i tjänst från lördag kl 07:00.   </p>
","Norrbotten, okänd kommun",possible_admin_non_event
107489,2019-02-14,Övrigt,"Norrbotten, ingen kommunikatör i tjänst under natten","<p>Polisen.se/händelsenotiser och samtal från media hanteras i mån av tid av befälen på RLC. Media hänvisas att ringa 010-56 94028.</p>
<p>Kommunikatör Peder Jonsson är i tjänst från fredag kl 07:00.  </p>
","Norrbotten, okänd kommun",possible_admin_non_event
107958,2019-02-18,Övrigt,"Norrbotten, ingen kommunikatör i tjänst under natten","<p>Polisen.se/händelsenotiser och samtal från media hanteras i mån av tid av befälen på RLC. Media hänvisas att ringa 010-56 94028.</p>
<p>Kommunikatör Marie Andersson är i tjänst från tisdag kl 07:00.</p>","Norrbotten, okänd kommun",possible_admin_non_event
108045,2019-02-19,Övrigt,"Norrbotten, ingen kommunikatör i tjänst","<p>Polisen.se/händelsenotiser och samtal från media hanteras i mån av tid av befälen på RLC. Media hänvisas att ringa 010-56 94028.</p>
<p>Kommunikatör Maria Linné är i tjänst från onsdag kl 07:00.</p>
","Norrbotten, okänd kommun",possible_admin_non_event
109648,2019-03-02,Övrigt,"Norrbotten, ingen kommunikatör i tjänst","<p>Polisen.se/händelsenotiser och samtal från media hanteras i mån av tid av befälen på RLC. Media hänvisas att ringa 010-569 40 28.</p>
<p>Kommunikatör Marie Andersson är i tjänst från söndag kl 07:00.</p>","Norrbotten, okänd kommun",possible_admin_non_event
109750,2019-03-03,Övrigt,"Norrbotten, ingen kommunikatör i tjänst","<p>Händelsenotiser på polisen.se och samtal från journalister hanteras i mån av tid av befälen på RLC.</p>
<p>Telefonnummer till RLC-befäl</p>
<p>Jämtland: 010-569 40 27</p>
<p>Norrbotten: 010-569 40 28</p>
<p>Västerbotten: 010-569 40 25</p>
<p>Västernorrland: 010-569 40 26</p>

<p>Kommunikatör Liv Fahlén är i tjänst från klockan 07:00 i morgon.</p>",Norrbotten / Övriga Sverige,possible_admin_non_event
111257,2019-03-13,Övrigt,"Norrbotten, ingen kommunikatör i tjänst under natten","<p>Polisen.se/händelsenotiser och samtal från media hanteras i mån av tid av befälen på RLC. Media hänvisas att ringa 010-569 40 28. </p>
<p>Kommunikatör Liv Fahlén är i tjänst från torsdag kl 07:00.</p>","Norrbotten, okänd kommun",possible_admin_non_event
111376,2019-03-14,Övrigt,"Norrbotten, ingen kommunikatör i tjänst under natten","<p>Polisen.se/händelsenotiser och samtal från media hanteras i mån av tid av befälen på RLC. Media hänvisas att ringa 010-569 40 28. </p>
<p>Kommunikatör Peder Jonsson är i tjänst från fredag kl 07:00.</p>","Norrbotten, okänd kommun",possible_admin_non_event
111852,2019-03-18,Övrigt,"Norrbotten, ingen kommunikatör i tjänst under natten","<p>Polisen.se/händelsenotiser och samtal från media hanteras i mån av tid av befälen på RLC. Media hänvisas att ringa 010-569 40 28. </p>
<p>Kommunikatör Marie Andersson är i tjänst från tisdag kl 07:00.</p>","Norrbotten, okänd kommun",possible_admin_non_event
111943,2019-03-19,Övrigt,"Norrbotten, ingen kommunikatör i tjänst","<p>Polisen.se/händelsenotiser och samtal från media hanteras i mån av tid av befälen på RLC. Media hänvisas att ringa 010-569 40 28.</p>
<p>Kommunikatör i tjänst från kl 07:00 onsdag.</p>","Norrbotten, okänd kommun",possible_admin_non_event
113403,2019-03-30,Övrigt,"Norrbotten, ingen kommunikatör i tjänst","<p>Polisen.se/händelsenotiser och samtal från media hanteras i mån av tid av befälen på RLC. Media hänvisas att ringa 010-569 40 28. </p>
<p>Kommunikatör Marie Andersson är i tjänst från söndag kl 07:00.</p>","Norrbotten, okänd kommun",possible_admin_non_event
113509,2019-03-31,Övrigt,"Norrbotten, ingen kommunikatör i tjänst","<p>Polisen.se/händelsenotiser och samtal från media hanteras i mån av tid av befälen på RLC. Media hänvisas att ringa 010-569 40 28.</p>
<p>Kommunikatör Liv Fahlén är i tjänst från måndag kl 07:00.</p>","Norrbotten, okänd kommun",possible_admin_non_event
114298,2019-04-05,Övrigt,"Norrbotten, ingen kommunikatör i tjänst under natten","<p>Polisen.se/händelsenotiser och samtal från media hanteras i mån av tid av befälen på RLC. Media hänvisas att ringa 010-569 40 28. </p>
<p>Kommunikatör Liv Fahlén är i tjänst från lördag kl 07:00.</p>","Norrbotten, okänd kommun",possible_admin_non_event
115108,2019-04-11,Övrigt,"Norrbotten, ingen kommunikatör i tjänst under natten","<p>Polisen.se/händelsenotiser och samtal från media hanteras i mån av tid av befälen på RLC. Media hänvisas att ringa 010-569 40 28.</p>
<p>Kommunikatör Liv Fahlén är i tjänst från fredag kl 07:00.</p>","Norrbotten, okänd kommun",possible_admin_non_event
115279,2019-04-12,Övrigt,"Norrbotten, ingen kommunikatör i tjänst under natten","<p>Polisen.se/händelsenotiser och samtal från media hanteras i mån av tid av befälen på RLC. Media hänvisas att ringa 010-569 40 28. </p>
<p>Kommunikatör Maria Linné är i tjänst från lördag kl 07:00. </p>","Norrbotten, okänd kommun",possible_admin_non_event
115606,2019-04-15,Övrigt,"Norrbotten, ingen kommunikatör i tjänst under natten","<p>Polisen.se/händelsenotiser och samtal från media hanteras i mån av tid av befälen på RLC. Media hänvisas att ringa 010-569 40 28. </p>
<p>Kommunikatör Peder Jonsson är i tjänst från tisdag kl 07:00.</p>","Norrbotten, okänd kommun",possible_admin_non_event
115733,2019-04-16,Övrigt,"Norrbotten, ingen kommunikatör i tjänst under natten","<p>Polisen.se/händelsenotiser och samtal från media hanteras i mån av tid av befälen på RLC. Media hänvisas att ringa 010-569 40 28. </p>
<p>Kommunikatör Marie Andersson är i tjänst från onsdag kl 07:00.</p>","Norrbotten, okänd kommun",possible_admin_non_event
116211,2019-04-19,Övrigt,"Norrbotten, ingen kommunikatör i tjänst","<p>Polisen.se/händelsenotiser och samtal från media hanteras i mån av tid av befälen på RLC. Media hänvisas att ringa 010-569 40 28.</p>
<p>Kommunikatör Marie Andersson är i tjänst från lördag kl 07:00.</p>","Norrbotten, okänd kommun",possible_admin_non_event
116306,2019-04-20,Övrigt,"Norrbotten, ingen kommunikatör i tjänst","<p>Polisen.se/händelsenotiser och samtal från media hanteras i mån av tid av befälen på RLC. Media hänvisas att ringa 010-569 40 28. </p>
<p>Kommunikatör Marie Andersson är i tjänst från söndag kl 07:00.</p>","Norrbotten, okänd kommun",possible_admin_non_event
116391,2019-04-21,Övrigt,"Norrbotten, ingen kommunikatör i tjänst","<p>Polisen.se/händelsenotiser och samtal från media hanteras i mån av tid av befälen på RLC. Media hänvisas att ringa 010-569 40 28. </p>
<p>Kommunikatör Liv Fahlén är i tjänst från måndag kl 07:00.   </p>","Norrbotten, okänd kommun",possible_admin_non_event
118479,2019-05-09,Övrigt,Under förmiddagen kommer polisen att genomföra en övning på flera platser i centrala Piteå. Tungt beväpnad polis kan därför vara synlig.,"<p>Vi vill genom detta uppmärksamma allmänheten på att det enbart rör sig om en övning.</p>
<p>Övningen genomförs tillsammans med räddningstjänst och sjukvård. Övningsscenariot rör misstänkt terror genom pågående dödligt våld. Övningen syftar till att öka polisens förmåga att hantera liknande händelser, samt att öva samverkan mellan polis, sjukvård och räddningstjänst. Mer information om övningen kommer senare under dagen.</p>

<p>Mediekontakt:</p>
<p>Maria Jakobsson, kommunikatör, kommer finnas tillgänglig i Piteå för att svara på mediefrågor. Hon nås på telefon 070-2525673</p>",Piteå kommun,mixed_or_incident_check
119395,2019-05-15,Övrigt,Tungt beväpnad polis övar på Lombolo i Kiruna.,"<p>Under eftermiddagen/kvällen idag, onsdag 15 maj, kommer polisen att genomföra en övning på Raketskolan i Kiruna. Tungt beväpnad polis kan därför vara synlig tillsammans med räddningstjänst och ambulans. Vi vill genom detta uppmärksamma allmänheten på att det enbart rör sig om en övning.</p>
<p>Övningsscenariot rör pågående dödligt våld(PDV) i skolmiljö. Övningen syftar till att stärka polisens förmåga att hantera liknande händelser, samt att öva samverkan mellan polis, räddningstjänst och ambulanssjukvård. </p>
<p><strong>Mediekontakt:</strong></p>
<p>Stefan Thyni, kommunpolis, kommer finnas tillgänglig i Kiruna för att svara på mediefrågor. Han nås på telefon 070-5946235</p>
<p>Maria Jakobsson, kommunikatör tel 070-2525673</p>
<p>Media inbjuds till Raketskolans entré kl. 20.00, efter att övningen är avslutad, för att få en sammanfattning av övningen och dess syfte.</p>",Kiruna kommun,possible_admin_non_event
121352,2019-05-30,Övrigt,"Norrbotten, ingen kommunikatör i tjänst","<p>Händelsenotiser på polisen.se och samtal från journalister hanteras i mån av tid av befälen på regionledningscentralen (RLC).</p>
<p>Telefonnummer till RLC-befäl</p>
<p>Jämtland: 010-569 40 27</p>
<p>Norrbotten: 010-569 40 28</p>
<p>Västerbotten: 010-569 40 25</p>
<p>Västernorrland: 010-569 40 26</p>
<p>Kommunikatör i tjänst igen från klockan 07:00 i morgon.</p>",Norrbotten / Övriga Sverige,possible_admin_non_event
126502,2019-07-17,Övrigt,"Norrbotten, ingen kommunikatör i tjänst","<p>Händelsenotiser på polisen.se och samtal från journalister hanteras i mån av tid av befälen på regionledningscentralen (RLC).</p>
<p>Telefonnummer till RLC-befäl</p>
<p>Jämtland: 010-569 40 27</p>
<p>Norrbotten: 010-569 40 28</p>
<p>Västerbotten: 010-569 40 25</p>
<p>Västernorrland: 010-569 40 26</p>
<p>Kommunikatör Marie Andersson är i tjänst igen från klockan 07:00 i morgon.</p>",Norrbotten / Övriga Sverige,possible_admin_non_event
126589,2019-07-18,Övrigt,"Norrbotten, ingen kommunikatör i tjänst","<p>Händelsenotiser på polisen.se och samtal från journalister hanteras i mån av tid av befälen på regionledningscentralen (RLC).</p>
<p>Telefonnummer till RLC-befäl</p>
<p>Jämtland: 010-569 40 27</p>
<p>Norrbotten: 010-569 40 28</p>
<p>Västerbotten: 010-569 40 25</p>
<p>Västernorrland: 010-569 40 26</p>
<p>Kommunikatör Marie Andersson är i tjänst igen från klockan 07:00 i morgon.</p>",Norrbotten / Övriga Sverige,possible_admin_non_event
126703,2019-07-19,Övrigt,"Norrbotten, ingen kommunikatör i tjänst","<p>Händelsenotiser på polisen.se och samtal från journalister hanteras i mån av tid av befälen på regionledningscentralen (RLC).</p>
<p>Telefonnummer till RLC-befäl</p>
<p>Jämtland: 010-569 40 27</p>
<p>Norrbotten: 010-569 40 28</p>
<p>Västerbotten: 010-569 40 25</p>
<p>Västernorrland: 010-569 40 26</p>
<p>Kommunikatör är i tjänst igen från klockan 07:00 i morgon.</p>",Norrbotten / Övriga Sverige,possible_admin_non_event
127032,2019-07-23,Övrigt,"Norrbotten, ingen kommunikatör i tjänst","<p>Händelsenotiser på polisen.se och samtal från journalister hanteras i mån av tid av befälen på regionledningscentralen (RLC).</p>
<p>Telefonnummer till RLC-befäl</p>
<p>Jämtland: 010-569 40 27</p>
<p>Norrbotten: 010-569 40 28</p>
<p>Västerbotten: 010-569 40 25</p>
<p>Västernorrland: 010-569 40 26</p>
<p>Kommunikatör Marie Andersson är i tjänst igen från klockan 07:00 i morgon.</p>",Norrbotten / Övriga Sverige,possible_admin_non_event
127121,2019-07-24,Övrigt,"Norrbotten, ingen kommunikatör i tjänst","<p>Händelsenotiser på polisen.se och samtal från journalister hanteras i mån av tid av befälen på regionledningscentralen (RLC).</p>
<p>Telefonnummer till RLC-befäl</p>
<p>Jämtland: 010-569 40 27</p>
<p>Norrbotten: 010-569 40 28</p>
<p>Västerbotten: 010-569 40 25</p>
<p>Västernorrland: 010-569 40 26</p>
<p>Kommunikatör i tjänst igen från klockan 07:00 i morgon.</p>",Norrbotten / Övriga Sverige,possible_admin_non_event
127246,2019-07-25,Övrigt,"Norrbotten, ingen kommunikatör i tjänst.","<p>Händelsenotiser på polisen.se och samtal från journalister hanteras i mån av tid av befälen på regionledningscentralen (RLC).</p>
<p>Telefonnummer till RLC-befäl:</p>
<p>Jämtland: 010-569 40 27</p>
<p>Norrbotten: 010-569 40 28</p>
<p>Västerbotten: 010-569 40 25</p>
<p>Västernorrland: 010-569 40 26</p>
<p>Kommunikatör i tjänst igen från klockan 07:00 i morgon.</p>",Norrbotten / Övriga Sverige,possible_admin_non_event
127365,2019-07-26,Övrigt,"Norrbotten, ingen kommunikatör i tjänst","<p>Händelsenotiser på polisen.se och samtal från journalister hanteras i mån av tid av befälen på regionledningscentralen (RLC).</p>
<p>Telefonnummer till RLC-befäl</p>
<p>Jämtland: 010-569 40 27</p>
<p>Norrbotten: 010-569 40 28</p>
<p>Västerbotten: 010-569 40 25</p>
<p>Västernorrland: 010-569 40 26</p>
<p>Kommunikatör i tjänst igen från klockan 07:00 i morgon.</p>",Norrbotten / Övriga Sverige,possible_admin_non_event
127464,2019-07-27,Övrigt,"Norrbotten, ingen kommunikatör i tjänst","<p>Händelsenotiser på polisen.se och samtal från journalister hanteras i mån av tid av befälen på regionledningscentralen (RLC).</p>
<p>Telefonnummer till RLC-befäl</p>
<p>Jämtland: 010-569 40 27</p>
<p>Norrbotten: 010-569 40 28</p>
<p>Västerbotten: 010-569 40 25</p>
<p>Västernorrland: 010-569 40 26</p>
<p>Kommunikatör i tjänst igen från klockan 07:00 i morgon.</p>",Norrbotten / Övriga Sverige,possible_admin_non_event
127540,2019-07-28,Övrigt,"Norrbotten, ingen kommunikatör i tjänst","<p>Händelsenotiser på polisen.se och samtal från journalister hanteras i mån av tid av befälen på regionledningscentralen (RLC).</p>
<p>Telefonnummer till RLC-befäl</p>
<p>Jämtland: 010-569 40 27</p>
<p>Norrbotten: 010-569 40 28</p>
<p>Västerbotten: 010-569 40 25</p>
<p>Västernorrland: 010-569 40 26</p>
<p>Kommunikatör i tjänst igen från klockan 07:00 i morgon.</p>",Norrbotten / Övriga Sverige,possible_admin_non_event
127890,2019-08-01,Övrigt,"Norrbotten, ingen kommunikatör i tjänst","<p>Händelsenotiser på polisen.se och samtal från journalister hanteras i mån av tid av befälen på regionledningscentralen (RLC).</p>
<p>Telefonnummer till RLC-befäl</p>
<p>Jämtland: 010-569 40 27</p>
<p>Norrbotten: 010-569 40 28</p>
<p>Västerbotten: 010-569 40 25</p>
<p>Västernorrland: 010-569 40 26</p>
<p>Kommunikatör i tjänst igen från klockan 07:00 i morgon.</p>",Norrbotten / Övriga Sverige,possible_admin_non_event
128003,2019-08-02,Övrigt,"Norrbotten, ingen kommunikatör i tjänst","<p>Händelsenotiser på polisen.se och samtal från journalister hanteras i mån av tid av befälen på regionledningscentralen (RLC).</p>
<p>Telefonnummer till RLC-befäl</p>
<p>Jämtland: 010-569 40 27</p>
<p>Norrbotten: 010-569 40 28</p>
<p>Västerbotten: 010-569 40 25</p>
<p>Västernorrland: 010-569 40 26</p>
<p>Kommunikatör i tjänst igen från klockan 07:00 i morgon.</p>",Norrbotten / Övriga Sverige,possible_admin_non_event
128228,2019-08-05,Övrigt,"Norrbotten, ingen kommunikatör i tjänst","<p>Händelsenotiser på polisen.se och samtal från journalister hanteras i mån av tid av befälen på regionledningscentralen (RLC).</p>
<p>Telefonnummer till RLC-befäl</p>
<p>Jämtland: 010-569 40 27</p>
<p>Norrbotten: 010-569 40 28</p>
<p>Västerbotten: 010-569 40 25</p>
<p>Västernorrland: 010-569 40 26</p>
<p>Kommunikatör i tjänst igen från klockan 07:00 i morgon.</p>",Norrbotten / Övriga Sverige,possible_admin_non_event
128333,2019-08-06,Övrigt,"Norrbotten, ingen kommunikatör i tjänst","<p>Händelsenotiser på polisen.se och samtal från journalister hanteras i mån av tid av befälen på regionledningscentralen (RLC).</p>
<p>Telefonnummer till RLC-befäl</p>
<p>Jämtland: 010-569 40 27</p>
<p>Norrbotten: 010-569 40 28</p>
<p>Västerbotten: 010-569 40 25</p>
<p>Västernorrland: 010-569 40 26</p>
<p>Kommunikatör i tjänst igen från klockan 07:00 i morgon.</p>",Norrbotten / Övriga Sverige,possible_admin_non_event
128771,2019-08-09,Övrigt,"Norrbotten, ingen kommunikatör i tjänst under natten","<p>Händelsenotiser på polisen.se och samtal från journalister hanteras i mån av tid av befälen på regionledningscentralen (RLC).</p>
<p>Telefonnummer till RLC-befäl</p>
<p>Jämtland: 010-569 40 27</p>
<p>Norrbotten: 010-569 40 28</p>
<p>Västerbotten: 010-569 40 25</p>
<p>Västernorrland: 010-569 40 26</p>
<p>Kommunikatör i tjänst igen från klockan 07:00 i morgon.</p>",Norrbotten / Övriga Sverige,possible_admin_non_event
130932,2019-08-28,Övrigt,"Norrbotten, ingen kommunikatör i tjänst under natten","<p>Händelsenotiser på polisen.se och samtal från journalister hanteras i mån av tid av befälen på regionledningscentralen (RLC).</p>
<p>Telefonnummer till RLC-befäl</p>
<p>Jämtland: 010-569 40 27</p>
<p>Norrbotten: 010-569 40 28</p>
<p>Västerbotten: 010-569 40 25</p>
<p>Västernorrland: 010-569 40 26</p>
<p>Kommunikatör i tjänst igen från klockan 07:00 i morgon.</p>",Norrbotten / Övriga Sverige,possible_admin_non_event
131552,2019-09-02,Övrigt,"Norrbotten, ingen kommunikatör i tjänst under natten","<p>Händelsenotiser på polisen.se och samtal från journalister hanteras i mån av tid av befälen på regionledningscentralen (RLC).</p>
<p>Telefonnummer till RLC-befäl</p>
<p>Jämtland: 010-569 40 27</p>
<p>Norrbotten: 010-569 40 28</p>
<p>Västerbotten: 010-569 40 25</p>
<p>Västernorrland: 010-569 40 26</p>
<p>Kommunikatör i tjänst igen från klockan 07:00 i morgon.</p>",Norrbotten / Övriga Sverige,possible_admin_non_event
131690,2019-09-03,Övrigt,"Norrbotten, ingen kommunikatör i tjänst under natten","<p>Händelsenotiser på polisen.se och samtal från journalister hanteras i mån av tid av befälen på regionledningscentralen (RLC).</p>
<p>Telefonnummer till RLC-befäl</p>
<p>Jämtland: 010-569 40 27</p>
<p>Norrbotten: 010-569 40 28</p>
<p>Västerbotten: 010-569 40 25</p>
<p>Västernorrland: 010-569 40 26</p>
<p>Kommunikatör i tjänst igen från klockan 07:00 i morgon.</p>",Norrbotten / Övriga Sverige,possible_admin_non_event
133029,2019-09-14,Övrigt,"Norrbotten, ingen kommunikatör i tjänst","<p>Händelsenotiser på polisen.se och samtal från journalister hanteras i mån av tid av befälen på regionledningscentralen (RLC).</p>
<p>Telefonnummer till RLC-befäl</p>
<p>Jämtland: 010-569 40 27</p>
<p>Norrbotten: 010-569 40 28</p>
<p>Västerbotten: 010-569 40 25</p>
<p>Västernorrland: 010-569 40 26</p>
<p>Kommunikatör i tjänst igen från klockan 07:00 i morgon.</p>",Norrbotten / Övriga Sverige,possible_admin_non_event
133130,2019-09-15,Övrigt,"Norrbotten, ingen kommunikatör i tjänst","<p>Händelsenotiser på polisen.se och samtal från journalister hanteras i mån av tid av befälen på regionledningscentralen (RLC).</p>
<p>Telefonnummer till RLC-befäl</p>
<p>Jämtland: 010-569 40 27</p>
<p>Norrbotten: 010-569 40 28</p>
<p>Västerbotten: 010-569 40 25</p>
<p>Västernorrland: 010-569 40 26</p>
<p>Kommunikatör i tjänst igen från klockan 07:00 i morgon.</p>",Norrbotten / Övriga Sverige,possible_admin_non_event
133877,2019-09-20,Övrigt,"Norrbotten, ingen kommunikatör i tjänst under natten","<p>Händelsenotiser på polisen.se och samtal från journalister hanteras i mån av tid av befälen på regionledningscentralen (RLC).</p>
<p>Telefonnummer till RLC-befäl</p>
<p>Jämtland: 010-569 40 27</p>
<p>Norrbotten: 010-569 40 28</p>
<p>Västerbotten: 010-569 40 25</p>
<p>Västernorrland: 010-569 40 26</p>
<p>Kommunikatör i tjänst igen från klockan 07:00 i morgon.</p>",Norrbotten / Övriga Sverige,possible_admin_non_event
134401,2019-09-25,Övrigt,"Norrbotten, ingen kommunikatör i tjänst","<p>Händelsenotiser på polisen.se och samtal från journalister hanteras i mån av tid av befälen på regionledningscentralen (RLC).</p>
<p>Telefonnummer till RLC-befäl</p>
<p>Jämtland: 010-569 40 27</p>
<p>Norrbotten: 010-569 40 28</p>
<p>Västerbotten: 010-569 40 25</p>
<p>Västernorrland: 010-569 40 26</p>
<p>Kommunikatör i tjänst igen från klockan 07:00 i morgon.</p>",Norrbotten / Övriga Sverige,possible_admin_non_event
134533,2019-09-26,Övrigt,"Norrbotten, ingen kommunikatör i tjänst","<p>Händelsenotiser på polisen.se och samtal från journalister hanteras i mån av tid av befälen på regionledningscentralen (RLC).</p>
<p>Telefonnummer till RLC-befäl</p>
<p>Jämtland: 010-569 40 27</p>
<p>Norrbotten: 010-569 40 28</p>
<p>Västerbotten: 010-569 40 25</p>
<p>Västernorrland: 010-569 40 26</p>
<p>Kommunikatör i tjänst igen från klockan 07:00 i morgon.</p>",Norrbotten / Övriga Sverige,possible_admin_non_event
134731,2019-09-27,Övrigt,"Norrbotten, ingen kommunikatör i tjänst under natten","<p>Polisen.se/händelsenotiser och samtal från media hanteras i mån av tid av befälen på RLC. Media hänvisas att ringa 010-569 40 28.</p>
<p>Kommunikatör Maria Linné är i tjänst från lördag kl 07.</p>","Norrbotten, okänd kommun",possible_admin_non_event
135184,2019-10-01,Övrigt,"Norrbotten, ingen kommunikatör i tjänst under natten","<p> Händelsenotiser på polisen.se och samtal från journalister hanteras i mån av tid av befälen på regionledningscentralen (RLC).</p>
<p>Telefonnummer till RLC-befäl</p>
<p>Jämtland: 010-569 40 27</p>
<p>Norrbotten: 010-569 40 28</p>
<p>Västerbotten: 010-569 40 25</p>
<p>Västernorrland: 010-569 40 26</p>
<p>Kommunikatör i tjänst igen från klockan 07:00 i morgon.</p>",Norrbotten / Övriga Sverige,possible_admin_non_event
136399,2019-10-12,Övrigt,"Norrbotten, ingen kommunikatör i tjänst under kvällen och natten","<p>Händelsenotiser på polisen.se och samtal från journalister hanteras i mån av tid av befälen på regionledningscentralen (RLC).</p>
<p>Telefonnummer till RLC-befäl</p>
<p>Jämtland: 010-569 40 27</p>
<p>Norrbotten: 010-569 40 28</p>
<p>Västerbotten: 010-569 40 25</p>
<p>Västernorrland: 010-569 40 26</p>
<p>Kommunikatör i tjänst igen från klockan 07:00 i morgon.</p>",Norrbotten / Övriga Sverige,possible_admin_non_event
136497,2019-10-13,Övrigt,"Norrbotten, ingen kommunikatör i tjänst under kvällen och natten","<p>Händelsenotiser på polisen.se och samtal från journalister hanteras i mån av tid av befälen på regionledningscentralen (RLC).</p>
<p>Telefonnummer till RLC-befäl</p>
<p>Jämtland: 010-569 40 27</p>
<p>Norrbotten: 010-569 40 28</p>
<p>Västerbotten: 010-569 40 25</p>
<p>Västernorrland: 010-569 40 26</p>
<p>Kommunikatör i tjänst igen från klockan 07:00 i morgon.</p>",Norrbotten / Övriga Sverige,possible_admin_non_event
137177,2019-10-18,Övrigt,"Norrbotten, ingen kommunikatör i tjänst under natten","<p>Händelsenotiser på polisen.se och samtal från journalister hanteras i mån av tid av befälen på regionledningscentralen (RLC).</p>
<p>Telefonnummer till RLC-befäl</p>
<p>Jämtland: 010-569 40 27</p>
<p>Norrbotten: 010-569 40 28</p>
<p>Västerbotten: 010-569 40 25</p>
<p>Västernorrland: 010-569 40 26</p>
<p>Kommunikatör i tjänst igen från klockan 07:00 i morgon.</p>",Norrbotten / Övriga Sverige,possible_admin_non_event
137633,2019-10-23,Övrigt,Det har varit en lugn natt i i Norrbotten och Västerbotten,,Norrbotten / Övriga Sverige,possible_admin_non_event
137900,2019-10-24,Övrigt,"Norrbotten, ingen kommunikatör i tjänst under natten","<p>Händelsenotiser på polisen.se och samtal från journalister hanteras i mån av tid av befälen på regionledningscentralen (RLC).</p>
<p>Telefonnummer till RLC-befäl</p>
<p>Jämtland: 010-569 40 27</p>
<p>Norrbotten: 010-569 40 28</p>
<p>Västerbotten: 010-569 40 25</p>
<p>Västernorrland: 010-569 40 26</p>
<p>Kommunikatör i tjänst igen från klockan 07:00 i morgon.</p>",Norrbotten / Övriga Sverige,possible_admin_non_event
139140,2019-11-04,Övrigt,"Norrbotten, ingen kommunikatör i tjänst under natten","<p>Händelsenotiser på polisen.se och samtal från journalister hanteras i mån av tid av befälen på regionledningscentralen (RLC).</p>
<p>Telefonnummer till RLC-befäl</p>
<p>Jämtland: 010-569 40 27</p>
<p>Norrbotten: 010-569 40 28</p>
<p>Västerbotten: 010-569 40 25</p>
<p>Västernorrland: 010-569 40 26</p>
<p>Kommunikatör i tjänst igen från klockan 07:00 i morgon.</p>",Norrbotten / Övriga Sverige,possible_admin_non_event
139722,2019-11-09,Övrigt,"Norrbotten, ingen kommunikatör i tjänst under kvällen och natten","<p>Händelsenotiser på polisen.se och samtal från journalister hanteras i mån av tid av befälen på regionledningscentralen (RLC).</p>
<p>Telefonnummer till RLC-befäl</p>
<p>Jämtland: 010-569 40 27</p>
<p>Norrbotten: 010-569 40 28</p>
<p>Västerbotten: 010-569 40 25</p>
<p>Västernorrland: 010-569 40 26</p>
<p>Kommunikatör i tjänst igen från klockan 07:00 i morgon.</p>",Norrbotten / Övriga Sverige,possible_admin_non_event
139819,2019-11-10,Övrigt,"Norrbotten, ingen kommunikatör i tjänst under kvällen och natten","<p>Händelsenotiser på polisen.se och samtal från journalister hanteras i mån av tid av befälen på regionledningscentralen (RLC).</p>
<p>Telefonnummer till RLC-befäl</p>
<p>Jämtland: 010-569 40 27</p>
<p>Norrbotten: 010-569 40 28</p>
<p>Västerbotten: 010-569 40 25</p>
<p>Västernorrland: 010-569 40 26</p>
<p>Kommunikatör i tjänst igen från klockan 07:00 i morgon.</p>",Norrbotten / Övriga Sverige,possible_admin_non_event
139982,2019-11-11,Övrigt,Kvällen i Norrbotten,"<p>Det har varit en lugn kväll i Norrbotten fram till midnatt.</p>
<p>Uppdatering kommer närmare morgonen.</p>
","Norrbotten, okänd kommun",possible_admin_non_event
140499,2019-11-15,Övrigt,"Norrbotten, ingen kommunikatör i tjänst under natten","<p>Händelsenotiser på polisen.se och samtal från journalister hanteras i mån av tid av befälen på regionledningscentralen (RLC).</p>
<p>Telefonnummer till RLC-befäl</p>
<p>Jämtland: 010-569 40 27</p>
<p>Norrbotten: 010-569 40 28</p>
<p>Västerbotten: 010-569 40 25</p>
<p>Västernorrland: 010-569 40 26</p>
<p>Kommunikatör i tjänst igen från klockan 07:00 i morgon.</p>",Norrbotten / Övriga Sverige,possible_admin_non_event
142991,2019-12-07,Övrigt,"Norrbotten, ingen kommunikatör i tjänst under kvällen och natten","<p>Händelsenotiser på polisen.se och samtal från journalister hanteras i mån av tid av befälen på regionledningscentralen (RLC).</p>
<p>Telefonnummer till RLC-befäl</p>
<p>Jämtland: 010-569 40 27</p>
<p>Norrbotten: 010-569 40 28</p>
<p>Västerbotten: 010-569 40 25</p>
<p>Västernorrland: 010-569 40 26</p>
<p>Kommunikatör i tjänst igen från klockan 07:00 i morgon.</p>",Norrbotten / Övriga Sverige,possible_admin_non_event
143107,2019-12-08,Övrigt,"Norrbotten, ingen kommunikatör i tjänst under kvällen och natten","<p>Händelsenotiser på polisen.se och samtal från journalister hanteras i mån av tid av befälen på regionledningscentralen (RLC).</p>
<p>Telefonnummer till RLC-befäl</p>
<p>Jämtland: 010-569 40 27</p>
<p>Norrbotten: 010-569 40 28</p>
<p>Västerbotten: 010-569 40 25</p>
<p>Västernorrland: 010-569 40 26</p>
<p>Kommunikatör i tjänst igen från klockan 07:00 i morgon.</p>",Norrbotten / Övriga Sverige,possible_admin_non_event
143754,2019-12-13,Övrigt,"Norrbotten, ingen kommunikatör i tjänst under natten","<p>Händelsenotiser på polisen.se och samtal från journalister hanteras i mån av tid av befälen på regionledningscentralen (RLC).</p>
<p>Telefonnummer till RLC-befäl</p>
<p>Jämtland: 010-569 40 27</p>
<p>Norrbotten: 010-569 40 28</p>
<p>Västerbotten: 010-569 40 25</p>
<p>Västernorrland: 010-569 40 26</p>
<p>Kommunikatör i tjänst igen från klockan 07:00 i morgon.</p>",Norrbotten / Övriga Sverige,possible_admin_non_event
144522,2019-12-19,Övrigt,"Norrbotten, ingen kommunikatör i tjänst under natten","<p>Händelsenotiser på polisen.se och samtal från journalister hanteras i mån av tid av befälen på regionledningscentralen (RLC).</p>
<p>Telefonnummer till RLC-befäl</p>
<p>Jämtland: 010-569 40 27</p>
<p>Norrbotten: 010-569 40 28</p>
<p>Västerbotten: 010-569 40 25</p>
<p>Västernorrland: 010-569 40 26</p>
<p>Kommunikatör i tjänst igen från klockan 07:00 i morgon.</p>",Norrbotten / Övriga Sverige,possible_admin_non_event
145090,2019-12-25,Övrigt,"Norrbotten, ingen kommunikatör i tjänst under natten","<p>Händelsenotiser på polisen.se och samtal från journalister hanteras i mån av tid av befälen på regionledningscentralen (RLC).</p>
<p>Telefonnummer till RLC-befäl</p>
<p>Jämtland: 010-569 40 27</p>
<p>Norrbotten: 010-569 40 28</p>
<p>Västerbotten: 010-569 40 25</p>
<p>Västernorrland: 010-569 40 26</p>
<p>Kommunikatör i tjänst igen från klockan 07:00 i morgon.</p>",Norrbotten / Övriga Sverige,possible_admin_non_event
145180,2019-12-26,Övrigt,"Norrbotten, ingen kommunikatör i tjänst under natten","<p>Händelsenotiser på polisen.se och samtal från journalister hanteras i mån av tid av befälen på regionledningscentralen (RLC).</p>
<p>Telefonnummer till RLC-befäl</p>
<p>Jämtland: 010-569 40 27</p>
<p>Norrbotten: 010-569 40 28</p>
<p>Västerbotten: 010-569 40 25</p>
<p>Västernorrland: 010-569 40 26</p>
<p>Kommunikatör i tjänst igen från klockan 07:00 i morgon.</p>",Norrbotten / Övriga Sverige,possible_admin_non_event
145304,2019-12-27,Övrigt,"Norrbotten, ingen kommunikatör i tjänst under natten","<p>Händelsenotiser på polisen.se och samtal från journalister hanteras i mån av tid av befälen på regionledningscentralen (RLC).</p>
<p>Telefonnummer till RLC-befäl</p>
<p>Jämtland: 010-569 40 27</p>
<p>Norrbotten: 010-569 40 28</p>
<p>Västerbotten: 010-569 40 25</p>
<p>Västernorrland: 010-569 40 26</p>
<p>Kommunikatör i tjänst igen från klockan 07:00 i morgon.</p>",Norrbotten / Övriga Sverige,possible_admin_non_event
146114,2020-01-04,Övrigt,"Norrbotten, ingen kommunikatör i tjänst under kvällen och natten","<p>Händelsenotiser på polisen.se och samtal från journalister hanteras i mån av tid av befälen på regionledningscentralen (RLC).</p>
<p>Telefonnummer till RLC-befäl</p>
<p>Jämtland: 010-569 40 27</p>
<p>Norrbotten: 010-569 40 28</p>
<p>Västerbotten: 010-569 40 25</p>
<p>Västernorrland: 010-569 40 26</p>
<p>Kommunikatör i tjänst igen från klockan 07:00 i morgon.</p>",Norrbotten / Övriga Sverige,possible_admin_non_event
146200,2020-01-05,Övrigt,"Norrbotten, ingen kommunikatör i tjänst","<p>Händelsenotiser på polisen.se och samtal från journalister hanteras i mån av tid av befälen på regionledningscentralen (RLC).</p>
<p>Telefonnummer till RLC-befäl</p>
<p>Jämtland: 010-569 40 27</p>
<p>Norrbotten: 010-569 40 28</p>
<p>Västerbotten: 010-569 40 25</p>
<p>Västernorrland: 010-569 40 26</p>
<p>Kommunikatör i tjänst igen från klockan 07:00 i morgon.</p>",Norrbotten / Övriga Sverige,possible_admin_non_event
146721,2020-01-09,Övrigt,"Norrbotten, ingen kommunikatör i tjänst","<p>Händelsenotiser på polisen.se och samtal från journalister hanteras i mån av tid av befälen på regionledningscentralen (RLC).</p>
<p>Telefonnummer till RLC-befäl</p>
<p>Jämtland: 010-569 40 27</p>
<p>Norrbotten: 010-569 40 28</p>
<p>Västerbotten: 010-569 40 25</p>
<p>Västernorrland: 010-569 40 26</p>
<p>Kommunikatör i tjänst igen från klockan 07:00 i morgon.</p>",Norrbotten / Övriga Sverige,possible_admin_non_event
146853,2020-01-10,Övrigt,"Norrbotten, ingen kommunikatör i tjänst under natten","<p>Händelsenotiser på polisen.se och samtal från journalister hanteras i mån av tid av befälen på regionledningscentralen (RLC).</p>
<p>Telefonnummer till RLC-befäl</p>
<p>Jämtland: 010-569 40 27</p>
<p>Norrbotten: 010-569 40 28</p>
<p>Västerbotten: 010-569 40 25</p>
<p>Västernorrland: 010-569 40 26</p>
<p>Kommunikatör i tjänst igen från klockan 07:00 i morgon.</p>",Norrbotten / Övriga Sverige,possible_admin_non_event
147428,2020-01-15,Övrigt,"Norrbotten, ingen kommunikatör i tjänst under natten","<p>Händelsenotiser på polisen.se och samtal från journalister hanteras i mån av tid av befälen på regionledningscentralen (RLC).</p>
<p>Telefonnummer till RLC-befäl</p>
<p>Jämtland: 010-569 40 27</p>
<p>Norrbotten: 010-569 40 28</p>
<p>Västerbotten: 010-569 40 25</p>
<p>Västernorrland: 010-569 40 26</p>
<p>Kommunikatör i tjänst igen från klockan 07:00 i morgon.</p>",Norrbotten / Övriga Sverige,possible_admin_non_event
147556,2020-01-16,Övrigt,"Norrbotten, ingen kommunikatör i tjänst under natten","<p>Händelsenotiser på polisen.se och samtal från journalister hanteras i mån av tid av befälen på regionledningscentralen (RLC).</p>
<p>Telefonnummer till RLC-befäl</p>
<p>Jämtland: 010-569 40 27</p>
<p>Norrbotten: 010-569 40 28</p>
<p>Västerbotten: 010-569 40 25</p>
<p>Västernorrland: 010-569 40 26</p>
<p>Kommunikatör i tjänst igen från klockan 07:00 i morgon.</p>",Norrbotten / Övriga Sverige,possible_admin_non_event
147993,2020-01-20,Övrigt,"Norrbotten, ingen kommunikatör i tjänst under natten","<p>Händelsenotiser på polisen.se och samtal från journalister hanteras i mån av tid av befälen på regionledningscentralen (RLC).</p>
<p>Telefonnummer till RLC-befäl</p>
<p>Jämtland: 010-569 40 27</p>
<p>Norrbotten: 010-569 40 28</p>
<p>Västerbotten: 010-569 40 25</p>
<p>Västernorrland: 010-569 40 26</p>
<p>Kommunikatör i tjänst igen från klockan 07:00 i morgon.</p>",Norrbotten / Övriga Sverige,possible_admin_non_event
149353,2020-02-01,Övrigt,"Norrbotten, ingen kommunikatör i tjänst under kvällen och natten","<p>Händelsenotiser på polisen.se och samtal från journalister hanteras i mån av tid av befälen på regionledningscentralen (RLC).</p>
<p>Telefonnummer till RLC-befäl</p>
<p>Jämtland: 010-569 40 27</p>
<p>Norrbotten: 010-569 40 28</p>
<p>Västerbotten: 010-569 40 25</p>
<p>Västernorrland: 010-569 40 26</p>
<p>Kommunikatör i tjänst igen från klockan 07:00 i morgon.</p>",Norrbotten / Övriga Sverige,possible_admin_non_event
149452,2020-02-02,Övrigt,"Norrbotten, ingen kommunikatör i tjänst under kvällen och natten","<p>Händelsenotiser på polisen.se och samtal från journalister hanteras i mån av tid av befälen på regionledningscentralen (RLC).</p>
<p>Telefonnummer till RLC-befäl</p>
<p>Jämtland: 010-569 40 27</p>
<p>Norrbotten: 010-569 40 28</p>
<p>Västerbotten: 010-569 40 25</p>
<p>Västernorrland: 010-569 40 26</p>
<p>Kommunikatör i tjänst igen från klockan 07:00 i morgon.</p>",Norrbotten / Övriga Sverige,possible_admin_non_event
150733,2020-02-12,Övrigt,"Norrbotten, ingen kommunikatör i tjänst under natten","<p>Händelsenotiser på polisen.se och samtal från journalister hanteras i mån av tid av befälen på regionledningscentralen (RLC).</p>
<p>Telefonnummer till RLC-befäl</p>
<p>Jämtland: 010-569 40 27</p>
<p>Norrbotten: 010-569 40 28</p>
<p>Västerbotten: 010-569 40 25</p>
<p>Västernorrland: 010-569 40 26</p>
<p>Kommunikatör i tjänst igen från klockan 07:00 i morgon.</p>",Norrbotten / Övriga Sverige,possible_admin_non_event
150891,2020-02-13,Övrigt,"Norrbotten, ingen kommunikatör i tjänst under natten","<p>Händelsenotiser på polisen.se och samtal från journalister hanteras i mån av tid av befälen på regionledningscentralen (RLC).</p>
<p>Telefonnummer till RLC-befäl</p>
<p>Jämtland: 010-569 40 27</p>
<p>Norrbotten: 010-569 40 28</p>
<p>Västerbotten: 010-569 40 25</p>
<p>Västernorrland: 010-569 40 26</p>
<p>Kommunikatör i tjänst igen från klockan 07:00 i morgon.</p>",Norrbotten / Övriga Sverige,possible_admin_non_event
151295,2020-02-17,Övrigt,"Norrbotten, ingen kommunikatör i tjänst under natten","<p>Händelsenotiser på polisen.se och samtal från journalister hanteras i mån av tid av befälen på regionledningscentralen (RLC).</p>
<p>Telefonnummer till RLC-befäl</p>
<p>Jämtland: 010-569 40 27</p>
<p>Norrbotten: 010-569 40 28</p>
<p>Västerbotten: 010-569 40 25</p>
<p>Västernorrland: 010-569 40 26</p>
<p>Kommunikatör i tjänst igen från klockan 07:00 i morgon.</p>",Norrbotten / Övriga Sverige,possible_admin_non_event
151605,2020-02-20,Övrigt,"Norrbotten, ingen kommunikatör i tjänst under natten","<p>Händelsenotiser på polisen.se och samtal från journalister hanteras i mån av tid av befälen på regionledningscentralen (RLC).</p>
<p>Telefonnummer till RLC-befäl</p>
<p>Jämtland: 010-569 40 27</p>
<p>Norrbotten: 010-569 40 28</p>
<p>Västerbotten: 010-569 40 25</p>
<p>Västernorrland: 010-569 40 26</p>
<p>Kommunikatör i tjänst igen från klockan 07:00 i morgon.</p>",Norrbotten / Övriga Sverige,possible_admin_non_event
151738,2020-02-21,Övrigt,"Norrbotten, ingen kommunikatör i tjänst under natten","<p>Händelsenotiser på polisen.se och samtal från journalister hanteras i mån av tid av befälen på regionledningscentralen (RLC).</p>
<p>Telefonnummer till RLC-befäl</p>
<p>Jämtland: 010-569 40 27</p>
<p>Norrbotten: 010-569 40 28</p>
<p>Västerbotten: 010-569 40 25</p>
<p>Västernorrland: 010-569 40 26</p>
<p>Kommunikatör i tjänst igen från klockan 07:00 i morgon.</p>",Norrbotten / Övriga Sverige,possible_admin_non_event
153293,2020-03-06,Övrigt,"Norrbotten, ingen kommunikatör i tjänst under natten","<p>Händelsenotiser på polisen.se och samtal från journalister hanteras i mån av tid av befälen på regionledningscentralen (RLC).</p>
<p>Telefonnummer till RLC-befäl</p>
<p>Jämtland: 010-569 40 27</p>
<p>Norrbotten: 010-569 40 28</p>
<p>Västerbotten: 010-569 40 25</p>
<p>Västernorrland: 010-569 40 26</p>
<p>Kommunikatör i tjänst igen från klockan 07:00 i morgon.</p>",Norrbotten / Övriga Sverige,possible_admin_non_event
153812,2020-03-11,Övrigt,"Norrbotten, ingen kommunikatör i tjänst under natten","<p>Händelsenotiser på polisen.se och samtal från journalister hanteras i mån av tid av befälen på regionledningscentralen (RLC).</p>
<p>Telefonnummer till RLC-befäl</p>
<p>Jämtland: 010-569 40 27</p>
<p>Norrbotten: 010-569 40 28</p>
<p>Västerbotten: 010-569 40 25</p>
<p>Västernorrland: 010-569 40 26</p>
<p>Kommunikatör i tjänst igen från klockan 07:00 i morgon.</p>",Norrbotten / Övriga Sverige,possible_admin_non_event
153941,2020-03-12,Övrigt,"Norrbotten, ingen kommunikatör i tjänst under natten","<p>Händelsenotiser på polisen.se och samtal från journalister hanteras i mån av tid av befälen på regionledningscentralen (RLC).</p>
<p>Telefonnummer till RLC-befäl</p>
<p>Jämtland: 010-569 40 27</p>
<p>Norrbotten: 010-569 40 28</p>
<p>Västerbotten: 010-569 40 25</p>
<p>Västernorrland: 010-569 40 26</p>
<p>Kommunikatör i tjänst igen från klockan 07:00 i morgon.</p>",Norrbotten / Övriga Sverige,possible_admin_non_event
154220,2020-03-15,Övrigt,"Norrbotten, ingen kommunikatör i tjänst under kvällen och natten","<p>Händelsenotiser på polisen.se och samtal från journalister hanteras i mån av tid av befälen på regionledningscentralen (RLC).</p>
<p>Telefonnummer till RLC-befäl</p>
<p>Jämtland: 010-569 40 27</p>
<p>Norrbotten: 010-569 40 28</p>
<p>Västerbotten: 010-569 40 25</p>
<p>Västernorrland: 010-569 40 26</p>
<p>Kommunikatör i tjänst igen från klockan 07:00 i morgon.</p>",Norrbotten / Övriga Sverige,possible_admin_non_event
154647,2020-03-19,Övrigt,"Norrbotten, ingen kommunikatör i tjänst under natten","<p>Händelsenotiser på polisen.se och samtal från journalister hanteras i mån av tid av befälen på regionledningscentralen (RLC).</p>
<p>Telefonnummer till RLC-befäl</p>
<p>Jämtland: 010-569 40 27</p>
<p>Norrbotten: 010-569 40 28</p>
<p>Västerbotten: 010-569 40 25</p>
<p>Västernorrland: 010-569 40 26</p>
<p>Kommunikatör i tjänst igen från klockan 07:00 i morgon.</p>",Norrbotten / Övriga Sverige,possible_admin_non_event
155639,2020-03-28,Övrigt,"Norrbotten, ingen kommunikatör i tjänst under kvällen och natten","<p>Händelsenotiser på polisen.se och samtal från journalister hanteras i mån av tid av befälen på regionledningscentralen (RLC).</p>
<p>Telefonnummer till RLC-befäl</p>
<p>Jämtland: 010-569 40 27</p>
<p>Norrbotten: 010-569 40 28</p>
<p>Västerbotten: 010-569 40 25</p>
<p>Västernorrland: 010-569 40 26</p>
<p>Kommunikatör i tjänst igen från klockan 07:00 i morgon.</p>",Norrbotten / Övriga Sverige,possible_admin_non_event
155726,2020-03-29,Övrigt,"Norrbotten, ingen kommunikatör i tjänst under kvällen och natten","<p>Händelsenotiser på polisen.se och samtal från journalister hanteras i mån av tid av befälen på regionledningscentralen (RLC).</p>
<p>Telefonnummer till RLC-befäl</p>
<p>Jämtland: 010-569 40 27</p>
<p>Norrbotten: 010-569 40 28</p>
<p>Västerbotten: 010-569 40 25</p>
<p>Västernorrland: 010-569 40 26</p>
<p>Kommunikatör i tjänst igen från klockan 07:00 i morgon.</p>",Norrbotten / Övriga Sverige,possible_admin_non_event
156336,2020-04-03,Övrigt,"Norrbotten, ingen kommunikatör i tjänst under natten","<p>Händelsenotiser på polisen.se och samtal från journalister hanteras i mån av tid av befälen på regionledningscentralen (RLC).</p>
<p>Telefonnummer till RLC-befäl</p>
<p>Jämtland: 010-569 40 27</p>
<p>Norrbotten: 010-569 40 28</p>
<p>Västerbotten: 010-569 40 25</p>
<p>Västernorrland: 010-569 40 26</p>
<p>Kommunikatör i tjänst igen från klockan 07:00 i morgon.</p>",Norrbotten / Övriga Sverige,possible_admin_non_event
156878,2020-04-08,Övrigt,"Norrbotten, ingen kommunikatör i tjänst under natten","<p>Händelsenotiser på polisen.se och samtal från journalister hanteras i mån av tid av befälen på regionledningscentralen (RLC).</p>
<p>Telefonnummer till RLC-befäl</p>
<p>Jämtland: 010-569 40 27</p>
<p>Norrbotten: 010-569 40 28</p>
<p>Västerbotten: 010-569 40 25</p>
<p>Västernorrland: 010-569 40 26</p>
<p>Kommunikatör i tjänst igen från klockan 07:00 i morgon.</p>",Norrbotten / Övriga Sverige,possible_admin_non_event
157027,2020-04-09,Övrigt,"Norrbotten, ingen kommunikatör i tjänst under natten","<p>Händelsenotiser på polisen.se och samtal från journalister hanteras i mån av tid av befälen på regionledningscentralen (RLC).</p>
<p>Telefonnummer till RLC-befäl</p>
<p>Jämtland: 010-569 40 27</p>
<p>Norrbotten: 010-569 40 28</p>
<p>Västerbotten: 010-569 40 25</p>
<p>Västernorrland: 010-569 40 26</p>
<p>Kommunikatör i tjänst igen från klockan 07:00 i morgon.</p>",Norrbotten / Övriga Sverige,possible_admin_non_event
157292,2020-04-13,Övrigt,"Norrbotten, ingen kommunikatör i tjänst under kvällen och natten","<p>Händelsenotiser på polisen.se och samtal från journalister hanteras i mån av tid av befälen på regionledningscentralen (RLC).</p>
<p>Telefonnummer till RLC-befäl</p>
<p>Jämtland: 010-569 40 27</p>
<p>Norrbotten: 010-569 40 28</p>
<p>Västerbotten: 010-569 40 25</p>
<p>Västernorrland: 010-569 40 26</p>
<p>Kommunikatör i tjänst igen från klockan 07:00 i morgon.</p>",Norrbotten / Övriga Sverige,possible_admin_non_event
158650,2020-04-25,Övrigt,"Norrbotten, ingen kommunikatör i tjänst under kvällen och natten","<p>Händelsenotiser på polisen.se och samtal från journalister hanteras i mån av tid av befälen på regionledningscentralen (RLC).</p>
<p>Telefonnummer till RLC-befäl</p>
<p>Jämtland: 010-569 40 27</p>
<p>Norrbotten: 010-569 40 28</p>
<p>Västerbotten: 010-569 40 25</p>
<p>Västernorrland: 010-569 40 26</p>
<p>Kommunikatör i tjänst igen från klockan 07:00 i morgon.</p>",Norrbotten / Övriga Sverige,possible_admin_non_event
158751,2020-04-26,Övrigt,"Norrbotten, ingen kommunikatör i tjänst under kvällen och natten","<p>Händelsenotiser på polisen.se och samtal från journalister hanteras i mån av tid av befälen på regionledningscentralen (RLC).</p>
<p>Telefonnummer till RLC-befäl</p>
<p>Jämtland: 010-569 40 27</p>
<p>Norrbotten: 010-569 40 28</p>
<p>Västerbotten: 010-569 40 25</p>
<p>Västernorrland: 010-569 40 26</p>
<p>Kommunikatör i tjänst igen från klockan 07:00 i morgon.</p>",Norrbotten / Övriga Sverige,possible_admin_non_event
159812,2020-05-06,Övrigt,"Norrbotten, ingen kommunikatör i tjänst under natten","<p>Händelsenotiser på polisen.se och samtal från journalister hanteras i mån av tid av befälen på regionledningscentralen (RLC).</p>
<p>Telefonnummer till RLC-befäl</p>
<p>Jämtland: 010-569 40 27</p>
<p>Norrbotten: 010-569 40 28</p>
<p>Västerbotten: 010-569 40 25</p>
<p>Västernorrland: 010-569 40 26</p>
<p>Kommunikatör i tjänst igen från klockan 07:00 i morgon.</p>",Norrbotten / Övriga Sverige,possible_admin_non_event
160176,2020-05-11,Övrigt,"Norrbotten, ingen kommunikatör i tjänst under natten","<p>Händelsenotiser på polisen.se och samtal från journalister hanteras i mån av tid av befälen på regionledningscentralen (RLC).</p>
<p>Telefonnummer till RLC-befäl</p>
<p>Jämtland: 010-569 40 27</p>
<p>Norrbotten: 010-569 40 28</p>
<p>Västerbotten: 010-569 40 25</p>
<p>Västernorrland: 010-569 40 26</p>
<p>Kommunikatör i tjänst igen från klockan 07:00 i morgon.</p>",Norrbotten / Övriga Sverige,possible_admin_non_event
160522,2020-05-14,Övrigt,"Norrbotten, ingen kommunikatör i tjänst under natten","<p>Händelsenotiser på polisen.se och samtal från journalister hanteras i mån av tid av befälen på regionledningscentralen (RLC).</p>
<p>Telefonnummer till RLC-befäl</p>
<p>Jämtland: 010-569 40 27</p>
<p>Norrbotten: 010-569 40 28</p>
<p>Västerbotten: 010-569 40 25</p>
<p>Västernorrland: 010-569 40 26</p>
<p>Kommunikatör i tjänst igen från klockan 07:00 i morgon.</p>",Norrbotten / Övriga Sverige,possible_admin_non_event
161477,2020-05-23,Övrigt,"Norrbotten, ingen kommunikatör i tjänst","<p>Händelsenotiser på polisen.se och samtal från journalister hanteras i mån av tid av befälen på regionledningscentralen (RLC).</p>
<p>Telefonnummer till RLC-befäl</p>
<p>Jämtland: 010-569 40 27</p>
<p>Norrbotten: 010-569 40 28</p>
<p>Västerbotten: 010-569 40 25</p>
<p>Västernorrland: 010-569 40 26</p>
<p>Kommunikatör i tjänst igen från klockan 07:00 i morgon.</p>",Norrbotten / Övriga Sverige,possible_admin_non_event
161548,2020-05-24,Övrigt,"Norrbotten, ingen kommunikatör i tjänst","<p>Händelsenotiser på polisen.se och samtal från journalister hanteras i mån av tid av befälen på regionledningscentralen (RLC).</p>
<p>Telefonnummer till RLC-befäl</p>
<p>Jämtland: 010-569 40 27</p>
<p>Norrbotten: 010-569 40 28</p>
<p>Västerbotten: 010-569 40 25</p>
<p>Västernorrland: 010-569 40 26</p>
<p>Kommunikatör i tjänst igen från klockan 07:00 i morgon.</p>",Norrbotten / Övriga Sverige,possible_admin_non_event
162185,2020-05-29,Övrigt,"Norrbotten, ingen kommunikatör i tjänst","<p>Händelsenotiser på polisen.se och samtal från journalister hanteras i mån av tid av befälen på regionledningscentralen (RLC).</p>
<p>Telefonnummer till RLC-befäl</p>
<p>Jämtland: 010-569 40 27</p>
<p>Norrbotten: 010-569 40 28</p>
<p>Västerbotten: 010-569 40 25</p>
<p>Västernorrland: 010-569 40 26</p>
<p>Kommunikatör i tjänst igen från klockan 07:00 i morgon.</p>",Norrbotten / Övriga Sverige,possible_admin_non_event
162814,2020-06-04,Övrigt,"Norrbotten, ingen kommunikatör i tjänst","<p>Händelsenotiser på polisen.se och samtal från journalister hanteras i mån av tid av befälen på regionledningscentralen (RLC).</p>
<p>Telefonnummer till RLC-befäl</p>
<p>Jämtland: 010-569 40 27</p>
<p>Norrbotten: 010-569 40 28</p>
<p>Västerbotten: 010-569 40 25</p>
<p>Västernorrland: 010-569 40 26</p>
<p>Kommunikatör i tjänst igen från klockan 07:00 i morgon.</p>",Norrbotten / Övriga Sverige,possible_admin_non_event
163585,2020-06-11,Övrigt,"Norrbotten, ingen kommunikatör i tjänst under natten","<p>Händelsenotiser på polisen.se och samtal från journalister hanteras i mån av tid av befälen på regionledningscentralen (RLC).</p>
<p>Telefonnummer till RLC-befäl</p>
<p>Jämtland: 010-569 40 27</p>
<p>Norrbotten: 010-569 40 28</p>
<p>Västerbotten: 010-569 40 25</p>
<p>Västernorrland: 010-569 40 26</p>
<p>Kommunikatör i tjänst igen från klockan 07:00 i morgon.</p>",Norrbotten / Övriga Sverige,possible_admin_non_event
163713,2020-06-12,Övrigt,"Norrbotten, ingen kommunikatör i tjänst under natten","<p>Händelsenotiser på polisen.se och samtal från journalister hanteras i mån av tid av befälen på regionledningscentralen (RLC).</p>
<p>Telefonnummer till RLC-befäl</p>
<p>Jämtland: 010-569 40 27</p>
<p>Norrbotten: 010-569 40 28</p>
<p>Västerbotten: 010-569 40 25</p>
<p>Västernorrland: 010-569 40 26</p>
<p>Kommunikatör i tjänst igen från klockan 07:00 i morgon.</p>",Norrbotten / Övriga Sverige,possible_admin_non_event
167079,2020-07-21,Övrigt,"Norrbotten, ingen kommunikatör i tjänst under natten","<p>Händelsenotiser på polisen.se och samtal från journalister hanteras i mån av tid av befälen på regionledningscentralen (RLC).</p>
<p>Telefonnummer till RLC-befäl</p>
<p>Jämtland: 010-569 40 27</p>
<p>Norrbotten: 010-569 40 28</p>
<p>Västerbotten: 010-569 40 25</p>
<p>Västernorrland: 010-569 40 26</p>
<p>Kommunikatör i tjänst igen från klockan 07:00 i morgon.</p>",Norrbotten / Övriga Sverige,possible_admin_non_event
167489,2020-07-25,Övrigt,"Norrbotten, ingen kommunikatör i tjänst under kväll och natt","<p>Händelsenotiser på polisen.se och samtal från journalister hanteras i mån av tid av befälen på regionledningscentralen (RLC).</p>
<p>Telefonnummer till RLC-befäl</p>
<p>Jämtland: 010-569 40 27</p>
<p>Norrbotten: 010-569 40 28</p>
<p>Västerbotten: 010-569 40 25</p>
<p>Västernorrland: 010-569 40 26</p>
<p>Kommunikatör i tjänst igen från klockan 07:00 i morgon.</p>",Norrbotten / Övriga Sverige,possible_admin_non_event
167565,2020-07-26,Övrigt,"Norrbotten, ingen kommunikatör i tjänst under kvällen och natten","<p>Händelsenotiser på polisen.se och samtal från journalister hanteras i mån av tid av befälen på regionledningscentralen (RLC).</p>
<p>Telefonnummer till RLC-befäl</p>
<p>Jämtland: 010-569 40 27</p>
<p>Norrbotten: 010-569 40 28</p>
<p>Västerbotten: 010-569 40 25</p>
<p>Västernorrland: 010-569 40 26</p>
<p>Kommunikatör i tjänst igen från klockan 07:00 i morgon.</p>",Norrbotten / Övriga Sverige,possible_admin_non_event
167844,2020-07-29,Övrigt,"Norrbotten, ingen kommunikatör i tjänst under kvällen och natten","<p>Händelsenotiser på polisen.se och samtal från journalister hanteras i mån av tid av befälen på regionledningscentralen (RLC).</p>
<p>Telefonnummer till RLC-befäl</p>
<p>Jämtland: 010-569 40 27</p>
<p>Norrbotten: 010-569 40 28</p>
<p>Västerbotten: 010-569 40 25</p>
<p>Västernorrland: 010-569 40 26</p>
<p>Kommunikatör i tjänst igen från klockan 07:00 i morgon.</p>",Norrbotten / Övriga Sverige,possible_admin_non_event
167943,2020-07-30,Övrigt,"Norrbotten, ingen kommunikatör i tjänst under kvällen och natten","<p>Händelsenotiser på polisen.se och samtal från journalister hanteras i mån av tid av befälen på regionledningscentralen (RLC).</p>
<p>Telefonnummer till RLC-befäl</p>
<p>Jämtland: 010-569 40 27</p>
<p>Norrbotten: 010-569 40 28</p>
<p>Västerbotten: 010-569 40 25</p>
<p>Västernorrland: 010-569 40 26</p>
<p>Kommunikatör i tjänst igen från klockan 07:00 i morgon.</p>",Norrbotten / Övriga Sverige,possible_admin_non_event
168063,2020-07-31,Övrigt,"Norrbotten, ingen kommunikatör i tjänst under natten","<p>Händelsenotiser på polisen.se och samtal från journalister hanteras i mån av tid av befälen på regionledningscentralen (RLC).</p>
<p>Telefonnummer till RLC-befäl</p>
<p>Jämtland: 010-569 40 27</p>
<p>Norrbotten: 010-569 40 28</p>
<p>Västerbotten: 010-569 40 25</p>
<p>Västernorrland: 010-569 40 26</p>
<p>Kommunikatör i tjänst igen från klockan 07:00 i morgon.</p>",Norrbotten / Övriga Sverige,possible_admin_non_event
168284,2020-08-03,Övrigt,"Norrbotten, ingen kommunikatör i tjänst under kvällen och natten","<p>Händelsenotiser på polisen.se och samtal från journalister hanteras i mån av tid av befälen på regionledningscentralen (RLC).</p>
<p>Telefonnummer till RLC-befäl</p>
<p>Jämtland: 010-569 40 27</p>
<p>Norrbotten: 010-569 40 28</p>
<p>Västerbotten: 010-569 40 25</p>
<p>Västernorrland: 010-569 40 26</p>
<p>Kommunikatör i tjänst igen från klockan 07:00 i morgon.</p>",Norrbotten / Övriga Sverige,possible_admin_non_event
168447,2020-08-04,Övrigt,"Norrbotten, ingen kommunikatör i tjänst under natten","<p>Händelsenotiser på polisen.se och samtal från journalister hanteras i mån av tid av befälen på regionledningscentralen (RLC).</p>
<p>Telefonnummer till RLC-befäl</p>
<p>Jämtland: 010-569 40 27</p>
<p>Norrbotten: 010-569 40 28</p>
<p>Västerbotten: 010-569 40 25</p>
<p>Västernorrland: 010-569 40 26</p>
<p>Kommunikatör i tjänst igen från klockan 07:00 i morgon.</p>",Norrbotten / Övriga Sverige,possible_admin_non_event
168835,2020-08-08,Övrigt,"Norrbotten, ingen kommunikatör i tjänst under kvällen och natten","<p>Händelsenotiser på polisen.se och samtal från journalister hanteras i mån av tid av befälen på regionledningscentralen (RLC).</p>
<p>Telefonnummer till RLC-befäl</p>
<p>Jämtland: 010-569 40 27</p>
<p>Norrbotten: 010-569 40 28</p>
<p>Västerbotten: 010-569 40 25</p>
<p>Västernorrland: 010-569 40 26</p>
<p>Kommunikatör i tjänst igen från klockan 07:00 i morgon.</p>",Norrbotten / Övriga Sverige,possible_admin_non_event
168926,2020-08-09,Övrigt,"Norrbotten, ingen kommunikatör i tjänst under kvällen och natten","<p>Händelsenotiser på polisen.se och samtal från journalister hanteras i mån av tid av befälen på regionledningscentralen (RLC).</p>
<p>Telefonnummer till RLC-befäl</p>
<p>Jämtland: 010-569 40 27</p>
<p>Norrbotten: 010-569 40 28</p>
<p>Västerbotten: 010-569 40 25</p>
<p>Västernorrland: 010-569 40 26</p>
<p>Kommunikatör i tjänst igen från klockan 07:00 i morgon.</p>",Norrbotten / Övriga Sverige,possible_admin_non_event
169372,2020-08-13,Övrigt,"Norrbotten, ingen kommunikatör i tjänst under kvällen och natten","<p>Händelsenotiser på polisen.se och samtal från journalister hanteras i mån av tid av befälen på regionledningscentralen (RLC).</p>
<p>Telefonnummer till RLC-befäl</p>
<p>Jämtland: 010-569 40 27</p>
<p>Norrbotten: 010-569 40 28</p>
<p>Västerbotten: 010-569 40 25</p>
<p>Västernorrland: 010-569 40 26</p>
<p>Kommunikatör i tjänst igen från klockan 07:00 i morgon.</p>",Norrbotten / Övriga Sverige,possible_admin_non_event
169529,2020-08-14,Övrigt,"Norrbotten, ingen kommunikatör i tjänst under natten","<p>Händelsenotiser på polisen.se och samtal från media hanteras i mån av tid av befälen på RLC. Media hänvisas att ringa 010-569 40 28.</p>
<p>Kommunikatör är i tjänst från lördag kl 07:00.  </p>","Norrbotten, okänd kommun",possible_admin_non_event
169779,2020-08-17,Övrigt,"Norrbotten, ingen kommunikatör i tjänst under kvällen och natten","<p>Händelsenotiser på polisen.se och samtal från journalister hanteras i mån av tid av befälen på regionledningscentralen (RLC).</p>
<p>Telefonnummer till RLC-befäl</p>
<p>Jämtland: 010-569 40 27</p>
<p>Norrbotten: 010-569 40 28</p>
<p>Västerbotten: 010-569 40 25</p>
<p>Västernorrland: 010-569 40 26</p>
<p>Kommunikatör i tjänst igen från klockan 07:00 i morgon.</p>",Norrbotten / Övriga Sverige,possible_admin_non_event
169978,2020-08-19,Övrigt,"Haparanda, polis beordras till centrum med anledning av ett misstänkt drunkningstillbud.","<p>En person har anträffats i en större vattenfylld grop. Personen är inte identifierad ännu. <br />Polisen arbetar med omständigheterna kring varför personen hamnade i vattnet.</p>
<p><strong>Uppdatering kl 18:00 </strong>(av kommunikatör Marie Andersson)</p>
<p>En man i 60-årsåldern är avliden. Anhöriga har under eftermiddagen underrättats.</p>
<p>Polisen ska utreda dödsorsaken.</p>",Haparanda kommun,mixed_or_incident_check
170051,2020-08-19,Övrigt,"Norrbotten, ingen kommunikatör i tjänst under natten","<p>Händelsenotiser på polisen.se och samtal från journalister hanteras i mån av tid av befälen på regionledningscentralen (RLC).</p>
<p>Telefonnummer till RLC-befäl</p>
<p>Jämtland: 010-569 40 27</p>
<p>Norrbotten: 010-569 40 28</p>
<p>Västerbotten: 010-569 40 25</p>
<p>Västernorrland: 010-569 40 26</p>
<p>Kommunikatör i tjänst igen från klockan 07:00 i morgon.</p>",Norrbotten / Övriga Sverige,possible_admin_non_event
170390,2020-08-22,Övrigt,"Norrbotten, ingen kommunikatör i tjänst under kvällen och natten","<p>Händelsenotiser på polisen.se och samtal från journalister hanteras i mån av tid av befälen på regionledningscentralen (RLC).</p>
<p>Telefonnummer till RLC-befäl</p>
<p>Jämtland: 010-569 40 27</p>
<p>Norrbotten: 010-569 40 28</p>
<p>Västerbotten: 010-569 40 25</p>
<p>Västernorrland: 010-569 40 26</p>
<p>Kommunikatör i tjänst igen från klockan 07:00 i morgon.</p>",Norrbotten / Övriga Sverige,possible_admin_non_event
170478,2020-08-23,Övrigt,"Norrbotten, ingen kommunikatör i tjänst under kvällen och natten","<p>Händelsenotiser på polisen.se och samtal från journalister hanteras i mån av tid av befälen på regionledningscentralen (RLC).</p>
<p>Telefonnummer till RLC-befäl</p>
<p>Jämtland: 010-569 40 27</p>
<p>Norrbotten: 010-569 40 28</p>
<p>Västerbotten: 010-569 40 25</p>
<p>Västernorrland: 010-569 40 26</p>
<p>Kommunikatör i tjänst igen från klockan 07:00 i morgon.</p>",Norrbotten / Övriga Sverige,possible_admin_non_event
170846,2020-08-26,Övrigt,"Norrbotten, ingen kommunikatör i tjänst under natten","<p>Händelsenotiser på polisen.se och samtal från journalister hanteras i mån av tid av befälen på regionledningscentralen (RLC).</p>
<p>Telefonnummer till RLC-befäl</p>
<p>Jämtland: 010-569 40 27</p>
<p>Norrbotten: 010-569 40 28</p>
<p>Västerbotten: 010-569 40 25</p>
<p>Västernorrland: 010-569 40 26</p>
<p>Kommunikatör i tjänst igen från klockan 07:00 i morgon.</p>",Norrbotten / Övriga Sverige,possible_admin_non_event
170932,2020-08-27,Övrigt,"Norrbotten, ingen kommunikatör i tjänst under kvällen och natten","<p>Händelsenotiser på polisen.se och samtal från journalister hanteras i mån av tid av befälen på regionledningscentralen (RLC).</p>
<p>Telefonnummer till RLC-befäl</p>
<p>Jämtland: 010-569 40 27</p>
<p>Norrbotten: 010-569 40 28</p>
<p>Västerbotten: 010-569 40 25</p>
<p>Västernorrland: 010-569 40 26</p>
<p>Kommunikatör i tjänst igen från klockan 07:00 i morgon.</p>",Norrbotten / Övriga Sverige,possible_admin_non_event
171339,2020-08-31,Övrigt,"Norrbotten, ingen kommunikatör i tjänst under natten","<p>Händelsenotiser på polisen.se och samtal från journalister hanteras i mån av tid av befälen på regionledningscentralen (RLC).</p>
<p>Telefonnummer till RLC-befäl</p>
<p>Jämtland: 010-569 40 27</p>
<p>Norrbotten: 010-569 40 28</p>
<p>Västerbotten: 010-569 40 25</p>
<p>Västernorrland: 010-569 40 26</p>
<p>Kommunikatör i tjänst igen från klockan 07:00 i morgon.</p>",Norrbotten / Övriga Sverige,possible_admin_non_event
171673,2020-09-03,Övrigt,"Norrbotten, ingen kommunikatör i tjänst under natten","<p>Händelsenotiser på polisen.se och samtal från journalister hanteras i mån av tid av befälen på regionledningscentralen (RLC).</p>
<p>Telefonnummer till RLC-befäl</p>
<p>Jämtland: 010-569 40 27</p>
<p>Norrbotten: 010-569 40 28</p>
<p>Västerbotten: 010-569 40 25</p>
<p>Västernorrland: 010-569 40 26</p>
<p>Kommunikatör i tjänst igen från klockan 07:00 i morgon.</p>",Norrbotten / Övriga Sverige,possible_admin_non_event
172632,2020-09-12,Övrigt,"Norrbotten, ingen kommunikatör i tjänst under kvällen och natten","<p>Händelsenotiser på polisen.se och samtal från journalister hanteras i mån av tid av befälen på regionledningscentralen (RLC).</p>
<p>Telefonnummer till RLC-befäl</p>
<p>Jämtland: 010-569 40 27</p>
<p>Norrbotten: 010-569 40 28</p>
<p>Västerbotten: 010-569 40 25</p>
<p>Västernorrland: 010-569 40 26</p>
<p>Kommunikatör i tjänst igen från klockan 07:00 i morgon.</p>",Norrbotten / Övriga Sverige,possible_admin_non_event
172705,2020-09-13,Övrigt,"Norrbotten, ingen kommunikatör i tjänst under kvällen och natten","<p>Händelsenotiser på polisen.se och samtal från journalister hanteras i mån av tid av befälen på regionledningscentralen (RLC).</p>
<p>Telefonnummer till RLC-befäl</p>
<p>Jämtland: 010-569 40 27</p>
<p>Norrbotten: 010-569 40 28</p>
<p>Västerbotten: 010-569 40 25</p>
<p>Västernorrland: 010-569 40 26</p>
<p>Kommunikatör i tjänst igen från klockan 07:00 i morgon.</p>",Norrbotten / Övriga Sverige,possible_admin_non_event
173553,2020-09-21,Övrigt,"Norrbotten, ingen kommunikatör i tjänst under kvällen och natten","<p>Händelsenotiser på polisen.se och samtal från journalister hanteras i mån av tid av befälen på regionledningscentralen (RLC).</p>
<p>Telefonnummer till RLC-befäl</p>
<p>Jämtland: 010-569 40 27</p>
<p>Norrbotten: 010-569 40 28</p>
<p>Västerbotten: 010-569 40 25</p>
<p>Västernorrland: 010-569 40 26</p>
<p>Kommunikatör i tjänst igen från klockan 07:00 i morgon.</p>",Norrbotten / Övriga Sverige,possible_admin_non_event
173821,2020-09-23,Övrigt,"Norrbotten, ingen kommunikatör i tjänst under natten","<p>Händelsenotiser på polisen.se och samtal från journalister hanteras i mån av tid av befälen på regionledningscentralen (RLC).</p>
<p>Telefonnummer till RLC-befäl</p>
<p>Jämtland: 010-569 40 27</p>
<p>Norrbotten: 010-569 40 28</p>
<p>Västerbotten: 010-569 40 25</p>
<p>Västernorrland: 010-569 40 26</p>
<p>Kommunikatör i tjänst igen från klockan 07:00 i morgon.</p>",Norrbotten / Övriga Sverige,possible_admin_non_event
173951,2020-09-24,Övrigt,"Norrbotten, ingen kommunikatör i tjänst under natten","<p>Händelsenotiser på polisen.se och samtal från journalister hanteras i mån av tid av befälen på regionledningscentralen (RLC).</p>
<p>Telefonnummer till RLC-befäl</p>
<p>Jämtland: 010-569 40 27</p>
<p>Norrbotten: 010-569 40 28</p>
<p>Västerbotten: 010-569 40 25</p>
<p>Västernorrland: 010-569 40 26</p>
<p>Kommunikatör i tjänst igen från klockan 07:00 i morgon.</p>",Norrbotten / Övriga Sverige,possible_admin_non_event
174321,2020-09-28,Övrigt,"Norrbotten, ingen kommunikatör i tjänst under natten","<p>Händelsenotiser på polisen.se och samtal från journalister hanteras i mån av tid av befälen på regionledningscentralen (RLC).</p>
<p>Telefonnummer till RLC-befäl</p>
<p>Jämtland: 010-569 40 27</p>
<p>Norrbotten: 010-569 40 28</p>
<p>Västerbotten: 010-569 40 25</p>
<p>Västernorrland: 010-569 40 26</p>
<p>Kommunikatör i tjänst igen från klockan 07:00 i morgon.</p>",Norrbotten / Övriga Sverige,possible_admin_non_event
175497,2020-10-10,Övrigt,"Norrbotten, ingen kommunikatör i tjänst under kvällen och natten","<p>Händelsenotiser på polisen.se och samtal från journalister hanteras i mån av tid av befälen på regionledningscentralen (RLC).</p>
<p>Telefonnummer till RLC-befäl</p>
<p>Jämtland: 010-569 40 27</p>
<p>Norrbotten: 010-569 40 28</p>
<p>Västerbotten: 010-569 40 25</p>
<p>Västernorrland: 010-569 40 26</p>
<p>Kommunikatör i tjänst igen från klockan 07:00 i morgon.</p>",Norrbotten / Övriga Sverige,possible_admin_non_event
175577,2020-10-11,Övrigt,"Norrbotten, ingen kommunikatör i tjänst under kvällen och natten","<p>Händelsenotiser på polisen.se och samtal från journalister hanteras i mån av tid av befälen på regionledningscentralen (RLC).</p>
<p>Telefonnummer till RLC-befäl</p>
<p>Jämtland: 010-569 40 27</p>
<p>Norrbotten: 010-569 40 28</p>
<p>Västerbotten: 010-569 40 25</p>
<p>Västernorrland: 010-569 40 26</p>
<p>Kommunikatör i tjänst igen från klockan 07:00 i morgon.</p>",Norrbotten / Övriga Sverige,possible_admin_non_event
175909,2020-10-14,Övrigt,"Norrbotten, ingen kommunikatör i tjänst under kvällen och natten","<p>Händelsenotiser på polisen.se och samtal från journalister hanteras i mån av tid av befälen på regionledningscentralen (RLC).</p>
<p>Telefonnummer till RLC-befäl</p>
<p>Jämtland: 010-569 40 27</p>
<p>Norrbotten: 010-569 40 28</p>
<p>Västerbotten: 010-569 40 25</p>
<p>Västernorrland: 010-569 40 26</p>
<p>Kommunikatör i tjänst igen från klockan 07:00 i morgon.</p>",Norrbotten / Övriga Sverige,possible_admin_non_event
176197,2020-10-16,Övrigt,"Norrbotten, ingen kommunikatör i tjänst under natten","<p>Händelsenotiser på polisen.se och samtal från journalister hanteras i mån av tid av befälen på regionledningscentralen (RLC).</p>
<p>Telefonnummer till RLC-befäl</p>
<p>Jämtland: 010-569 40 27</p>
<p>Norrbotten: 010-569 40 28</p>
<p>Västerbotten: 010-569 40 25</p>
<p>Västernorrland: 010-569 40 26</p>
<p>Kommunikatör i tjänst igen från klockan 07:00 i morgon.</p>",Norrbotten / Övriga Sverige,possible_admin_non_event
176739,2020-10-21,Övrigt,"Norrbotten, ingen kommunikatör i tjänst under natten","<p>Händelsenotiser på polisen.se och samtal från journalister hanteras i mån av tid av befälen på regionledningscentralen (RLC).</p>
<p>Telefonnummer till RLC-befäl</p>
<p>Jämtland: 010-569 40 27</p>
<p>Norrbotten: 010-569 40 28</p>
<p>Västerbotten: 010-569 40 25</p>
<p>Västernorrland: 010-569 40 26</p>
<p>Kommunikatör i tjänst igen från klockan 07:00 i morgon.</p>",Norrbotten / Övriga Sverige,possible_admin_non_event
176872,2020-10-22,Övrigt,"Norrbotten, ingen kommunikatör i tjänst under natten","<p>Händelsenotiser på polisen.se och samtal från journalister hanteras i mån av tid av befälen på regionledningscentralen (RLC).</p>
<p>Telefonnummer till RLC-befäl</p>
<p>Jämtland: 010-569 40 27</p>
<p>Norrbotten: 010-569 40 28</p>
<p>Västerbotten: 010-569 40 25</p>
<p>Västernorrland: 010-569 40 26</p>
<p>Kommunikatör i tjänst igen från klockan 07:00 i morgon.</p>",Norrbotten / Övriga Sverige,possible_admin_non_event
178045,2020-11-02,Övrigt,"Norrbotten, ingen kommunikatör i tjänst under kvällen och natten","<p>Händelsenotiser på polisen.se och samtal från journalister hanteras i mån av tid av befälen på regionledningscentralen (RLC).</p>
<p>Telefonnummer till RLC-befäl</p>
<p>Jämtland: 010-569 40 27</p>
<p>Norrbotten: 010-569 40 28</p>
<p>Västerbotten: 010-569 40 25</p>
<p>Västernorrland: 010-569 40 26</p>
<p>Kommunikatör i tjänst igen från klockan 07:00 i morgon.</p>",Norrbotten / Övriga Sverige,possible_admin_non_event
178645,2020-11-07,Övrigt,"Norrbotten, ingen kommunikatör i tjänst under kvällen och natten","<p>Händelsenotiser på polisen.se och samtal från journalister hanteras i mån av tid av befälen på regionledningscentralen (RLC).</p>
<p>Telefonnummer till RLC-befäl</p>
<p>Jämtland: 010-569 40 27</p>
<p>Norrbotten: 010-569 40 28</p>
<p>Västerbotten: 010-569 40 25</p>
<p>Västernorrland: 010-569 40 26</p>
<p>Kommunikatör i tjänst igen från klockan 07:00 i morgon.</p>",Norrbotten / Övriga Sverige,possible_admin_non_event
178711,2020-11-08,Övrigt,"Norrbotten, ingen kommunikatör i tjänst under kvällen och natten","<p>Händelsenotiser på polisen.se och samtal från journalister hanteras i mån av tid av befälen på regionledningscentralen (RLC).</p>
<p>Telefonnummer till RLC-befäl</p>
<p>Jämtland: 010-569 40 27</p>
<p>Norrbotten: 010-569 40 28</p>
<p>Västerbotten: 010-569 40 25</p>
<p>Västernorrland: 010-569 40 26</p>
<p>Kommunikatör i tjänst igen från klockan 07:00 i morgon.</p>",Norrbotten / Övriga Sverige,possible_admin_non_event
179296,2020-11-13,Övrigt,"Norrbotten, ingen kommunikatör i tjänst under natten","<p>Händelsenotiser på polisen.se och samtal från journalister hanteras i mån av tid av befälen på regionledningscentralen (RLC).</p>
<p>Telefonnummer till RLC-befäl</p>
<p>Jämtland: 010-569 40 27</p>
<p>Norrbotten: 010-569 40 28</p>
<p>Västerbotten: 010-569 40 25</p>
<p>Västernorrland: 010-569 40 26</p>
<p>Kommunikatör i tjänst igen från klockan 07:00 i morgon.</p>",Norrbotten / Övriga Sverige,possible_admin_non_event
179413,2020-11-15,Övrigt,,,"Norrbotten, okänd kommun",possible_admin_non_event
179864,2020-11-19,Övrigt,"Norrbotten, ingen kommunikatör i tjänst under natten","<p>Händelsenotiser på polisen.se och samtal från journalister hanteras i mån av tid av befälen på regionledningscentralen (RLC).</p>
<p>Telefonnummer till RLC-befäl</p>
<p>Jämtland: 010-569 40 27</p>
<p>Norrbotten: 010-569 40 28</p>
<p>Västerbotten: 010-569 40 25</p>
<p>Västernorrland: 010-569 40 26</p>
<p>Kommunikatör i tjänst igen från klockan 07:00 i morgon.</p>",Norrbotten / Övriga Sverige,possible_admin_non_event
180256,2020-11-23,Övrigt,"Norrbotten, ingen kommunikatör i tjänst under natten","<p>Händelsenotiser på polisen.se och samtal från journalister hanteras i mån av tid av befälen på regionledningscentralen (RLC).</p>
<p>Telefonnummer till RLC-befäl</p>
<p>Jämtland: 010-569 40 27</p>
<p>Norrbotten: 010-569 40 28</p>
<p>Västerbotten: 010-569 40 25</p>
<p>Västernorrland: 010-569 40 26</p>
<p>Kommunikatör i tjänst igen från klockan 07:00 i morgon.</p>",Norrbotten / Övriga Sverige,possible_admin_non_event
180384,2020-11-24,Övrigt,"Norrbotten, ingen kommunikatör i tjänst under natten","<p>Händelsenotiser på polisen.se och samtal från journalister hanteras i mån av tid av befälen på regionledningscentralen (RLC).</p>
<p>Telefonnummer till RLC-befäl</p>
<p>Jämtland: 010-569 40 27</p>
<p>Norrbotten: 010-569 40 28</p>
<p>Västerbotten: 010-569 40 25</p>
<p>Västernorrland: 010-569 40 26</p>
<p>Kommunikatör i tjänst igen från klockan 07:00 i morgon.</p>",Norrbotten / Övriga Sverige,possible_admin_non_event
182252,2020-12-11,Övrigt,"Norrbotten, ingen kommunikatör i tjänst under natten","<p>Händelsenotiser på polisen.se och samtal från journalister hanteras i mån av tid av befälen på regionledningscentralen (RLC).</p>
<p>Telefonnummer till RLC-befäl</p>
<p>Jämtland: 010-569 40 27</p>
<p>Norrbotten: 010-569 40 28</p>
<p>Västerbotten: 010-569 40 25</p>
<p>Västernorrland: 010-569 40 26</p>
<p>Kommunikatör i tjänst igen från klockan 07:00 i morgon.</p>",Norrbotten / Övriga Sverige,possible_admin_non_event
182875,2020-12-17,Övrigt,"Norrbotten, ingen kommunikatör i tjänst under natten","<p>Händelsenotiser på polisen.se och samtal från journalister hanteras i mån av tid av befälen på regionledningscentralen (RLC).</p>
<p>Telefonnummer till RLC-befäl</p>
<p>Jämtland: 010-569 40 27</p>
<p>Norrbotten: 010-569 40 28</p>
<p>Västerbotten: 010-569 40 25</p>
<p>Västernorrland: 010-569 40 26</p>
<p>Kommunikatör i tjänst igen från klockan 07:00 i morgon.</p>",Norrbotten / Övriga Sverige,possible_admin_non_event
183948,2020-12-28,Övrigt,"Norrbotten, ingen kommunikatör i tjänst under natten","<p>Händelsenotiser på polisen.se och samtal från journalister hanteras i mån av tid av befälen på regionledningscentralen (RLC).</p>
<p>Telefonnummer till RLC-befäl</p>
<p>Jämtland: 010-569 40 27</p>
<p>Norrbotten: 010-569 40 28</p>
<p>Västerbotten: 010-569 40 25</p>
<p>Västernorrland: 010-569 40 26</p>
<p>Kommunikatör i tjänst igen från klockan 07:00 i morgon.</p>",Norrbotten / Övriga Sverige,possible_admin_non_event
184049,2020-12-29,Övrigt,"Norrbotten, ingen kommunikatör i tjänst under natten","<p>Händelsenotiser på polisen.se och samtal från journalister hanteras i mån av tid av befälen på regionledningscentralen (RLC).</p>
<p>Telefonnummer till RLC-befäl</p>
<p>Jämtland: 010-569 40 27</p>
<p>Norrbotten: 010-569 40 28</p>
<p>Västerbotten: 010-569 40 25</p>
<p>Västernorrland: 010-569 40 26</p>
<p>Kommunikatör i tjänst igen från klockan 07:00 i morgon.</p>",Norrbotten / Övriga Sverige,possible_admin_non_event
184310,2021-01-01,Övrigt,"Norrbotten, ingen kommunikatör i tjänst under kvällen och natten","<p>Händelsenotiser på polisen.se och samtal från journalister hanteras i mån av tid av befälen på regionledningscentralen (RLC).</p>
<p>Telefonnummer till RLC-befäl</p>
<p>Jämtland: 010-569 40 27</p>
<p>Norrbotten: 010-569 40 28</p>
<p>Västerbotten: 010-569 40 25</p>
<p>Västernorrland: 010-569 40 26</p>
<p>Kommunikatör i tjänst igen från klockan 07:00 i morgon.</p>",Norrbotten / Övriga Sverige,possible_admin_non_event
184553,2021-01-04,Övrigt,"Norrbotten, ingen kommunikatör i tjänst under natten","<p>Händelsenotiser på polisen.se och samtal från journalister hanteras i mån av tid av befälen på regionledningscentralen (RLC).</p>
<p>Telefonnummer till RLC-befäl</p>
<p>Jämtland: 010-569 40 27</p>
<p>Norrbotten: 010-569 40 28</p>
<p>Västerbotten: 010-569 40 25</p>
<p>Västernorrland: 010-569 40 26</p>
<p>Kommunikatör i tjänst igen från klockan 07:00 i morgon.</p>",Norrbotten / Övriga Sverige,possible_admin_non_event
185507,2021-01-13,Övrigt,Polispatruller har varit/är på plats i Grytnäs med anledning av att två personer avvikit från ett ungdomshem.,"<p>Även helikopter och hund har använts i sökandet. Personerna anträffades strax före 15.</p>
<p><strong>Uppdatering 15:19:</strong></p>
<p>Ärendet inkom till polisen klockan 14:04.</p>
<p><strong>Uppdatering 21:30 </strong>(av kommunikatör Marie Andersson)</p>
<p>I samband med händelsen misshandlades en anställd. En anmälan gällande grov misshandel upprättas.</p>",Kalix kommun,mixed_or_incident_check
195862,2021-04-23,Övrigt,"Polispatrull beordras under morgonen till Narken, Pajala, med anledning av att ett antal personer uppges hindra skogsarbete på platsen.","<p>Polisen talar med personerna. Ingen anmälan upprättas på plats.</p>
<p>Polisen åker senare till Paharovavägen, Överkalix. Även där uppges personer hindra arbetet genom att ha upprättat en sorts vägspärr. Det är lugnt på platsen.</p>
<p>Polisen gör beslag av olika föremål som kan användas i samband med aktioner.</p>
<p>En anmälan gällande båda ärendena kommer att upprättas. I nuläget är rubriceringen oklar.</p>",Flera kommuner i Norrbotten,possible_admin_non_event
