year,month,geography_group,type_original,event_count
2016,10,Luleå kommun,"Trafikolycka,  vilt",5
2016,10,Luleå kommun,Fylleri/LOB,3
2016,10,Luleå kommun,Stöld,3
2016,10,Luleå kommun,Inbrott,2
2016,10,Luleå kommun,Skadegörelse,2
2016,10,Luleå kommun,Trafikbrott,2
2016,10,Luleå kommun,"Trafikolycka,  personskada",2
2016,10,Luleå kommun,Brand,1
2016,10,Luleå kommun,Bråk,1
2016,10,Luleå kommun,"Inbrott,  försök",1
2016,10,Luleå kommun,Kontroll person/fordon,1
2016,10,Luleå kommun,Misshandel,1
2016,10,Luleå kommun,Olaga intrång/hemfridsbrott,1
2016,10,Luleå kommun,Rattfylleri,1
2016,10,Luleå kommun,Trafikolycka,1
2016,10,"Norrbotten, okänd kommun",Sammanfattning natt,10
2016,10,"Norrbotten, okänd kommun",Sammanfattning förmiddag,6
2016,10,"Norrbotten, okänd kommun",Rattfylleri,3
2016,10,"Norrbotten, okänd kommun",Sammanfattning dag,3
2016,10,"Norrbotten, okänd kommun",Stöld/inbrott,3
2016,10,"Norrbotten, okänd kommun",Övrigt,3
2016,10,"Norrbotten, okänd kommun",Fylleri/LOB,2
2016,10,"Norrbotten, okänd kommun",Sammanfattning eftermiddag,2
2016,10,"Norrbotten, okänd kommun",Sammanfattning kväll,2
2016,10,"Norrbotten, okänd kommun","Trafikolycka,  personskada",2
2016,10,"Norrbotten, okänd kommun",Brand,1
2016,10,"Norrbotten, okänd kommun",Inbrott,1
2016,10,"Norrbotten, okänd kommun",Sammanfattning kväll och natt,1
2016,10,"Norrbotten, okänd kommun",Skadegörelse,1
2016,10,"Norrbotten, okänd kommun",Stöld,1
2016,10,"Norrbotten, okänd kommun",Trafikbrott,1
2016,10,"Norrbotten, okänd kommun","Trafikolycka,  singel",1
2016,10,"Norrbotten, okänd kommun","Trafikolycka,  vilt",1
2016,10,Övriga Norrbotten,"Trafikolycka,  vilt",10
2016,10,Övriga Norrbotten,Stöld/inbrott,6
2016,10,Övriga Norrbotten,Trafikolycka,5
2016,10,Övriga Norrbotten,Arbetsplatsolycka,4
2016,10,Övriga Norrbotten,Brand,4
2016,10,Övriga Norrbotten,Försvunnen person,4
2016,10,Övriga Norrbotten,Stöld,4
2016,10,Övriga Norrbotten,"Trafikolycka,  singel",4
2016,10,Övriga Norrbotten,Fylleri/LOB,3
2016,10,Övriga Norrbotten,Kontroll person/fordon,3
2016,10,Övriga Norrbotten,Rattfylleri,3
2016,10,Övriga Norrbotten,Trafikbrott,3
2016,10,Övriga Norrbotten,Inbrott,2
2016,10,Övriga Norrbotten,Misshandel,2
2016,10,Övriga Norrbotten,"Trafikolycka,  personskada",2
2016,10,Övriga Norrbotten,Bedrägeri,1
2016,10,Övriga Norrbotten,Bråk,1
2016,10,Övriga Norrbotten,Fjällräddning,1
2016,10,Övriga Norrbotten,"Motorfordon,  anträffat stulet",1
2016,10,Övriga Norrbotten,"Motorfordon,  stöld",1
2016,10,Övriga Norrbotten,Rån övrigt,1
2016,10,Övriga Norrbotten,Trafikhinder,1
2016,10,Övriga Norrbotten,"Trafikolycka,  smitning från",1
2016,10,Övriga Norrbotten,Övrigt,1
2016,11,Luleå kommun,Rattfylleri,8
2016,11,Luleå kommun,Trafikolycka,6
2016,11,Luleå kommun,Stöld,4
2016,11,Luleå kommun,Bråk,3
2016,11,Luleå kommun,Kontroll person/fordon,2
2016,11,Luleå kommun,Sammanfattning eftermiddag,2
2016,11,Luleå kommun,Skadegörelse,2
2016,11,Luleå kommun,Övrigt,2
2016,11,Luleå kommun,Arbetsplatsolycka,1
2016,11,Luleå kommun,Bedrägeri,1
2016,11,Luleå kommun,Djur skadat/omhändertaget,1
2016,11,Luleå kommun,Inbrott,1
2016,11,Luleå kommun,Knivlagen,1
2016,11,Luleå kommun,Misshandel,1
2016,11,Luleå kommun,Narkotikabrott,1
2016,11,Luleå kommun,Olaga hot,1
2016,11,Luleå kommun,Olaga intrång/hemfridsbrott,1
2016,11,Luleå kommun,Olovlig körning,1
2016,11,Luleå kommun,Rån,1
2016,11,Luleå kommun,Stöld/inbrott,1
2016,11,Luleå kommun,Trafikhinder,1
2016,11,Luleå kommun,"Trafikolycka,  personskada",1
2016,11,Luleå kommun,"Trafikolycka,  singel",1
2016,11,Luleå kommun,"Trafikolycka,  smitning från",1
2016,11,Luleå kommun,"Trafikolycka,  vilt",1
2016,11,"Norrbotten, okänd kommun",Sammanfattning natt,23
2016,11,"Norrbotten, okänd kommun",Trafikolycka,12
2016,11,"Norrbotten, okänd kommun",Rattfylleri,7
2016,11,"Norrbotten, okänd kommun",Övrigt,7
2016,11,"Norrbotten, okänd kommun",Sammanfattning förmiddag,6
2016,11,"Norrbotten, okänd kommun","Trafikolycka,  vilt",6
2016,11,"Norrbotten, okänd kommun",Brand,4
2016,11,"Norrbotten, okänd kommun","Trafikolycka,  personskada",4
2016,11,"Norrbotten, okänd kommun",Kontroll person/fordon,2
2016,11,"Norrbotten, okänd kommun",Sammanfattning eftermiddag,2
2016,11,"Norrbotten, okänd kommun",Sammanfattning kväll,2
2016,11,"Norrbotten, okänd kommun",Tillfälligt obemannat,2
2016,11,"Norrbotten, okänd kommun",Arbetsplatsolycka,1
2016,11,"Norrbotten, okänd kommun",Fylleri/LOB,1
2016,11,"Norrbotten, okänd kommun",Narkotikabrott,1
2016,11,"Norrbotten, okänd kommun",Olaga hot,1
2016,11,"Norrbotten, okänd kommun",Sammanfattning dag,1
2016,11,"Norrbotten, okänd kommun",Sammanfattning helg,1
2016,11,"Norrbotten, okänd kommun",Snatteri,1
2016,11,"Norrbotten, okänd kommun",Stöld,1
2016,11,"Norrbotten, okänd kommun",Stöld/inbrott,1
2016,11,"Norrbotten, okänd kommun",Trafikhinder,1
2016,11,"Norrbotten, okänd kommun","Trafikolycka,  singel",1
2016,11,Övriga Norrbotten,"Trafikolycka,  vilt",18
2016,11,Övriga Norrbotten,Trafikolycka,12
2016,11,Övriga Norrbotten,"Trafikolycka,  singel",7
2016,11,Övriga Norrbotten,"Trafikolycka,  personskada",6
2016,11,Övriga Norrbotten,Rattfylleri,5
2016,11,Övriga Norrbotten,Misshandel,4
2016,11,Övriga Norrbotten,Övrigt,4
2016,11,Övriga Norrbotten,Brand,3
2016,11,Övriga Norrbotten,Narkotikabrott,3
2016,11,Övriga Norrbotten,Stöld,3
2016,11,Övriga Norrbotten,Djur skadat/omhändertaget,2
2016,11,Övriga Norrbotten,Försvunnen person,2
2016,11,Övriga Norrbotten,Kontroll person/fordon,2
2016,11,Övriga Norrbotten,Olaga hot,2
2016,11,Övriga Norrbotten,Skadegörelse,2
2016,11,Övriga Norrbotten,Trafikhinder,2
2016,11,Övriga Norrbotten,Arbetsplatsolycka,1
2016,11,Övriga Norrbotten,Bedrägeri,1
2016,11,Övriga Norrbotten,"Motorfordon,  stöld",1
2016,11,Övriga Norrbotten,Räddningsinsats,1
2016,11,Övriga Norrbotten,Sjukdom/olycksfall,1
2016,11,Övriga Norrbotten,Snatteri,1
2016,12,Luleå kommun,Trafikolycka,3
2016,12,Luleå kommun,Fylleri/LOB,2
2016,12,Luleå kommun,Försvunnen person,1
2016,12,Luleå kommun,"Misshandel,  grov",1
2016,12,Luleå kommun,Narkotikabrott,1
2016,12,Luleå kommun,Rattfylleri,1
2016,12,Luleå kommun,Stöld,1
2016,12,Luleå kommun,Stöld/inbrott,1
2016,12,Luleå kommun,"Trafikolycka,  singel",1
2016,12,Luleå kommun,"Trafikolycka,  vilt",1
2016,12,"Norrbotten, okänd kommun","Trafikolycka,  vilt",43
2016,12,"Norrbotten, okänd kommun",Trafikolycka,39
2016,12,"Norrbotten, okänd kommun",Rattfylleri,22
2016,12,"Norrbotten, okänd kommun",Sammanfattning natt,15
2016,12,"Norrbotten, okänd kommun",Stöld/inbrott,13
2016,12,"Norrbotten, okänd kommun","Trafikolycka,  singel",12
2016,12,"Norrbotten, okänd kommun","Trafikolycka,  personskada",11
2016,12,"Norrbotten, okänd kommun",Trafikhinder,10
2016,12,"Norrbotten, okänd kommun",Brand,8
2016,12,"Norrbotten, okänd kommun",Djur skadat/omhändertaget,7
2016,12,"Norrbotten, okänd kommun","Trafikolycka,  smitning från",6
2016,12,"Norrbotten, okänd kommun",Misshandel,5
2016,12,"Norrbotten, okänd kommun",Övrigt,5
2016,12,"Norrbotten, okänd kommun",Kontroll person/fordon,4
2016,12,"Norrbotten, okänd kommun",Sammanfattning förmiddag,4
2016,12,"Norrbotten, okänd kommun",Sammanfattning kväll,4
2016,12,"Norrbotten, okänd kommun",Olaga hot,3
2016,12,"Norrbotten, okänd kommun",Stöld,3
2016,12,"Norrbotten, okänd kommun",Bråk,2
2016,12,"Norrbotten, okänd kommun",Fylleri/LOB,2
2016,12,"Norrbotten, okänd kommun",Inbrott,2
2016,12,"Norrbotten, okänd kommun",Skadegörelse,2
2016,12,"Norrbotten, okänd kommun",Arbetsplatsolycka,1
2016,12,"Norrbotten, okänd kommun",Brand automatlarm,1
2016,12,"Norrbotten, okänd kommun",Fjällräddning,1
2016,12,"Norrbotten, okänd kommun","Motorfordon,  stöld",1
2016,12,"Norrbotten, okänd kommun",Narkotikabrott,1
2016,12,"Norrbotten, okänd kommun",Ofog barn/ungdom,1
2016,12,"Norrbotten, okänd kommun",Räddningsinsats,1
2016,12,"Norrbotten, okänd kommun",Rån,1
2016,12,"Norrbotten, okänd kommun",Sammanfattning dag,1
2016,12,"Norrbotten, okänd kommun",Sammanfattning eftermiddag,1
2016,12,"Norrbotten, okänd kommun",Sammanfattning kväll och natt,1
2016,12,"Norrbotten, okänd kommun",Trafikbrott,1
2016,12,"Norrbotten, okänd kommun",Trafikkontroll,1
2016,12,"Norrbotten, okänd kommun",Våld/hot mot tjänsteman,1
2016,12,Övriga Norrbotten,Trafikolycka,10
2016,12,Övriga Norrbotten,"Trafikolycka,  vilt",8
2016,12,Övriga Norrbotten,Bedrägeri,3
2016,12,Övriga Norrbotten,"Trafikolycka,  personskada",3
2016,12,Övriga Norrbotten,Anträffat gods,2
2016,12,Övriga Norrbotten,Försvunnen person,2
2016,12,Övriga Norrbotten,Rattfylleri,2
2016,12,Övriga Norrbotten,Sammanfattning natt,2
2016,12,Övriga Norrbotten,Stöld/inbrott,2
2016,12,Övriga Norrbotten,Brand,1
2016,12,Övriga Norrbotten,"Farligt föremål,  misstänkt",1
2016,12,Övriga Norrbotten,Fylleri/LOB,1
2016,12,Övriga Norrbotten,Inbrott,1
2016,12,Övriga Norrbotten,Kontroll person/fordon,1
2016,12,Övriga Norrbotten,Misshandel,1
2016,12,Övriga Norrbotten,Olaga hot,1
2016,12,Övriga Norrbotten,Stöld,1
2016,12,Övriga Norrbotten,"Trafikolycka,  singel",1
2016,12,Övriga Norrbotten,"Trafikolycka,  smitning från",1
2017,1,"Norrbotten, okänd kommun",Trafikolycka,53
2017,1,"Norrbotten, okänd kommun","Trafikolycka,  vilt",34
2017,1,"Norrbotten, okänd kommun",Rattfylleri,21
2017,1,"Norrbotten, okänd kommun",Sammanfattning natt,15
2017,1,"Norrbotten, okänd kommun",Djur skadat/omhändertaget,12
2017,1,"Norrbotten, okänd kommun",Sammanfattning förmiddag,12
2017,1,"Norrbotten, okänd kommun","Trafikolycka,  singel",12
2017,1,"Norrbotten, okänd kommun",Stöld/inbrott,10
2017,1,"Norrbotten, okänd kommun",Trafikhinder,9
2017,1,"Norrbotten, okänd kommun",Brand,7
2017,1,"Norrbotten, okänd kommun",Trafikbrott,6
2017,1,"Norrbotten, okänd kommun",Trafikkontroll,6
2017,1,"Norrbotten, okänd kommun",Narkotikabrott,5
2017,1,"Norrbotten, okänd kommun",Övrigt,5
2017,1,"Norrbotten, okänd kommun",Arbetsplatsolycka,4
2017,1,"Norrbotten, okänd kommun",Försvunnen person,4
2017,1,"Norrbotten, okänd kommun",Misshandel,4
2017,1,"Norrbotten, okänd kommun",Sammanfattning kväll,4
2017,1,"Norrbotten, okänd kommun","Trafikolycka,  smitning från",4
2017,1,"Norrbotten, okänd kommun",Fjällräddning,3
2017,1,"Norrbotten, okänd kommun",Inbrott,3
2017,1,"Norrbotten, okänd kommun",Sammanfattning eftermiddag,3
2017,1,"Norrbotten, okänd kommun",Sammanfattning kväll och natt,3
2017,1,"Norrbotten, okänd kommun",Skadegörelse,3
2017,1,"Norrbotten, okänd kommun","Trafikolycka,  personskada",3
2017,1,"Norrbotten, okänd kommun",Bedrägeri,2
2017,1,"Norrbotten, okänd kommun",Fylleri/LOB,2
2017,1,"Norrbotten, okänd kommun",Larm Överfall,2
2017,1,"Norrbotten, okänd kommun",Räddningsinsats,2
2017,1,"Norrbotten, okänd kommun",Stöld,2
2017,1,"Norrbotten, okänd kommun",Brand automatlarm,1
2017,1,"Norrbotten, okänd kommun",Bråk,1
2017,1,"Norrbotten, okänd kommun","Farligt föremål,  misstänkt",1
2017,1,"Norrbotten, okänd kommun",Knivlagen,1
2017,1,"Norrbotten, okänd kommun",Kontroll person/fordon,1
2017,1,"Norrbotten, okänd kommun","Misshandel,  grov",1
2017,1,"Norrbotten, okänd kommun","Motorfordon,  anträffat stulet",1
2017,1,"Norrbotten, okänd kommun","Motorfordon,  stöld",1
2017,1,"Norrbotten, okänd kommun",Olaga hot,1
2017,1,"Norrbotten, okänd kommun",Olovlig körning,1
2017,1,"Norrbotten, okänd kommun",Sjukdom/olycksfall,1
2017,1,"Norrbotten, okänd kommun",Snatteri,1
2017,1,"Norrbotten, okänd kommun","Stöld,  försök",1
2017,1,"Norrbotten, okänd kommun",Uppdatering,1
2017,1,"Norrbotten, okänd kommun",Våld/hot mot tjänsteman,1
2017,1,Övriga Norrbotten,"Trafikolycka,  vilt",1
2017,2,"Norrbotten, okänd kommun",Trafikolycka,39
2017,2,"Norrbotten, okänd kommun","Trafikolycka,  vilt",22
2017,2,"Norrbotten, okänd kommun",Rattfylleri,21
2017,2,"Norrbotten, okänd kommun",Trafikkontroll,19
2017,2,"Norrbotten, okänd kommun",Sammanfattning natt,17
2017,2,"Norrbotten, okänd kommun",Brand,11
2017,2,"Norrbotten, okänd kommun","Trafikolycka,  singel",11
2017,2,"Norrbotten, okänd kommun","Trafikolycka,  personskada",10
2017,2,"Norrbotten, okänd kommun",Fylleri/LOB,8
2017,2,"Norrbotten, okänd kommun",Övrigt,8
2017,2,"Norrbotten, okänd kommun",Trafikhinder,7
2017,2,"Norrbotten, okänd kommun",Arbetsplatsolycka,6
2017,2,"Norrbotten, okänd kommun",Stöld,6
2017,2,"Norrbotten, okänd kommun",Stöld/inbrott,6
2017,2,"Norrbotten, okänd kommun",Kontroll person/fordon,5
2017,2,"Norrbotten, okänd kommun",Misshandel,5
2017,2,"Norrbotten, okänd kommun",Olaga hot,5
2017,2,"Norrbotten, okänd kommun",Bråk,4
2017,2,"Norrbotten, okänd kommun",Djur skadat/omhändertaget,4
2017,2,"Norrbotten, okänd kommun",Narkotikabrott,4
2017,2,"Norrbotten, okänd kommun",Sammanfattning förmiddag,4
2017,2,"Norrbotten, okänd kommun",Fjällräddning,3
2017,2,"Norrbotten, okänd kommun",Trafikbrott,3
2017,2,"Norrbotten, okänd kommun","Motorfordon,  stöld",2
2017,2,"Norrbotten, okänd kommun",Sammanfattning dag,2
2017,2,"Norrbotten, okänd kommun",Skadegörelse,2
2017,2,"Norrbotten, okänd kommun",Snatteri,2
2017,2,"Norrbotten, okänd kommun",Våld/hot mot tjänsteman,2
2017,2,"Norrbotten, okänd kommun",Bedrägeri,1
2017,2,"Norrbotten, okänd kommun",Försvunnen person,1
2017,2,"Norrbotten, okänd kommun",Inbrott,1
2017,2,"Norrbotten, okänd kommun",Larm Överfall,1
2017,2,"Norrbotten, okänd kommun",Räddningsinsats,1
2017,2,"Norrbotten, okänd kommun",Sammanfattning eftermiddag,1
2017,2,"Norrbotten, okänd kommun",Sammanfattning kväll,1
2017,2,"Norrbotten, okänd kommun",Sammanfattning kväll och natt,1
2017,2,"Norrbotten, okänd kommun",Sjukdom/olycksfall,1
2017,2,"Norrbotten, okänd kommun","Stöld,  försök",1
2017,3,"Norrbotten, okänd kommun",Trafikolycka,32
2017,3,"Norrbotten, okänd kommun",Rattfylleri,25
2017,3,"Norrbotten, okänd kommun",Sammanfattning natt,23
2017,3,"Norrbotten, okänd kommun",Fjällräddning,14
2017,3,"Norrbotten, okänd kommun",Trafikkontroll,14
2017,3,"Norrbotten, okänd kommun",Bråk,13
2017,3,"Norrbotten, okänd kommun","Trafikolycka,  vilt",13
2017,3,"Norrbotten, okänd kommun",Brand,11
2017,3,"Norrbotten, okänd kommun",Sammanfattning förmiddag,11
2017,3,"Norrbotten, okänd kommun",Narkotikabrott,8
2017,3,"Norrbotten, okänd kommun",Trafikhinder,8
2017,3,"Norrbotten, okänd kommun","Trafikolycka,  personskada",8
2017,3,"Norrbotten, okänd kommun",Fylleri/LOB,7
2017,3,"Norrbotten, okänd kommun","Trafikolycka,  singel",7
2017,3,"Norrbotten, okänd kommun",Djur skadat/omhändertaget,6
2017,3,"Norrbotten, okänd kommun",Misshandel,6
2017,3,"Norrbotten, okänd kommun",Sammanfattning kväll,6
2017,3,"Norrbotten, okänd kommun",Stöld/inbrott,6
2017,3,"Norrbotten, okänd kommun",Arbetsplatsolycka,5
2017,3,"Norrbotten, okänd kommun",Sammanfattning eftermiddag,5
2017,3,"Norrbotten, okänd kommun",Detonation,4
2017,3,"Norrbotten, okänd kommun",Inbrott,4
2017,3,"Norrbotten, okänd kommun",Räddningsinsats,4
2017,3,"Norrbotten, okänd kommun",Kontroll person/fordon,3
2017,3,"Norrbotten, okänd kommun",Olaga hot,3
2017,3,"Norrbotten, okänd kommun",Sjukdom/olycksfall,3
2017,3,"Norrbotten, okänd kommun",Skadegörelse,3
2017,3,"Norrbotten, okänd kommun",Trafikbrott,3
2017,3,"Norrbotten, okänd kommun",Sammanfattning kväll och natt,2
2017,3,"Norrbotten, okänd kommun",Stöld,2
2017,3,"Norrbotten, okänd kommun",Övrigt,2
2017,3,"Norrbotten, okänd kommun",Bombhot,1
2017,3,"Norrbotten, okänd kommun","Misshandel,  grov",1
2017,3,"Norrbotten, okänd kommun",Mord/dråp,1
2017,3,"Norrbotten, okänd kommun","Mord/dråp,  försök",1
2017,3,"Norrbotten, okänd kommun",Olaga intrång/hemfridsbrott,1
2017,3,"Norrbotten, okänd kommun",Rån väpnat,1
2017,3,"Norrbotten, okänd kommun",Sammanfattning dag,1
2017,3,"Norrbotten, okänd kommun",Snatteri,1
2017,3,"Norrbotten, okänd kommun",Uppdatering,1
2017,3,"Norrbotten, okänd kommun",Vapenlagen,1
2017,3,"Norrbotten, okänd kommun",Våld/hot mot tjänsteman,1
2017,3,Övriga Norrbotten,"Mord/dråp,  försök",1
2017,4,"Norrbotten, okänd kommun",Sammanfattning natt,25
2017,4,"Norrbotten, okänd kommun",Rattfylleri,24
2017,4,"Norrbotten, okänd kommun",Trafikolycka,18
2017,4,"Norrbotten, okänd kommun",Fylleri/LOB,10
2017,4,"Norrbotten, okänd kommun",Fjällräddning,9
2017,4,"Norrbotten, okänd kommun",Sammanfattning förmiddag,9
2017,4,"Norrbotten, okänd kommun",Stöld,8
2017,4,"Norrbotten, okänd kommun",Sammanfattning kväll,7
2017,4,"Norrbotten, okänd kommun",Stöld/inbrott,7
2017,4,"Norrbotten, okänd kommun",Trafikkontroll,7
2017,4,"Norrbotten, okänd kommun","Trafikolycka,  singel",7
2017,4,"Norrbotten, okänd kommun",Brand,6
2017,4,"Norrbotten, okänd kommun",Misshandel,6
2017,4,"Norrbotten, okänd kommun",Narkotikabrott,6
2017,4,"Norrbotten, okänd kommun",Skadegörelse,6
2017,4,"Norrbotten, okänd kommun",Uppdatering,6
2017,4,"Norrbotten, okänd kommun",Sammanfattning kväll och natt,5
2017,4,"Norrbotten, okänd kommun",Trafikbrott,4
2017,4,"Norrbotten, okänd kommun",Övrigt,4
2017,4,"Norrbotten, okänd kommun",Bråk,3
2017,4,"Norrbotten, okänd kommun",Försvunnen person,3
2017,4,"Norrbotten, okänd kommun",Inbrott,3
2017,4,"Norrbotten, okänd kommun",Tillfälligt obemannat,3
2017,4,"Norrbotten, okänd kommun","Trafikolycka,  personskada",3
2017,4,"Norrbotten, okänd kommun",Djur skadat/omhändertaget,2
2017,4,"Norrbotten, okänd kommun",Kontroll person/fordon,2
2017,4,"Norrbotten, okänd kommun",Larm Överfall,2
2017,4,"Norrbotten, okänd kommun",Sammanfattning dag,2
2017,4,"Norrbotten, okänd kommun",Sammanfattning eftermiddag,2
2017,4,"Norrbotten, okänd kommun","Trafikolycka,  vilt",2
2017,4,"Norrbotten, okänd kommun",Alkohollagen,1
2017,4,"Norrbotten, okänd kommun",Anträffat gods,1
2017,4,"Norrbotten, okänd kommun","Farligt föremål,  misstänkt",1
2017,4,"Norrbotten, okänd kommun",Räddningsinsats,1
2017,4,"Norrbotten, okänd kommun",Rån övrigt,1
2017,4,"Norrbotten, okänd kommun",Sedlighetsbrott,1
2017,4,"Norrbotten, okänd kommun",Snatteri,1
2017,4,"Norrbotten, okänd kommun",Trafikhinder,1
2017,4,"Norrbotten, okänd kommun","Trafikolycka,  smitning från",1
2017,4,Övriga Norrbotten,Sammanfattning natt,1
2017,5,"Norrbotten, okänd kommun",Rattfylleri,24
2017,5,"Norrbotten, okänd kommun",Sammanfattning natt,19
2017,5,"Norrbotten, okänd kommun",Trafikolycka,14
2017,5,"Norrbotten, okänd kommun",Trafikkontroll,13
2017,5,"Norrbotten, okänd kommun",Stöld,11
2017,5,"Norrbotten, okänd kommun",Misshandel,10
2017,5,"Norrbotten, okänd kommun",Stöld/inbrott,10
2017,5,"Norrbotten, okänd kommun",Bråk,9
2017,5,"Norrbotten, okänd kommun",Brand,7
2017,5,"Norrbotten, okänd kommun",Sammanfattning förmiddag,7
2017,5,"Norrbotten, okänd kommun",Skadegörelse,6
2017,5,"Norrbotten, okänd kommun",Uppdatering,6
2017,5,"Norrbotten, okänd kommun",Sammanfattning kväll och natt,5
2017,5,"Norrbotten, okänd kommun",Snatteri,5
2017,5,"Norrbotten, okänd kommun","Trafikolycka,  vilt",5
2017,5,"Norrbotten, okänd kommun",Fjällräddning,4
2017,5,"Norrbotten, okänd kommun",Försvunnen person,4
2017,5,"Norrbotten, okänd kommun",Narkotikabrott,4
2017,5,"Norrbotten, okänd kommun",Olaga hot,4
2017,5,"Norrbotten, okänd kommun",Sammanfattning kväll,4
2017,5,"Norrbotten, okänd kommun",Trafikbrott,4
2017,5,"Norrbotten, okänd kommun",Övrigt,4
2017,5,"Norrbotten, okänd kommun",Arbetsplatsolycka,3
2017,5,"Norrbotten, okänd kommun",Djur skadat/omhändertaget,3
2017,5,"Norrbotten, okänd kommun",Fylleri/LOB,3
2017,5,"Norrbotten, okänd kommun","Trafikolycka,  personskada",3
2017,5,"Norrbotten, okänd kommun","Trafikolycka,  singel",3
2017,5,"Norrbotten, okänd kommun",Bedrägeri,2
2017,5,"Norrbotten, okänd kommun",Sammanfattning eftermiddag,2
2017,5,"Norrbotten, okänd kommun",Anträffad död,1
2017,5,"Norrbotten, okänd kommun","Farligt föremål,  misstänkt",1
2017,5,"Norrbotten, okänd kommun",Inbrott,1
2017,5,"Norrbotten, okänd kommun",Larm Inbrott,1
2017,5,"Norrbotten, okänd kommun",Larm Överfall,1
2017,5,"Norrbotten, okänd kommun","Misshandel,  grov",1
2017,5,"Norrbotten, okänd kommun",Mord/dråp,1
2017,5,"Norrbotten, okänd kommun",Ofog barn/ungdom,1
2017,5,"Norrbotten, okänd kommun",Ofredande/förargelse,1
2017,5,"Norrbotten, okänd kommun",Räddningsinsats,1
2017,5,"Norrbotten, okänd kommun",Rån,1
2017,5,"Norrbotten, okänd kommun",Sammanfattning dag,1
2017,5,"Norrbotten, okänd kommun",Sammanfattning vecka,1
2017,5,"Norrbotten, okänd kommun",Skottlossning,1
2017,5,"Norrbotten, okänd kommun",Tillfälligt obemannat,1
2017,5,"Norrbotten, okänd kommun",Trafikhinder,1
2017,5,"Norrbotten, okänd kommun","Trafikolycka,  smitning från",1
2017,5,Övriga Norrbotten,"Misshandel,  grov",1
2017,6,"Norrbotten, okänd kommun",Sammanfattning natt,27
2017,6,"Norrbotten, okänd kommun",Rattfylleri,22
2017,6,"Norrbotten, okänd kommun",Stöld/inbrott,15
2017,6,"Norrbotten, okänd kommun",Trafikbrott,12
2017,6,"Norrbotten, okänd kommun",Trafikolycka,12
2017,6,"Norrbotten, okänd kommun",Fylleri/LOB,11
2017,6,"Norrbotten, okänd kommun",Sammanfattning kväll,10
2017,6,"Norrbotten, okänd kommun",Trafikkontroll,8
2017,6,"Norrbotten, okänd kommun",Sammanfattning förmiddag,6
2017,6,"Norrbotten, okänd kommun","Trafikolycka,  vilt",6
2017,6,"Norrbotten, okänd kommun",Övrigt,6
2017,6,"Norrbotten, okänd kommun",Brand,5
2017,6,"Norrbotten, okänd kommun",Narkotikabrott,5
2017,6,"Norrbotten, okänd kommun",Stöld,5
2017,6,"Norrbotten, okänd kommun",Arbetsplatsolycka,4
2017,6,"Norrbotten, okänd kommun",Bråk,4
2017,6,"Norrbotten, okänd kommun",Djur skadat/omhändertaget,4
2017,6,"Norrbotten, okänd kommun",Inbrott,4
2017,6,"Norrbotten, okänd kommun",Misshandel,4
2017,6,"Norrbotten, okänd kommun",Räddningsinsats,4
2017,6,"Norrbotten, okänd kommun","Trafikolycka,  singel",4
2017,6,"Norrbotten, okänd kommun",Försvunnen person,3
2017,6,"Norrbotten, okänd kommun","Motorfordon,  stöld",3
2017,6,"Norrbotten, okänd kommun",Sammanfattning kväll och natt,3
2017,6,"Norrbotten, okänd kommun","Trafikolycka,  personskada",3
2017,6,"Norrbotten, okänd kommun",Sammanfattning eftermiddag,2
2017,6,"Norrbotten, okänd kommun",Skadegörelse,2
2017,6,"Norrbotten, okänd kommun","Trafikolycka,  smitning från",2
2017,6,"Norrbotten, okänd kommun",,1
2017,6,"Norrbotten, okänd kommun",Fjällräddning,1
2017,6,"Norrbotten, okänd kommun",Kontroll person/fordon,1
2017,6,"Norrbotten, okänd kommun",Larm Överfall,1
2017,6,"Norrbotten, okänd kommun","Mord/dråp,  försök",1
2017,6,"Norrbotten, okänd kommun",Ofredande/förargelse,1
2017,6,"Norrbotten, okänd kommun",Olaga hot,1
2017,6,"Norrbotten, okänd kommun",Olovlig körning,1
2017,6,"Norrbotten, okänd kommun",Rån,1
2017,6,"Norrbotten, okänd kommun",Rån väpnat,1
2017,6,"Norrbotten, okänd kommun",Sammanfattning dag,1
2017,6,"Norrbotten, okänd kommun",Sedlighetsbrott,1
2017,6,"Norrbotten, okänd kommun",Tillfälligt obemannat,1
2017,6,"Norrbotten, okänd kommun",Trafikhinder,1
2017,6,Övriga Norrbotten,Sammanfattning kväll,1
2017,7,"Norrbotten, okänd kommun",Sammanfattning natt,32
2017,7,"Norrbotten, okänd kommun",Stöld/inbrott,16
2017,7,"Norrbotten, okänd kommun",Fylleri/LOB,13
2017,7,"Norrbotten, okänd kommun","Trafikolycka,  vilt",13
2017,7,"Norrbotten, okänd kommun",Fjällräddning,11
2017,7,"Norrbotten, okänd kommun",Rattfylleri,11
2017,7,"Norrbotten, okänd kommun",Trafikolycka,10
2017,7,"Norrbotten, okänd kommun",Trafikkontroll,9
2017,7,"Norrbotten, okänd kommun",Brand,7
2017,7,"Norrbotten, okänd kommun","Trafikolycka,  singel",7
2017,7,"Norrbotten, okänd kommun",Stöld,6
2017,7,"Norrbotten, okänd kommun","Trafikolycka,  personskada",6
2017,7,"Norrbotten, okänd kommun",Övrigt,6
2017,7,"Norrbotten, okänd kommun",Försvunnen person,5
2017,7,"Norrbotten, okänd kommun",Sammanfattning kväll,5
2017,7,"Norrbotten, okänd kommun",Tillfälligt obemannat,5
2017,7,"Norrbotten, okänd kommun",Trafikbrott,5
2017,7,"Norrbotten, okänd kommun",Misshandel,4
2017,7,"Norrbotten, okänd kommun",Sammanfattning förmiddag,4
2017,7,"Norrbotten, okänd kommun",Sammanfattning dag,3
2017,7,"Norrbotten, okänd kommun",Trafikhinder,3
2017,7,"Norrbotten, okänd kommun",Djur skadat/omhändertaget,2
2017,7,"Norrbotten, okänd kommun","Motorfordon,  anträffat stulet",2
2017,7,"Norrbotten, okänd kommun",Ofredande/förargelse,2
2017,7,"Norrbotten, okänd kommun",Räddningsinsats,2
2017,7,"Norrbotten, okänd kommun",Sammanfattning eftermiddag,2
2017,7,"Norrbotten, okänd kommun",Sammanfattning kväll och natt,2
2017,7,"Norrbotten, okänd kommun",Sjukdom/olycksfall,2
2017,7,"Norrbotten, okänd kommun",Snatteri,2
2017,7,"Norrbotten, okänd kommun",,1
2017,7,"Norrbotten, okänd kommun",Anträffat gods,1
2017,7,"Norrbotten, okänd kommun","Inbrott,  försök",1
2017,7,"Norrbotten, okänd kommun",Larm Överfall,1
2017,7,"Norrbotten, okänd kommun","Misshandel,  grov",1
2017,7,"Norrbotten, okänd kommun",Olaga hot,1
2017,7,"Norrbotten, okänd kommun",Olaga intrång/hemfridsbrott,1
2017,7,"Norrbotten, okänd kommun",Polisinsats/kommendering,1
2017,7,"Norrbotten, okänd kommun",Skadegörelse,1
2017,7,"Norrbotten, okänd kommun",Vapenlagen,1
2017,7,"Norrbotten, okänd kommun",Våld/hot mot tjänsteman,1
2017,7,Övriga Norrbotten,"Trafikolycka,  vilt",2
2017,7,Övriga Norrbotten,Sammanfattning kväll,1
2017,7,Övriga Norrbotten,Stöld/inbrott,1
2017,8,"Norrbotten, okänd kommun",Sammanfattning natt,28
2017,8,"Norrbotten, okänd kommun",Fjällräddning,21
2017,8,"Norrbotten, okänd kommun",Trafikkontroll,17
2017,8,"Norrbotten, okänd kommun",Rattfylleri,14
2017,8,"Norrbotten, okänd kommun","Trafikolycka,  vilt",13
2017,8,"Norrbotten, okänd kommun",Stöld,12
2017,8,"Norrbotten, okänd kommun",Trafikolycka,12
2017,8,"Norrbotten, okänd kommun",Misshandel,8
2017,8,"Norrbotten, okänd kommun",Sammanfattning kväll,8
2017,8,"Norrbotten, okänd kommun",Stöld/inbrott,8
2017,8,"Norrbotten, okänd kommun",Fylleri/LOB,7
2017,8,"Norrbotten, okänd kommun",Försvunnen person,7
2017,8,"Norrbotten, okänd kommun",Trafikbrott,7
2017,8,"Norrbotten, okänd kommun","Trafikolycka,  personskada",7
2017,8,"Norrbotten, okänd kommun",Övrigt,7
2017,8,"Norrbotten, okänd kommun",Skadegörelse,6
2017,8,"Norrbotten, okänd kommun",Sammanfattning förmiddag,5
2017,8,"Norrbotten, okänd kommun",Tillfälligt obemannat,5
2017,8,"Norrbotten, okänd kommun",Trafikhinder,4
2017,8,"Norrbotten, okänd kommun",Arbetsplatsolycka,3
2017,8,"Norrbotten, okänd kommun",Brand,3
2017,8,"Norrbotten, okänd kommun",Narkotikabrott,3
2017,8,"Norrbotten, okänd kommun",Bråk,2
2017,8,"Norrbotten, okänd kommun",Inbrott,2
2017,8,"Norrbotten, okänd kommun","Motorfordon,  anträffat stulet",2
2017,8,"Norrbotten, okänd kommun",Ofredande/förargelse,2
2017,8,"Norrbotten, okänd kommun",Olaga hot,2
2017,8,"Norrbotten, okänd kommun",Sammanfattning eftermiddag,2
2017,8,"Norrbotten, okänd kommun",Sammanfattning kväll och natt,2
2017,8,"Norrbotten, okänd kommun",Bedrägeri,1
2017,8,"Norrbotten, okänd kommun",Djur skadat/omhändertaget,1
2017,8,"Norrbotten, okänd kommun",Larm Överfall,1
2017,8,"Norrbotten, okänd kommun","Misshandel,  grov",1
2017,8,"Norrbotten, okänd kommun",Ofog barn/ungdom,1
2017,8,"Norrbotten, okänd kommun",Räddningsinsats,1
2017,8,"Norrbotten, okänd kommun",Rån,1
2017,8,"Norrbotten, okänd kommun",Sammanfattning dag,1
2017,8,"Norrbotten, okänd kommun",Sammanfattning vecka,1
2017,8,"Norrbotten, okänd kommun",Snatteri,1
2017,8,"Norrbotten, okänd kommun","Stöld,  försök",1
2017,8,"Norrbotten, okänd kommun","Trafikolycka,  singel",1
2017,8,"Norrbotten, okänd kommun","Trafikolycka,  smitning från",1
2017,8,"Norrbotten, okänd kommun",Vållande till kroppsskada,1
2017,8,Övriga Norrbotten,Sammanfattning kväll,1
2017,8,Övriga Norrbotten,Trafikolycka,1
2017,9,"Norrbotten, okänd kommun",Trafikkontroll,30
2017,9,"Norrbotten, okänd kommun","Trafikolycka,  vilt",29
2017,9,"Norrbotten, okänd kommun",Sammanfattning natt,27
2017,9,"Norrbotten, okänd kommun",Stöld/inbrott,18
2017,9,"Norrbotten, okänd kommun",Trafikolycka,15
2017,9,"Norrbotten, okänd kommun",Fjällräddning,13
2017,9,"Norrbotten, okänd kommun",Rattfylleri,13
2017,9,"Norrbotten, okänd kommun",Trafikbrott,11
2017,9,"Norrbotten, okänd kommun",Fylleri/LOB,9
2017,9,"Norrbotten, okänd kommun",Stöld,8
2017,9,"Norrbotten, okänd kommun",Övrigt,8
2017,9,"Norrbotten, okänd kommun",Sammanfattning kväll,6
2017,9,"Norrbotten, okänd kommun",Skadegörelse,6
2017,9,"Norrbotten, okänd kommun",Kontroll person/fordon,5
2017,9,"Norrbotten, okänd kommun",Bråk,4
2017,9,"Norrbotten, okänd kommun",Försvunnen person,4
2017,9,"Norrbotten, okänd kommun",Misshandel,4
2017,9,"Norrbotten, okänd kommun",Sammanfattning kväll och natt,4
2017,9,"Norrbotten, okänd kommun","Trafikolycka,  personskada",4
2017,9,"Norrbotten, okänd kommun","Trafikolycka,  smitning från",4
2017,9,"Norrbotten, okänd kommun",Uppdatering,4
2017,9,"Norrbotten, okänd kommun",Brand,3
2017,9,"Norrbotten, okänd kommun",Narkotikabrott,3
2017,9,"Norrbotten, okänd kommun",Arbetsplatsolycka,2
2017,9,"Norrbotten, okänd kommun",Djur skadat/omhändertaget,2
2017,9,"Norrbotten, okänd kommun","Motorfordon,  stöld",2
2017,9,"Norrbotten, okänd kommun",Olaga hot,2
2017,9,"Norrbotten, okänd kommun",Polisinsats/kommendering,2
2017,9,"Norrbotten, okänd kommun",Sammanfattning eftermiddag,2
2017,9,"Norrbotten, okänd kommun",Sammanfattning förmiddag,2
2017,9,"Norrbotten, okänd kommun","Stöld,  ringa",2
2017,9,"Norrbotten, okänd kommun",Anträffat gods,1
2017,9,"Norrbotten, okänd kommun",Bedrägeri,1
2017,9,"Norrbotten, okänd kommun",Larm Överfall,1
2017,9,"Norrbotten, okänd kommun","Misshandel,  grov",1
2017,9,"Norrbotten, okänd kommun","Mord/dråp,  försök",1
2017,9,"Norrbotten, okänd kommun",Olaga intrång/hemfridsbrott,1
2017,9,"Norrbotten, okänd kommun",Olovlig körning,1
2017,9,"Norrbotten, okänd kommun",Räddningsinsats,1
2017,9,"Norrbotten, okänd kommun",Sammanfattning dag,1
2017,9,"Norrbotten, okänd kommun",Skottlossning,1
2017,9,"Norrbotten, okänd kommun","Trafikolycka,  singel",1
2017,9,"Norrbotten, okänd kommun",Våld/hot mot tjänsteman,1
2017,9,"Norrbotten, okänd kommun",Vållande till kroppsskada,1
2017,9,Övriga Norrbotten,Rattfylleri,1
2017,9,Övriga Norrbotten,Skadegörelse,1
2017,9,Övriga Norrbotten,Stöld/inbrott,1
2017,10,"Norrbotten, okänd kommun","Trafikolycka,  vilt",34
2017,10,"Norrbotten, okänd kommun",Sammanfattning natt,28
2017,10,"Norrbotten, okänd kommun",Trafikkontroll,21
2017,10,"Norrbotten, okänd kommun",Trafikolycka,21
2017,10,"Norrbotten, okänd kommun",Rattfylleri,13
2017,10,"Norrbotten, okänd kommun",Övrigt,13
2017,10,"Norrbotten, okänd kommun",Trafikbrott,12
2017,10,"Norrbotten, okänd kommun",Stöld/inbrott,9
2017,10,"Norrbotten, okänd kommun",Sammanfattning dag,8
2017,10,"Norrbotten, okänd kommun",Fylleri/LOB,7
2017,10,"Norrbotten, okänd kommun",Sammanfattning kväll,7
2017,10,"Norrbotten, okänd kommun",Skadegörelse,7
2017,10,"Norrbotten, okänd kommun",Stöld,7
2017,10,"Norrbotten, okänd kommun",Sammanfattning förmiddag,6
2017,10,"Norrbotten, okänd kommun",Arbetsplatsolycka,4
2017,10,"Norrbotten, okänd kommun",Bråk,4
2017,10,"Norrbotten, okänd kommun",Räddningsinsats,4
2017,10,"Norrbotten, okänd kommun","Trafikolycka,  personskada",4
2017,10,"Norrbotten, okänd kommun","Trafikolycka,  smitning från",4
2017,10,"Norrbotten, okänd kommun","Motorfordon,  stöld",3
2017,10,"Norrbotten, okänd kommun",Tillfälligt obemannat,3
2017,10,"Norrbotten, okänd kommun","Trafikolycka,  singel",3
2017,10,"Norrbotten, okänd kommun",Bedrägeri,2
2017,10,"Norrbotten, okänd kommun",Djur skadat/omhändertaget,2
2017,10,"Norrbotten, okänd kommun",Fjällräddning,2
2017,10,"Norrbotten, okänd kommun",Försvunnen person,2
2017,10,"Norrbotten, okänd kommun",Larm Överfall,2
2017,10,"Norrbotten, okänd kommun",Misshandel,2
2017,10,"Norrbotten, okänd kommun","Mord/dråp,  försök",2
2017,10,"Norrbotten, okänd kommun",Olaga hot,2
2017,10,"Norrbotten, okänd kommun",Sammanfattning eftermiddag,2
2017,10,"Norrbotten, okänd kommun",Sammanfattning kväll och natt,2
2017,10,"Norrbotten, okänd kommun",Trafikhinder,2
2017,10,"Norrbotten, okänd kommun",Uppdatering,2
2017,10,"Norrbotten, okänd kommun",Brand,1
2017,10,"Norrbotten, okänd kommun",Knivlagen,1
2017,10,"Norrbotten, okänd kommun",Kontroll person/fordon,1
2017,10,"Norrbotten, okänd kommun",Larm Inbrott,1
2017,10,"Norrbotten, okänd kommun","Motorfordon,  anträffat stulet",1
2017,10,"Norrbotten, okänd kommun",Narkotikabrott,1
2017,10,"Norrbotten, okänd kommun",Ordningslagen,1
2017,10,"Norrbotten, okänd kommun","Stöld,  försök",1
2017,10,"Norrbotten, okänd kommun","Stöld,  ringa",1
2017,10,"Norrbotten, okänd kommun",Våldtäkt,1
2017,10,Övriga Norrbotten,Stöld,2
2017,10,Övriga Norrbotten,"Trafikolycka,  vilt",2
2017,11,"Norrbotten, okänd kommun","Trafikolycka,  vilt",71
2017,11,"Norrbotten, okänd kommun",Trafikolycka,47
2017,11,"Norrbotten, okänd kommun",Sammanfattning natt,28
2017,11,"Norrbotten, okänd kommun",Stöld/inbrott,25
2017,11,"Norrbotten, okänd kommun",Trafikkontroll,24
2017,11,"Norrbotten, okänd kommun",Övrigt,16
2017,11,"Norrbotten, okänd kommun",Rattfylleri,14
2017,11,"Norrbotten, okänd kommun",Trafikbrott,13
2017,11,"Norrbotten, okänd kommun",Tillfälligt obemannat,10
2017,11,"Norrbotten, okänd kommun","Trafikolycka,  personskada",10
2017,11,"Norrbotten, okänd kommun",Fylleri/LOB,9
2017,11,"Norrbotten, okänd kommun",Narkotikabrott,8
2017,11,"Norrbotten, okänd kommun",Sammanfattning kväll,7
2017,11,"Norrbotten, okänd kommun",Stöld,7
2017,11,"Norrbotten, okänd kommun",Arbetsplatsolycka,5
2017,11,"Norrbotten, okänd kommun",Trafikhinder,5
2017,11,"Norrbotten, okänd kommun",Brand,4
2017,11,"Norrbotten, okänd kommun",Misshandel,4
2017,11,"Norrbotten, okänd kommun","Trafikolycka,  singel",4
2017,11,"Norrbotten, okänd kommun",Försvunnen person,3
2017,11,"Norrbotten, okänd kommun","Motorfordon,  stöld",3
2017,11,"Norrbotten, okänd kommun",Sammanfattning eftermiddag,3
2017,11,"Norrbotten, okänd kommun",Sammanfattning kväll och natt,3
2017,11,"Norrbotten, okänd kommun",Bråk,2
2017,11,"Norrbotten, okänd kommun",Fjällräddning,2
2017,11,"Norrbotten, okänd kommun",Kontroll person/fordon,2
2017,11,"Norrbotten, okänd kommun",Larm Överfall,2
2017,11,"Norrbotten, okänd kommun",Skadegörelse,2
2017,11,"Norrbotten, okänd kommun","Trafikolycka,  smitning från",2
2017,11,"Norrbotten, okänd kommun",Anträffat gods,1
2017,11,"Norrbotten, okänd kommun",Bedrägeri,1
2017,11,"Norrbotten, okänd kommun",Djur skadat/omhändertaget,1
2017,11,"Norrbotten, okänd kommun",Inbrott,1
2017,11,"Norrbotten, okänd kommun",Larm Inbrott,1
2017,11,"Norrbotten, okänd kommun","Motorfordon,  anträffat stulet",1
2017,11,"Norrbotten, okänd kommun",Olaga frihetsberövande,1
2017,11,"Norrbotten, okänd kommun",Olaga hot,1
2017,11,"Norrbotten, okänd kommun",Sammanfattning helg,1
2017,11,"Norrbotten, okänd kommun","Stöld,  ringa",1
2017,11,"Norrbotten, okänd kommun",Vapenlagen,1
2017,11,"Norrbotten, okänd kommun",Våld/hot mot tjänsteman,1
2017,11,Övriga Norrbotten,"Trafikolycka,  smitning från",1
2017,12,"Norrbotten, okänd kommun","Trafikolycka,  vilt",43
2017,12,"Norrbotten, okänd kommun",Trafikolycka,39
2017,12,"Norrbotten, okänd kommun",Sammanfattning natt,29
2017,12,"Norrbotten, okänd kommun",Övrigt,28
2017,12,"Norrbotten, okänd kommun",Trafikkontroll,26
2017,12,"Norrbotten, okänd kommun",Stöld/inbrott,15
2017,12,"Norrbotten, okänd kommun",Rattfylleri,13
2017,12,"Norrbotten, okänd kommun",Brand,9
2017,12,"Norrbotten, okänd kommun",Tillfälligt obemannat,8
2017,12,"Norrbotten, okänd kommun",Sammanfattning kväll,7
2017,12,"Norrbotten, okänd kommun",Trafikbrott,7
2017,12,"Norrbotten, okänd kommun",Bråk,6
2017,12,"Norrbotten, okänd kommun",Arbetsplatsolycka,5
2017,12,"Norrbotten, okänd kommun",Fylleri/LOB,5
2017,12,"Norrbotten, okänd kommun",Larm Överfall,5
2017,12,"Norrbotten, okänd kommun",Sammanfattning förmiddag,4
2017,12,"Norrbotten, okänd kommun",Skadegörelse,4
2017,12,"Norrbotten, okänd kommun","Trafikolycka,  personskada",4
2017,12,"Norrbotten, okänd kommun","Trafikolycka,  singel",4
2017,12,"Norrbotten, okänd kommun",Djur skadat/omhändertaget,3
2017,12,"Norrbotten, okänd kommun",Misshandel,3
2017,12,"Norrbotten, okänd kommun",Olaga hot,3
2017,12,"Norrbotten, okänd kommun",Sammanfattning dag,3
2017,12,"Norrbotten, okänd kommun",Stöld,3
2017,12,"Norrbotten, okänd kommun",Trafikhinder,3
2017,12,"Norrbotten, okänd kommun","Trafikolycka,  smitning från",3
2017,12,"Norrbotten, okänd kommun",Bedrägeri,2
2017,12,"Norrbotten, okänd kommun",Fjällräddning,2
2017,12,"Norrbotten, okänd kommun",Kontroll person/fordon,2
2017,12,"Norrbotten, okänd kommun",Sammanfattning kväll och natt,2
2017,12,"Norrbotten, okänd kommun",Försvunnen person,1
2017,12,"Norrbotten, okänd kommun",Inbrott,1
2017,12,"Norrbotten, okänd kommun",Larm Inbrott,1
2017,12,"Norrbotten, okänd kommun","Mord/dråp,  försök",1
2017,12,"Norrbotten, okänd kommun",Narkotikabrott,1
2017,12,"Norrbotten, okänd kommun",Olaga intrång/hemfridsbrott,1
2017,12,"Norrbotten, okänd kommun",Rån övrigt,1
2017,12,"Norrbotten, okänd kommun","Stöld,  försök",1
2017,12,"Norrbotten, okänd kommun","Stöld,  ringa",1
2017,12,"Norrbotten, okänd kommun",Uppdatering,1
2017,12,"Norrbotten, okänd kommun",Våldtäkt,1
2017,12,Övriga Norrbotten,Djur skadat/omhändertaget,1
2017,12,Övriga Norrbotten,"Trafikolycka,  personskada",1
2018,1,"Norrbotten, okänd kommun",Trafikolycka,34
2018,1,"Norrbotten, okänd kommun",Sammanfattning natt,25
2018,1,"Norrbotten, okänd kommun",Trafikkontroll,25
2018,1,"Norrbotten, okänd kommun",Övrigt,24
2018,1,"Norrbotten, okänd kommun","Trafikolycka,  vilt",15
2018,1,"Norrbotten, okänd kommun",Rattfylleri,11
2018,1,"Norrbotten, okänd kommun","Trafikolycka,  personskada",11
2018,1,"Norrbotten, okänd kommun",Trafikhinder,10
2018,1,"Norrbotten, okänd kommun",Trafikbrott,9
2018,1,"Norrbotten, okänd kommun",Stöld,8
2018,1,"Norrbotten, okänd kommun",Arbetsplatsolycka,7
2018,1,"Norrbotten, okänd kommun","Stöld,  ringa",7
2018,1,"Norrbotten, okänd kommun",Fylleri/LOB,6
2018,1,"Norrbotten, okänd kommun",Sammanfattning förmiddag,6
2018,1,"Norrbotten, okänd kommun",Tillfälligt obemannat,6
2018,1,"Norrbotten, okänd kommun","Motorfordon,  stöld",5
2018,1,"Norrbotten, okänd kommun",Stöld/inbrott,5
2018,1,"Norrbotten, okänd kommun",Brand,3
2018,1,"Norrbotten, okänd kommun",Fjällräddning,3
2018,1,"Norrbotten, okänd kommun",Larm Överfall,3
2018,1,"Norrbotten, okänd kommun",Narkotikabrott,3
2018,1,"Norrbotten, okänd kommun",Olaga hot,3
2018,1,"Norrbotten, okänd kommun",Sammanfattning kväll,3
2018,1,"Norrbotten, okänd kommun",Sammanfattning kväll och natt,3
2018,1,"Norrbotten, okänd kommun",Bråk,2
2018,1,"Norrbotten, okänd kommun",Inbrott,2
2018,1,"Norrbotten, okänd kommun",Misshandel,2
2018,1,"Norrbotten, okänd kommun",Ofredande/förargelse,2
2018,1,"Norrbotten, okänd kommun",Rån väpnat,2
2018,1,"Norrbotten, okänd kommun",Skadegörelse,2
2018,1,"Norrbotten, okänd kommun","Trafikolycka,  singel",2
2018,1,"Norrbotten, okänd kommun","Trafikolycka,  smitning från",2
2018,1,"Norrbotten, okänd kommun",Uppdatering,2
2018,1,"Norrbotten, okänd kommun",Djur skadat/omhändertaget,1
2018,1,"Norrbotten, okänd kommun","Farligt föremål,  misstänkt",1
2018,1,"Norrbotten, okänd kommun",Häleri,1
2018,1,"Norrbotten, okänd kommun",Kontroll person/fordon,1
2018,1,"Norrbotten, okänd kommun",Olovlig körning,1
2018,1,"Norrbotten, okänd kommun",Rån,1
2018,1,"Norrbotten, okänd kommun",Våld/hot mot tjänsteman,1
2018,1,"Norrbotten, okänd kommun",trafikhinder,1
2018,1,Övriga Norrbotten,Fjällräddning,1
2018,1,Övriga Norrbotten,Trafikhinder,1
2018,2,"Norrbotten, okänd kommun",Övrigt,33
2018,2,"Norrbotten, okänd kommun",Trafikkontroll,28
2018,2,"Norrbotten, okänd kommun",Sammanfattning natt,25
2018,2,"Norrbotten, okänd kommun",Trafikolycka,24
2018,2,"Norrbotten, okänd kommun",Rattfylleri,20
2018,2,"Norrbotten, okänd kommun","Trafikolycka,  personskada",14
2018,2,"Norrbotten, okänd kommun","Trafikolycka,  vilt",13
2018,2,"Norrbotten, okänd kommun",Sammanfattning kväll,12
2018,2,"Norrbotten, okänd kommun",Trafikbrott,11
2018,2,"Norrbotten, okänd kommun",Trafikhinder,10
2018,2,"Norrbotten, okänd kommun",Stöld,9
2018,2,"Norrbotten, okänd kommun",Stöld/inbrott,9
2018,2,"Norrbotten, okänd kommun",Fjällräddning,7
2018,2,"Norrbotten, okänd kommun",Larm Överfall,7
2018,2,"Norrbotten, okänd kommun",Sammanfattning förmiddag,6
2018,2,"Norrbotten, okänd kommun","Stöld,  ringa",6
2018,2,"Norrbotten, okänd kommun",Olaga hot,5
2018,2,"Norrbotten, okänd kommun",Misshandel,4
2018,2,"Norrbotten, okänd kommun",Skadegörelse,4
2018,2,"Norrbotten, okänd kommun",Brand,3
2018,2,"Norrbotten, okänd kommun",Inbrott,3
2018,2,"Norrbotten, okänd kommun","Motorfordon,  stöld",3
2018,2,"Norrbotten, okänd kommun",Sammanfattning kväll och natt,3
2018,2,"Norrbotten, okänd kommun",Arbetsplatsolycka,2
2018,2,"Norrbotten, okänd kommun",Fylleri/LOB,2
2018,2,"Norrbotten, okänd kommun",Kontroll person/fordon,2
2018,2,"Norrbotten, okänd kommun","Stöld,  försök",2
2018,2,"Norrbotten, okänd kommun",Tillfälligt obemannat,2
2018,2,"Norrbotten, okänd kommun",Våld/hot mot tjänsteman,2
2018,2,"Norrbotten, okänd kommun",Bråk,1
2018,2,"Norrbotten, okänd kommun",Djur skadat/omhändertaget,1
2018,2,"Norrbotten, okänd kommun","Misshandel,  grov",1
2018,2,"Norrbotten, okänd kommun",Narkotikabrott,1
2018,2,"Norrbotten, okänd kommun",Olaga intrång/hemfridsbrott,1
2018,2,"Norrbotten, okänd kommun",Olovlig körning,1
2018,2,"Norrbotten, okänd kommun",Rån övrigt,1
2018,2,"Norrbotten, okänd kommun",Sammanfattning eftermiddag,1
2018,2,"Norrbotten, okänd kommun","Trafikolycka,  singel",1
2018,3,"Norrbotten, okänd kommun",Trafikkontroll,67
2018,3,"Norrbotten, okänd kommun",Trafikolycka,39
2018,3,"Norrbotten, okänd kommun",Övrigt,35
2018,3,"Norrbotten, okänd kommun",Sammanfattning natt,26
2018,3,"Norrbotten, okänd kommun",Fjällräddning,18
2018,3,"Norrbotten, okänd kommun",Rattfylleri,16
2018,3,"Norrbotten, okänd kommun","Trafikolycka,  personskada",11
2018,3,"Norrbotten, okänd kommun",Stöld/inbrott,10
2018,3,"Norrbotten, okänd kommun",Brand,8
2018,3,"Norrbotten, okänd kommun",Olaga hot,8
2018,3,"Norrbotten, okänd kommun",Trafikbrott,8
2018,3,"Norrbotten, okänd kommun",Misshandel,7
2018,3,"Norrbotten, okänd kommun","Stöld,  ringa",6
2018,3,"Norrbotten, okänd kommun",Uppdatering,5
2018,3,"Norrbotten, okänd kommun",Narkotikabrott,4
2018,3,"Norrbotten, okänd kommun",Stöld,4
2018,3,"Norrbotten, okänd kommun",Larm Överfall,3
2018,3,"Norrbotten, okänd kommun",Sammanfattning förmiddag,3
2018,3,"Norrbotten, okänd kommun",Sammanfattning kväll och natt,3
2018,3,"Norrbotten, okänd kommun",Trafikhinder,3
2018,3,"Norrbotten, okänd kommun",Fylleri/LOB,2
2018,3,"Norrbotten, okänd kommun","Mord/dråp,  försök",2
2018,3,"Norrbotten, okänd kommun",Sammanfattning eftermiddag,2
2018,3,"Norrbotten, okänd kommun","Trafikolycka,  singel",2
2018,3,"Norrbotten, okänd kommun",Våld/hot mot tjänsteman,2
2018,3,"Norrbotten, okänd kommun",Arbetsplatsolycka,1
2018,3,"Norrbotten, okänd kommun",Bedrägeri,1
2018,3,"Norrbotten, okänd kommun",Bråk,1
2018,3,"Norrbotten, okänd kommun",Djur skadat/omhändertaget,1
2018,3,"Norrbotten, okänd kommun",Försvunnen person,1
2018,3,"Norrbotten, okänd kommun",Kontroll person/fordon,1
2018,3,"Norrbotten, okänd kommun","Motorfordon,  anträffat stulet",1
2018,3,"Norrbotten, okänd kommun",Räddningsinsats,1
2018,3,"Norrbotten, okänd kommun",Sammanfattning dag,1
2018,3,"Norrbotten, okänd kommun",Sammanfattning kväll,1
2018,3,"Norrbotten, okänd kommun",Skadegörelse,1
2018,3,"Norrbotten, okänd kommun",Tillfälligt obemannat,1
2018,3,"Norrbotten, okänd kommun","Trafikolycka,  smitning från",1
2018,3,"Norrbotten, okänd kommun","Trafikolycka,  vilt",1
2018,3,Övriga Norrbotten,Trafikolycka,1
2018,4,"Norrbotten, okänd kommun",Trafikkontroll,51
2018,4,"Norrbotten, okänd kommun",Sammanfattning natt,29
2018,4,"Norrbotten, okänd kommun",Övrigt,26
2018,4,"Norrbotten, okänd kommun",Rattfylleri,18
2018,4,"Norrbotten, okänd kommun",Trafikolycka,14
2018,4,"Norrbotten, okänd kommun",Fylleri/LOB,13
2018,4,"Norrbotten, okänd kommun",Trafikbrott,13
2018,4,"Norrbotten, okänd kommun",Fjällräddning,12
2018,4,"Norrbotten, okänd kommun",Stöld/inbrott,9
2018,4,"Norrbotten, okänd kommun",Sammanfattning förmiddag,8
2018,4,"Norrbotten, okänd kommun","Stöld,  ringa",7
2018,4,"Norrbotten, okänd kommun","Trafikolycka,  vilt",6
2018,4,"Norrbotten, okänd kommun",Brand,5
2018,4,"Norrbotten, okänd kommun",Sammanfattning kväll,5
2018,4,"Norrbotten, okänd kommun",Skadegörelse,5
2018,4,"Norrbotten, okänd kommun",Stöld,5
2018,4,"Norrbotten, okänd kommun",Larm Överfall,4
2018,4,"Norrbotten, okänd kommun",Narkotikabrott,4
2018,4,"Norrbotten, okänd kommun",Sammanfattning kväll och natt,4
2018,4,"Norrbotten, okänd kommun",Trafikhinder,4
2018,4,"Norrbotten, okänd kommun",Bråk,3
2018,4,"Norrbotten, okänd kommun",Misshandel,3
2018,4,"Norrbotten, okänd kommun",Ofredande/förargelse,3
2018,4,"Norrbotten, okänd kommun",Arbetsplatsolycka,2
2018,4,"Norrbotten, okänd kommun",Djur skadat/omhändertaget,2
2018,4,"Norrbotten, okänd kommun",Försvunnen person,2
2018,4,"Norrbotten, okänd kommun",Lagen om hundar och katter,2
2018,4,"Norrbotten, okänd kommun",Olaga hot,2
2018,4,"Norrbotten, okänd kommun","Trafikolycka,  singel",2
2018,4,"Norrbotten, okänd kommun",Uppdatering,2
2018,4,"Norrbotten, okänd kommun",Bedrägeri,1
2018,4,"Norrbotten, okänd kommun",Inbrott,1
2018,4,"Norrbotten, okänd kommun","Motorfordon,  stöld",1
2018,4,"Norrbotten, okänd kommun",Sammanfattning dag,1
2018,4,"Norrbotten, okänd kommun","Stöld,  försök",1
2018,4,"Norrbotten, okänd kommun","Trafikolycka,  personskada",1
2018,4,"Norrbotten, okänd kommun",Våld/hot mot tjänsteman,1
2018,4,"Norrbotten, okänd kommun",Våldtäkt,1
2018,4,"Norrbotten, okänd kommun","Våldtäkt,  försök",1
2018,4,Övriga Norrbotten,Trafikolycka,2
2018,4,Övriga Norrbotten,Fylleri/LOB,1
2018,5,"Norrbotten, okänd kommun",Övrigt,34
2018,5,"Norrbotten, okänd kommun",Trafikkontroll,33
2018,5,"Norrbotten, okänd kommun",Sammanfattning natt,27
2018,5,"Norrbotten, okänd kommun",Rattfylleri,17
2018,5,"Norrbotten, okänd kommun","Stöld,  ringa",13
2018,5,"Norrbotten, okänd kommun",Trafikolycka,12
2018,5,"Norrbotten, okänd kommun",Brand,10
2018,5,"Norrbotten, okänd kommun",Fylleri/LOB,10
2018,5,"Norrbotten, okänd kommun",Trafikbrott,10
2018,5,"Norrbotten, okänd kommun",Stöld,8
2018,5,"Norrbotten, okänd kommun",Stöld/inbrott,7
2018,5,"Norrbotten, okänd kommun",Fjällräddning,6
2018,5,"Norrbotten, okänd kommun",Misshandel,5
2018,5,"Norrbotten, okänd kommun",Sammanfattning förmiddag,4
2018,5,"Norrbotten, okänd kommun",Djur skadat/omhändertaget,3
2018,5,"Norrbotten, okänd kommun","Misshandel,  grov",3
2018,5,"Norrbotten, okänd kommun",Narkotikabrott,3
2018,5,"Norrbotten, okänd kommun",Sammanfattning dag,3
2018,5,"Norrbotten, okänd kommun",Skadegörelse,3
2018,5,"Norrbotten, okänd kommun",Trafikhinder,3
2018,5,"Norrbotten, okänd kommun","Trafikolycka,  personskada",3
2018,5,"Norrbotten, okänd kommun","Trafikolycka,  vilt",3
2018,5,"Norrbotten, okänd kommun",Arbetsplatsolycka,2
2018,5,"Norrbotten, okänd kommun",Kontroll person/fordon,2
2018,5,"Norrbotten, okänd kommun",Ofredande/förargelse,2
2018,5,"Norrbotten, okänd kommun",Sammanfattning eftermiddag,2
2018,5,"Norrbotten, okänd kommun",Sammanfattning kväll och natt,2
2018,5,"Norrbotten, okänd kommun","Stöld,  försök",2
2018,5,"Norrbotten, okänd kommun","Trafikolycka,  singel",2
2018,5,"Norrbotten, okänd kommun",Våld/hot mot tjänsteman,2
2018,5,"Norrbotten, okänd kommun",Bråk,1
2018,5,"Norrbotten, okänd kommun",Försvunnen person,1
2018,5,"Norrbotten, okänd kommun",Inbrott,1
2018,5,"Norrbotten, okänd kommun","Motorfordon,  anträffat stulet",1
2018,5,"Norrbotten, okänd kommun",Olaga hot,1
2018,5,"Norrbotten, okänd kommun",Sammanfattning kväll,1
2018,5,"Norrbotten, okänd kommun",Uppdatering,1
2018,5,"Norrbotten, okänd kommun",Vapenlagen,1
2018,5,Övriga Norrbotten,Sammanfattning natt,1
2018,5,Övriga Norrbotten,Trafikkontroll,1
2018,5,Övriga Norrbotten,"Trafikolycka,  vilt",1
2018,6,"Norrbotten, okänd kommun",Trafikkontroll,49
2018,6,"Norrbotten, okänd kommun",Övrigt,32
2018,6,"Norrbotten, okänd kommun",Sammanfattning natt,28
2018,6,"Norrbotten, okänd kommun",Rattfylleri,18
2018,6,"Norrbotten, okänd kommun",Trafikolycka,15
2018,6,"Norrbotten, okänd kommun",Trafikbrott,12
2018,6,"Norrbotten, okänd kommun",Stöld/inbrott,8
2018,6,"Norrbotten, okänd kommun",Brand,7
2018,6,"Norrbotten, okänd kommun","Stöld,  ringa",7
2018,6,"Norrbotten, okänd kommun","Trafikolycka,  personskada",7
2018,6,"Norrbotten, okänd kommun",Skadegörelse,6
2018,6,"Norrbotten, okänd kommun",Arbetsplatsolycka,5
2018,6,"Norrbotten, okänd kommun",Fylleri/LOB,5
2018,6,"Norrbotten, okänd kommun","Trafikolycka,  vilt",5
2018,6,"Norrbotten, okänd kommun",Narkotikabrott,4
2018,6,"Norrbotten, okänd kommun",Sammanfattning förmiddag,4
2018,6,"Norrbotten, okänd kommun",Stöld,4
2018,6,"Norrbotten, okänd kommun",Sammanfattning dag,3
2018,6,"Norrbotten, okänd kommun",Sammanfattning kväll och natt,3
2018,6,"Norrbotten, okänd kommun","Trafikolycka,  singel",3
2018,6,"Norrbotten, okänd kommun",Fjällräddning,2
2018,6,"Norrbotten, okänd kommun",Misshandel,2
2018,6,"Norrbotten, okänd kommun","Motorfordon,  anträffat stulet",2
2018,6,"Norrbotten, okänd kommun",Sammanfattning kväll,2
2018,6,"Norrbotten, okänd kommun",Bedrägeri,1
2018,6,"Norrbotten, okänd kommun",Kontroll person/fordon,1
2018,6,"Norrbotten, okänd kommun",Larm Överfall,1
2018,6,"Norrbotten, okänd kommun","Mord/dråp,  försök",1
2018,6,"Norrbotten, okänd kommun",Olaga hot,1
2018,6,"Norrbotten, okänd kommun",Olaga intrång/hemfridsbrott,1
2018,6,"Norrbotten, okänd kommun",Räddningsinsats,1
2018,6,"Norrbotten, okänd kommun",Rån,1
2018,6,"Norrbotten, okänd kommun","Rån,  försök",1
2018,6,"Norrbotten, okänd kommun",Sammanfattning eftermiddag,1
2018,6,"Norrbotten, okänd kommun",Sedlighetsbrott,1
2018,6,"Norrbotten, okänd kommun",Trafikhinder,1
2018,6,"Norrbotten, okänd kommun","Trafikolycka,  smitning från",1
2018,6,"Norrbotten, okänd kommun",Uppdatering,1
2018,7,"Norrbotten, okänd kommun",Övrigt,33
2018,7,"Norrbotten, okänd kommun",Sammanfattning natt,31
2018,7,"Norrbotten, okänd kommun",Trafikolycka,20
2018,7,"Norrbotten, okänd kommun",Trafikkontroll,18
2018,7,"Norrbotten, okänd kommun",Fylleri/LOB,17
2018,7,"Norrbotten, okänd kommun",Rattfylleri,11
2018,7,"Norrbotten, okänd kommun",Trafikbrott,11
2018,7,"Norrbotten, okänd kommun",Fjällräddning,9
2018,7,"Norrbotten, okänd kommun",Stöld/inbrott,8
2018,7,"Norrbotten, okänd kommun",Brand,5
2018,7,"Norrbotten, okänd kommun",Sammanfattning kväll,5
2018,7,"Norrbotten, okänd kommun",Stöld,5
2018,7,"Norrbotten, okänd kommun","Stöld,  ringa",5
2018,7,"Norrbotten, okänd kommun","Trafikolycka,  personskada",5
2018,7,"Norrbotten, okänd kommun",Försvunnen person,4
2018,7,"Norrbotten, okänd kommun","Trafikolycka,  vilt",4
2018,7,"Norrbotten, okänd kommun",Misshandel,3
2018,7,"Norrbotten, okänd kommun",Skadegörelse,3
2018,7,"Norrbotten, okänd kommun",Trafikhinder,3
2018,7,"Norrbotten, okänd kommun",Arbetsplatsolycka,2
2018,7,"Norrbotten, okänd kommun",Bråk,2
2018,7,"Norrbotten, okänd kommun",Olaga intrång/hemfridsbrott,2
2018,7,"Norrbotten, okänd kommun","Stöld,  försök",2
2018,7,"Norrbotten, okänd kommun",Djur skadat/omhändertaget,1
2018,7,"Norrbotten, okänd kommun","Farligt föremål,  misstänkt",1
2018,7,"Norrbotten, okänd kommun",Inbrott,1
2018,7,"Norrbotten, okänd kommun","Inbrott,  försök",1
2018,7,"Norrbotten, okänd kommun",Larm Överfall,1
2018,7,"Norrbotten, okänd kommun","Motorfordon,  stöld",1
2018,7,"Norrbotten, okänd kommun",Ofredande/förargelse,1
2018,7,"Norrbotten, okänd kommun",Polisinsats/kommendering,1
2018,7,"Norrbotten, okänd kommun",Sammanfattning dag,1
2018,7,"Norrbotten, okänd kommun",Sammanfattning eftermiddag,1
2018,7,"Norrbotten, okänd kommun",Sammanfattning förmiddag,1
2018,7,"Norrbotten, okänd kommun","Trafikolycka,  singel",1
2018,7,"Norrbotten, okänd kommun","Trafikolycka,  smitning från",1
2018,7,"Norrbotten, okänd kommun",Våldtäkt,1
2018,8,"Norrbotten, okänd kommun",Trafikkontroll,50
2018,8,"Norrbotten, okänd kommun",Sammanfattning natt,30
2018,8,"Norrbotten, okänd kommun",Övrigt,30
2018,8,"Norrbotten, okänd kommun",Fjällräddning,18
2018,8,"Norrbotten, okänd kommun",Trafikolycka,18
2018,8,"Norrbotten, okänd kommun",Rattfylleri,15
2018,8,"Norrbotten, okänd kommun",Trafikbrott,12
2018,8,"Norrbotten, okänd kommun",Stöld/inbrott,11
2018,8,"Norrbotten, okänd kommun","Trafikolycka,  vilt",10
2018,8,"Norrbotten, okänd kommun",Brand,5
2018,8,"Norrbotten, okänd kommun",Misshandel,5
2018,8,"Norrbotten, okänd kommun",Skadegörelse,5
2018,8,"Norrbotten, okänd kommun",Fylleri/LOB,4
2018,8,"Norrbotten, okänd kommun",Sammanfattning kväll och natt,4
2018,8,"Norrbotten, okänd kommun","Stöld,  ringa",4
2018,8,"Norrbotten, okänd kommun",Arbetsplatsolycka,3
2018,8,"Norrbotten, okänd kommun",Ofredande/förargelse,3
2018,8,"Norrbotten, okänd kommun",Räddningsinsats,3
2018,8,"Norrbotten, okänd kommun",Sammanfattning förmiddag,3
2018,8,"Norrbotten, okänd kommun",Sammanfattning kväll,3
2018,8,"Norrbotten, okänd kommun",Stöld,3
2018,8,"Norrbotten, okänd kommun",Bedrägeri,2
2018,8,"Norrbotten, okänd kommun",Narkotikabrott,2
2018,8,"Norrbotten, okänd kommun","Våldtäkt,  försök",2
2018,8,"Norrbotten, okänd kommun",Djur skadat/omhändertaget,1
2018,8,"Norrbotten, okänd kommun",Försvunnen person,1
2018,8,"Norrbotten, okänd kommun",Inbrott,1
2018,8,"Norrbotten, okänd kommun",Kontroll person/fordon,1
2018,8,"Norrbotten, okänd kommun","Mord/dråp,  försök",1
2018,8,"Norrbotten, okänd kommun",Olaga hot,1
2018,8,"Norrbotten, okänd kommun",Rån,1
2018,8,"Norrbotten, okänd kommun",Trafikhinder,1
2018,8,"Norrbotten, okänd kommun","Trafikolycka,  personskada",1
2018,8,"Norrbotten, okänd kommun",Uppdatering,1
2018,8,"Norrbotten, okänd kommun",Våld/hot mot tjänsteman,1
2018,8,Övriga Norrbotten,"Trafikolycka,  vilt",4
2018,8,Övriga Norrbotten,Sammanfattning natt,3
2018,9,"Norrbotten, okänd kommun",Trafikkontroll,54
2018,9,"Norrbotten, okänd kommun",Övrigt,27
2018,9,"Norrbotten, okänd kommun",Sammanfattning natt,24
2018,9,"Norrbotten, okänd kommun",Trafikolycka,19
2018,9,"Norrbotten, okänd kommun",Rattfylleri,17
2018,9,"Norrbotten, okänd kommun",Trafikbrott,17
2018,9,"Norrbotten, okänd kommun",Stöld/inbrott,15
2018,9,"Norrbotten, okänd kommun",Fjällräddning,10
2018,9,"Norrbotten, okänd kommun",Brand,7
2018,9,"Norrbotten, okänd kommun",Skadegörelse,6
2018,9,"Norrbotten, okänd kommun","Trafikolycka,  vilt",6
2018,9,"Norrbotten, okänd kommun",Fylleri/LOB,5
2018,9,"Norrbotten, okänd kommun",Stöld,5
2018,9,"Norrbotten, okänd kommun","Stöld,  ringa",5
2018,9,"Norrbotten, okänd kommun",Försvunnen person,4
2018,9,"Norrbotten, okänd kommun",Misshandel,3
2018,9,"Norrbotten, okänd kommun",Arbetsplatsolycka,2
2018,9,"Norrbotten, okänd kommun",Djur skadat/omhändertaget,2
2018,9,"Norrbotten, okänd kommun",Kontroll person/fordon,2
2018,9,"Norrbotten, okänd kommun",Narkotikabrott,2
2018,9,"Norrbotten, okänd kommun",Sammanfattning dygn,2
2018,9,"Norrbotten, okänd kommun",Sammanfattning kväll,2
2018,9,"Norrbotten, okänd kommun",Sammanfattning kväll och natt,2
2018,9,"Norrbotten, okänd kommun",Våld/hot mot tjänsteman,2
2018,9,"Norrbotten, okänd kommun",Bedrägeri,1
2018,9,"Norrbotten, okänd kommun",Bråk,1
2018,9,"Norrbotten, okänd kommun",Knivlagen,1
2018,9,"Norrbotten, okänd kommun","Motorfordon,  anträffat stulet",1
2018,9,"Norrbotten, okänd kommun","Motorfordon,  stöld",1
2018,9,"Norrbotten, okänd kommun",Olaga hot,1
2018,9,"Norrbotten, okänd kommun",Olaga intrång/hemfridsbrott,1
2018,9,"Norrbotten, okänd kommun",Rån övrigt,1
2018,9,"Norrbotten, okänd kommun",Sammanfattning dag,1
2018,9,"Norrbotten, okänd kommun",Sammanfattning förmiddag,1
2018,9,"Norrbotten, okänd kommun",Sjukdom/olycksfall,1
2018,9,"Norrbotten, okänd kommun",Trafikhinder,1
2018,9,"Norrbotten, okänd kommun","Trafikolycka,  personskada",1
2018,9,"Norrbotten, okänd kommun","Trafikolycka,  singel",1
2018,9,"Norrbotten, okänd kommun","Trafikolycka,  smitning från",1
2018,9,"Norrbotten, okänd kommun",Uppdatering,1
2018,9,"Norrbotten, okänd kommun",Vapenlagen,1
2018,9,Övriga Norrbotten,Stöld/inbrott,1
2018,9,Övriga Norrbotten,"Trafikolycka,  vilt",1
2018,10,"Norrbotten, okänd kommun",Trafikkontroll,81
2018,10,"Norrbotten, okänd kommun","Trafikolycka,  vilt",47
2018,10,"Norrbotten, okänd kommun",Övrigt,46
2018,10,"Norrbotten, okänd kommun",Trafikolycka,29
2018,10,"Norrbotten, okänd kommun",Sammanfattning natt,28
2018,10,"Norrbotten, okänd kommun",Trafikbrott,28
2018,10,"Norrbotten, okänd kommun",Stöld/inbrott,22
2018,10,"Norrbotten, okänd kommun",Rattfylleri,14
2018,10,"Norrbotten, okänd kommun",Stöld,14
2018,10,"Norrbotten, okänd kommun",Fylleri/LOB,11
2018,10,"Norrbotten, okänd kommun",Narkotikabrott,11
2018,10,"Norrbotten, okänd kommun",Uppdatering,10
2018,10,"Norrbotten, okänd kommun",Arbetsplatsolycka,7
2018,10,"Norrbotten, okänd kommun",Misshandel,7
2018,10,"Norrbotten, okänd kommun","Trafikolycka,  singel",7
2018,10,"Norrbotten, okänd kommun","Stöld,  ringa",5
2018,10,"Norrbotten, okänd kommun",Brand,4
2018,10,"Norrbotten, okänd kommun",Bråk,4
2018,10,"Norrbotten, okänd kommun",Skadegörelse,4
2018,10,"Norrbotten, okänd kommun","Trafikolycka,  personskada",4
2018,10,"Norrbotten, okänd kommun",Försvunnen person,3
2018,10,"Norrbotten, okänd kommun",Olaga hot,3
2018,10,"Norrbotten, okänd kommun",Sammanfattning kväll och natt,3
2018,10,"Norrbotten, okänd kommun",Djur,2
2018,10,"Norrbotten, okänd kommun",Kontroll person/fordon,2
2018,10,"Norrbotten, okänd kommun",Sammanfattning förmiddag,2
2018,10,"Norrbotten, okänd kommun",Sammanfattning kväll,2
2018,10,"Norrbotten, okänd kommun",Anträffat gods,1
2018,10,"Norrbotten, okänd kommun",Inbrott,1
2018,10,"Norrbotten, okänd kommun",Mord/dråp,1
2018,10,"Norrbotten, okänd kommun","Mord/dråp,  försök",1
2018,10,"Norrbotten, okänd kommun",Sammanfattning eftermiddag,1
2018,10,"Norrbotten, okänd kommun",Vapenlagen,1
2018,10,"Norrbotten, okänd kommun",Våld/hot mot tjänsteman,1
2018,10,"Norrbotten, okänd kommun",Våldtäkt,1
2018,10,Övriga Norrbotten,Sammanfattning natt,1
2018,10,Övriga Norrbotten,"Trafikolycka,  singel",1
2018,10,Övriga Norrbotten,"Trafikolycka,  vilt",1
2018,11,"Norrbotten, okänd kommun",Övrigt,92
2018,11,"Norrbotten, okänd kommun",Trafikkontroll,80
2018,11,"Norrbotten, okänd kommun","Trafikolycka,  vilt",57
2018,11,"Norrbotten, okänd kommun",Sammanfattning natt,29
2018,11,"Norrbotten, okänd kommun",Stöld,22
2018,11,"Norrbotten, okänd kommun",Trafikbrott,22
2018,11,"Norrbotten, okänd kommun",Trafikolycka,21
2018,11,"Norrbotten, okänd kommun",Rattfylleri,18
2018,11,"Norrbotten, okänd kommun",Brand,12
2018,11,"Norrbotten, okänd kommun","Trafikolycka,  singel",10
2018,11,"Norrbotten, okänd kommun",Fylleri/LOB,8
2018,11,"Norrbotten, okänd kommun",Narkotikabrott,8
2018,11,"Norrbotten, okänd kommun","Trafikolycka,  personskada",7
2018,11,"Norrbotten, okänd kommun",Olaga hot,6
2018,11,"Norrbotten, okänd kommun",Skadegörelse,5
2018,11,"Norrbotten, okänd kommun","Motorfordon,  anträffat stulet",4
2018,11,"Norrbotten, okänd kommun",Stöld/inbrott,4
2018,11,"Norrbotten, okänd kommun",Arbetsplatsolycka,3
2018,11,"Norrbotten, okänd kommun",Djur,3
2018,11,"Norrbotten, okänd kommun",Misshandel,3
2018,11,"Norrbotten, okänd kommun",Sammanfattning kväll,3
2018,11,"Norrbotten, okänd kommun",Uppdatering,3
2018,11,"Norrbotten, okänd kommun",Bråk,2
2018,11,"Norrbotten, okänd kommun",Inbrott,2
2018,11,"Norrbotten, okänd kommun",Sammanfattning dag,2
2018,11,"Norrbotten, okänd kommun",Sammanfattning kväll och natt,2
2018,11,"Norrbotten, okänd kommun","Trafikolycka,  smitning från",2
2018,11,"Norrbotten, okänd kommun",Våld/hot mot tjänsteman,2
2018,11,"Norrbotten, okänd kommun",Anträffat gods,1
2018,11,"Norrbotten, okänd kommun",Detonation,1
2018,11,"Norrbotten, okänd kommun","Farligt föremål,  misstänkt",1
2018,11,"Norrbotten, okänd kommun",Försvunnen person,1
2018,11,"Norrbotten, okänd kommun",Knivlagen,1
2018,11,"Norrbotten, okänd kommun",Kontroll person/fordon,1
2018,11,"Norrbotten, okänd kommun",Mord/dråp,1
2018,11,"Norrbotten, okänd kommun","Mord/dråp,  försök",1
2018,11,"Norrbotten, okänd kommun","Motorfordon,  stöld",1
2018,11,"Norrbotten, okänd kommun",Rån,1
2018,11,"Norrbotten, okänd kommun",Rån övrigt,1
2018,11,"Norrbotten, okänd kommun",Sammanfattning eftermiddag,1
2018,11,"Norrbotten, okänd kommun",Trafikhinder,1
2018,11,Övriga Norrbotten,Trafikolycka,1
2018,12,"Norrbotten, okänd kommun",Trafikkontroll,90
2018,12,"Norrbotten, okänd kommun",Övrigt,70
2018,12,"Norrbotten, okänd kommun","Trafikolycka,  vilt",66
2018,12,"Norrbotten, okänd kommun",Trafikolycka,32
2018,12,"Norrbotten, okänd kommun",Sammanfattning natt,28
2018,12,"Norrbotten, okänd kommun",Rattfylleri,27
2018,12,"Norrbotten, okänd kommun",Stöld,17
2018,12,"Norrbotten, okänd kommun",Trafikbrott,15
2018,12,"Norrbotten, okänd kommun",Stöld/inbrott,13
2018,12,"Norrbotten, okänd kommun",Fylleri/LOB,11
2018,12,"Norrbotten, okänd kommun",Skadegörelse,6
2018,12,"Norrbotten, okänd kommun","Trafikolycka,  personskada",6
2018,12,"Norrbotten, okänd kommun",Inbrott,5
2018,12,"Norrbotten, okänd kommun","Trafikolycka,  singel",5
2018,12,"Norrbotten, okänd kommun",Djur,4
2018,12,"Norrbotten, okänd kommun",Larm Överfall,4
2018,12,"Norrbotten, okänd kommun",Misshandel,4
2018,12,"Norrbotten, okänd kommun",Brand,3
2018,12,"Norrbotten, okänd kommun",Arbetsplatsolycka,2
2018,12,"Norrbotten, okänd kommun",Försvunnen person,2
2018,12,"Norrbotten, okänd kommun",Olaga hot,2
2018,12,"Norrbotten, okänd kommun",Alkohollagen,1
2018,12,"Norrbotten, okänd kommun",Anträffat gods,1
2018,12,"Norrbotten, okänd kommun",Häleri,1
2018,12,"Norrbotten, okänd kommun","Mord/dråp,  försök",1
2018,12,"Norrbotten, okänd kommun","Motorfordon,  stöld",1
2018,12,"Norrbotten, okänd kommun",Ofredande/förargelse,1
2018,12,"Norrbotten, okänd kommun",Sammanfattning dag,1
2018,12,"Norrbotten, okänd kommun",Sammanfattning eftermiddag,1
2018,12,"Norrbotten, okänd kommun",Sammanfattning kväll,1
2018,12,"Norrbotten, okänd kommun","Stöld,  försök",1
2018,12,"Norrbotten, okänd kommun",Trafikhinder,1
2018,12,"Norrbotten, okänd kommun","Trafikolycka,  smitning från",1
2018,12,"Norrbotten, okänd kommun",Uppdatering,1
2018,12,"Norrbotten, okänd kommun",Våld/hot mot tjänsteman,1
2018,12,Övriga Norrbotten,Sammanfattning natt,1
2019,1,"Norrbotten, okänd kommun",Övrigt,52
2019,1,"Norrbotten, okänd kommun","Trafikolycka,  vilt",50
2019,1,"Norrbotten, okänd kommun",Trafikkontroll,43
2019,1,"Norrbotten, okänd kommun",Trafikolycka,37
2019,1,"Norrbotten, okänd kommun",Sammanfattning natt,29
2019,1,"Norrbotten, okänd kommun",Trafikbrott,18
2019,1,"Norrbotten, okänd kommun",Stöld,16
2019,1,"Norrbotten, okänd kommun",Rattfylleri,12
2019,1,"Norrbotten, okänd kommun",Narkotikabrott,10
2019,1,"Norrbotten, okänd kommun",Brand,9
2019,1,"Norrbotten, okänd kommun",Fylleri/LOB,8
2019,1,"Norrbotten, okänd kommun",Stöld/inbrott,6
2019,1,"Norrbotten, okänd kommun",Olaga hot,5
2019,1,"Norrbotten, okänd kommun","Trafikolycka,  singel",5
2019,1,"Norrbotten, okänd kommun",Misshandel,4
2019,1,"Norrbotten, okänd kommun",Arbetsplatsolycka,3
2019,1,"Norrbotten, okänd kommun","Trafikolycka,  personskada",3
2019,1,"Norrbotten, okänd kommun",Djur,2
2019,1,"Norrbotten, okänd kommun",Fjällräddning,2
2019,1,"Norrbotten, okänd kommun",Inbrott,2
2019,1,"Norrbotten, okänd kommun",Sammanfattning eftermiddag,2
2019,1,"Norrbotten, okänd kommun",Sammanfattning förmiddag,2
2019,1,"Norrbotten, okänd kommun",Skadegörelse,2
2019,1,"Norrbotten, okänd kommun",Uppdatering,2
2019,1,"Norrbotten, okänd kommun",Anträffat gods,1
2019,1,"Norrbotten, okänd kommun",Försvunnen person,1
2019,1,"Norrbotten, okänd kommun","Inbrott,  försök",1
2019,1,"Norrbotten, okänd kommun",Larm Överfall,1
2019,1,"Norrbotten, okänd kommun",Mord/dråp,1
2019,1,"Norrbotten, okänd kommun","Mord/dråp,  försök",1
2019,1,"Norrbotten, okänd kommun","Motorfordon,  stöld",1
2019,1,"Norrbotten, okänd kommun",Ofredande/förargelse,1
2019,1,"Norrbotten, okänd kommun",Olovlig körning,1
2019,1,"Norrbotten, okänd kommun",Rån,1
2019,1,"Norrbotten, okänd kommun",Sammanfattning dag,1
2019,1,"Norrbotten, okänd kommun",Sammanfattning kväll och natt,1
2019,1,"Norrbotten, okänd kommun",Våld/hot mot tjänsteman,1
2019,1,Övriga Norrbotten,"Trafikolycka,  vilt",1
2019,2,"Norrbotten, okänd kommun",Trafikkontroll,93
2019,2,"Norrbotten, okänd kommun",Trafikolycka,54
2019,2,"Norrbotten, okänd kommun",Trafikbrott,35
2019,2,"Norrbotten, okänd kommun",Sammanfattning natt,27
2019,2,"Norrbotten, okänd kommun","Trafikolycka,  vilt",24
2019,2,"Norrbotten, okänd kommun",Övrigt,18
2019,2,"Norrbotten, okänd kommun",Rattfylleri,16
2019,2,"Norrbotten, okänd kommun",Stöld,16
2019,2,"Norrbotten, okänd kommun",Fylleri/LOB,14
2019,2,"Norrbotten, okänd kommun",Brand,7
2019,2,"Norrbotten, okänd kommun",Misshandel,7
2019,2,"Norrbotten, okänd kommun",Fjällräddning,6
2019,2,"Norrbotten, okänd kommun",Stöld/inbrott,6
2019,2,"Norrbotten, okänd kommun",Arbetsplatsolycka,4
2019,2,"Norrbotten, okänd kommun",Narkotikabrott,4
2019,2,"Norrbotten, okänd kommun",Trafikhinder,4
2019,2,"Norrbotten, okänd kommun",Djur,3
2019,2,"Norrbotten, okänd kommun",Skadegörelse,3
2019,2,"Norrbotten, okänd kommun",Larm Överfall,2
2019,2,"Norrbotten, okänd kommun","Motorfordon,  stöld",2
2019,2,"Norrbotten, okänd kommun","Trafikolycka,  singel",2
2019,2,"Norrbotten, okänd kommun","Farligt föremål,  misstänkt",1
2019,2,"Norrbotten, okänd kommun",Försvunnen person,1
2019,2,"Norrbotten, okänd kommun",Inbrott,1
2019,2,"Norrbotten, okänd kommun",Knivlagen,1
2019,2,"Norrbotten, okänd kommun",Missbruk av urkund,1
2019,2,"Norrbotten, okänd kommun","Misshandel,  grov",1
2019,2,"Norrbotten, okänd kommun","Motorfordon,  anträffat stulet",1
2019,2,"Norrbotten, okänd kommun",Olovlig körning,1
2019,2,"Norrbotten, okänd kommun",Sammanfattning eftermiddag,1
2019,2,"Norrbotten, okänd kommun",Sammanfattning förmiddag,1
2019,2,"Norrbotten, okänd kommun",Sammanfattning kväll och natt,1
2019,2,"Norrbotten, okänd kommun","Trafikolycka,  smitning från",1
2019,3,"Norrbotten, okänd kommun",Trafikkontroll,97
2019,3,"Norrbotten, okänd kommun",Trafikbrott,37
2019,3,"Norrbotten, okänd kommun",Trafikolycka,36
2019,3,"Norrbotten, okänd kommun",Sammanfattning natt,30
2019,3,"Norrbotten, okänd kommun","Trafikolycka,  vilt",24
2019,3,"Norrbotten, okänd kommun",Rattfylleri,23
2019,3,"Norrbotten, okänd kommun",Övrigt,17
2019,3,"Norrbotten, okänd kommun",Fjällräddning,13
2019,3,"Norrbotten, okänd kommun",Fylleri/LOB,13
2019,3,"Norrbotten, okänd kommun",Stöld,13
2019,3,"Norrbotten, okänd kommun",Misshandel,8
2019,3,"Norrbotten, okänd kommun",Arbetsplatsolycka,6
2019,3,"Norrbotten, okänd kommun",Narkotikabrott,5
2019,3,"Norrbotten, okänd kommun",Brand,4
2019,3,"Norrbotten, okänd kommun",Trafikhinder,4
2019,3,"Norrbotten, okänd kommun",Kontroll person/fordon,3
2019,3,"Norrbotten, okänd kommun",Larm Överfall,3
2019,3,"Norrbotten, okänd kommun",Skadegörelse,3
2019,3,"Norrbotten, okänd kommun",Stöld/inbrott,3
2019,3,"Norrbotten, okänd kommun",Djur,2
2019,3,"Norrbotten, okänd kommun",Försvunnen person,2
2019,3,"Norrbotten, okänd kommun",Olovlig körning,2
2019,3,"Norrbotten, okänd kommun",Sammanfattning förmiddag,1
2019,3,"Norrbotten, okänd kommun",Skyddslagen,1
2019,3,"Norrbotten, okänd kommun","Stöld,  försök",1
2019,3,"Norrbotten, okänd kommun","Trafikolycka,  singel",1
2019,3,Övriga Norrbotten,Rattfylleri,1
2019,3,Övriga Norrbotten,Sammanfattning natt,1
2019,3,Övriga Norrbotten,Stöld/inbrott,1
2019,4,"Norrbotten, okänd kommun",Trafikkontroll,99
2019,4,"Norrbotten, okänd kommun",Trafikbrott,38
2019,4,"Norrbotten, okänd kommun",Rattfylleri,28
2019,4,"Norrbotten, okänd kommun",Sammanfattning natt,27
2019,4,"Norrbotten, okänd kommun",Trafikolycka,26
2019,4,"Norrbotten, okänd kommun",Övrigt,18
2019,4,"Norrbotten, okänd kommun",Fylleri/LOB,15
2019,4,"Norrbotten, okänd kommun",Fjällräddning,11
2019,4,"Norrbotten, okänd kommun",Stöld,11
2019,4,"Norrbotten, okänd kommun","Trafikolycka,  vilt",8
2019,4,"Norrbotten, okänd kommun",Brand,7
2019,4,"Norrbotten, okänd kommun",Misshandel,6
2019,4,"Norrbotten, okänd kommun",Stöld/inbrott,6
2019,4,"Norrbotten, okänd kommun",Narkotikabrott,5
2019,4,"Norrbotten, okänd kommun",Räddningsinsats,5
2019,4,"Norrbotten, okänd kommun",Arbetsplatsolycka,4
2019,4,"Norrbotten, okänd kommun","Motorfordon,  anträffat stulet",3
2019,4,"Norrbotten, okänd kommun",Trafikhinder,3
2019,4,"Norrbotten, okänd kommun",Bråk,2
2019,4,"Norrbotten, okänd kommun",Djur,2
2019,4,"Norrbotten, okänd kommun",Försvunnen person,2
2019,4,"Norrbotten, okänd kommun",Häleri,2
2019,4,"Norrbotten, okänd kommun",Larm Överfall,2
2019,4,"Norrbotten, okänd kommun",Olaga hot,2
2019,4,"Norrbotten, okänd kommun","Trafikolycka,  personskada",2
2019,4,"Norrbotten, okänd kommun",Inbrott,1
2019,4,"Norrbotten, okänd kommun",Knivlagen,1
2019,4,"Norrbotten, okänd kommun",Kontroll person/fordon,1
2019,4,"Norrbotten, okänd kommun",Luftfartslagen,1
2019,4,"Norrbotten, okänd kommun",Mord/dråp,1
2019,4,"Norrbotten, okänd kommun","Mord/dråp,  försök",1
2019,4,"Norrbotten, okänd kommun","Motorfordon,  stöld",1
2019,4,"Norrbotten, okänd kommun",Olovlig körning,1
2019,4,"Norrbotten, okänd kommun",Sammanfattning eftermiddag,1
2019,4,"Norrbotten, okänd kommun",Sammanfattning kväll och natt,1
2019,4,"Norrbotten, okänd kommun",Sjukdom/olycksfall,1
2019,4,"Norrbotten, okänd kommun",Skadegörelse,1
2019,4,"Norrbotten, okänd kommun","Trafikolycka,  singel",1
2019,4,"Norrbotten, okänd kommun","Trafikolycka,  smitning från",1
2019,4,"Norrbotten, okänd kommun",Våld/hot mot tjänsteman,1
2019,4,Övriga Norrbotten,Narkotikabrott,1
2019,4,Övriga Norrbotten,Sammanfattning natt,1
2019,4,Övriga Norrbotten,Övrigt,1
2019,5,"Norrbotten, okänd kommun",Trafikkontroll,78
2019,5,"Norrbotten, okänd kommun",Trafikbrott,61
2019,5,"Norrbotten, okänd kommun",Sammanfattning natt,27
2019,5,"Norrbotten, okänd kommun",Stöld,24
2019,5,"Norrbotten, okänd kommun",Trafikolycka,24
2019,5,"Norrbotten, okänd kommun",Rattfylleri,21
2019,5,"Norrbotten, okänd kommun","Trafikolycka,  vilt",15
2019,5,"Norrbotten, okänd kommun",Fylleri/LOB,11
2019,5,"Norrbotten, okänd kommun",Övrigt,10
2019,5,"Norrbotten, okänd kommun",Brand,8
2019,5,"Norrbotten, okänd kommun",Skadegörelse,6
2019,5,"Norrbotten, okänd kommun",Arbetsplatsolycka,5
2019,5,"Norrbotten, okänd kommun",Inbrott,4
2019,5,"Norrbotten, okänd kommun",Misshandel,4
2019,5,"Norrbotten, okänd kommun",Narkotikabrott,4
2019,5,"Norrbotten, okänd kommun",Djur,3
2019,5,"Norrbotten, okänd kommun",Olaga hot,3
2019,5,"Norrbotten, okänd kommun",Sammanfattning kväll,3
2019,5,"Norrbotten, okänd kommun",Stöld/inbrott,3
2019,5,"Norrbotten, okänd kommun","Trafikolycka,  singel",3
2019,5,"Norrbotten, okänd kommun",Fjällräddning,2
2019,5,"Norrbotten, okänd kommun",Larm Överfall,2
2019,5,"Norrbotten, okänd kommun",Olovlig körning,2
2019,5,"Norrbotten, okänd kommun",Sammanfattning förmiddag,2
2019,5,"Norrbotten, okänd kommun",Sammanfattning kväll och natt,2
2019,5,"Norrbotten, okänd kommun",Sjukdom/olycksfall,2
2019,5,"Norrbotten, okänd kommun",Trafikhinder,2
2019,5,"Norrbotten, okänd kommun",Anträffad död,1
2019,5,"Norrbotten, okänd kommun",Anträffat gods,1
2019,5,"Norrbotten, okänd kommun",Försvunnen person,1
2019,5,"Norrbotten, okänd kommun",Rån,1
2019,5,"Norrbotten, okänd kommun","Trafikolycka,  personskada",1
2019,5,"Norrbotten, okänd kommun","Trafikolycka,  smitning från",1
2019,5,"Norrbotten, okänd kommun",Uppdatering,1
2019,5,"Norrbotten, okänd kommun",Vapenlagen,1
2019,5,"Norrbotten, okänd kommun",Våld/hot mot tjänsteman,1
2019,5,Övriga Norrbotten,Sammanfattning natt,1
2019,6,"Norrbotten, okänd kommun",Trafikkontroll,73
2019,6,"Norrbotten, okänd kommun",Sammanfattning natt,29
2019,6,"Norrbotten, okänd kommun",Trafikbrott,21
2019,6,"Norrbotten, okänd kommun",Rattfylleri,18
2019,6,"Norrbotten, okänd kommun",Övrigt,15
2019,6,"Norrbotten, okänd kommun",Stöld/inbrott,11
2019,6,"Norrbotten, okänd kommun",Trafikolycka,11
2019,6,"Norrbotten, okänd kommun",Fylleri/LOB,9
2019,6,"Norrbotten, okänd kommun",Stöld,9
2019,6,"Norrbotten, okänd kommun","Trafikolycka,  vilt",7
2019,6,"Norrbotten, okänd kommun",Brand,6
2019,6,"Norrbotten, okänd kommun",Försvunnen person,6
2019,6,"Norrbotten, okänd kommun",Misshandel,6
2019,6,"Norrbotten, okänd kommun",Arbetsplatsolycka,4
2019,6,"Norrbotten, okänd kommun",Inbrott,4
2019,6,"Norrbotten, okänd kommun",Sammanfattning kväll,4
2019,6,"Norrbotten, okänd kommun",Olovlig körning,3
2019,6,"Norrbotten, okänd kommun",Fjällräddning,2
2019,6,"Norrbotten, okänd kommun",Ofredande/förargelse,2
2019,6,"Norrbotten, okänd kommun",Sammanfattning förmiddag,2
2019,6,"Norrbotten, okänd kommun",Sammanfattning kväll och natt,2
2019,6,"Norrbotten, okänd kommun",Skadegörelse,2
2019,6,"Norrbotten, okänd kommun",Trafikhinder,2
2019,6,"Norrbotten, okänd kommun",Anträffad död,1
2019,6,"Norrbotten, okänd kommun",Bedrägeri,1
2019,6,"Norrbotten, okänd kommun",Larm Överfall,1
2019,6,"Norrbotten, okänd kommun","Mord/dråp,  försök",1
2019,6,"Norrbotten, okänd kommun","Motorfordon,  anträffat stulet",1
2019,6,"Norrbotten, okänd kommun",Narkotikabrott,1
2019,6,"Norrbotten, okänd kommun",Olaga hot,1
2019,6,"Norrbotten, okänd kommun",Rån övrigt,1
2019,6,"Norrbotten, okänd kommun","Rån,  försök",1
2019,6,"Norrbotten, okänd kommun",Sammanfattning eftermiddag,1
2019,6,"Norrbotten, okänd kommun","Stöld,  försök",1
2019,6,"Norrbotten, okänd kommun","Trafikolycka,  personskada",1
2019,6,"Norrbotten, okänd kommun",Uppdatering,1
2019,7,"Norrbotten, okänd kommun",Trafikkontroll,41
2019,7,"Norrbotten, okänd kommun",Sammanfattning natt,27
2019,7,"Norrbotten, okänd kommun",Övrigt,27
2019,7,"Norrbotten, okänd kommun",Trafikbrott,21
2019,7,"Norrbotten, okänd kommun","Trafikolycka,  vilt",18
2019,7,"Norrbotten, okänd kommun",Fylleri/LOB,14
2019,7,"Norrbotten, okänd kommun",Trafikolycka,11
2019,7,"Norrbotten, okänd kommun",Fjällräddning,10
2019,7,"Norrbotten, okänd kommun",Försvunnen person,9
2019,7,"Norrbotten, okänd kommun",Rattfylleri,8
2019,7,"Norrbotten, okänd kommun",Misshandel,6
2019,7,"Norrbotten, okänd kommun",Uppdatering,5
2019,7,"Norrbotten, okänd kommun",Brand,4
2019,7,"Norrbotten, okänd kommun",Olovlig körning,4
2019,7,"Norrbotten, okänd kommun",Sammanfattning kväll och natt,4
2019,7,"Norrbotten, okänd kommun",Stöld,4
2019,7,"Norrbotten, okänd kommun",Sammanfattning kväll,3
2019,7,"Norrbotten, okänd kommun",Skadegörelse,3
2019,7,"Norrbotten, okänd kommun",Stöld/inbrott,3
2019,7,"Norrbotten, okänd kommun","Inbrott,  försök",2
2019,7,"Norrbotten, okänd kommun",Larm Överfall,2
2019,7,"Norrbotten, okänd kommun","Motorfordon,  anträffat stulet",2
2019,7,"Norrbotten, okänd kommun",Ofredande/förargelse,2
2019,7,"Norrbotten, okänd kommun",Olaga intrång,2
2019,7,"Norrbotten, okänd kommun","Trafikolycka,  personskada",2
2019,7,"Norrbotten, okänd kommun",Arbetsplatsolycka,1
2019,7,"Norrbotten, okänd kommun",Bråk,1
2019,7,"Norrbotten, okänd kommun",Knivlagen,1
2019,7,"Norrbotten, okänd kommun","Motorfordon,  stöld",1
2019,7,"Norrbotten, okänd kommun",Narkotikabrott,1
2019,7,"Norrbotten, okänd kommun",Polisinsats/kommendering,1
2019,7,"Norrbotten, okänd kommun",Sammanfattning dag,1
2019,7,"Norrbotten, okänd kommun",Sammanfattning helg,1
2019,7,"Norrbotten, okänd kommun","Trafikolycka,  singel",1
2019,7,Övriga Norrbotten,Brand,1
2019,7,Övriga Norrbotten,"Trafikolycka,  vilt",1
2019,8,"Norrbotten, okänd kommun",Trafikkontroll,56
2019,8,"Norrbotten, okänd kommun",Sammanfattning natt,26
2019,8,"Norrbotten, okänd kommun",Trafikbrott,19
2019,8,"Norrbotten, okänd kommun",Rattfylleri,16
2019,8,"Norrbotten, okänd kommun",Trafikolycka,15
2019,8,"Norrbotten, okänd kommun",Fjällräddning,14
2019,8,"Norrbotten, okänd kommun",Övrigt,12
2019,8,"Norrbotten, okänd kommun","Trafikolycka,  vilt",11
2019,8,"Norrbotten, okänd kommun",Fylleri/LOB,9
2019,8,"Norrbotten, okänd kommun",Stöld,9
2019,8,"Norrbotten, okänd kommun",Arbetsplatsolycka,5
2019,8,"Norrbotten, okänd kommun","Motorfordon,  anträffat stulet",5
2019,8,"Norrbotten, okänd kommun",Narkotikabrott,5
2019,8,"Norrbotten, okänd kommun",Sammanfattning kväll och natt,5
2019,8,"Norrbotten, okänd kommun",Skadegörelse,5
2019,8,"Norrbotten, okänd kommun",Stöld/inbrott,4
2019,8,"Norrbotten, okänd kommun",Inbrott,3
2019,8,"Norrbotten, okänd kommun",Misshandel,3
2019,8,"Norrbotten, okänd kommun",Trafikhinder,2
2019,8,"Norrbotten, okänd kommun","Trafikolycka,  personskada",2
2019,8,"Norrbotten, okänd kommun",Uppdatering,2
2019,8,"Norrbotten, okänd kommun",Bedrägeri,1
2019,8,"Norrbotten, okänd kommun",Bråk,1
2019,8,"Norrbotten, okänd kommun",Försvunnen person,1
2019,8,"Norrbotten, okänd kommun",Hemfridsbrott,1
2019,8,"Norrbotten, okänd kommun","Inbrott,  försök",1
2019,8,"Norrbotten, okänd kommun",Larm Överfall,1
2019,8,"Norrbotten, okänd kommun","Mord/dråp,  försök",1
2019,8,"Norrbotten, okänd kommun","Motorfordon,  stöld",1
2019,8,"Norrbotten, okänd kommun",Olaga frihetsberövande/människorov,1
2019,8,"Norrbotten, okänd kommun",Olaga hot,1
2019,8,"Norrbotten, okänd kommun",Olaga intrång,1
2019,8,"Norrbotten, okänd kommun",Olovlig körning,1
2019,8,"Norrbotten, okänd kommun",Rån,1
2019,8,"Norrbotten, okänd kommun",Sammanfattning förmiddag,1
2019,8,"Norrbotten, okänd kommun",Sammanfattning kväll,1
2019,8,"Norrbotten, okänd kommun","Trafikolycka,  smitning från",1
2019,8,"Norrbotten, okänd kommun",Vapenlagen,1
2019,8,Övriga Norrbotten,Bedrägeri,1
2019,8,Övriga Norrbotten,Fylleri/LOB,1
2019,8,Övriga Norrbotten,Misshandel,1
2019,8,Övriga Norrbotten,"Trafikolycka,  vilt",1
2019,9,"Norrbotten, okänd kommun",Trafikkontroll,70
2019,9,"Norrbotten, okänd kommun",Trafikbrott,40
2019,9,"Norrbotten, okänd kommun",Rattfylleri,25
2019,9,"Norrbotten, okänd kommun",Sammanfattning natt,25
2019,9,"Norrbotten, okänd kommun",Trafikolycka,21
2019,9,"Norrbotten, okänd kommun","Trafikolycka,  vilt",20
2019,9,"Norrbotten, okänd kommun",Övrigt,11
2019,9,"Norrbotten, okänd kommun",Brand,10
2019,9,"Norrbotten, okänd kommun",Försvunnen person,10
2019,9,"Norrbotten, okänd kommun",Fylleri/LOB,9
2019,9,"Norrbotten, okänd kommun",Stöld/inbrott,9
2019,9,"Norrbotten, okänd kommun",Stöld,8
2019,9,"Norrbotten, okänd kommun",Fjällräddning,7
2019,9,"Norrbotten, okänd kommun",Inbrott,7
2019,9,"Norrbotten, okänd kommun",Uppdatering,6
2019,9,"Norrbotten, okänd kommun",Misshandel,5
2019,9,"Norrbotten, okänd kommun",Skadegörelse,5
2019,9,"Norrbotten, okänd kommun",Trafikhinder,4
2019,9,"Norrbotten, okänd kommun",Larm Överfall,3
2019,9,"Norrbotten, okänd kommun","Motorfordon,  stöld",3
2019,9,"Norrbotten, okänd kommun",Narkotikabrott,3
2019,9,"Norrbotten, okänd kommun",Olaga hot,3
2019,9,"Norrbotten, okänd kommun",Sammanfattning kväll och natt,3
2019,9,"Norrbotten, okänd kommun",Arbetsplatsolycka,2
2019,9,"Norrbotten, okänd kommun",Djur,2
2019,9,"Norrbotten, okänd kommun","Trafikolycka,  personskada",2
2019,9,"Norrbotten, okänd kommun","Trafikolycka,  smitning från",2
2019,9,"Norrbotten, okänd kommun",Anträffat gods,1
2019,9,"Norrbotten, okänd kommun","Motorfordon,  anträffat stulet",1
2019,9,"Norrbotten, okänd kommun",Ofredande/förargelse,1
2019,9,"Norrbotten, okänd kommun",Olovlig körning,1
2019,9,"Norrbotten, okänd kommun",Räddningsinsats,1
2019,9,"Norrbotten, okänd kommun",Sammanfattning dag,1
2019,9,"Norrbotten, okänd kommun",Sammanfattning kväll,1
2019,9,"Norrbotten, okänd kommun",Sedlighetsbrott,1
2019,9,"Norrbotten, okänd kommun",Sjukdom/olycksfall,1
2019,9,"Norrbotten, okänd kommun",Skyddslagen,1
2019,9,"Norrbotten, okänd kommun","Stöld,  försök",1
2019,9,"Norrbotten, okänd kommun",Våld/hot mot tjänsteman,1
2019,9,"Norrbotten, okänd kommun",Våldtäkt,1
2019,9,Övriga Norrbotten,Sammanfattning natt,1
2019,10,"Norrbotten, okänd kommun",Trafikkontroll,47
2019,10,"Norrbotten, okänd kommun","Trafikolycka,  vilt",47
2019,10,"Norrbotten, okänd kommun",Trafikbrott,25
2019,10,"Norrbotten, okänd kommun",Rattfylleri,22
2019,10,"Norrbotten, okänd kommun",Trafikolycka,20
2019,10,"Norrbotten, okänd kommun",Sammanfattning kväll och natt,17
2019,10,"Norrbotten, okänd kommun",Sammanfattning natt,16
2019,10,"Norrbotten, okänd kommun",Stöld,13
2019,10,"Norrbotten, okänd kommun",Fylleri/LOB,11
2019,10,"Norrbotten, okänd kommun",Övrigt,9
2019,10,"Norrbotten, okänd kommun",Stöld/inbrott,7
2019,10,"Norrbotten, okänd kommun",Brand,5
2019,10,"Norrbotten, okänd kommun",Larm Överfall,5
2019,10,"Norrbotten, okänd kommun",Misshandel,5
2019,10,"Norrbotten, okänd kommun",Olovlig körning,4
2019,10,"Norrbotten, okänd kommun",Skadegörelse,4
2019,10,"Norrbotten, okänd kommun","Trafikolycka,  singel",4
2019,10,"Norrbotten, okänd kommun",Arbetsplatsolycka,3
2019,10,"Norrbotten, okänd kommun",Trafikhinder,3
2019,10,"Norrbotten, okänd kommun","Trafikolycka,  personskada",3
2019,10,"Norrbotten, okänd kommun",Djur,2
2019,10,"Norrbotten, okänd kommun",Inbrott,2
2019,10,"Norrbotten, okänd kommun","Motorfordon,  stöld",2
2019,10,"Norrbotten, okänd kommun",Narkotikabrott,2
2019,10,"Norrbotten, okänd kommun",Olaga hot,2
2019,10,"Norrbotten, okänd kommun",Anträffat gods,1
2019,10,"Norrbotten, okänd kommun",Bedrägeri,1
2019,10,"Norrbotten, okänd kommun",Förfalskningsbrott,1
2019,10,"Norrbotten, okänd kommun",Knivlagen,1
2019,10,"Norrbotten, okänd kommun","Misshandel,  grov",1
2019,10,"Norrbotten, okänd kommun",Mord/dråp,1
2019,10,"Norrbotten, okänd kommun","Mord/dråp,  försök",1
2019,10,"Norrbotten, okänd kommun",Ofredande/förargelse,1
2019,10,"Norrbotten, okänd kommun",Rån,1
2019,10,"Norrbotten, okänd kommun",Rån väpnat,1
2019,10,"Norrbotten, okänd kommun",Rån övrigt,1
2019,10,"Norrbotten, okänd kommun",Sammanfattning dag,1
2019,10,"Norrbotten, okänd kommun",Sammanfattning förmiddag,1
2019,10,"Norrbotten, okänd kommun",Sammanfattning kväll,1
2019,10,"Norrbotten, okänd kommun","Stöld,  försök",1
2019,10,"Norrbotten, okänd kommun",Vapenlagen,1
2019,10,"Norrbotten, okänd kommun","Våldtäkt,  försök",1
2019,10,Övriga Norrbotten,Sammanfattning kväll och natt,1
2019,11,"Norrbotten, okänd kommun","Trafikolycka,  vilt",53
2019,11,"Norrbotten, okänd kommun",Trafikkontroll,39
2019,11,"Norrbotten, okänd kommun",Trafikolycka,26
2019,11,"Norrbotten, okänd kommun",Sammanfattning natt,21
2019,11,"Norrbotten, okänd kommun",Trafikbrott,17
2019,11,"Norrbotten, okänd kommun",Rattfylleri,15
2019,11,"Norrbotten, okänd kommun",Misshandel,10
2019,11,"Norrbotten, okänd kommun",Sammanfattning kväll och natt,8
2019,11,"Norrbotten, okänd kommun",Narkotikabrott,7
2019,11,"Norrbotten, okänd kommun",Fylleri/LOB,6
2019,11,"Norrbotten, okänd kommun",Stöld/inbrott,6
2019,11,"Norrbotten, okänd kommun",Övrigt,6
2019,11,"Norrbotten, okänd kommun",Arbetsplatsolycka,5
2019,11,"Norrbotten, okänd kommun",Brand,5
2019,11,"Norrbotten, okänd kommun",Stöld,5
2019,11,"Norrbotten, okänd kommun",Försvunnen person,4
2019,11,"Norrbotten, okänd kommun",Olaga hot,4
2019,11,"Norrbotten, okänd kommun",Rån,3
2019,11,"Norrbotten, okänd kommun",Skadegörelse,3
2019,11,"Norrbotten, okänd kommun",Inbrott,2
2019,11,"Norrbotten, okänd kommun",Knivlagen,2
2019,11,"Norrbotten, okänd kommun",Vapenlagen,2
2019,11,"Norrbotten, okänd kommun",Djur,1
2019,11,"Norrbotten, okänd kommun",Fjällräddning,1
2019,11,"Norrbotten, okänd kommun",Mord/dråp,1
2019,11,"Norrbotten, okänd kommun","Motorfordon,  anträffat stulet",1
2019,11,"Norrbotten, okänd kommun","Motorfordon,  stöld",1
2019,11,"Norrbotten, okänd kommun",Räddningsinsats,1
2019,11,"Norrbotten, okänd kommun",Rån övrigt,1
2019,11,"Norrbotten, okänd kommun","Rån,  försök",1
2019,11,"Norrbotten, okänd kommun",Sammanfattning dag,1
2019,11,"Norrbotten, okänd kommun",Sammanfattning förmiddag,1
2019,11,"Norrbotten, okänd kommun",Trafikhinder,1
2019,11,"Norrbotten, okänd kommun","Trafikolycka,  smitning från",1
2019,11,"Norrbotten, okänd kommun",Våldtäkt,1
2019,11,"Norrbotten, okänd kommun",Vållande till kroppsskada,1
2019,11,Övriga Norrbotten,Sammanfattning natt,1
2019,11,Övriga Norrbotten,Trafikkontroll,1
2019,12,"Norrbotten, okänd kommun",Trafikkontroll,49
2019,12,"Norrbotten, okänd kommun",Trafikolycka,40
2019,12,"Norrbotten, okänd kommun","Trafikolycka,  vilt",39
2019,12,"Norrbotten, okänd kommun",Sammanfattning natt,28
2019,12,"Norrbotten, okänd kommun",Trafikbrott,22
2019,12,"Norrbotten, okänd kommun",Rattfylleri,20
2019,12,"Norrbotten, okänd kommun",Stöld,12
2019,12,"Norrbotten, okänd kommun",Fylleri/LOB,10
2019,12,"Norrbotten, okänd kommun",Övrigt,9
2019,12,"Norrbotten, okänd kommun",Narkotikabrott,7
2019,12,"Norrbotten, okänd kommun",Arbetsplatsolycka,4
2019,12,"Norrbotten, okänd kommun",Djur,4
2019,12,"Norrbotten, okänd kommun",Inbrott,4
2019,12,"Norrbotten, okänd kommun",Brand,3
2019,12,"Norrbotten, okänd kommun",Misshandel,3
2019,12,"Norrbotten, okänd kommun",Sammanfattning kväll,3
2019,12,"Norrbotten, okänd kommun",Sammanfattning kväll och natt,3
2019,12,"Norrbotten, okänd kommun",Stöld/inbrott,3
2019,12,"Norrbotten, okänd kommun",Trafikhinder,3
2019,12,"Norrbotten, okänd kommun",Bedrägeri,2
2019,12,"Norrbotten, okänd kommun",Försvunnen person,2
2019,12,"Norrbotten, okänd kommun","Mord/dråp,  försök",2
2019,12,"Norrbotten, okänd kommun","Trafikolycka,  singel",2
2019,12,"Norrbotten, okänd kommun",Mord/dråp,1
2019,12,"Norrbotten, okänd kommun","Motorfordon,  anträffat stulet",1
2019,12,"Norrbotten, okänd kommun","Motorfordon,  stöld",1
2019,12,"Norrbotten, okänd kommun",Olaga hot,1
2019,12,"Norrbotten, okänd kommun","Stöld,  försök",1
2019,12,"Norrbotten, okänd kommun","Trafikolycka,  personskada",1
2019,12,"Norrbotten, okänd kommun","Trafikolycka,  smitning från",1
2019,12,"Norrbotten, okänd kommun",Uppdatering,1
2019,12,"Norrbotten, okänd kommun",Våld/hot mot tjänsteman,1
2020,1,"Norrbotten, okänd kommun",Trafikkontroll,51
2020,1,"Norrbotten, okänd kommun",Trafikbrott,40
2020,1,"Norrbotten, okänd kommun","Trafikolycka,  vilt",32
2020,1,"Norrbotten, okänd kommun",Sammanfattning natt,30
2020,1,"Norrbotten, okänd kommun",Trafikolycka,25
2020,1,"Norrbotten, okänd kommun",Rattfylleri,23
2020,1,"Norrbotten, okänd kommun",Stöld,14
2020,1,"Norrbotten, okänd kommun",Övrigt,11
2020,1,"Norrbotten, okänd kommun",Fylleri/LOB,10
2020,1,"Norrbotten, okänd kommun","Motorfordon,  anträffat stulet",8
2020,1,"Norrbotten, okänd kommun",Narkotikabrott,6
2020,1,"Norrbotten, okänd kommun",Brand,5
2020,1,"Norrbotten, okänd kommun",Stöld/inbrott,4
2020,1,"Norrbotten, okänd kommun",Arbetsplatsolycka,3
2020,1,"Norrbotten, okänd kommun",Skadegörelse,3
2020,1,"Norrbotten, okänd kommun","Trafikolycka,  singel",3
2020,1,"Norrbotten, okänd kommun",Inbrott,2
2020,1,"Norrbotten, okänd kommun",Misshandel,2
2020,1,"Norrbotten, okänd kommun",Rån,2
2020,1,"Norrbotten, okänd kommun",Anträffad död,1
2020,1,"Norrbotten, okänd kommun",Djur,1
2020,1,"Norrbotten, okänd kommun",Häleri,1
2020,1,"Norrbotten, okänd kommun",Knivlagen,1
2020,1,"Norrbotten, okänd kommun",Mord/dråp,1
2020,1,"Norrbotten, okänd kommun",Olovlig körning,1
2020,1,"Norrbotten, okänd kommun",Rån övrigt,1
2020,1,"Norrbotten, okänd kommun",Sammanfattning kväll,1
2020,1,"Norrbotten, okänd kommun",Sammanfattning kväll och natt,1
2020,1,"Norrbotten, okänd kommun",Trafikhinder,1
2020,1,"Norrbotten, okänd kommun",Uppdatering,1
2020,1,"Norrbotten, okänd kommun",Vapenlagen,1
2020,1,Övriga Norrbotten,Sammanfattning natt,2
2020,1,Övriga Norrbotten,"Trafikolycka,  vilt",2
2020,2,"Norrbotten, okänd kommun",Trafikkontroll,56
2020,2,"Norrbotten, okänd kommun",Trafikolycka,46
2020,2,"Norrbotten, okänd kommun",Sammanfattning natt,27
2020,2,"Norrbotten, okänd kommun",Trafikbrott,26
2020,2,"Norrbotten, okänd kommun",Rattfylleri,20
2020,2,"Norrbotten, okänd kommun","Trafikolycka,  vilt",19
2020,2,"Norrbotten, okänd kommun",Stöld,11
2020,2,"Norrbotten, okänd kommun",Övrigt,10
2020,2,"Norrbotten, okänd kommun",Fjällräddning,6
2020,2,"Norrbotten, okänd kommun",Brand,4
2020,2,"Norrbotten, okänd kommun",Inbrott,3
2020,2,"Norrbotten, okänd kommun",Misshandel,3
2020,2,"Norrbotten, okänd kommun",Skadegörelse,3
2020,2,"Norrbotten, okänd kommun","Trafikolycka,  singel",3
2020,2,"Norrbotten, okänd kommun",Arbetsplatsolycka,2
2020,2,"Norrbotten, okänd kommun",Fylleri/LOB,2
2020,2,"Norrbotten, okänd kommun","Motorfordon,  anträffat stulet",2
2020,2,"Norrbotten, okänd kommun",Narkotikabrott,2
2020,2,"Norrbotten, okänd kommun",Olovlig körning,2
2020,2,"Norrbotten, okänd kommun",Bedrägeri,1
2020,2,"Norrbotten, okänd kommun",Djur,1
2020,2,"Norrbotten, okänd kommun",Knivlagen,1
2020,2,"Norrbotten, okänd kommun","Motorfordon,  stöld",1
2020,2,"Norrbotten, okänd kommun",Olaga hot,1
2020,2,"Norrbotten, okänd kommun",Räddningsinsats,1
2020,2,"Norrbotten, okänd kommun",Sammanfattning helg,1
2020,2,"Norrbotten, okänd kommun",Stöld/inbrott,1
2020,2,Övriga Norrbotten,Sammanfattning natt,1
2020,2,Övriga Norrbotten,"Trafikolycka,  vilt",1
2020,3,"Norrbotten, okänd kommun",Trafikbrott,48
2020,3,"Norrbotten, okänd kommun",Trafikkontroll,48
2020,3,"Norrbotten, okänd kommun",Sammanfattning natt,31
2020,3,"Norrbotten, okänd kommun",Trafikolycka,28
2020,3,"Norrbotten, okänd kommun",Rattfylleri,16
2020,3,"Norrbotten, okänd kommun",Stöld,12
2020,3,"Norrbotten, okänd kommun","Trafikolycka,  vilt",12
2020,3,"Norrbotten, okänd kommun",Fylleri/LOB,10
2020,3,"Norrbotten, okänd kommun",Övrigt,8
2020,3,"Norrbotten, okänd kommun",Misshandel,6
2020,3,"Norrbotten, okänd kommun",Arbetsplatsolycka,5
2020,3,"Norrbotten, okänd kommun",Narkotikabrott,5
2020,3,"Norrbotten, okänd kommun",Sammanfattning kväll,5
2020,3,"Norrbotten, okänd kommun",Skadegörelse,5
2020,3,"Norrbotten, okänd kommun",Brand,4
2020,3,"Norrbotten, okänd kommun",Fjällräddning,4
2020,3,"Norrbotten, okänd kommun",Våldtäkt,4
2020,3,"Norrbotten, okänd kommun","Motorfordon,  anträffat stulet",2
2020,3,"Norrbotten, okänd kommun","Motorfordon,  stöld",2
2020,3,"Norrbotten, okänd kommun",Stöld/inbrott,2
2020,3,"Norrbotten, okänd kommun",Inbrott,1
2020,3,"Norrbotten, okänd kommun",Knivlagen,1
2020,3,"Norrbotten, okänd kommun",Larm Överfall,1
2020,3,"Norrbotten, okänd kommun",Mord/dråp,1
2020,3,"Norrbotten, okänd kommun",Ofredande/förargelse,1
2020,3,"Norrbotten, okänd kommun",Olovlig körning,1
2020,3,"Norrbotten, okänd kommun",Trafikhinder,1
2020,3,"Norrbotten, okänd kommun","Trafikolycka,  singel",1
2020,3,"Norrbotten, okänd kommun",Uppdatering,1
2020,4,"Norrbotten, okänd kommun",Trafikkontroll,71
2020,4,"Norrbotten, okänd kommun",Trafikbrott,57
2020,4,"Norrbotten, okänd kommun",Sammanfattning natt,31
2020,4,"Norrbotten, okänd kommun",Rattfylleri,25
2020,4,"Norrbotten, okänd kommun",Brand,9
2020,4,"Norrbotten, okänd kommun",Stöld,9
2020,4,"Norrbotten, okänd kommun",Misshandel,8
2020,4,"Norrbotten, okänd kommun","Motorfordon,  anträffat stulet",8
2020,4,"Norrbotten, okänd kommun",Trafikolycka,8
2020,4,"Norrbotten, okänd kommun","Trafikolycka,  vilt",8
2020,4,"Norrbotten, okänd kommun",Övrigt,6
2020,4,"Norrbotten, okänd kommun",Fylleri/LOB,5
2020,4,"Norrbotten, okänd kommun",Narkotikabrott,5
2020,4,"Norrbotten, okänd kommun",Arbetsplatsolycka,4
2020,4,"Norrbotten, okänd kommun",Stöld/inbrott,4
2020,4,"Norrbotten, okänd kommun",Fjällräddning,3
2020,4,"Norrbotten, okänd kommun",Olovlig körning,3
2020,4,"Norrbotten, okänd kommun",Inbrott,2
2020,4,"Norrbotten, okänd kommun",Skadegörelse,2
2020,4,"Norrbotten, okänd kommun",Bedrägeri,1
2020,4,"Norrbotten, okänd kommun",Bråk,1
2020,4,"Norrbotten, okänd kommun",Djur,1
2020,4,"Norrbotten, okänd kommun",Försvunnen person,1
2020,4,"Norrbotten, okänd kommun",Larm Överfall,1
2020,4,"Norrbotten, okänd kommun","Motorfordon,  stöld",1
2020,4,"Norrbotten, okänd kommun",Olaga hot,1
2020,4,"Norrbotten, okänd kommun",Olaga intrång,1
2020,4,"Norrbotten, okänd kommun",Räddningsinsats,1
2020,4,"Norrbotten, okänd kommun",Rån övrigt,1
2020,4,"Norrbotten, okänd kommun",Sammanfattning kväll,1
2020,4,"Norrbotten, okänd kommun","Stöld,  försök",1
2020,4,"Norrbotten, okänd kommun",Våld/hot mot tjänsteman,1
2020,4,"Norrbotten, okänd kommun","Våldtäkt,  försök",1
2020,5,"Norrbotten, okänd kommun",Trafikkontroll,43
2020,5,"Norrbotten, okänd kommun",Sammanfattning natt,37
2020,5,"Norrbotten, okänd kommun",Trafikbrott,35
2020,5,"Norrbotten, okänd kommun",Rattfylleri,20
2020,5,"Norrbotten, okänd kommun",Trafikolycka,18
2020,5,"Norrbotten, okänd kommun",Misshandel,9
2020,5,"Norrbotten, okänd kommun",Stöld,9
2020,5,"Norrbotten, okänd kommun",Brand,8
2020,5,"Norrbotten, okänd kommun",Narkotikabrott,8
2020,5,"Norrbotten, okänd kommun","Trafikolycka,  vilt",8
2020,5,"Norrbotten, okänd kommun",Sammanfattning kväll,7
2020,5,"Norrbotten, okänd kommun",Övrigt,7
2020,5,"Norrbotten, okänd kommun",Fylleri/LOB,6
2020,5,"Norrbotten, okänd kommun",Fjällräddning,5
2020,5,"Norrbotten, okänd kommun","Motorfordon,  anträffat stulet",5
2020,5,"Norrbotten, okänd kommun",Arbetsplatsolycka,3
2020,5,"Norrbotten, okänd kommun",Stöld/inbrott,3
2020,5,"Norrbotten, okänd kommun",Försvunnen person,2
2020,5,"Norrbotten, okänd kommun",Inbrott,2
2020,5,"Norrbotten, okänd kommun",Olaga frihetsberövande/människorov,2
2020,5,"Norrbotten, okänd kommun",Olovlig körning,2
2020,5,"Norrbotten, okänd kommun",Skadegörelse,2
2020,5,"Norrbotten, okänd kommun",Bråk,1
2020,5,"Norrbotten, okänd kommun","Inbrott,  försök",1
2020,5,"Norrbotten, okänd kommun",Knivlagen,1
2020,5,"Norrbotten, okänd kommun","Motorfordon,  stöld",1
2020,5,"Norrbotten, okänd kommun",Ofredande/förargelse,1
2020,5,"Norrbotten, okänd kommun",Olaga hot,1
2020,5,"Norrbotten, okänd kommun",Räddningsinsats,1
2020,5,"Norrbotten, okänd kommun",Rån,1
2020,5,"Norrbotten, okänd kommun",Trafikhinder,1
2020,5,"Norrbotten, okänd kommun","Trafikolycka,  smitning från",1
2020,5,"Norrbotten, okänd kommun",Uppdatering,1
2020,5,"Norrbotten, okänd kommun",Våld/hot mot tjänsteman,1
2020,5,Övriga Norrbotten,Rattfylleri,1
2020,6,"Norrbotten, okänd kommun",Trafikkontroll,38
2020,6,"Norrbotten, okänd kommun",Sammanfattning natt,34
2020,6,"Norrbotten, okänd kommun",Trafikbrott,32
2020,6,"Norrbotten, okänd kommun",Rattfylleri,14
2020,6,"Norrbotten, okänd kommun",Trafikolycka,11
2020,6,"Norrbotten, okänd kommun",Stöld,9
2020,6,"Norrbotten, okänd kommun",Fjällräddning,7
2020,6,"Norrbotten, okänd kommun",Övrigt,7
2020,6,"Norrbotten, okänd kommun",Fylleri/LOB,6
2020,6,"Norrbotten, okänd kommun","Trafikolycka,  vilt",6
2020,6,"Norrbotten, okänd kommun",Brand,5
2020,6,"Norrbotten, okänd kommun",Arbetsplatsolycka,4
2020,6,"Norrbotten, okänd kommun",Försvunnen person,4
2020,6,"Norrbotten, okänd kommun",Misshandel,4
2020,6,"Norrbotten, okänd kommun",Stöld/inbrott,4
2020,6,"Norrbotten, okänd kommun",Anträffat gods,3
2020,6,"Norrbotten, okänd kommun",Inbrott,3
2020,6,"Norrbotten, okänd kommun",Narkotikabrott,3
2020,6,"Norrbotten, okänd kommun",Olovlig körning,3
2020,6,"Norrbotten, okänd kommun",Larm Överfall,2
2020,6,"Norrbotten, okänd kommun",Skadegörelse,2
2020,6,"Norrbotten, okänd kommun",Trafikhinder,2
2020,6,"Norrbotten, okänd kommun","Trafikolycka,  singel",2
2020,6,"Norrbotten, okänd kommun",Våld/hot mot tjänsteman,2
2020,6,"Norrbotten, okänd kommun",Anträffad död,1
2020,6,"Norrbotten, okänd kommun",Djur,1
2020,6,"Norrbotten, okänd kommun","Misshandel,  grov",1
2020,6,"Norrbotten, okänd kommun","Motorfordon,  anträffat stulet",1
2020,6,"Norrbotten, okänd kommun",Rån,1
2020,6,"Norrbotten, okänd kommun",Sammanfattning kväll,1
2020,6,"Norrbotten, okänd kommun",Sammanfattning kväll och natt,1
2020,6,"Norrbotten, okänd kommun",Sedlighetsbrott,1
2020,6,"Norrbotten, okänd kommun","Stöld,  försök",1
2020,6,"Norrbotten, okänd kommun","Trafikolycka,  smitning från",1
2020,6,Övriga Norrbotten,"Trafikolycka,  vilt",1
2020,7,"Norrbotten, okänd kommun",Sammanfattning natt,31
2020,7,"Norrbotten, okänd kommun",Trafikkontroll,26
2020,7,"Norrbotten, okänd kommun",Trafikbrott,22
2020,7,"Norrbotten, okänd kommun",Rattfylleri,14
2020,7,"Norrbotten, okänd kommun",Trafikolycka,13
2020,7,"Norrbotten, okänd kommun",Övrigt,11
2020,7,"Norrbotten, okänd kommun",Fjällräddning,10
2020,7,"Norrbotten, okänd kommun",Olovlig körning,8
2020,7,"Norrbotten, okänd kommun","Trafikolycka,  vilt",8
2020,7,"Norrbotten, okänd kommun",Sammanfattning kväll och natt,7
2020,7,"Norrbotten, okänd kommun",Narkotikabrott,6
2020,7,"Norrbotten, okänd kommun","Trafikolycka,  singel",6
2020,7,"Norrbotten, okänd kommun",Misshandel,5
2020,7,"Norrbotten, okänd kommun",Arbetsplatsolycka,4
2020,7,"Norrbotten, okänd kommun",Brand,4
2020,7,"Norrbotten, okänd kommun",Försvunnen person,4
2020,7,"Norrbotten, okänd kommun",Stöld,4
2020,7,"Norrbotten, okänd kommun",Fylleri/LOB,3
2020,7,"Norrbotten, okänd kommun",Sammanfattning kväll,3
2020,7,"Norrbotten, okänd kommun",Uppdatering,3
2020,7,"Norrbotten, okänd kommun",Djur,2
2020,7,"Norrbotten, okänd kommun",Mord/dråp,2
2020,7,"Norrbotten, okänd kommun","Motorfordon,  anträffat stulet",2
2020,7,"Norrbotten, okänd kommun",Olaga hot,2
2020,7,"Norrbotten, okänd kommun",Stöld/inbrott,2
2020,7,"Norrbotten, okänd kommun",Anträffad död,1
2020,7,"Norrbotten, okänd kommun",Anträffat gods,1
2020,7,"Norrbotten, okänd kommun",Bedrägeri,1
2020,7,"Norrbotten, okänd kommun",Inbrott,1
2020,7,"Norrbotten, okänd kommun",Larm Överfall,1
2020,7,"Norrbotten, okänd kommun",Miljöbrott,1
2020,7,"Norrbotten, okänd kommun","Motorfordon,  stöld",1
2020,7,"Norrbotten, okänd kommun",Ofredande/förargelse,1
2020,7,"Norrbotten, okänd kommun",Räddningsinsats,1
2020,7,"Norrbotten, okänd kommun",Rån,1
2020,7,"Norrbotten, okänd kommun",Skadegörelse,1
2020,7,"Norrbotten, okänd kommun","Stöld,  försök",1
2020,7,"Norrbotten, okänd kommun",Våldtäkt,1
2020,7,"Norrbotten, okänd kommun","Våldtäkt,  försök",1
2020,7,Övriga Norrbotten,Inbrott,1
2020,8,"Norrbotten, okänd kommun",Trafikbrott,41
2020,8,"Norrbotten, okänd kommun",Trafikkontroll,41
2020,8,"Norrbotten, okänd kommun",Sammanfattning natt,31
2020,8,"Norrbotten, okänd kommun",Fjällräddning,17
2020,8,"Norrbotten, okänd kommun",Övrigt,15
2020,8,"Norrbotten, okänd kommun",Stöld/inbrott,14
2020,8,"Norrbotten, okänd kommun",Rattfylleri,12
2020,8,"Norrbotten, okänd kommun",Trafikolycka,12
2020,8,"Norrbotten, okänd kommun",Stöld,11
2020,8,"Norrbotten, okänd kommun",Brand,8
2020,8,"Norrbotten, okänd kommun",Fylleri/LOB,8
2020,8,"Norrbotten, okänd kommun","Trafikolycka,  vilt",7
2020,8,"Norrbotten, okänd kommun",Arbetsplatsolycka,5
2020,8,"Norrbotten, okänd kommun","Motorfordon,  anträffat stulet",5
2020,8,"Norrbotten, okänd kommun",Narkotikabrott,5
2020,8,"Norrbotten, okänd kommun",Försvunnen person,4
2020,8,"Norrbotten, okänd kommun",Misshandel,4
2020,8,"Norrbotten, okänd kommun",Olaga hot,4
2020,8,"Norrbotten, okänd kommun",Skadegörelse,4
2020,8,"Norrbotten, okänd kommun","Motorfordon,  stöld",3
2020,8,"Norrbotten, okänd kommun",Mord/dråp,2
2020,8,"Norrbotten, okänd kommun",Olovlig körning,2
2020,8,"Norrbotten, okänd kommun",Rån,2
2020,8,"Norrbotten, okänd kommun","Trafikolycka,  singel",2
2020,8,"Norrbotten, okänd kommun",Bedrägeri,1
2020,8,"Norrbotten, okänd kommun",Inbrott,1
2020,8,"Norrbotten, okänd kommun",Knivlagen,1
2020,8,"Norrbotten, okänd kommun","Misshandel,  grov",1
2020,8,"Norrbotten, okänd kommun","Mord/dråp,  försök",1
2020,8,"Norrbotten, okänd kommun",Olaga intrång,1
2020,8,"Norrbotten, okänd kommun",Räddningsinsats,1
2020,8,"Norrbotten, okänd kommun",Sammanfattning kväll och natt,1
2020,8,"Norrbotten, okänd kommun",Våld/hot mot tjänsteman,1
2020,8,"Norrbotten, okänd kommun",Vållande till kroppsskada,1
2020,8,Övriga Norrbotten,Sammanfattning natt,1
2020,8,Övriga Norrbotten,Trafikbrott,1
2020,9,"Norrbotten, okänd kommun",Trafikkontroll,51
2020,9,"Norrbotten, okänd kommun",Sammanfattning natt,29
2020,9,"Norrbotten, okänd kommun",Trafikbrott,24
2020,9,"Norrbotten, okänd kommun",Trafikolycka,16
2020,9,"Norrbotten, okänd kommun",Stöld,14
2020,9,"Norrbotten, okänd kommun",Rattfylleri,12
2020,9,"Norrbotten, okänd kommun","Trafikolycka,  vilt",11
2020,9,"Norrbotten, okänd kommun",Olovlig körning,8
2020,9,"Norrbotten, okänd kommun",Stöld/inbrott,8
2020,9,"Norrbotten, okänd kommun",Narkotikabrott,7
2020,9,"Norrbotten, okänd kommun",Övrigt,7
2020,9,"Norrbotten, okänd kommun",Inbrott,6
2020,9,"Norrbotten, okänd kommun",Brand,5
2020,9,"Norrbotten, okänd kommun",Skadegörelse,5
2020,9,"Norrbotten, okänd kommun",Fylleri/LOB,4
2020,9,"Norrbotten, okänd kommun",Misshandel,4
2020,9,"Norrbotten, okänd kommun","Motorfordon,  stöld",4
2020,9,"Norrbotten, okänd kommun",Arbetsplatsolycka,3
2020,9,"Norrbotten, okänd kommun",Fjällräddning,3
2020,9,"Norrbotten, okänd kommun",Försvunnen person,2
2020,9,"Norrbotten, okänd kommun",Knivlagen,2
2020,9,"Norrbotten, okänd kommun",Olaga hot,2
2020,9,"Norrbotten, okänd kommun",Sammanfattning kväll,2
2020,9,"Norrbotten, okänd kommun","Trafikolycka,  singel",2
2020,9,"Norrbotten, okänd kommun",Bedrägeri,1
2020,9,"Norrbotten, okänd kommun",Mord/dråp,1
2020,9,"Norrbotten, okänd kommun","Motorfordon,  anträffat stulet",1
2020,9,"Norrbotten, okänd kommun",Räddningsinsats,1
2020,9,"Norrbotten, okänd kommun",Sammanfattning eftermiddag,1
2020,9,"Norrbotten, okänd kommun","Trafikolycka,  personskada",1
2020,9,"Norrbotten, okänd kommun","Trafikolycka,  smitning från",1
2020,9,"Norrbotten, okänd kommun",Uppdatering,1
2020,9,"Norrbotten, okänd kommun",Våldtäkt,1
2020,9,Övriga Norrbotten,Sammanfattning natt,3
2020,9,Övriga Norrbotten,Sammanfattning kväll,1
2020,9,Övriga Norrbotten,Trafikbrott,1
2020,9,Övriga Norrbotten,"Trafikolycka,  vilt",1
2020,10,Luleå kommun,Sammanfattning natt,1
2020,10,"Norrbotten, okänd kommun",Trafikkontroll,52
2020,10,"Norrbotten, okänd kommun",Trafikolycka,36
2020,10,"Norrbotten, okänd kommun",Rattfylleri,31
2020,10,"Norrbotten, okänd kommun",Sammanfattning natt,26
2020,10,"Norrbotten, okänd kommun",Trafikbrott,25
2020,10,"Norrbotten, okänd kommun","Trafikolycka,  vilt",21
2020,10,"Norrbotten, okänd kommun",Stöld,18
2020,10,"Norrbotten, okänd kommun",Stöld/inbrott,13
2020,10,"Norrbotten, okänd kommun",Narkotikabrott,9
2020,10,"Norrbotten, okänd kommun",Övrigt,8
2020,10,"Norrbotten, okänd kommun",Fylleri/LOB,7
2020,10,"Norrbotten, okänd kommun",Misshandel,6
2020,10,"Norrbotten, okänd kommun",Djur,4
2020,10,"Norrbotten, okänd kommun","Motorfordon,  anträffat stulet",4
2020,10,"Norrbotten, okänd kommun",Arbetsplatsolycka,3
2020,10,"Norrbotten, okänd kommun",Brand,3
2020,10,"Norrbotten, okänd kommun",Fjällräddning,3
2020,10,"Norrbotten, okänd kommun",Inbrott,3
2020,10,"Norrbotten, okänd kommun",Knivlagen,2
2020,10,"Norrbotten, okänd kommun",Mord/dråp,2
2020,10,"Norrbotten, okänd kommun",Olovlig körning,2
2020,10,"Norrbotten, okänd kommun",Sammanfattning kväll,2
2020,10,"Norrbotten, okänd kommun",Kontroll person/fordon,1
2020,10,"Norrbotten, okänd kommun",Olaga hot,1
2020,10,"Norrbotten, okänd kommun","Stöld,  försök",1
2020,10,"Norrbotten, okänd kommun",Trafikhinder,1
2020,10,"Norrbotten, okänd kommun","Trafikolycka,  singel",1
2020,10,"Norrbotten, okänd kommun",Våldtäkt,1
2020,10,Övriga Norrbotten,Sammanfattning natt,2
2020,10,Övriga Norrbotten,Trafikolycka,1
2020,11,"Norrbotten, okänd kommun",Trafikkontroll,49
2020,11,"Norrbotten, okänd kommun",Trafikbrott,42
2020,11,"Norrbotten, okänd kommun",Sammanfattning natt,30
2020,11,"Norrbotten, okänd kommun","Trafikolycka,  vilt",28
2020,11,"Norrbotten, okänd kommun",Trafikolycka,21
2020,11,"Norrbotten, okänd kommun",Rattfylleri,20
2020,11,"Norrbotten, okänd kommun",Stöld,15
2020,11,"Norrbotten, okänd kommun",Övrigt,9
2020,11,"Norrbotten, okänd kommun",Brand,6
2020,11,"Norrbotten, okänd kommun",Misshandel,6
2020,11,"Norrbotten, okänd kommun",Sammanfattning kväll,5
2020,11,"Norrbotten, okänd kommun",Arbetsplatsolycka,4
2020,11,"Norrbotten, okänd kommun",Fylleri/LOB,4
2020,11,"Norrbotten, okänd kommun",Stöld/inbrott,4
2020,11,"Norrbotten, okänd kommun","Motorfordon,  anträffat stulet",3
2020,11,"Norrbotten, okänd kommun",Narkotikabrott,3
2020,11,"Norrbotten, okänd kommun",Olovlig körning,3
2020,11,"Norrbotten, okänd kommun",Försvunnen person,2
2020,11,"Norrbotten, okänd kommun",Knivlagen,2
2020,11,"Norrbotten, okänd kommun","Motorfordon,  stöld",2
2020,11,"Norrbotten, okänd kommun",Rån,2
2020,11,"Norrbotten, okänd kommun","Trafikolycka,  singel",2
2020,11,"Norrbotten, okänd kommun",Alkohollagen,1
2020,11,"Norrbotten, okänd kommun",Bråk,1
2020,11,"Norrbotten, okänd kommun",Inbrott,1
2020,11,"Norrbotten, okänd kommun","Inbrott,  försök",1
2020,11,"Norrbotten, okänd kommun",Olaga hot,1
2020,11,"Norrbotten, okänd kommun",Olaga intrång,1
2020,11,"Norrbotten, okänd kommun",Räddningsinsats,1
2020,11,"Norrbotten, okänd kommun",Sammanfattning eftermiddag,1
2020,11,"Norrbotten, okänd kommun",Sammanfattning kväll och natt,1
2020,11,"Norrbotten, okänd kommun",Sammanfattning vecka,1
2020,11,"Norrbotten, okänd kommun",Skadegörelse,1
2020,11,"Norrbotten, okänd kommun","Stöld,  försök",1
2020,11,"Norrbotten, okänd kommun",Trafikhinder,1
2020,11,"Norrbotten, okänd kommun","Trafikolycka,  personskada",1
2020,11,"Norrbotten, okänd kommun","Trafikolycka,  smitning från",1
2020,11,"Norrbotten, okänd kommun",Våld/hot mot tjänsteman,1
2020,11,Övriga Norrbotten,Trafikbrott,1
2020,11,Övriga Norrbotten,"Trafikolycka,  vilt",1
2020,12,"Norrbotten, okänd kommun",Trafikkontroll,62
2020,12,"Norrbotten, okänd kommun",Trafikbrott,42
2020,12,"Norrbotten, okänd kommun",Sammanfattning natt,30
2020,12,"Norrbotten, okänd kommun","Trafikolycka,  vilt",30
2020,12,"Norrbotten, okänd kommun",Trafikolycka,24
2020,12,"Norrbotten, okänd kommun",Stöld,21
2020,12,"Norrbotten, okänd kommun",Rattfylleri,15
2020,12,"Norrbotten, okänd kommun",Brand,8
2020,12,"Norrbotten, okänd kommun",Sammanfattning kväll,5
2020,12,"Norrbotten, okänd kommun",Arbetsplatsolycka,4
2020,12,"Norrbotten, okänd kommun",Försvunnen person,4
2020,12,"Norrbotten, okänd kommun",Misshandel,4
2020,12,"Norrbotten, okänd kommun",Övrigt,4
2020,12,"Norrbotten, okänd kommun",Narkotikabrott,3
2020,12,"Norrbotten, okänd kommun",Olovlig körning,3
2020,12,"Norrbotten, okänd kommun",Stöld/inbrott,3
2020,12,"Norrbotten, okänd kommun",Uppdatering,3
2020,12,"Norrbotten, okänd kommun",Knivlagen,2
2020,12,"Norrbotten, okänd kommun","Motorfordon,  anträffat stulet",2
2020,12,"Norrbotten, okänd kommun",Räddningsinsats,2
2020,12,"Norrbotten, okänd kommun",Skadegörelse,2
2020,12,"Norrbotten, okänd kommun",Fylleri/LOB,1
2020,12,"Norrbotten, okänd kommun",Häleri,1
2020,12,"Norrbotten, okänd kommun",Inbrott,1
2020,12,"Norrbotten, okänd kommun","Misshandel,  grov",1
2020,12,"Norrbotten, okänd kommun","Mord/dråp,  försök",1
2020,12,"Norrbotten, okänd kommun",Rån,1
2020,12,"Norrbotten, okänd kommun",Trafikhinder,1
2020,12,Övriga Norrbotten,Trafikkontroll,2
2020,12,Övriga Norrbotten,Sammanfattning natt,1
2020,12,Övriga Norrbotten,"Trafikolycka,  vilt",1
2021,1,"Norrbotten, okänd kommun",Trafikkontroll,49
2021,1,"Norrbotten, okänd kommun",Trafikbrott,37
2021,1,"Norrbotten, okänd kommun",Sammanfattning natt,29
2021,1,"Norrbotten, okänd kommun",Trafikolycka,27
2021,1,"Norrbotten, okänd kommun","Trafikolycka,  vilt",18
2021,1,"Norrbotten, okänd kommun",Rattfylleri,15
2021,1,"Norrbotten, okänd kommun",Stöld,11
2021,1,"Norrbotten, okänd kommun",Brand,10
2021,1,"Norrbotten, okänd kommun",Fylleri/LOB,8
2021,1,"Norrbotten, okänd kommun",Olovlig körning,5
2021,1,"Norrbotten, okänd kommun",Sammanfattning kväll,5
2021,1,"Norrbotten, okänd kommun",Övrigt,4
2021,1,"Norrbotten, okänd kommun",Arbetsplatsolycka,3
2021,1,"Norrbotten, okänd kommun",Misshandel,2
2021,1,"Norrbotten, okänd kommun",Narkotikabrott,2
2021,1,"Norrbotten, okänd kommun",Stöld/inbrott,2
2021,1,"Norrbotten, okänd kommun","Trafikolycka,  singel",2
2021,1,"Norrbotten, okänd kommun",Våld/hot mot tjänsteman,2
2021,1,"Norrbotten, okänd kommun",Anträffad död,1
2021,1,"Norrbotten, okänd kommun",Inbrott,1
2021,1,"Norrbotten, okänd kommun",Larm Överfall,1
2021,1,"Norrbotten, okänd kommun","Misshandel,  grov",1
2021,1,"Norrbotten, okänd kommun","Motorfordon,  anträffat stulet",1
2021,1,"Norrbotten, okänd kommun",Olaga hot,1
2021,1,"Norrbotten, okänd kommun",Sammanfattning kväll och natt,1
2021,1,"Norrbotten, okänd kommun",Skadegörelse,1
2021,1,"Norrbotten, okänd kommun","Stöld,  försök",1
2021,1,"Norrbotten, okänd kommun","Trafikolycka,  personskada",1
2021,1,"Norrbotten, okänd kommun",Uppdatering,1
2021,1,Övriga Norrbotten,Sammanfattning natt,1
2021,2,Luleå kommun,Sammanfattning natt,1
2021,2,"Norrbotten, okänd kommun",Trafikkontroll,69
2021,2,"Norrbotten, okänd kommun",Sammanfattning natt,31
2021,2,"Norrbotten, okänd kommun",Trafikolycka,28
2021,2,"Norrbotten, okänd kommun",Trafikbrott,27
2021,2,"Norrbotten, okänd kommun","Trafikolycka,  vilt",17
2021,2,"Norrbotten, okänd kommun",Stöld,16
2021,2,"Norrbotten, okänd kommun",Arbetsplatsolycka,11
2021,2,"Norrbotten, okänd kommun",Rattfylleri,11
2021,2,"Norrbotten, okänd kommun",Övrigt,8
2021,2,"Norrbotten, okänd kommun","Motorfordon,  anträffat stulet",5
2021,2,"Norrbotten, okänd kommun","Motorfordon,  stöld",3
2021,2,"Norrbotten, okänd kommun",Skadegörelse,3
2021,2,"Norrbotten, okänd kommun",Brand,2
2021,2,"Norrbotten, okänd kommun",Fjällräddning,2
2021,2,"Norrbotten, okänd kommun",Inbrott,2
2021,2,"Norrbotten, okänd kommun","Misshandel,  grov",2
2021,2,"Norrbotten, okänd kommun",Olaga hot,2
2021,2,"Norrbotten, okänd kommun",Olovlig körning,2
2021,2,"Norrbotten, okänd kommun",Trafikhinder,2
2021,2,"Norrbotten, okänd kommun",Anträffad död,1
2021,2,"Norrbotten, okänd kommun",Bråk,1
2021,2,"Norrbotten, okänd kommun",Fylleri/LOB,1
2021,2,"Norrbotten, okänd kommun",Knivlagen,1
2021,2,"Norrbotten, okänd kommun","Mord/dråp,  försök",1
2021,2,"Norrbotten, okänd kommun",Narkotikabrott,1
2021,2,"Norrbotten, okänd kommun",Rån,1
2021,2,"Norrbotten, okänd kommun","Trafikolycka,  personskada",1
2021,2,"Norrbotten, okänd kommun",Vapenlagen,1
2021,2,"Norrbotten, okänd kommun",Våld/hot mot tjänsteman,1
2021,2,Övriga Norrbotten,Sammanfattning natt,1
2021,3,"Norrbotten, okänd kommun",Trafikkontroll,88
2021,3,"Norrbotten, okänd kommun",Trafikbrott,30
2021,3,"Norrbotten, okänd kommun",Sammanfattning natt,29
2021,3,"Norrbotten, okänd kommun",Övrigt,17
2021,3,"Norrbotten, okänd kommun",Rattfylleri,12
2021,3,"Norrbotten, okänd kommun",Stöld,10
2021,3,"Norrbotten, okänd kommun",Trafikolycka,10
2021,3,"Norrbotten, okänd kommun",Brand,7
2021,3,"Norrbotten, okänd kommun","Trafikolycka,  vilt",5
2021,3,"Norrbotten, okänd kommun",Fjällräddning,4
2021,3,"Norrbotten, okänd kommun",Fylleri/LOB,3
2021,3,"Norrbotten, okänd kommun",Misshandel,3
2021,3,"Norrbotten, okänd kommun",Narkotikabrott,3
2021,3,"Norrbotten, okänd kommun",Arbetsplatsolycka,2
2021,3,"Norrbotten, okänd kommun",Försvunnen person,2
2021,3,"Norrbotten, okänd kommun",Olovlig körning,2
2021,3,"Norrbotten, okänd kommun",Sedlighetsbrott,2
2021,3,"Norrbotten, okänd kommun",Skadegörelse,2
2021,3,"Norrbotten, okänd kommun","Farligt föremål,  misstänkt",1
2021,3,"Norrbotten, okänd kommun",Inbrott,1
2021,3,"Norrbotten, okänd kommun",Larm Överfall,1
2021,3,"Norrbotten, okänd kommun","Misshandel,  grov",1
2021,3,"Norrbotten, okänd kommun",Mord/dråp,1
2021,3,"Norrbotten, okänd kommun","Stöld,  försök",1
2021,3,"Norrbotten, okänd kommun",Stöld/inbrott,1
2021,3,"Norrbotten, okänd kommun",Trafikhinder,1
2021,3,"Norrbotten, okänd kommun","Trafikolycka,  singel",1
2021,3,Övriga Norrbotten,Sammanfattning natt,3
2021,4,"Norrbotten, okänd kommun",Trafikkontroll,80
2021,4,"Norrbotten, okänd kommun",Sammanfattning natt,37
2021,4,"Norrbotten, okänd kommun",Trafikbrott,32
2021,4,"Norrbotten, okänd kommun",Trafikolycka,14
2021,4,"Norrbotten, okänd kommun",Rattfylleri,12
2021,4,"Norrbotten, okänd kommun",Stöld,10
2021,4,"Norrbotten, okänd kommun",Fylleri/LOB,7
2021,4,"Norrbotten, okänd kommun",Olovlig körning,7
2021,4,"Norrbotten, okänd kommun",Misshandel,5
2021,4,"Norrbotten, okänd kommun",Fjällräddning,4
2021,4,"Norrbotten, okänd kommun",Brand,3
2021,4,"Norrbotten, okänd kommun",Narkotikabrott,3
2021,4,"Norrbotten, okänd kommun",Skadegörelse,3
2021,4,"Norrbotten, okänd kommun","Trafikolycka,  vilt",3
2021,4,"Norrbotten, okänd kommun",Alkohollagen,2
2021,4,"Norrbotten, okänd kommun",Arbetsplatsolycka,2
2021,4,"Norrbotten, okänd kommun","Farligt föremål,  misstänkt",2
2021,4,"Norrbotten, okänd kommun",Mord/dråp,2
2021,4,"Norrbotten, okänd kommun","Motorfordon,  anträffat stulet",2
2021,4,"Norrbotten, okänd kommun","Motorfordon,  stöld",2
2021,4,"Norrbotten, okänd kommun",Olaga hot,2
2021,4,"Norrbotten, okänd kommun",Stöld/inbrott,2
2021,4,"Norrbotten, okänd kommun",Övrigt,2
2021,4,"Norrbotten, okänd kommun",Bedrägeri,1
2021,4,"Norrbotten, okänd kommun",Försvunnen person,1
2021,4,"Norrbotten, okänd kommun",Häleri,1
2021,4,"Norrbotten, okänd kommun",Inbrott,1
2021,4,"Norrbotten, okänd kommun",Knivlagen,1
2021,4,"Norrbotten, okänd kommun","Mord/dråp,  försök",1
2021,4,"Norrbotten, okänd kommun",Olaga intrång,1
2021,4,"Norrbotten, okänd kommun",Räddningsinsats,1
2021,4,"Norrbotten, okänd kommun",Sedlighetsbrott,1
2021,4,"Norrbotten, okänd kommun",Vapenlagen,1
2021,4,"Norrbotten, okänd kommun",Våld/hot mot tjänsteman,1
2021,4,"Norrbotten, okänd kommun",Åldringsbrott,1
2021,4,Övriga Norrbotten,Djur,1
2021,4,Övriga Norrbotten,Narkotikabrott,1
2021,5,"Norrbotten, okänd kommun",Trafikkontroll,64
2021,5,"Norrbotten, okänd kommun",Sammanfattning natt,30
2021,5,"Norrbotten, okänd kommun",Trafikbrott,17
2021,5,"Norrbotten, okänd kommun",Rattfylleri,15
2021,5,"Norrbotten, okänd kommun",Trafikolycka,15
2021,5,"Norrbotten, okänd kommun",Stöld,13
2021,5,"Norrbotten, okänd kommun",Misshandel,8
2021,5,"Norrbotten, okänd kommun",Övrigt,6
2021,5,"Norrbotten, okänd kommun",Inbrott,5
2021,5,"Norrbotten, okänd kommun","Motorfordon,  anträffat stulet",5
2021,5,"Norrbotten, okänd kommun",Brand,3
2021,5,"Norrbotten, okänd kommun",Fjällräddning,3
2021,5,"Norrbotten, okänd kommun",Olovlig körning,3
2021,5,"Norrbotten, okänd kommun",Sammanfattning kväll,3
2021,5,"Norrbotten, okänd kommun",Anträffat gods,2
2021,5,"Norrbotten, okänd kommun",Arbetsplatsolycka,2
2021,5,"Norrbotten, okänd kommun",Fylleri/LOB,2
2021,5,"Norrbotten, okänd kommun","Mord/dråp,  försök",2
2021,5,"Norrbotten, okänd kommun",Narkotikabrott,2
2021,5,"Norrbotten, okänd kommun",Olaga hot,2
2021,5,"Norrbotten, okänd kommun",Olaga intrång,2
2021,5,"Norrbotten, okänd kommun",Skadegörelse,2
2021,5,"Norrbotten, okänd kommun","Trafikolycka,  vilt",2
2021,5,"Norrbotten, okänd kommun",Uppdatering,2
2021,5,"Norrbotten, okänd kommun",Djur,1
2021,5,"Norrbotten, okänd kommun",Knivlagen,1
2021,5,"Norrbotten, okänd kommun","Motorfordon,  stöld",1
2021,5,"Norrbotten, okänd kommun",Ofredande/förargelse,1
2021,5,"Norrbotten, okänd kommun",Ordningslagen,1
2021,5,"Norrbotten, okänd kommun",Rån övrigt,1
2021,5,"Norrbotten, okänd kommun",Sammanfattning kväll och natt,1
2021,5,"Norrbotten, okänd kommun",Stöld/inbrott,1
2021,5,"Norrbotten, okänd kommun","Trafikolycka,  smitning från",1
2021,5,"Norrbotten, okänd kommun",Vapenlagen,1
2021,5,Övriga Norrbotten,Rattfylleri,1
2021,6,"Norrbotten, okänd kommun",Trafikkontroll,50
2021,6,"Norrbotten, okänd kommun",Sammanfattning natt,28
2021,6,"Norrbotten, okänd kommun",Trafikbrott,22
2021,6,"Norrbotten, okänd kommun",Stöld,20
2021,6,"Norrbotten, okänd kommun",Trafikolycka,18
2021,6,"Norrbotten, okänd kommun",Brand,10
2021,6,"Norrbotten, okänd kommun",Misshandel,9
2021,6,"Norrbotten, okänd kommun",Rattfylleri,9
2021,6,"Norrbotten, okänd kommun",Fylleri/LOB,7
2021,6,"Norrbotten, okänd kommun",Olovlig körning,5
2021,6,"Norrbotten, okänd kommun",Arbetsplatsolycka,4
2021,6,"Norrbotten, okänd kommun",Försvunnen person,4
2021,6,"Norrbotten, okänd kommun",Inbrott,4
2021,6,"Norrbotten, okänd kommun",Skadegörelse,4
2021,6,"Norrbotten, okänd kommun",Övrigt,3
2021,6,"Norrbotten, okänd kommun",Fjällräddning,2
2021,6,"Norrbotten, okänd kommun",Rån,2
2021,6,"Norrbotten, okänd kommun","Trafikolycka,  singel",2
2021,6,"Norrbotten, okänd kommun",Anträffat gods,1
2021,6,"Norrbotten, okänd kommun","Misshandel,  grov",1
2021,6,"Norrbotten, okänd kommun","Mord/dråp,  försök",1
2021,6,"Norrbotten, okänd kommun","Motorfordon,  anträffat stulet",1
2021,6,"Norrbotten, okänd kommun",Olaga hot,1
2021,6,"Norrbotten, okänd kommun",Polisinsats/kommendering,1
2021,6,"Norrbotten, okänd kommun","Stöld,  försök",1
2021,6,"Norrbotten, okänd kommun",Stöld/inbrott,1
2021,6,"Norrbotten, okänd kommun",Trafikhinder,1
2021,6,"Norrbotten, okänd kommun","Trafikolycka,  personskada",1
2021,6,"Norrbotten, okänd kommun","Trafikolycka,  smitning från",1
2021,6,"Norrbotten, okänd kommun",Vapenlagen,1
2021,6,"Norrbotten, okänd kommun",Våld/hot mot tjänsteman,1
2021,6,Övriga Norrbotten,Sammanfattning natt,1
2021,6,Övriga Norrbotten,Trafikkontroll,1
2021,7,"Norrbotten, okänd kommun",Sammanfattning natt,30
2021,7,"Norrbotten, okänd kommun",Trafikkontroll,30
2021,7,"Norrbotten, okänd kommun",Trafikbrott,16
2021,7,"Norrbotten, okänd kommun",Trafikolycka,13
2021,7,"Norrbotten, okänd kommun",Stöld,9
2021,7,"Norrbotten, okänd kommun",Försvunnen person,6
2021,7,"Norrbotten, okänd kommun",Fylleri/LOB,5
2021,7,"Norrbotten, okänd kommun",Narkotikabrott,4
2021,7,"Norrbotten, okänd kommun",Misshandel,3
2021,7,"Norrbotten, okänd kommun",Mord/dråp,3
2021,7,"Norrbotten, okänd kommun",Skadegörelse,3
2021,7,"Norrbotten, okänd kommun",Fjällräddning,2
2021,7,"Norrbotten, okänd kommun",Hemfridsbrott,2
2021,7,"Norrbotten, okänd kommun",Rattfylleri,2
2021,7,"Norrbotten, okänd kommun","Trafikolycka,  singel",2
2021,7,"Norrbotten, okänd kommun","Trafikolycka,  vilt",2
2021,7,"Norrbotten, okänd kommun",Våldtäkt,2
2021,7,"Norrbotten, okänd kommun",Arbetsplatsolycka,1
2021,7,"Norrbotten, okänd kommun",Brand,1
2021,7,"Norrbotten, okänd kommun","Motorfordon,  anträffat stulet",1
2021,7,"Norrbotten, okänd kommun",Olaga hot,1
2021,7,"Norrbotten, okänd kommun",Olovlig körning,1
2021,7,"Norrbotten, okänd kommun",Räddningsinsats,1
2021,7,"Norrbotten, okänd kommun",Rån väpnat,1
2021,7,"Norrbotten, okänd kommun",Stöld/inbrott,1
2021,7,"Norrbotten, okänd kommun","Trafikolycka,  smitning från",1
2021,7,"Norrbotten, okänd kommun",Uppdatering,1
2021,7,"Norrbotten, okänd kommun",Vapenlagen,1
2021,7,"Norrbotten, okänd kommun",Övrigt,1
2021,7,Övriga Norrbotten,Sammanfattning natt,1
2021,7,Övriga Norrbotten,Trafikbrott,1
2021,8,"Norrbotten, okänd kommun",Trafikkontroll,51
2021,8,"Norrbotten, okänd kommun",Sammanfattning natt,29
2021,8,"Norrbotten, okänd kommun",Trafikbrott,17
2021,8,"Norrbotten, okänd kommun",Trafikolycka,15
2021,8,"Norrbotten, okänd kommun",Stöld,14
2021,8,"Norrbotten, okänd kommun",Fjällräddning,13
2021,8,"Norrbotten, okänd kommun",Stöld/inbrott,7
2021,8,"Norrbotten, okänd kommun",Brand,6
2021,8,"Norrbotten, okänd kommun",Inbrott,5
2021,8,"Norrbotten, okänd kommun",Misshandel,5
2021,8,"Norrbotten, okänd kommun",Olovlig körning,5
2021,8,"Norrbotten, okänd kommun",Arbetsplatsolycka,4
2021,8,"Norrbotten, okänd kommun",Rattfylleri,4
2021,8,"Norrbotten, okänd kommun",Skadegörelse,3
2021,8,"Norrbotten, okänd kommun","Stöld,  försök",3
2021,8,"Norrbotten, okänd kommun",Fylleri/LOB,2
2021,8,"Norrbotten, okänd kommun",Försvunnen person,2
2021,8,"Norrbotten, okänd kommun","Motorfordon,  anträffat stulet",2
2021,8,"Norrbotten, okänd kommun",Narkotikabrott,2
2021,8,"Norrbotten, okänd kommun","Trafikolycka,  personskada",2
2021,8,"Norrbotten, okänd kommun","Trafikolycka,  vilt",2
2021,8,"Norrbotten, okänd kommun","Misshandel,  grov",1
2021,8,"Norrbotten, okänd kommun","Motorfordon,  stöld",1
2021,8,"Norrbotten, okänd kommun",Olaga hot,1
2021,8,"Norrbotten, okänd kommun",Räddningsinsats,1
2021,8,"Norrbotten, okänd kommun","Skottlossning,  misstänkt",1
2021,8,"Norrbotten, okänd kommun","Trafikolycka,  smitning från",1
2021,8,"Norrbotten, okänd kommun",Uppdatering,1
2021,8,"Norrbotten, okänd kommun",Våld/hot mot tjänsteman,1
2021,8,"Norrbotten, okänd kommun",Våldtäkt,1
2021,8,"Norrbotten, okänd kommun",Vållande till kroppsskada,1
2021,8,Övriga Norrbotten,Sammanfattning natt,1
2021,9,"Norrbotten, okänd kommun",Trafikkontroll,76
2021,9,"Norrbotten, okänd kommun",Sammanfattning natt,30
2021,9,"Norrbotten, okänd kommun",Stöld,22
2021,9,"Norrbotten, okänd kommun",Trafikbrott,20
2021,9,"Norrbotten, okänd kommun",Trafikolycka,17
2021,9,"Norrbotten, okänd kommun",Rattfylleri,12
2021,9,"Norrbotten, okänd kommun","Trafikolycka,  vilt",9
2021,9,"Norrbotten, okänd kommun",Brand,6
2021,9,"Norrbotten, okänd kommun",Misshandel,5
2021,9,"Norrbotten, okänd kommun","Motorfordon,  anträffat stulet",5
2021,9,"Norrbotten, okänd kommun",Fylleri/LOB,4
2021,9,"Norrbotten, okänd kommun",Olovlig körning,4
2021,9,"Norrbotten, okänd kommun",Arbetsplatsolycka,3
2021,9,"Norrbotten, okänd kommun",Inbrott,3
2021,9,"Norrbotten, okänd kommun",Bedrägeri,2
2021,9,"Norrbotten, okänd kommun",Försvunnen person,2
2021,9,"Norrbotten, okänd kommun","Mord/dråp,  försök",2
2021,9,"Norrbotten, okänd kommun",Narkotikabrott,2
2021,9,"Norrbotten, okänd kommun",Skadegörelse,2
2021,9,"Norrbotten, okänd kommun",Stöld/inbrott,2
2021,9,"Norrbotten, okänd kommun",Anträffat gods,1
2021,9,"Norrbotten, okänd kommun",Bråk,1
2021,9,"Norrbotten, okänd kommun","Farligt föremål,  misstänkt",1
2021,9,"Norrbotten, okänd kommun",Fjällräddning,1
2021,9,"Norrbotten, okänd kommun","Misshandel,  grov",1
2021,9,"Norrbotten, okänd kommun","Motorfordon,  stöld",1
2021,9,"Norrbotten, okänd kommun",Ofredande/förargelse,1
2021,9,"Norrbotten, okänd kommun",Olaga intrång,1
2021,9,"Norrbotten, okänd kommun","Stöld,  försök",1
2021,9,"Norrbotten, okänd kommun","Trafikolycka,  personskada",1
2021,9,"Norrbotten, okänd kommun","Trafikolycka,  singel",1
2021,9,"Norrbotten, okänd kommun",Vapenlagen,1
2021,9,"Norrbotten, okänd kommun",Våld/hot mot tjänsteman,1
2021,9,Övriga Norrbotten,Trafikkontroll,1
2021,10,Luleå kommun,Trafikkontroll,1
2021,10,"Norrbotten, okänd kommun",Trafikkontroll,70
2021,10,"Norrbotten, okänd kommun",Sammanfattning natt,28
2021,10,"Norrbotten, okänd kommun",Trafikolycka,26
2021,10,"Norrbotten, okänd kommun","Trafikolycka,  vilt",20
2021,10,"Norrbotten, okänd kommun",Rattfylleri,17
2021,10,"Norrbotten, okänd kommun",Trafikbrott,17
2021,10,"Norrbotten, okänd kommun",Stöld,15
2021,10,"Norrbotten, okänd kommun",Brand,8
2021,10,"Norrbotten, okänd kommun",Skadegörelse,4
2021,10,"Norrbotten, okänd kommun",Stöld/inbrott,4
2021,10,"Norrbotten, okänd kommun","Motorfordon,  anträffat stulet",3
2021,10,"Norrbotten, okänd kommun",Olovlig körning,3
2021,10,"Norrbotten, okänd kommun","Stöld,  försök",3
2021,10,"Norrbotten, okänd kommun",Arbetsplatsolycka,2
2021,10,"Norrbotten, okänd kommun",Försvunnen person,2
2021,10,"Norrbotten, okänd kommun",Inbrott,2
2021,10,"Norrbotten, okänd kommun","Misshandel,  grov",2
2021,10,"Norrbotten, okänd kommun",Trafikhinder,2
2021,10,"Norrbotten, okänd kommun",Uppdatering,2
2021,10,"Norrbotten, okänd kommun",Vapenlagen,2
2021,10,"Norrbotten, okänd kommun",Fjällräddning,1
2021,10,"Norrbotten, okänd kommun",Fylleri/LOB,1
2021,10,"Norrbotten, okänd kommun",Kontroll person/fordon,1
2021,10,"Norrbotten, okänd kommun",Larm Överfall,1
2021,10,"Norrbotten, okänd kommun",Misshandel,1
2021,10,"Norrbotten, okänd kommun",Mord/dråp,1
2021,10,"Norrbotten, okänd kommun",Narkotikabrott,1
2021,10,"Norrbotten, okänd kommun",Räddningsinsats,1
2021,10,"Norrbotten, okänd kommun",Rån,1
2021,10,"Norrbotten, okänd kommun",Rån övrigt,1
2021,10,"Norrbotten, okänd kommun","Trafikolycka,  personskada",1
2021,10,"Norrbotten, okänd kommun","Trafikolycka,  singel",1
2021,10,"Norrbotten, okänd kommun",Våld/hot mot tjänsteman,1
2021,10,"Norrbotten, okänd kommun","Våldtäkt,  försök",1
2021,10,"Norrbotten, okänd kommun",Övrigt,1
2021,10,Övriga Norrbotten,Sammanfattning natt,1
2021,10,Övriga Norrbotten,Trafikkontroll,1
2021,10,Övriga Norrbotten,"Trafikolycka,  vilt",1
2021,11,Luleå kommun,Sammanfattning natt,1
2021,11,"Norrbotten, okänd kommun",Trafikkontroll,62
2021,11,"Norrbotten, okänd kommun",Sammanfattning natt,28
2021,11,"Norrbotten, okänd kommun",Trafikolycka,23
2021,11,"Norrbotten, okänd kommun",Trafikbrott,21
2021,11,"Norrbotten, okänd kommun","Trafikolycka,  vilt",15
2021,11,"Norrbotten, okänd kommun",Stöld,10
2021,11,"Norrbotten, okänd kommun",Olovlig körning,8
2021,11,"Norrbotten, okänd kommun",Narkotikabrott,7
2021,11,"Norrbotten, okänd kommun",Inbrott,5
2021,11,"Norrbotten, okänd kommun",Brand,4
2021,11,"Norrbotten, okänd kommun",Arbetsplatsolycka,3
2021,11,"Norrbotten, okänd kommun",Fylleri/LOB,3
2021,11,"Norrbotten, okänd kommun",Misshandel,3
2021,11,"Norrbotten, okänd kommun","Trafikolycka,  singel",3
2021,11,"Norrbotten, okänd kommun",Knivlagen,2
2021,11,"Norrbotten, okänd kommun",Mord/dråp,2
2021,11,"Norrbotten, okänd kommun",Rattfylleri,2
2021,11,"Norrbotten, okänd kommun",Skadegörelse,2
2021,11,"Norrbotten, okänd kommun","Trafikolycka,  smitning från",2
2021,11,"Norrbotten, okänd kommun",Försvunnen person,1
2021,11,"Norrbotten, okänd kommun","Inbrott,  försök",1
2021,11,"Norrbotten, okänd kommun","Motorfordon,  anträffat stulet",1
2021,11,"Norrbotten, okänd kommun","Motorfordon,  stöld",1
2021,11,"Norrbotten, okänd kommun",Olaga intrång,1
2021,11,"Norrbotten, okänd kommun",Stöld/inbrott,1
2021,11,"Norrbotten, okänd kommun",Våldtäkt,1
2021,11,Övriga Norrbotten,Sammanfattning natt,1
2021,12,"Norrbotten, okänd kommun",Trafikkontroll,72
2021,12,"Norrbotten, okänd kommun",Sammanfattning natt,31
2021,12,"Norrbotten, okänd kommun",Trafikolycka,29
2021,12,"Norrbotten, okänd kommun",Trafikbrott,18
2021,12,"Norrbotten, okänd kommun",Stöld,17
2021,12,"Norrbotten, okänd kommun","Trafikolycka,  vilt",13
2021,12,"Norrbotten, okänd kommun",Rattfylleri,9
2021,12,"Norrbotten, okänd kommun",Fylleri/LOB,5
2021,12,"Norrbotten, okänd kommun",Misshandel,5
2021,12,"Norrbotten, okänd kommun",Olovlig körning,5
2021,12,"Norrbotten, okänd kommun",Arbetsplatsolycka,3
2021,12,"Norrbotten, okänd kommun",Brand,3
2021,12,"Norrbotten, okänd kommun",Inbrott,3
2021,12,"Norrbotten, okänd kommun",Narkotikabrott,3
2021,12,"Norrbotten, okänd kommun",Övrigt,3
2021,12,"Norrbotten, okänd kommun","Motorfordon,  stöld",2
2021,12,"Norrbotten, okänd kommun",Skadegörelse,2
2021,12,"Norrbotten, okänd kommun","Trafikolycka,  personskada",2
2021,12,"Norrbotten, okänd kommun",Bedrägeri,1
2021,12,"Norrbotten, okänd kommun",Larm Överfall,1
2021,12,"Norrbotten, okänd kommun","Misshandel,  grov",1
2021,12,"Norrbotten, okänd kommun",Mord/dråp,1
2021,12,"Norrbotten, okänd kommun",Ofredande/förargelse,1
2021,12,"Norrbotten, okänd kommun",Stöld/inbrott,1
2021,12,"Norrbotten, okänd kommun",Våld/hot mot tjänsteman,1
2022,1,"Norrbotten, okänd kommun",Trafikkontroll,90
2022,1,"Norrbotten, okänd kommun",Trafikbrott,28
2022,1,"Norrbotten, okänd kommun",Sammanfattning natt,26
2022,1,"Norrbotten, okänd kommun",Trafikolycka,23
2022,1,"Norrbotten, okänd kommun","Trafikolycka,  vilt",17
2022,1,"Norrbotten, okänd kommun",Stöld,15
2022,1,"Norrbotten, okänd kommun",Rattfylleri,11
2022,1,"Norrbotten, okänd kommun",Misshandel,5
2022,1,"Norrbotten, okänd kommun",Brand,4
2022,1,"Norrbotten, okänd kommun",Fylleri/LOB,3
2022,1,"Norrbotten, okänd kommun",Olovlig körning,3
2022,1,"Norrbotten, okänd kommun",Sammanfattning kväll,3
2022,1,"Norrbotten, okänd kommun",Skadegörelse,3
2022,1,"Norrbotten, okänd kommun",Djur,2
2022,1,"Norrbotten, okänd kommun","Motorfordon,  anträffat stulet",2
2022,1,"Norrbotten, okänd kommun","Motorfordon,  stöld",2
2022,1,"Norrbotten, okänd kommun",Sammanfattning kväll och natt,2
2022,1,"Norrbotten, okänd kommun","Trafikolycka,  singel",2
2022,1,"Norrbotten, okänd kommun",Arbetsplatsolycka,1
2022,1,"Norrbotten, okänd kommun",Fjällräddning,1
2022,1,"Norrbotten, okänd kommun",Försvunnen person,1
2022,1,"Norrbotten, okänd kommun",Hemfridsbrott,1
2022,1,"Norrbotten, okänd kommun",Narkotikabrott,1
2022,1,"Norrbotten, okänd kommun",Ofredande/förargelse,1
2022,1,"Norrbotten, okänd kommun",Stöld/inbrott,1
2022,1,"Norrbotten, okänd kommun",Trafikhinder,1
2022,1,"Norrbotten, okänd kommun","Trafikolycka,  smitning från",1
2022,1,"Norrbotten, okänd kommun",Övrigt,1
2022,1,Övriga Norrbotten,"Trafikolycka,  vilt",2
2022,1,Övriga Norrbotten,Sammanfattning natt,1
2022,2,"Norrbotten, okänd kommun",Trafikkontroll,80
2022,2,"Norrbotten, okänd kommun",Trafikbrott,33
2022,2,"Norrbotten, okänd kommun",Trafikolycka,32
2022,2,"Norrbotten, okänd kommun",Sammanfattning natt,28
2022,2,"Norrbotten, okänd kommun",Rattfylleri,21
2022,2,"Norrbotten, okänd kommun",Stöld,10
2022,2,"Norrbotten, okänd kommun",Olovlig körning,6
2022,2,"Norrbotten, okänd kommun","Trafikolycka,  vilt",5
2022,2,"Norrbotten, okänd kommun","Motorfordon,  anträffat stulet",3
2022,2,"Norrbotten, okänd kommun",Arbetsplatsolycka,2
2022,2,"Norrbotten, okänd kommun",Brand,2
2022,2,"Norrbotten, okänd kommun",Bråk,2
2022,2,"Norrbotten, okänd kommun",Fjällräddning,2
2022,2,"Norrbotten, okänd kommun",Fylleri/LOB,2
2022,2,"Norrbotten, okänd kommun",Narkotikabrott,2
2022,2,"Norrbotten, okänd kommun",Olaga hot,2
2022,2,"Norrbotten, okänd kommun",Knivlagen,1
2022,2,"Norrbotten, okänd kommun",Misshandel,1
2022,2,"Norrbotten, okänd kommun","Misshandel,  grov",1
2022,2,"Norrbotten, okänd kommun","Mord/dråp,  försök",1
2022,2,"Norrbotten, okänd kommun",Olaga frihetsberövande/människorov,1
2022,2,"Norrbotten, okänd kommun",Sammanfattning helg,1
2022,2,"Norrbotten, okänd kommun",Sammanfattning kväll och natt,1
2022,2,"Norrbotten, okänd kommun",Trafikhinder,1
2022,2,"Norrbotten, okänd kommun","Trafikolycka,  singel",1
2022,2,"Norrbotten, okänd kommun",Våld/hot mot tjänsteman,1
2022,2,Övriga Norrbotten,Trafikkontroll,1
2022,3,"Norrbotten, okänd kommun",Trafikkontroll,70
2022,3,"Norrbotten, okänd kommun",Sammanfattning natt,26
2022,3,"Norrbotten, okänd kommun",Trafikbrott,20
2022,3,"Norrbotten, okänd kommun",Rattfylleri,18
2022,3,"Norrbotten, okänd kommun",Trafikolycka,18
2022,3,"Norrbotten, okänd kommun",Stöld,15
2022,3,"Norrbotten, okänd kommun",Arbetsplatsolycka,6
2022,3,"Norrbotten, okänd kommun","Trafikolycka,  vilt",6
2022,3,"Norrbotten, okänd kommun",Brand,5
2022,3,"Norrbotten, okänd kommun",Fylleri/LOB,5
2022,3,"Norrbotten, okänd kommun",Misshandel,5
2022,3,"Norrbotten, okänd kommun",Narkotikabrott,3
2022,3,"Norrbotten, okänd kommun",Olovlig körning,3
2022,3,"Norrbotten, okänd kommun",Fjällräddning,2
2022,3,"Norrbotten, okänd kommun",Inbrott,2
2022,3,"Norrbotten, okänd kommun",Knivlagen,2
2022,3,"Norrbotten, okänd kommun","Motorfordon,  anträffat stulet",2
2022,3,"Norrbotten, okänd kommun",Olaga hot,2
2022,3,"Norrbotten, okänd kommun",Skadegörelse,2
2022,3,"Norrbotten, okänd kommun",Räddningsinsats,1
2022,3,"Norrbotten, okänd kommun",Rån övrigt,1
2022,3,"Norrbotten, okänd kommun",Sjukdom/olycksfall,1
2022,3,"Norrbotten, okänd kommun","Trafikolycka,  smitning från",1
2022,3,Övriga Norrbotten,Sammanfattning natt,1
2022,3,Övriga Norrbotten,Trafikkontroll,1
2022,4,"Norrbotten, okänd kommun",Trafikkontroll,55
2022,4,"Norrbotten, okänd kommun",Sammanfattning natt,31
2022,4,"Norrbotten, okänd kommun",Trafikolycka,24
2022,4,"Norrbotten, okänd kommun",Trafikbrott,18
2022,4,"Norrbotten, okänd kommun",Rattfylleri,14
2022,4,"Norrbotten, okänd kommun",Fjällräddning,13
2022,4,"Norrbotten, okänd kommun",Stöld,13
2022,4,"Norrbotten, okänd kommun",Fylleri/LOB,8
2022,4,"Norrbotten, okänd kommun",Brand,6
2022,4,"Norrbotten, okänd kommun",Misshandel,6
2022,4,"Norrbotten, okänd kommun","Trafikolycka,  vilt",3
2022,4,"Norrbotten, okänd kommun",Arbetsplatsolycka,2
2022,4,"Norrbotten, okänd kommun",Försvunnen person,2
2022,4,"Norrbotten, okänd kommun","Motorfordon,  stöld",2
2022,4,"Norrbotten, okänd kommun",Narkotikabrott,2
2022,4,"Norrbotten, okänd kommun",Olovlig körning,2
2022,4,"Norrbotten, okänd kommun",Bombhot,1
2022,4,"Norrbotten, okänd kommun",Häleri,1
2022,4,"Norrbotten, okänd kommun","Inbrott,  försök",1
2022,4,"Norrbotten, okänd kommun",Räddningsinsats,1
2022,4,"Norrbotten, okänd kommun",Rån,1
2022,4,"Norrbotten, okänd kommun",Rån övrigt,1
2022,4,"Norrbotten, okänd kommun",Skadegörelse,1
2022,4,"Norrbotten, okänd kommun",Stöld/inbrott,1
2022,4,"Norrbotten, okänd kommun","Trafikolycka,  personskada",1
2022,4,"Norrbotten, okänd kommun",Övrigt,1
2022,4,Övriga Norrbotten,Trafikkontroll,1
2022,5,Luleå kommun,Trafikkontroll,1
2022,5,"Norrbotten, okänd kommun",Trafikkontroll,54
2022,5,"Norrbotten, okänd kommun",Sammanfattning natt,29
2022,5,"Norrbotten, okänd kommun",Rattfylleri,16
2022,5,"Norrbotten, okänd kommun",Trafikolycka,12
2022,5,"Norrbotten, okänd kommun",Brand,10
2022,5,"Norrbotten, okänd kommun",Stöld,9
2022,5,"Norrbotten, okänd kommun",Trafikbrott,9
2022,5,"Norrbotten, okänd kommun",Fylleri/LOB,8
2022,5,"Norrbotten, okänd kommun",Misshandel,7
2022,5,"Norrbotten, okänd kommun",Skadegörelse,7
2022,5,"Norrbotten, okänd kommun","Trafikolycka,  vilt",5
2022,5,"Norrbotten, okänd kommun",Arbetsplatsolycka,3
2022,5,"Norrbotten, okänd kommun",Försvunnen person,3
2022,5,"Norrbotten, okänd kommun","Misshandel,  grov",3
2022,5,"Norrbotten, okänd kommun",Narkotikabrott,3
2022,5,"Norrbotten, okänd kommun",Olovlig körning,3
2022,5,"Norrbotten, okänd kommun",Bedrägeri,2
2022,5,"Norrbotten, okänd kommun","Motorfordon,  anträffat stulet",2
2022,5,"Norrbotten, okänd kommun",Olaga hot,2
2022,5,"Norrbotten, okänd kommun",Olaga intrång,2
2022,5,"Norrbotten, okänd kommun","Trafikolycka,  singel",2
2022,5,"Norrbotten, okänd kommun",Fjällräddning,1
2022,5,"Norrbotten, okänd kommun",Häleri,1
2022,5,"Norrbotten, okänd kommun",Knivlagen,1
2022,5,"Norrbotten, okänd kommun","Motorfordon,  stöld",1
2022,5,"Norrbotten, okänd kommun",Ofredande/förargelse,1
2022,5,"Norrbotten, okänd kommun",Rån övrigt,1
2022,5,"Norrbotten, okänd kommun","Trafikolycka,  personskada",1
2022,5,"Norrbotten, okänd kommun",Vapenlagen,1
2022,5,"Norrbotten, okänd kommun",Övrigt,1
2022,5,Övriga Norrbotten,Sammanfattning natt,2
2022,5,Övriga Norrbotten,Trafikkontroll,1
2022,6,"Norrbotten, okänd kommun",Trafikkontroll,46
2022,6,"Norrbotten, okänd kommun",Sammanfattning natt,27
2022,6,"Norrbotten, okänd kommun",Trafikolycka,18
2022,6,"Norrbotten, okänd kommun",Stöld,16
2022,6,"Norrbotten, okänd kommun",Rattfylleri,14
2022,6,"Norrbotten, okänd kommun",Olovlig körning,9
2022,6,"Norrbotten, okänd kommun",Trafikbrott,8
2022,6,"Norrbotten, okänd kommun","Trafikolycka,  vilt",7
2022,6,"Norrbotten, okänd kommun",Brand,6
2022,6,"Norrbotten, okänd kommun",Misshandel,6
2022,6,"Norrbotten, okänd kommun",Arbetsplatsolycka,4
2022,6,"Norrbotten, okänd kommun",Försvunnen person,4
2022,6,"Norrbotten, okänd kommun",Narkotikabrott,4
2022,6,"Norrbotten, okänd kommun",Övrigt,4
2022,6,"Norrbotten, okänd kommun","Motorfordon,  anträffat stulet",3
2022,6,"Norrbotten, okänd kommun",Fjällräddning,2
2022,6,"Norrbotten, okänd kommun",Fylleri/LOB,2
2022,6,"Norrbotten, okänd kommun",Ofredande/förargelse,2
2022,6,"Norrbotten, okänd kommun",Skadegörelse,2
2022,6,"Norrbotten, okänd kommun",Stöld/inbrott,2
2022,6,"Norrbotten, okänd kommun",Knivlagen,1
2022,6,"Norrbotten, okänd kommun",Räddningsinsats,1
2022,6,"Norrbotten, okänd kommun",Sammanfattning kväll,1
2022,6,"Norrbotten, okänd kommun",Sammanfattning kväll och natt,1
2022,6,"Norrbotten, okänd kommun","Trafikolycka,  personskada",1
2022,6,"Norrbotten, okänd kommun","Trafikolycka,  singel",1
2022,6,"Norrbotten, okänd kommun",Våld/hot mot tjänsteman,1
2022,6,Övriga Norrbotten,Sammanfattning natt,2
2022,7,"Norrbotten, okänd kommun",Trafikkontroll,50
2022,7,"Norrbotten, okänd kommun",Sammanfattning natt,29
2022,7,"Norrbotten, okänd kommun","Trafikolycka,  vilt",11
2022,7,"Norrbotten, okänd kommun",Trafikbrott,9
2022,7,"Norrbotten, okänd kommun",Rattfylleri,8
2022,7,"Norrbotten, okänd kommun",Trafikolycka,8
2022,7,"Norrbotten, okänd kommun",Stöld,6
2022,7,"Norrbotten, okänd kommun",Olovlig körning,4
2022,7,"Norrbotten, okänd kommun",Brand,3
2022,7,"Norrbotten, okänd kommun",Fjällräddning,3
2022,7,"Norrbotten, okänd kommun","Motorfordon,  anträffat stulet",3
2022,7,"Norrbotten, okänd kommun","Trafikolycka,  personskada",3
2022,7,"Norrbotten, okänd kommun",Anträffad död,2
2022,7,"Norrbotten, okänd kommun",Arbetsplatsolycka,2
2022,7,"Norrbotten, okänd kommun",Fylleri/LOB,2
2022,7,"Norrbotten, okänd kommun",Misshandel,2
2022,7,"Norrbotten, okänd kommun","Misshandel,  grov",2
2022,7,"Norrbotten, okänd kommun","Mord/dråp,  försök",2
2022,7,"Norrbotten, okänd kommun",Skadegörelse,2
2022,7,"Norrbotten, okänd kommun","Stöld,  försök",2
2022,7,"Norrbotten, okänd kommun",Bråk,1
2022,7,"Norrbotten, okänd kommun","Inbrott,  försök",1
2022,7,"Norrbotten, okänd kommun","Motorfordon,  stöld",1
2022,7,"Norrbotten, okänd kommun",Narkotikabrott,1
2022,7,"Norrbotten, okänd kommun",Sammanfattning kväll och natt,1
2022,7,"Norrbotten, okänd kommun",Stöld/inbrott,1
2022,7,"Norrbotten, okänd kommun",Uppdatering,1
2022,7,Övriga Norrbotten,Trafikkontroll,3
2022,7,Övriga Norrbotten,Sammanfattning natt,1
2022,8,"Norrbotten, okänd kommun",Trafikkontroll,37
2022,8,"Norrbotten, okänd kommun",Sammanfattning natt,32
2022,8,"Norrbotten, okänd kommun",Stöld,11
2022,8,"Norrbotten, okänd kommun",Rattfylleri,8
2022,8,"Norrbotten, okänd kommun",Trafikolycka,7
2022,8,"Norrbotten, okänd kommun",Arbetsplatsolycka,6
2022,8,"Norrbotten, okänd kommun",Fylleri/LOB,6
2022,8,"Norrbotten, okänd kommun",Olovlig körning,5
2022,8,"Norrbotten, okänd kommun",Fjällräddning,4
2022,8,"Norrbotten, okänd kommun",Försvunnen person,3
2022,8,"Norrbotten, okänd kommun",Trafikbrott,3
2022,8,"Norrbotten, okänd kommun","Trafikolycka,  vilt",3
2022,8,"Norrbotten, okänd kommun",Brand,2
2022,8,"Norrbotten, okänd kommun",Narkotikabrott,2
2022,8,"Norrbotten, okänd kommun",Skadegörelse,2
2022,8,"Norrbotten, okänd kommun",Anträffad död,1
2022,8,"Norrbotten, okänd kommun",Knivlagen,1
2022,8,"Norrbotten, okänd kommun",Misshandel,1
2022,8,"Norrbotten, okänd kommun","Misshandel,  grov",1
2022,8,"Norrbotten, okänd kommun","Motorfordon,  anträffat stulet",1
2022,8,"Norrbotten, okänd kommun","Motorfordon,  stöld",1
2022,8,"Norrbotten, okänd kommun",Ofredande/förargelse,1
2022,8,"Norrbotten, okänd kommun",Räddningsinsats,1
2022,8,"Norrbotten, okänd kommun",Sammanfattning kväll,1
2022,8,"Norrbotten, okänd kommun","Trafikolycka,  singel",1
2022,8,"Norrbotten, okänd kommun","Trafikolycka,  smitning från",1
2022,8,"Norrbotten, okänd kommun",Uppdatering,1
2022,8,"Norrbotten, okänd kommun",Våldtäkt,1
2022,8,"Norrbotten, okänd kommun",Övrigt,1
2022,8,Övriga Norrbotten,Olovlig körning,1
2022,8,Övriga Norrbotten,Trafikkontroll,1
2022,8,Övriga Norrbotten,Trafikolycka,1
2022,9,"Norrbotten, okänd kommun",Trafikkontroll,59
2022,9,"Norrbotten, okänd kommun",Sammanfattning natt,34
2022,9,"Norrbotten, okänd kommun",Trafikolycka,23
2022,9,"Norrbotten, okänd kommun",Rattfylleri,16
2022,9,"Norrbotten, okänd kommun","Trafikolycka,  vilt",15
2022,9,"Norrbotten, okänd kommun",Stöld,14
2022,9,"Norrbotten, okänd kommun",Fylleri/LOB,8
2022,9,"Norrbotten, okänd kommun",Trafikbrott,8
2022,9,"Norrbotten, okänd kommun",Olovlig körning,7
2022,9,"Norrbotten, okänd kommun",Brand,5
2022,9,"Norrbotten, okänd kommun",Arbetsplatsolycka,4
2022,9,"Norrbotten, okänd kommun",Fjällräddning,4
2022,9,"Norrbotten, okänd kommun",Övrigt,4
2022,9,"Norrbotten, okänd kommun",Narkotikabrott,3
2022,9,"Norrbotten, okänd kommun",Skadegörelse,3
2022,9,"Norrbotten, okänd kommun",Försvunnen person,2
2022,9,"Norrbotten, okänd kommun",Inbrott,2
2022,9,"Norrbotten, okänd kommun",Misshandel,2
2022,9,"Norrbotten, okänd kommun","Mord/dråp,  försök",2
2022,9,"Norrbotten, okänd kommun","Motorfordon,  anträffat stulet",2
2022,9,"Norrbotten, okänd kommun",Olaga intrång,2
2022,9,"Norrbotten, okänd kommun",Stöld/inbrott,2
2022,9,"Norrbotten, okänd kommun",Uppdatering,2
2022,9,"Norrbotten, okänd kommun",Anträffad död,1
2022,9,"Norrbotten, okänd kommun",Knivlagen,1
2022,9,"Norrbotten, okänd kommun",Miljöbrott,1
2022,9,"Norrbotten, okänd kommun","Misshandel,  grov",1
2022,9,"Norrbotten, okänd kommun",Olaga hot,1
2022,9,"Norrbotten, okänd kommun","Rån,  försök",1
2022,9,"Norrbotten, okänd kommun",Sammanfattning kväll,1
2022,9,"Norrbotten, okänd kommun",Sedlighetsbrott,1
2022,9,"Norrbotten, okänd kommun","Trafikolycka,  singel",1
2022,9,"Norrbotten, okänd kommun",Vapenlagen,1
2022,9,"Norrbotten, okänd kommun",Våldtäkt,1
2022,9,"Norrbotten, okänd kommun",Vållande till kroppsskada,1
2022,9,"Norrbotten, okänd kommun",Åldringsbrott,1
2022,9,Övriga Norrbotten,Trafikkontroll,3
2022,9,Övriga Norrbotten,Sammanfattning natt,1
2022,9,Övriga Norrbotten,Trafikolycka,1
2022,10,"Norrbotten, okänd kommun",Trafikkontroll,73
2022,10,"Norrbotten, okänd kommun",Sammanfattning natt,26
2022,10,"Norrbotten, okänd kommun",Stöld,23
2022,10,"Norrbotten, okänd kommun",Trafikolycka,22
2022,10,"Norrbotten, okänd kommun",Rattfylleri,18
2022,10,"Norrbotten, okänd kommun","Trafikolycka,  vilt",15
2022,10,"Norrbotten, okänd kommun",Olaga hot,5
2022,10,"Norrbotten, okänd kommun",Brand,4
2022,10,"Norrbotten, okänd kommun",Inbrott,4
2022,10,"Norrbotten, okänd kommun",Övrigt,4
2022,10,"Norrbotten, okänd kommun",Arbetsplatsolycka,3
2022,10,"Norrbotten, okänd kommun",Fylleri/LOB,3
2022,10,"Norrbotten, okänd kommun",Misshandel,3
2022,10,"Norrbotten, okänd kommun",Narkotikabrott,3
2022,10,"Norrbotten, okänd kommun",Skadegörelse,3
2022,10,"Norrbotten, okänd kommun",Trafikbrott,3
2022,10,"Norrbotten, okänd kommun",Våld/hot mot tjänsteman,3
2022,10,"Norrbotten, okänd kommun",Olovlig körning,2
2022,10,"Norrbotten, okänd kommun",Sammanfattning kväll,2
2022,10,"Norrbotten, okänd kommun",Stöld/inbrott,2
2022,10,"Norrbotten, okänd kommun","Trafikolycka,  singel",2
2022,10,"Norrbotten, okänd kommun",Anträffad död,1
2022,10,"Norrbotten, okänd kommun",Bedrägeri,1
2022,10,"Norrbotten, okänd kommun",Försvunnen person,1
2022,10,"Norrbotten, okänd kommun",Häleri,1
2022,10,"Norrbotten, okänd kommun","Misshandel,  grov",1
2022,10,"Norrbotten, okänd kommun","Motorfordon,  anträffat stulet",1
2022,10,"Norrbotten, okänd kommun",Ofredande/förargelse,1
2022,10,"Norrbotten, okänd kommun",Olaga frihetsberövande/människorov,1
2022,10,"Norrbotten, okänd kommun",Olaga intrång,1
2022,10,"Norrbotten, okänd kommun",Rån,1
2022,10,"Norrbotten, okänd kommun",Uppdatering,1
2022,10,Övriga Norrbotten,Sammanfattning natt,4
2022,10,Övriga Norrbotten,Trafikkontroll,3
2022,10,Övriga Norrbotten,Fylleri/LOB,1
2022,10,Övriga Norrbotten,Trafikbrott,1
2022,11,"Norrbotten, okänd kommun",Trafikkontroll,48
2022,11,"Norrbotten, okänd kommun",Sammanfattning natt,30
2022,11,"Norrbotten, okänd kommun",Trafikolycka,30
2022,11,"Norrbotten, okänd kommun",Stöld,29
2022,11,"Norrbotten, okänd kommun",Rattfylleri,13
2022,11,"Norrbotten, okänd kommun","Trafikolycka,  vilt",12
2022,11,"Norrbotten, okänd kommun",Fylleri/LOB,10
2022,11,"Norrbotten, okänd kommun",Arbetsplatsolycka,5
2022,11,"Norrbotten, okänd kommun",Brand,5
2022,11,"Norrbotten, okänd kommun",Trafikbrott,5
2022,11,"Norrbotten, okänd kommun",Narkotikabrott,4
2022,11,"Norrbotten, okänd kommun",Inbrott,3
2022,11,"Norrbotten, okänd kommun",Knivlagen,3
2022,11,"Norrbotten, okänd kommun",Försvunnen person,2
2022,11,"Norrbotten, okänd kommun","Motorfordon,  stöld",2
2022,11,"Norrbotten, okänd kommun",Skadegörelse,2
2022,11,"Norrbotten, okänd kommun",Stöld/inbrott,2
2022,11,"Norrbotten, okänd kommun",Anträffat gods,1
2022,11,"Norrbotten, okänd kommun",Misshandel,1
2022,11,"Norrbotten, okänd kommun","Misshandel,  grov",1
2022,11,"Norrbotten, okänd kommun",Olaga hot,1
2022,11,"Norrbotten, okänd kommun",Rån övrigt,1
2022,11,"Norrbotten, okänd kommun",Sammanfattning kväll och natt,1
2022,11,"Norrbotten, okänd kommun",Sedlighetsbrott,1
2022,11,"Norrbotten, okänd kommun",Trafikhinder,1
2022,11,"Norrbotten, okänd kommun","Trafikolycka,  singel",1
2022,11,"Norrbotten, okänd kommun",Uppdatering,1
2022,11,"Norrbotten, okänd kommun",Övrigt,1
2022,11,Övriga Norrbotten,Sammanfattning natt,1
2022,12,"Norrbotten, okänd kommun",Trafikkontroll,49
2022,12,"Norrbotten, okänd kommun",Trafikolycka,34
2022,12,"Norrbotten, okänd kommun",Sammanfattning natt,29
2022,12,"Norrbotten, okänd kommun",Stöld,13
2022,12,"Norrbotten, okänd kommun","Trafikolycka,  vilt",12
2022,12,"Norrbotten, okänd kommun",Rattfylleri,8
2022,12,"Norrbotten, okänd kommun",Fylleri/LOB,6
2022,12,"Norrbotten, okänd kommun",Brand,4
2022,12,"Norrbotten, okänd kommun",Inbrott,4
2022,12,"Norrbotten, okänd kommun",Misshandel,4
2022,12,"Norrbotten, okänd kommun","Motorfordon,  anträffat stulet",4
2022,12,"Norrbotten, okänd kommun",Olovlig körning,4
2022,12,"Norrbotten, okänd kommun",Arbetsplatsolycka,3
2022,12,"Norrbotten, okänd kommun",Försvunnen person,3
2022,12,"Norrbotten, okänd kommun","Motorfordon,  stöld",2
2022,12,"Norrbotten, okänd kommun",Narkotikabrott,2
2022,12,"Norrbotten, okänd kommun",Rån,2
2022,12,"Norrbotten, okänd kommun",Stöld/inbrott,2
2022,12,"Norrbotten, okänd kommun",Trafikbrott,2
2022,12,"Norrbotten, okänd kommun","Trafikolycka,  singel",2
2022,12,"Norrbotten, okänd kommun",Räddningsinsats,1
2022,12,"Norrbotten, okänd kommun",Sammanfattning kväll,1
2022,12,"Norrbotten, okänd kommun",Skadegörelse,1
2022,12,"Norrbotten, okänd kommun",Uppdatering,1
2022,12,"Norrbotten, okänd kommun",Våld/hot mot tjänsteman,1
2022,12,"Norrbotten, okänd kommun",Övrigt,1
2022,12,Övriga Norrbotten,Sammanfattning natt,3
2022,12,Övriga Norrbotten,Skadegörelse,1
2022,12,Övriga Norrbotten,Trafikkontroll,1
2023,1,"Norrbotten, okänd kommun",Trafikkontroll,53
2023,1,"Norrbotten, okänd kommun",Trafikolycka,32
2023,1,"Norrbotten, okänd kommun",Sammanfattning natt,28
2023,1,"Norrbotten, okänd kommun",Stöld,24
2023,1,"Norrbotten, okänd kommun",Rattfylleri,20
2023,1,"Norrbotten, okänd kommun","Trafikolycka,  vilt",15
2023,1,"Norrbotten, okänd kommun",Fylleri/LOB,6
2023,1,"Norrbotten, okänd kommun",Arbetsplatsolycka,4
2023,1,"Norrbotten, okänd kommun",Skadegörelse,4
2023,1,"Norrbotten, okänd kommun",Trafikbrott,4
2023,1,"Norrbotten, okänd kommun",Inbrott,3
2023,1,"Norrbotten, okänd kommun",Mord/dråp,3
2023,1,"Norrbotten, okänd kommun",Olovlig körning,3
2023,1,"Norrbotten, okänd kommun",Stöld/inbrott,3
2023,1,"Norrbotten, okänd kommun",Brand,2
2023,1,"Norrbotten, okänd kommun",Misshandel,2
2023,1,"Norrbotten, okänd kommun","Motorfordon,  anträffat stulet",2
2023,1,"Norrbotten, okänd kommun",Anträffad död,1
2023,1,"Norrbotten, okänd kommun",Bråk,1
2023,1,"Norrbotten, okänd kommun",Knivlagen,1
2023,1,"Norrbotten, okänd kommun",Narkotikabrott,1
2023,1,"Norrbotten, okänd kommun",Ofredande/förargelse,1
2023,1,"Norrbotten, okänd kommun",Olaga frihetsberövande/människorov,1
2023,1,"Norrbotten, okänd kommun","Rån,  försök",1
2023,1,"Norrbotten, okänd kommun","Trafikolycka,  personskada",1
2023,1,"Norrbotten, okänd kommun","Trafikolycka,  singel",1
2023,1,"Norrbotten, okänd kommun",Övrigt,1
2023,1,Övriga Norrbotten,Sammanfattning natt,3
2023,1,Övriga Norrbotten,Brand,1
2023,2,Luleå kommun,Sammanfattning natt,1
2023,2,"Norrbotten, okänd kommun",Trafikkontroll,38
2023,2,"Norrbotten, okänd kommun",Trafikolycka,29
2023,2,"Norrbotten, okänd kommun",Sammanfattning natt,27
2023,2,"Norrbotten, okänd kommun",Stöld,25
2023,2,"Norrbotten, okänd kommun",Rattfylleri,9
2023,2,"Norrbotten, okänd kommun",Brand,6
2023,2,"Norrbotten, okänd kommun",Fylleri/LOB,5
2023,2,"Norrbotten, okänd kommun","Motorfordon,  anträffat stulet",5
2023,2,"Norrbotten, okänd kommun",Stöld/inbrott,5
2023,2,"Norrbotten, okänd kommun",Misshandel,4
2023,2,"Norrbotten, okänd kommun",Trafikbrott,4
2023,2,"Norrbotten, okänd kommun","Trafikolycka,  vilt",4
2023,2,"Norrbotten, okänd kommun",Försvunnen person,3
2023,2,"Norrbotten, okänd kommun",Narkotikabrott,3
2023,2,"Norrbotten, okänd kommun",Arbetsplatsolycka,2
2023,2,"Norrbotten, okänd kommun",Olovlig körning,2
2023,2,"Norrbotten, okänd kommun",Övrigt,2
2023,2,"Norrbotten, okänd kommun",Djur,1
2023,2,"Norrbotten, okänd kommun","Farligt föremål,  misstänkt",1
2023,2,"Norrbotten, okänd kommun",Fjällräddning,1
2023,2,"Norrbotten, okänd kommun","Motorfordon,  stöld",1
2023,2,"Norrbotten, okänd kommun",Olaga hot,1
2023,2,"Norrbotten, okänd kommun",Rån,1
2023,2,"Norrbotten, okänd kommun",Skadegörelse,1
2023,2,"Norrbotten, okänd kommun",Trafikhinder,1
2023,2,"Norrbotten, okänd kommun","Trafikolycka,  singel",1
2023,2,"Norrbotten, okänd kommun",Uppdatering,1
2023,2,Övriga Norrbotten,Trafikkontroll,2
2023,3,Luleå kommun,Rattfylleri,1
2023,3,"Norrbotten, okänd kommun",Trafikkontroll,42
2023,3,"Norrbotten, okänd kommun",Sammanfattning natt,30
2023,3,"Norrbotten, okänd kommun",Trafikolycka,30
2023,3,"Norrbotten, okänd kommun",Stöld,11
2023,3,"Norrbotten, okänd kommun",Rattfylleri,9
2023,3,"Norrbotten, okänd kommun",Brand,6
2023,3,"Norrbotten, okänd kommun",Fjällräddning,5
2023,3,"Norrbotten, okänd kommun",Fylleri/LOB,5
2023,3,"Norrbotten, okänd kommun",Övrigt,3
2023,3,"Norrbotten, okänd kommun",Bråk,2
2023,3,"Norrbotten, okänd kommun",Inbrott,2
2023,3,"Norrbotten, okänd kommun",Misshandel,2
2023,3,"Norrbotten, okänd kommun","Motorfordon,  anträffat stulet",2
2023,3,"Norrbotten, okänd kommun",Trafikbrott,2
2023,3,"Norrbotten, okänd kommun","Trafikolycka,  vilt",2
2023,3,"Norrbotten, okänd kommun",Arbetsplatsolycka,1
2023,3,"Norrbotten, okänd kommun","Farligt föremål,  misstänkt",1
2023,3,"Norrbotten, okänd kommun",Försvunnen person,1
2023,3,"Norrbotten, okänd kommun",Knivlagen,1
2023,3,"Norrbotten, okänd kommun",Mord/dråp,1
2023,3,"Norrbotten, okänd kommun","Motorfordon,  stöld",1
2023,3,"Norrbotten, okänd kommun",Narkotikabrott,1
2023,3,"Norrbotten, okänd kommun",Olaga hot,1
2023,3,"Norrbotten, okänd kommun",Olovlig körning,1
2023,3,"Norrbotten, okänd kommun",Sabotage mot blåljusverksamhet,1
2023,3,"Norrbotten, okänd kommun",Stöld/inbrott,1
2023,3,"Norrbotten, okänd kommun","Trafikolycka,  smitning från",1
2023,3,"Norrbotten, okänd kommun",Uppdatering,1
2023,3,"Norrbotten, okänd kommun",Våld/hot mot tjänsteman,1
2023,3,Övriga Norrbotten,Sammanfattning natt,1
2023,3,Övriga Norrbotten,Trafikkontroll,1
2023,4,"Norrbotten, okänd kommun",Trafikkontroll,49
2023,4,"Norrbotten, okänd kommun",Sammanfattning natt,29
2023,4,"Norrbotten, okänd kommun",Stöld,22
2023,4,"Norrbotten, okänd kommun",Rattfylleri,13
2023,4,"Norrbotten, okänd kommun",Trafikolycka,10
2023,4,"Norrbotten, okänd kommun",Fylleri/LOB,8
2023,4,"Norrbotten, okänd kommun",Narkotikabrott,4
2023,4,"Norrbotten, okänd kommun",Olovlig körning,4
2023,4,"Norrbotten, okänd kommun",Misshandel,3
2023,4,"Norrbotten, okänd kommun","Trafikolycka,  vilt",3
2023,4,"Norrbotten, okänd kommun",Övrigt,3
2023,4,"Norrbotten, okänd kommun",Brand,2
2023,4,"Norrbotten, okänd kommun",Fjällräddning,2
2023,4,"Norrbotten, okänd kommun","Misshandel,  grov",2
2023,4,"Norrbotten, okänd kommun",Stöld/inbrott,2
2023,4,"Norrbotten, okänd kommun",Trafikbrott,2
2023,4,"Norrbotten, okänd kommun",Arbetsplatsolycka,1
2023,4,"Norrbotten, okänd kommun",Inbrott,1
2023,4,"Norrbotten, okänd kommun",Knivlagen,1
2023,4,"Norrbotten, okänd kommun","Trafikolycka,  personskada",1
2023,4,"Norrbotten, okänd kommun",Våld/hot mot tjänsteman,1
2023,4,Övriga Norrbotten,Sammanfattning natt,1
2023,4,Övriga Norrbotten,Övrigt,1
2023,5,Luleå kommun,Sammanfattning natt,1
2023,5,"Norrbotten, okänd kommun",Trafikkontroll,33
2023,5,"Norrbotten, okänd kommun",Sammanfattning natt,28
2023,5,"Norrbotten, okänd kommun",Trafikolycka,20
2023,5,"Norrbotten, okänd kommun",Fylleri/LOB,12
2023,5,"Norrbotten, okänd kommun","Trafikolycka,  vilt",9
2023,5,"Norrbotten, okänd kommun",Brand,8
2023,5,"Norrbotten, okänd kommun",Rattfylleri,7
2023,5,"Norrbotten, okänd kommun",Stöld,7
2023,5,"Norrbotten, okänd kommun",Misshandel,5
2023,5,"Norrbotten, okänd kommun",Narkotikabrott,5
2023,5,"Norrbotten, okänd kommun",Försvunnen person,4
2023,5,"Norrbotten, okänd kommun",Olovlig körning,4
2023,5,"Norrbotten, okänd kommun","Motorfordon,  anträffat stulet",3
2023,5,"Norrbotten, okänd kommun",Skadegörelse,3
2023,5,"Norrbotten, okänd kommun",Stöld/inbrott,3
2023,5,"Norrbotten, okänd kommun",Trafikbrott,3
2023,5,"Norrbotten, okänd kommun",Arbetsplatsolycka,2
2023,5,"Norrbotten, okänd kommun","Motorfordon,  stöld",2
2023,5,"Norrbotten, okänd kommun",Ofredande/förargelse,2
2023,5,"Norrbotten, okänd kommun",Olaga hot,2
2023,5,"Norrbotten, okänd kommun","Trafikolycka,  singel",2
2023,5,"Norrbotten, okänd kommun",Våld/hot mot tjänsteman,2
2023,5,"Norrbotten, okänd kommun",Anträffat gods,1
2023,5,"Norrbotten, okänd kommun",Bråk,1
2023,5,"Norrbotten, okänd kommun",Knivlagen,1
2023,5,"Norrbotten, okänd kommun","Misshandel,  grov",1
2023,5,"Norrbotten, okänd kommun",Räddningsinsats,1
2023,5,"Norrbotten, okänd kommun",Rån,1
2023,5,"Norrbotten, okänd kommun","Stöld,  försök",1
2023,5,"Norrbotten, okänd kommun",Övrigt,1
2023,5,Övriga Norrbotten,Sammanfattning natt,2
2023,6,"Norrbotten, okänd kommun",Trafikkontroll,38
2023,6,"Norrbotten, okänd kommun",Sammanfattning natt,29
2023,6,"Norrbotten, okänd kommun",Rattfylleri,13
2023,6,"Norrbotten, okänd kommun",Trafikolycka,11
2023,6,"Norrbotten, okänd kommun","Trafikolycka,  vilt",11
2023,6,"Norrbotten, okänd kommun",Fylleri/LOB,9
2023,6,"Norrbotten, okänd kommun",Brand,7
2023,6,"Norrbotten, okänd kommun",Försvunnen person,4
2023,6,"Norrbotten, okänd kommun",Narkotikabrott,4
2023,6,"Norrbotten, okänd kommun",Trafikbrott,4
2023,6,"Norrbotten, okänd kommun",Fjällräddning,3
2023,6,"Norrbotten, okänd kommun",Skadegörelse,3
2023,6,"Norrbotten, okänd kommun",Stöld,3
2023,6,"Norrbotten, okänd kommun",Stöld/inbrott,3
2023,6,"Norrbotten, okänd kommun",Misshandel,2
2023,6,"Norrbotten, okänd kommun",Olovlig körning,2
2023,6,"Norrbotten, okänd kommun","Trafikolycka,  singel",2
2023,6,"Norrbotten, okänd kommun",Bråk,1
2023,6,"Norrbotten, okänd kommun","Farligt föremål,  misstänkt",1
2023,6,"Norrbotten, okänd kommun",Inbrott,1
2023,6,"Norrbotten, okänd kommun","Motorfordon,  anträffat stulet",1
2023,6,"Norrbotten, okänd kommun",Olaga frihetsberövande/människorov,1
2023,6,"Norrbotten, okänd kommun",Olaga hot,1
2023,6,"Norrbotten, okänd kommun",Rån övrigt,1
2023,6,"Norrbotten, okänd kommun",Sammanfattning kväll och natt,1
2023,6,"Norrbotten, okänd kommun",Trafikhinder,1
2023,6,"Norrbotten, okänd kommun",Övrigt,1
2023,6,Övriga Norrbotten,Sammanfattning natt,1
2023,7,"Norrbotten, okänd kommun",Sammanfattning natt,27
2023,7,"Norrbotten, okänd kommun",Trafikkontroll,12
2023,7,"Norrbotten, okänd kommun",Trafikolycka,12
2023,7,"Norrbotten, okänd kommun",Rattfylleri,10
2023,7,"Norrbotten, okänd kommun",Fjällräddning,6
2023,7,"Norrbotten, okänd kommun",Skadegörelse,4
2023,7,"Norrbotten, okänd kommun","Trafikolycka,  singel",4
2023,7,"Norrbotten, okänd kommun",Försvunnen person,3
2023,7,"Norrbotten, okänd kommun",Arbetsplatsolycka,2
2023,7,"Norrbotten, okänd kommun",Brand,2
2023,7,"Norrbotten, okänd kommun",Stöld,2
2023,7,"Norrbotten, okänd kommun",Anträffad död,1
2023,7,"Norrbotten, okänd kommun",Djur,1
2023,7,"Norrbotten, okänd kommun",Fylleri/LOB,1
2023,7,"Norrbotten, okänd kommun",Inbrott,1
2023,7,"Norrbotten, okänd kommun",Misshandel,1
2023,7,"Norrbotten, okänd kommun",Mord/dråp,1
2023,7,"Norrbotten, okänd kommun","Motorfordon,  anträffat stulet",1
2023,7,"Norrbotten, okänd kommun",Olovlig körning,1
2023,7,"Norrbotten, okänd kommun",Räddningsinsats,1
2023,7,"Norrbotten, okänd kommun",Rån,1
2023,7,"Norrbotten, okänd kommun",Trafikbrott,1
2023,7,"Norrbotten, okänd kommun",Trafikhinder,1
2023,7,"Norrbotten, okänd kommun",Våld/hot mot tjänsteman,1
2023,7,"Norrbotten, okänd kommun",Våldtäkt,1
2023,7,Övriga Norrbotten,Sammanfattning natt,4
2023,7,Övriga Norrbotten,Trafikkontroll,1
2023,8,"Norrbotten, okänd kommun",Sammanfattning natt,30
2023,8,"Norrbotten, okänd kommun",Trafikkontroll,28
2023,8,"Norrbotten, okänd kommun","Trafikolycka,  vilt",15
2023,8,"Norrbotten, okänd kommun",Stöld,12
2023,8,"Norrbotten, okänd kommun",Rattfylleri,11
2023,8,"Norrbotten, okänd kommun",Trafikolycka,9
2023,8,"Norrbotten, okänd kommun",Skadegörelse,7
2023,8,"Norrbotten, okänd kommun",Fjällräddning,6
2023,8,"Norrbotten, okänd kommun",Arbetsplatsolycka,4
2023,8,"Norrbotten, okänd kommun",Narkotikabrott,4
2023,8,"Norrbotten, okänd kommun",Trafikbrott,4
2023,8,"Norrbotten, okänd kommun",Försvunnen person,3
2023,8,"Norrbotten, okänd kommun",Inbrott,3
2023,8,"Norrbotten, okänd kommun",Olovlig körning,3
2023,8,"Norrbotten, okänd kommun","Trafikolycka,  singel",3
2023,8,"Norrbotten, okänd kommun",Brand,2
2023,8,"Norrbotten, okänd kommun",Fylleri/LOB,2
2023,8,"Norrbotten, okänd kommun","Trafikolycka,  personskada",2
2023,8,"Norrbotten, okänd kommun",Anträffad död,1
2023,8,"Norrbotten, okänd kommun",Anträffat gods,1
2023,8,"Norrbotten, okänd kommun",Hemfridsbrott,1
2023,8,"Norrbotten, okänd kommun",Knivlagen,1
2023,8,"Norrbotten, okänd kommun",Misshandel,1
2023,8,"Norrbotten, okänd kommun",Mord/dråp,1
2023,8,"Norrbotten, okänd kommun","Motorfordon,  stöld",1
2023,8,"Norrbotten, okänd kommun",Räddningsinsats,1
2023,8,"Norrbotten, okänd kommun",Rån,1
2023,8,"Norrbotten, okänd kommun",Våld/hot mot tjänsteman,1
2023,8,"Norrbotten, okänd kommun",Övrigt,1
2023,9,"Norrbotten, okänd kommun",Trafikkontroll,34
2023,9,"Norrbotten, okänd kommun",Sammanfattning natt,29
2023,9,"Norrbotten, okänd kommun",Rattfylleri,27
2023,9,"Norrbotten, okänd kommun",Stöld,22
2023,9,"Norrbotten, okänd kommun",Trafikolycka,8
2023,9,"Norrbotten, okänd kommun","Trafikolycka,  vilt",8
2023,9,"Norrbotten, okänd kommun",Fjällräddning,6
2023,9,"Norrbotten, okänd kommun",Trafikbrott,6
2023,9,"Norrbotten, okänd kommun",Narkotikabrott,4
2023,9,"Norrbotten, okänd kommun",Olovlig körning,4
2023,9,"Norrbotten, okänd kommun",Stöld/inbrott,4
2023,9,"Norrbotten, okänd kommun",Fylleri/LOB,3
2023,9,"Norrbotten, okänd kommun",Arbetsplatsolycka,2
2023,9,"Norrbotten, okänd kommun",Misshandel,2
2023,9,"Norrbotten, okänd kommun","Misshandel,  grov",2
2023,9,"Norrbotten, okänd kommun","Motorfordon,  anträffat stulet",2
2023,9,"Norrbotten, okänd kommun",Ofredande/förargelse,2
2023,9,"Norrbotten, okänd kommun","Trafikolycka,  personskada",2
2023,9,"Norrbotten, okänd kommun","Trafikolycka,  singel",2
2023,9,"Norrbotten, okänd kommun",Bedrägeri,1
2023,9,"Norrbotten, okänd kommun",Bråk,1
2023,9,"Norrbotten, okänd kommun",Djur,1
2023,9,"Norrbotten, okänd kommun",Försvunnen person,1
2023,9,"Norrbotten, okänd kommun",Inbrott,1
2023,9,"Norrbotten, okänd kommun",Rån övrigt,1
2023,9,"Norrbotten, okänd kommun",Skadegörelse,1
2023,9,"Norrbotten, okänd kommun",Skyddslagen,1
2023,9,"Norrbotten, okänd kommun",Uppdatering,1
2023,9,"Norrbotten, okänd kommun",Vapenlagen,1
2023,9,Övriga Norrbotten,Sammanfattning natt,1
2023,10,"Norrbotten, okänd kommun",Trafikkontroll,30
2023,10,"Norrbotten, okänd kommun",Sammanfattning natt,27
2023,10,"Norrbotten, okänd kommun",Trafikolycka,25
2023,10,"Norrbotten, okänd kommun",Stöld,16
2023,10,"Norrbotten, okänd kommun",Rattfylleri,13
2023,10,"Norrbotten, okänd kommun","Trafikolycka,  vilt",12
2023,10,"Norrbotten, okänd kommun",Fylleri/LOB,6
2023,10,"Norrbotten, okänd kommun",Trafikbrott,5
2023,10,"Norrbotten, okänd kommun",Olovlig körning,4
2023,10,"Norrbotten, okänd kommun",Brand,3
2023,10,"Norrbotten, okänd kommun",Försvunnen person,3
2023,10,"Norrbotten, okänd kommun",Misshandel,3
2023,10,"Norrbotten, okänd kommun","Misshandel,  grov",2
2023,10,"Norrbotten, okänd kommun",Skadegörelse,2
2023,10,"Norrbotten, okänd kommun","Trafikolycka,  singel",2
2023,10,"Norrbotten, okänd kommun",Alkohollagen,1
2023,10,"Norrbotten, okänd kommun",Arbetsplatsolycka,1
2023,10,"Norrbotten, okänd kommun",Djur,1
2023,10,"Norrbotten, okänd kommun",Fjällräddning,1
2023,10,"Norrbotten, okänd kommun",Inbrott,1
2023,10,"Norrbotten, okänd kommun",Knivlagen,1
2023,10,"Norrbotten, okänd kommun","Motorfordon,  anträffat stulet",1
2023,10,"Norrbotten, okänd kommun",Narkotikabrott,1
2023,10,"Norrbotten, okänd kommun",Olaga hot,1
2023,10,"Norrbotten, okänd kommun",Olaga intrång,1
2023,10,"Norrbotten, okänd kommun",Räddningsinsats,1
2023,10,"Norrbotten, okänd kommun",Stöld/inbrott,1
2023,10,"Norrbotten, okänd kommun",Trafikhinder,1
2023,10,"Norrbotten, okänd kommun","Trafikolycka,  smitning från",1
2023,10,"Norrbotten, okänd kommun",Övrigt,1
2023,10,Övriga Norrbotten,Sammanfattning natt,2
2023,10,Övriga Norrbotten,Trafikkontroll,1
2023,11,Luleå kommun,Sammanfattning natt,1
2023,11,"Norrbotten, okänd kommun",Sammanfattning natt,25
2023,11,"Norrbotten, okänd kommun",Trafikkontroll,23
2023,11,"Norrbotten, okänd kommun",Trafikolycka,22
2023,11,"Norrbotten, okänd kommun",Rattfylleri,11
2023,11,"Norrbotten, okänd kommun","Trafikolycka,  vilt",10
2023,11,"Norrbotten, okänd kommun",Fylleri/LOB,8
2023,11,"Norrbotten, okänd kommun",Trafikbrott,8
2023,11,"Norrbotten, okänd kommun",Brand,5
2023,11,"Norrbotten, okänd kommun",Försvunnen person,3
2023,11,"Norrbotten, okänd kommun",Stöld,3
2023,11,"Norrbotten, okänd kommun",Arbetsplatsolycka,2
2023,11,"Norrbotten, okänd kommun",Narkotikabrott,2
2023,11,"Norrbotten, okänd kommun",Fjällräddning,1
2023,11,"Norrbotten, okänd kommun",Inbrott,1
2023,11,"Norrbotten, okänd kommun",Mord/dråp,1
2023,11,"Norrbotten, okänd kommun","Motorfordon,  anträffat stulet",1
2023,11,"Norrbotten, okänd kommun",Olaga hot,1
2023,11,"Norrbotten, okänd kommun",Olovlig körning,1
2023,11,"Norrbotten, okänd kommun",Ordningslagen,1
2023,11,"Norrbotten, okänd kommun",Skadegörelse,1
2023,11,"Norrbotten, okänd kommun",Stöld/inbrott,1
2023,11,"Norrbotten, okänd kommun","Trafikolycka,  personskada",1
2023,11,"Norrbotten, okänd kommun","Trafikolycka,  singel",1
2023,11,"Norrbotten, okänd kommun",Våld/hot mot tjänsteman,1
2023,11,"Norrbotten, okänd kommun",Övrigt,1
2023,11,Övriga Norrbotten,Sammanfattning natt,5
2023,11,Övriga Norrbotten,Trafikkontroll,1
2023,12,"Norrbotten, okänd kommun",Trafikolycka,31
2023,12,"Norrbotten, okänd kommun",Sammanfattning natt,30
2023,12,"Norrbotten, okänd kommun",Trafikkontroll,12
2023,12,"Norrbotten, okänd kommun",Stöld,11
2023,12,"Norrbotten, okänd kommun",Rattfylleri,10
2023,12,"Norrbotten, okänd kommun","Trafikolycka,  vilt",7
2023,12,"Norrbotten, okänd kommun",Brand,6
2023,12,"Norrbotten, okänd kommun",Fylleri/LOB,6
2023,12,"Norrbotten, okänd kommun",Misshandel,5
2023,12,"Norrbotten, okänd kommun",Arbetsplatsolycka,3
2023,12,"Norrbotten, okänd kommun",Narkotikabrott,3
2023,12,"Norrbotten, okänd kommun",Olovlig körning,3
2023,12,"Norrbotten, okänd kommun",Olaga hot,2
2023,12,"Norrbotten, okänd kommun",Trafikbrott,2
2023,12,"Norrbotten, okänd kommun",Bedrägeri,1
2023,12,"Norrbotten, okänd kommun",Försvunnen person,1
2023,12,"Norrbotten, okänd kommun",Inbrott,1
2023,12,"Norrbotten, okänd kommun","Misshandel,  grov",1
2023,12,"Norrbotten, okänd kommun","Motorfordon,  anträffat stulet",1
2023,12,"Norrbotten, okänd kommun","Motorfordon,  stöld",1
2023,12,"Norrbotten, okänd kommun",Olaga intrång,1
2023,12,"Norrbotten, okänd kommun",Skadegörelse,1
2023,12,"Norrbotten, okänd kommun",Stöld/inbrott,1
2023,12,"Norrbotten, okänd kommun","Trafikolycka,  singel",1
2023,12,"Norrbotten, okänd kommun",Övrigt,1
2023,12,Övriga Norrbotten,Sammanfattning natt,2
2024,1,Luleå kommun,Olovlig körning,1
2024,1,"Norrbotten, okänd kommun",Trafikkontroll,34
2024,1,"Norrbotten, okänd kommun",Sammanfattning natt,26
2024,1,"Norrbotten, okänd kommun",Trafikolycka,22
2024,1,"Norrbotten, okänd kommun",Rattfylleri,17
2024,1,"Norrbotten, okänd kommun",Stöld,12
2024,1,"Norrbotten, okänd kommun",Trafikbrott,9
2024,1,"Norrbotten, okänd kommun","Trafikolycka,  vilt",6
2024,1,"Norrbotten, okänd kommun",Fylleri/LOB,5
2024,1,"Norrbotten, okänd kommun",Narkotikabrott,4
2024,1,"Norrbotten, okänd kommun",Olovlig körning,4
2024,1,"Norrbotten, okänd kommun",Arbetsplatsolycka,3
2024,1,"Norrbotten, okänd kommun",Brand,3
2024,1,"Norrbotten, okänd kommun",Inbrott,2
2024,1,"Norrbotten, okänd kommun",Mord/dråp,2
2024,1,"Norrbotten, okänd kommun",Olaga hot,2
2024,1,"Norrbotten, okänd kommun","Trafikolycka,  smitning från",2
2024,1,"Norrbotten, okänd kommun",Hemfridsbrott,1
2024,1,"Norrbotten, okänd kommun",Knivlagen,1
2024,1,"Norrbotten, okänd kommun",Misshandel,1
2024,1,"Norrbotten, okänd kommun","Mord/dråp,  försök",1
2024,1,"Norrbotten, okänd kommun",Ofredande/förargelse,1
2024,1,"Norrbotten, okänd kommun",Olaga intrång,1
2024,1,"Norrbotten, okänd kommun",Rån,1
2024,1,"Norrbotten, okänd kommun",Sammanfattning kväll och natt,1
2024,1,"Norrbotten, okänd kommun",Skadegörelse,1
2024,1,Övriga Norrbotten,Sammanfattning natt,4
2024,1,Övriga Norrbotten,"Trafikolycka,  vilt",1
2024,2,"Norrbotten, okänd kommun",Sammanfattning natt,28
2024,2,"Norrbotten, okänd kommun",Trafikolycka,25
2024,2,"Norrbotten, okänd kommun",Trafikkontroll,24
2024,2,"Norrbotten, okänd kommun",Rattfylleri,16
2024,2,"Norrbotten, okänd kommun",Stöld,7
2024,2,"Norrbotten, okänd kommun",Arbetsplatsolycka,6
2024,2,"Norrbotten, okänd kommun",Trafikbrott,5
2024,2,"Norrbotten, okänd kommun",Fjällräddning,4
2024,2,"Norrbotten, okänd kommun",Knivlagen,4
2024,2,"Norrbotten, okänd kommun",Misshandel,4
2024,2,"Norrbotten, okänd kommun",Narkotikabrott,4
2024,2,"Norrbotten, okänd kommun",Brand,2
2024,2,"Norrbotten, okänd kommun",Olovlig körning,2
2024,2,"Norrbotten, okänd kommun",Skadegörelse,2
2024,2,"Norrbotten, okänd kommun","Trafikolycka,  vilt",2
2024,2,"Norrbotten, okänd kommun",Anträffat gods,1
2024,2,"Norrbotten, okänd kommun",Djur,1
2024,2,"Norrbotten, okänd kommun",Fylleri/LOB,1
2024,2,"Norrbotten, okänd kommun",Luftfartslagen,1
2024,2,"Norrbotten, okänd kommun","Motorfordon,  anträffat stulet",1
2024,2,"Norrbotten, okänd kommun",Ofredande/förargelse,1
2024,2,"Norrbotten, okänd kommun",Sammanfattning kväll och natt,1
2024,2,"Norrbotten, okänd kommun","Trafikolycka,  singel",1
2024,2,"Norrbotten, okänd kommun",Övrigt,1
2024,3,"Norrbotten, okänd kommun",Sammanfattning natt,30
2024,3,"Norrbotten, okänd kommun",Trafikkontroll,29
2024,3,"Norrbotten, okänd kommun",Stöld,19
2024,3,"Norrbotten, okänd kommun",Trafikolycka,18
2024,3,"Norrbotten, okänd kommun",Rattfylleri,15
2024,3,"Norrbotten, okänd kommun",Fylleri/LOB,8
2024,3,"Norrbotten, okänd kommun",Trafikbrott,7
2024,3,"Norrbotten, okänd kommun",Brand,5
2024,3,"Norrbotten, okänd kommun",Misshandel,5
2024,3,"Norrbotten, okänd kommun",Olovlig körning,4
2024,3,"Norrbotten, okänd kommun",Skadegörelse,4
2024,3,"Norrbotten, okänd kommun",Narkotikabrott,3
2024,3,"Norrbotten, okänd kommun","Trafikolycka,  vilt",3
2024,3,"Norrbotten, okänd kommun",Fjällräddning,2
2024,3,"Norrbotten, okänd kommun",Anträffat gods,1
2024,3,"Norrbotten, okänd kommun",Arbetsplatsolycka,1
2024,3,"Norrbotten, okänd kommun",Bråk,1
2024,3,"Norrbotten, okänd kommun","Misshandel,  grov",1
2024,3,"Norrbotten, okänd kommun","Motorfordon,  anträffat stulet",1
2024,3,"Norrbotten, okänd kommun","Motorfordon,  stöld",1
2024,3,"Norrbotten, okänd kommun",Olaga hot,1
2024,3,"Norrbotten, okänd kommun",Olaga intrång,1
2024,3,"Norrbotten, okänd kommun",Rån,1
2024,3,Övriga Norrbotten,Vapenlagen,1
2024,4,"Norrbotten, okänd kommun",Trafikkontroll,36
2024,4,"Norrbotten, okänd kommun",Sammanfattning natt,29
2024,4,"Norrbotten, okänd kommun",Trafikolycka,20
2024,4,"Norrbotten, okänd kommun",Stöld,16
2024,4,"Norrbotten, okänd kommun",Rattfylleri,9
2024,4,"Norrbotten, okänd kommun",Fylleri/LOB,6
2024,4,"Norrbotten, okänd kommun",Brand,4
2024,4,"Norrbotten, okänd kommun",Misshandel,4
2024,4,"Norrbotten, okänd kommun",Narkotikabrott,4
2024,4,"Norrbotten, okänd kommun",Skadegörelse,4
2024,4,"Norrbotten, okänd kommun",Trafikbrott,3
2024,4,"Norrbotten, okänd kommun",Arbetsplatsolycka,2
2024,4,"Norrbotten, okänd kommun",Olovlig körning,2
2024,4,"Norrbotten, okänd kommun","Trafikolycka,  vilt",2
2024,4,"Norrbotten, okänd kommun",Övrigt,2
2024,4,"Norrbotten, okänd kommun",Djur,1
2024,4,"Norrbotten, okänd kommun",Fjällräddning,1
2024,4,"Norrbotten, okänd kommun",Häleri,1
2024,4,"Norrbotten, okänd kommun",Knivlagen,1
2024,4,"Norrbotten, okänd kommun","Mord/dråp,  försök",1
2024,4,"Norrbotten, okänd kommun","Motorfordon,  stöld",1
2024,4,"Norrbotten, okänd kommun",Olaga intrång,1
2024,4,"Norrbotten, okänd kommun",Räddningsinsats,1
2024,4,"Norrbotten, okänd kommun",Stöld/inbrott,1
2024,4,"Norrbotten, okänd kommun","Trafikolycka,  personskada",1
2024,4,"Norrbotten, okänd kommun",Våldtäkt,1
2024,4,Övriga Norrbotten,Sammanfattning natt,1
2024,4,Övriga Norrbotten,Trafikkontroll,1
2024,5,"Norrbotten, okänd kommun",Trafikkontroll,34
2024,5,"Norrbotten, okänd kommun",Sammanfattning natt,30
2024,5,"Norrbotten, okänd kommun",Fylleri/LOB,13
2024,5,"Norrbotten, okänd kommun",Stöld,13
2024,5,"Norrbotten, okänd kommun",Rattfylleri,11
2024,5,"Norrbotten, okänd kommun",Olovlig körning,7
2024,5,"Norrbotten, okänd kommun",Brand,6
2024,5,"Norrbotten, okänd kommun",Trafikolycka,6
2024,5,"Norrbotten, okänd kommun",Arbetsplatsolycka,5
2024,5,"Norrbotten, okänd kommun",Skadegörelse,3
2024,5,"Norrbotten, okänd kommun",Misshandel,2
2024,5,"Norrbotten, okänd kommun",Ofredande/förargelse,2
2024,5,"Norrbotten, okänd kommun",Olaga hot,2
2024,5,"Norrbotten, okänd kommun",Stöld/inbrott,2
2024,5,"Norrbotten, okänd kommun",Trafikbrott,2
2024,5,"Norrbotten, okänd kommun",Övrigt,2
2024,5,"Norrbotten, okänd kommun",Fjällräddning,1
2024,5,"Norrbotten, okänd kommun",Miljöbrott,1
2024,5,"Norrbotten, okänd kommun","Motorfordon,  anträffat stulet",1
2024,5,"Norrbotten, okänd kommun",Narkotikabrott,1
2024,5,"Norrbotten, okänd kommun",Olaga intrång,1
2024,5,"Norrbotten, okänd kommun",Polisinsats/kommendering,1
2024,5,"Norrbotten, okänd kommun",Rån,1
2024,5,"Norrbotten, okänd kommun",Skyddslagen,1
2024,5,"Norrbotten, okänd kommun","Trafikolycka,  vilt",1
2024,5,"Norrbotten, okänd kommun",Vapenlagen,1
2024,6,"Norrbotten, okänd kommun",Sammanfattning natt,30
2024,6,"Norrbotten, okänd kommun",Trafikkontroll,26
2024,6,"Norrbotten, okänd kommun",Stöld,16
2024,6,"Norrbotten, okänd kommun",Trafikolycka,16
2024,6,"Norrbotten, okänd kommun",Rattfylleri,14
2024,6,"Norrbotten, okänd kommun",Brand,8
2024,6,"Norrbotten, okänd kommun",Misshandel,7
2024,6,"Norrbotten, okänd kommun",Fjällräddning,6
2024,6,"Norrbotten, okänd kommun",Trafikbrott,6
2024,6,"Norrbotten, okänd kommun","Trafikolycka,  vilt",6
2024,6,"Norrbotten, okänd kommun",Olovlig körning,4
2024,6,"Norrbotten, okänd kommun",Arbetsplatsolycka,3
2024,6,"Norrbotten, okänd kommun",Fylleri/LOB,3
2024,6,"Norrbotten, okänd kommun",Försvunnen person,3
2024,6,"Norrbotten, okänd kommun",Inbrott,3
2024,6,"Norrbotten, okänd kommun",Anträffad död,2
2024,6,"Norrbotten, okänd kommun",Knivlagen,2
2024,6,"Norrbotten, okänd kommun",Skadegörelse,2
2024,6,"Norrbotten, okänd kommun",Alkohollagen,1
2024,6,"Norrbotten, okänd kommun",Bråk,1
2024,6,"Norrbotten, okänd kommun",Hemfridsbrott,1
2024,6,"Norrbotten, okänd kommun","Mord/dråp,  försök",1
2024,6,"Norrbotten, okänd kommun",Olaga hot,1
2024,6,"Norrbotten, okänd kommun",Trafikhinder,1
2024,6,"Norrbotten, okänd kommun","Trafikolycka,  smitning från",1
2024,6,"Norrbotten, okänd kommun",Våld/hot mot tjänsteman,1
2024,6,"Norrbotten, okänd kommun",Övrigt,1
2024,6,Övriga Norrbotten,Sammanfattning natt,1
2024,7,"Norrbotten, okänd kommun",Sammanfattning natt,31
2024,7,"Norrbotten, okänd kommun",Trafikkontroll,20
2024,7,"Norrbotten, okänd kommun",Rattfylleri,10
2024,7,"Norrbotten, okänd kommun",Trafikolycka,7
2024,7,"Norrbotten, okänd kommun",Stöld,5
2024,7,"Norrbotten, okänd kommun","Trafikolycka,  vilt",5
2024,7,"Norrbotten, okänd kommun",Brand,4
2024,7,"Norrbotten, okänd kommun",Anträffad död,3
2024,7,"Norrbotten, okänd kommun",Arbetsplatsolycka,3
2024,7,"Norrbotten, okänd kommun",Fjällräddning,3
2024,7,"Norrbotten, okänd kommun",Misshandel,3
2024,7,"Norrbotten, okänd kommun",Narkotikabrott,3
2024,7,"Norrbotten, okänd kommun",Djur,2
2024,7,"Norrbotten, okänd kommun",Fylleri/LOB,2
2024,7,"Norrbotten, okänd kommun",Olaga intrång,2
2024,7,"Norrbotten, okänd kommun",Räddningsinsats,2
2024,7,"Norrbotten, okänd kommun",Skadegörelse,2
2024,7,"Norrbotten, okänd kommun","Trafikolycka,  singel",2
2024,7,"Norrbotten, okänd kommun",Bedrägeri,1
2024,7,"Norrbotten, okänd kommun",Bråk,1
2024,7,"Norrbotten, okänd kommun",Försvunnen person,1
2024,7,"Norrbotten, okänd kommun",Inbrott,1
2024,7,"Norrbotten, okänd kommun","Mord/dråp,  försök",1
2024,7,"Norrbotten, okänd kommun",Stöld/inbrott,1
2024,7,"Norrbotten, okänd kommun",Trafikbrott,1
2024,7,"Norrbotten, okänd kommun","Trafikolycka,  personskada",1
2024,7,"Norrbotten, okänd kommun",Övrigt,1
2024,7,Övriga Norrbotten,Sammanfattning natt,2
2024,8,"Norrbotten, okänd kommun",Sammanfattning natt,31
2024,8,"Norrbotten, okänd kommun",Trafikkontroll,30
2024,8,"Norrbotten, okänd kommun",Trafikolycka,18
2024,8,"Norrbotten, okänd kommun",Stöld,14
2024,8,"Norrbotten, okänd kommun",Fjällräddning,12
2024,8,"Norrbotten, okänd kommun",Trafikbrott,9
2024,8,"Norrbotten, okänd kommun",Fylleri/LOB,8
2024,8,"Norrbotten, okänd kommun",Rattfylleri,8
2024,8,"Norrbotten, okänd kommun","Trafikolycka,  vilt",7
2024,8,"Norrbotten, okänd kommun",Narkotikabrott,4
2024,8,"Norrbotten, okänd kommun",Brand,3
2024,8,"Norrbotten, okänd kommun",Misshandel,3
2024,8,"Norrbotten, okänd kommun","Trafikolycka,  singel",3
2024,8,"Norrbotten, okänd kommun",Arbetsplatsolycka,2
2024,8,"Norrbotten, okänd kommun",Bedrägeri,2
2024,8,"Norrbotten, okänd kommun",Försvunnen person,2
2024,8,"Norrbotten, okänd kommun",Stöld/inbrott,2
2024,8,"Norrbotten, okänd kommun",Anträffad död,1
2024,8,"Norrbotten, okänd kommun",Bråk,1
2024,8,"Norrbotten, okänd kommun",Inbrott,1
2024,8,"Norrbotten, okänd kommun",Olaga hot,1
2024,8,"Norrbotten, okänd kommun",Räddningsinsats,1
2024,8,"Norrbotten, okänd kommun",Skadegörelse,1
2024,8,"Norrbotten, okänd kommun","Våldtäkt,  försök",1
2024,8,"Norrbotten, okänd kommun",Övrigt,1
2024,9,"Norrbotten, okänd kommun",Trafikkontroll,29
2024,9,"Norrbotten, okänd kommun",Sammanfattning natt,28
2024,9,"Norrbotten, okänd kommun",Stöld,14
2024,9,"Norrbotten, okänd kommun",Trafikolycka,13
2024,9,"Norrbotten, okänd kommun",Rattfylleri,8
2024,9,"Norrbotten, okänd kommun",Arbetsplatsolycka,6
2024,9,"Norrbotten, okänd kommun",Brand,5
2024,9,"Norrbotten, okänd kommun",Fjällräddning,5
2024,9,"Norrbotten, okänd kommun",Narkotikabrott,5
2024,9,"Norrbotten, okänd kommun",Olovlig körning,5
2024,9,"Norrbotten, okänd kommun",Trafikbrott,5
2024,9,"Norrbotten, okänd kommun",Misshandel,4
2024,9,"Norrbotten, okänd kommun",Skadegörelse,4
2024,9,"Norrbotten, okänd kommun","Trafikolycka,  vilt",3
2024,9,"Norrbotten, okänd kommun",Anträffat gods,2
2024,9,"Norrbotten, okänd kommun",Fylleri/LOB,2
2024,9,"Norrbotten, okänd kommun",Olaga intrång,2
2024,9,"Norrbotten, okänd kommun",Rån,2
2024,9,"Norrbotten, okänd kommun","Trafikolycka,  singel",2
2024,9,"Norrbotten, okänd kommun",Försvunnen person,1
2024,9,"Norrbotten, okänd kommun",Inbrott,1
2024,9,"Norrbotten, okänd kommun",Knivlagen,1
2024,9,"Norrbotten, okänd kommun","Misshandel,  grov",1
2024,9,"Norrbotten, okänd kommun",Mord/dråp,1
2024,9,"Norrbotten, okänd kommun","Mord/dråp,  försök",1
2024,9,"Norrbotten, okänd kommun","Motorfordon,  stöld",1
2024,9,"Norrbotten, okänd kommun",Olaga hot,1
2024,9,"Norrbotten, okänd kommun",Räddningsinsats,1
2024,9,"Norrbotten, okänd kommun","Trafikolycka,  smitning från",1
2024,9,"Norrbotten, okänd kommun",Uppdatering,1
2024,9,Övriga Norrbotten,Sammanfattning natt,2
2024,10,"Norrbotten, okänd kommun",Sammanfattning natt,31
2024,10,"Norrbotten, okänd kommun",Trafikkontroll,28
2024,10,"Norrbotten, okänd kommun",Stöld,25
2024,10,"Norrbotten, okänd kommun",Trafikolycka,23
2024,10,"Norrbotten, okänd kommun",Rattfylleri,12
2024,10,"Norrbotten, okänd kommun",Narkotikabrott,8
2024,10,"Norrbotten, okänd kommun",Brand,7
2024,10,"Norrbotten, okänd kommun",Trafikbrott,6
2024,10,"Norrbotten, okänd kommun",Misshandel,5
2024,10,"Norrbotten, okänd kommun","Trafikolycka,  vilt",5
2024,10,"Norrbotten, okänd kommun",Anträffat gods,3
2024,10,"Norrbotten, okänd kommun",Arbetsplatsolycka,3
2024,10,"Norrbotten, okänd kommun",Fylleri/LOB,3
2024,10,"Norrbotten, okänd kommun",Knivlagen,3
2024,10,"Norrbotten, okänd kommun",Skadegörelse,3
2024,10,"Norrbotten, okänd kommun","Trafikolycka,  singel",3
2024,10,"Norrbotten, okänd kommun",Olaga hot,2
2024,10,"Norrbotten, okänd kommun",Olovlig körning,2
2024,10,"Norrbotten, okänd kommun",Stöld/inbrott,2
2024,10,"Norrbotten, okänd kommun",Anträffad död,1
2024,10,"Norrbotten, okänd kommun",Explosion,1
2024,10,"Norrbotten, okänd kommun",Fjällräddning,1
2024,10,"Norrbotten, okänd kommun",Försvunnen person,1
2024,10,"Norrbotten, okänd kommun",Häleri,1
2024,10,"Norrbotten, okänd kommun","Misshandel,  grov",1
2024,10,"Norrbotten, okänd kommun","Motorfordon,  anträffat stulet",1
2024,10,"Norrbotten, okänd kommun","Motorfordon,  stöld",1
2024,10,"Norrbotten, okänd kommun",Rån,1
2024,10,"Norrbotten, okänd kommun",Våld/hot mot tjänsteman,1
2024,10,"Norrbotten, okänd kommun",Övrigt,1
2024,11,"Norrbotten, okänd kommun",Sammanfattning natt,29
2024,11,"Norrbotten, okänd kommun",Trafikolycka,29
2024,11,"Norrbotten, okänd kommun",Trafikkontroll,17
2024,11,"Norrbotten, okänd kommun",Rattfylleri,15
2024,11,"Norrbotten, okänd kommun",Stöld,14
2024,11,"Norrbotten, okänd kommun","Trafikolycka,  vilt",10
2024,11,"Norrbotten, okänd kommun",Trafikbrott,7
2024,11,"Norrbotten, okänd kommun",Narkotikabrott,6
2024,11,"Norrbotten, okänd kommun",Fylleri/LOB,3
2024,11,"Norrbotten, okänd kommun",Misshandel,3
2024,11,"Norrbotten, okänd kommun",Arbetsplatsolycka,2
2024,11,"Norrbotten, okänd kommun",Brand,2
2024,11,"Norrbotten, okänd kommun",Ofredande/förargelse,2
2024,11,"Norrbotten, okänd kommun",Olovlig körning,2
2024,11,"Norrbotten, okänd kommun","Motorfordon,  stöld",1
2024,11,"Norrbotten, okänd kommun",Olaga hot,1
2024,11,"Norrbotten, okänd kommun",Skyddslagen,1
2024,11,"Norrbotten, okänd kommun",Stöld/inbrott,1
2024,11,"Norrbotten, okänd kommun","Trafikolycka,  singel",1
2024,11,"Norrbotten, okänd kommun",Våldtäkt,1
2024,11,Övriga Norrbotten,Sammanfattning natt,1
2024,12,"Norrbotten, okänd kommun",Sammanfattning natt,30
2024,12,"Norrbotten, okänd kommun",Trafikolycka,30
2024,12,"Norrbotten, okänd kommun",Trafikkontroll,23
2024,12,"Norrbotten, okänd kommun",Rattfylleri,13
2024,12,"Norrbotten, okänd kommun",Stöld,11
2024,12,"Norrbotten, okänd kommun",Arbetsplatsolycka,7
2024,12,"Norrbotten, okänd kommun","Trafikolycka,  vilt",6
2024,12,"Norrbotten, okänd kommun",Brand,4
2024,12,"Norrbotten, okänd kommun",Olovlig körning,4
2024,12,"Norrbotten, okänd kommun",Trafikbrott,4
2024,12,"Norrbotten, okänd kommun",Narkotikabrott,3
2024,12,"Norrbotten, okänd kommun",Bråk,2
2024,12,"Norrbotten, okänd kommun",Fylleri/LOB,1
2024,12,"Norrbotten, okänd kommun",Hemfridsbrott,1
2024,12,"Norrbotten, okänd kommun",Knivlagen,1
2024,12,"Norrbotten, okänd kommun",Misshandel,1
2024,12,"Norrbotten, okänd kommun","Motorfordon,  stöld",1
2024,12,"Norrbotten, okänd kommun",Skadegörelse,1
2024,12,"Norrbotten, okänd kommun","Trafikolycka,  smitning från",1
2024,12,"Norrbotten, okänd kommun",Övrigt,1
2024,12,Övriga Norrbotten,Sammanfattning natt,1
2024,12,Övriga Norrbotten,Trafikkontroll,1
2025,1,"Norrbotten, okänd kommun",Trafikkontroll,30
2025,1,"Norrbotten, okänd kommun",Sammanfattning natt,29
2025,1,"Norrbotten, okänd kommun",Trafikolycka,27
2025,1,"Norrbotten, okänd kommun",Rattfylleri,12
2025,1,"Norrbotten, okänd kommun","Trafikolycka,  vilt",7
2025,1,"Norrbotten, okänd kommun",Fylleri/LOB,5
2025,1,"Norrbotten, okänd kommun",Stöld,5
2025,1,"Norrbotten, okänd kommun","Trafikolycka,  singel",5
2025,1,"Norrbotten, okänd kommun",Anträffad död,4
2025,1,"Norrbotten, okänd kommun",Narkotikabrott,4
2025,1,"Norrbotten, okänd kommun",Olovlig körning,4
2025,1,"Norrbotten, okänd kommun",Trafikbrott,4
2025,1,"Norrbotten, okänd kommun",Skadegörelse,3
2025,1,"Norrbotten, okänd kommun",Brand,2
2025,1,"Norrbotten, okänd kommun",Arbetsplatsolycka,1
2025,1,"Norrbotten, okänd kommun",Bedrägeri,1
2025,1,"Norrbotten, okänd kommun",Fjällräddning,1
2025,1,"Norrbotten, okänd kommun","Motorfordon,  stöld",1
2025,1,"Norrbotten, okänd kommun",Olaga hot,1
2025,1,Övriga Norrbotten,Trafikkontroll,2
2025,1,Övriga Norrbotten,Sammanfattning natt,1
2025,2,"Norrbotten, okänd kommun",Sammanfattning natt,28
2025,2,"Norrbotten, okänd kommun",Trafikkontroll,27
2025,2,"Norrbotten, okänd kommun",Rattfylleri,21
2025,2,"Norrbotten, okänd kommun",Trafikolycka,21
2025,2,"Norrbotten, okänd kommun",Stöld,12
2025,2,"Norrbotten, okänd kommun",Trafikbrott,6
2025,2,"Norrbotten, okänd kommun","Trafikolycka,  vilt",4
2025,2,"Norrbotten, okänd kommun",Fylleri/LOB,3
2025,2,"Norrbotten, okänd kommun",Olovlig körning,3
2025,2,"Norrbotten, okänd kommun","Trafikolycka,  singel",3
2025,2,"Norrbotten, okänd kommun",Arbetsplatsolycka,2
2025,2,"Norrbotten, okänd kommun",Brand,2
2025,2,"Norrbotten, okänd kommun",Fjällräddning,2
2025,2,"Norrbotten, okänd kommun",Anträffad död,1
2025,2,"Norrbotten, okänd kommun",Bedrägeri,1
2025,2,"Norrbotten, okänd kommun",Försvunnen person,1
2025,2,"Norrbotten, okänd kommun",Misshandel,1
2025,2,"Norrbotten, okänd kommun",Narkotikabrott,1
2025,2,"Norrbotten, okänd kommun",Skadegörelse,1
2025,2,"Norrbotten, okänd kommun",Trafikhinder,1
2025,2,"Norrbotten, okänd kommun",Vapenlagen,1
2025,2,"Norrbotten, okänd kommun",Våldtäkt,1
2025,2,"Norrbotten, okänd kommun",Övrigt,1
2025,2,Övriga Norrbotten,Sammanfattning natt,1
2025,3,"Norrbotten, okänd kommun",Sammanfattning natt,29
2025,3,"Norrbotten, okänd kommun",Trafikkontroll,26
2025,3,"Norrbotten, okänd kommun",Trafikolycka,21
2025,3,"Norrbotten, okänd kommun",Stöld,14
2025,3,"Norrbotten, okänd kommun",Rattfylleri,13
2025,3,"Norrbotten, okänd kommun",Fjällräddning,9
2025,3,"Norrbotten, okänd kommun",Fylleri/LOB,9
2025,3,"Norrbotten, okänd kommun",Brand,5
2025,3,"Norrbotten, okänd kommun",Narkotikabrott,4
2025,3,"Norrbotten, okänd kommun",Olovlig körning,4
2025,3,"Norrbotten, okänd kommun",Arbetsplatsolycka,3
2025,3,"Norrbotten, okänd kommun",Misshandel,3
2025,3,"Norrbotten, okänd kommun",Trafikbrott,3
2025,3,"Norrbotten, okänd kommun",Bedrägeri,2
2025,3,"Norrbotten, okänd kommun",Skadegörelse,2
2025,3,"Norrbotten, okänd kommun",Övrigt,2
2025,3,"Norrbotten, okänd kommun",Djur,1
2025,3,"Norrbotten, okänd kommun",Knivlagen,1
2025,3,"Norrbotten, okänd kommun","Mord/dråp,  försök",1
2025,3,"Norrbotten, okänd kommun","Motorfordon,  anträffat stulet",1
2025,3,"Norrbotten, okänd kommun","Motorfordon,  stöld",1
2025,3,"Norrbotten, okänd kommun",Olaga hot,1
2025,3,"Norrbotten, okänd kommun",Rån,1
2025,3,"Norrbotten, okänd kommun",Stöld/inbrott,1
2025,3,"Norrbotten, okänd kommun","Trafikolycka,  personskada",1
2025,3,"Norrbotten, okänd kommun","Trafikolycka,  singel",1
2025,3,"Norrbotten, okänd kommun","Trafikolycka,  vilt",1
2025,3,"Norrbotten, okänd kommun",Vapenlagen,1
2025,3,"Norrbotten, okänd kommun",Våld/hot mot tjänsteman,1
2025,3,Övriga Norrbotten,Sammanfattning natt,1
2025,3,Övriga Norrbotten,Trafikkontroll,1
2025,4,"Norrbotten, okänd kommun",Trafikkontroll,30
2025,4,"Norrbotten, okänd kommun",Sammanfattning natt,28
2025,4,"Norrbotten, okänd kommun",Trafikolycka,22
2025,4,"Norrbotten, okänd kommun",Stöld,14
2025,4,"Norrbotten, okänd kommun",Rattfylleri,10
2025,4,"Norrbotten, okänd kommun",Trafikbrott,8
2025,4,"Norrbotten, okänd kommun",Fylleri/LOB,5
2025,4,"Norrbotten, okänd kommun",Narkotikabrott,5
2025,4,"Norrbotten, okänd kommun",Brand,4
2025,4,"Norrbotten, okänd kommun",Fjällräddning,4
2025,4,"Norrbotten, okänd kommun",Misshandel,4
2025,4,"Norrbotten, okänd kommun",Bedrägeri,2
2025,4,"Norrbotten, okänd kommun",Olaga hot,2
2025,4,"Norrbotten, okänd kommun",Olovlig körning,2
2025,4,"Norrbotten, okänd kommun",Skadegörelse,2
2025,4,"Norrbotten, okänd kommun","Trafikolycka,  vilt",2
2025,4,"Norrbotten, okänd kommun",Anträffad död,1
2025,4,"Norrbotten, okänd kommun",Arbetsplatsolycka,1
2025,4,"Norrbotten, okänd kommun",Häleri,1
2025,4,"Norrbotten, okänd kommun",Inbrott,1
2025,4,"Norrbotten, okänd kommun",Knivlagen,1
2025,4,"Norrbotten, okänd kommun","Motorfordon,  anträffat stulet",1
2025,4,"Norrbotten, okänd kommun",Ofredande/förargelse,1
2025,4,"Norrbotten, okänd kommun",Sammanfattning kväll,1
2025,4,"Norrbotten, okänd kommun",Uppdatering,1
2025,4,"Norrbotten, okänd kommun",Vapenlagen,1
2025,4,"Norrbotten, okänd kommun",Våld/hot mot tjänsteman,1
2025,4,Övriga Norrbotten,Sammanfattning natt,2
2025,4,Övriga Norrbotten,Fjällräddning,1
2025,5,"Norrbotten, okänd kommun",Trafikkontroll,32
2025,5,"Norrbotten, okänd kommun",Sammanfattning natt,31
2025,5,"Norrbotten, okänd kommun",Rattfylleri,14
2025,5,"Norrbotten, okänd kommun",Stöld,14
2025,5,"Norrbotten, okänd kommun",Trafikolycka,12
2025,5,"Norrbotten, okänd kommun",Trafikbrott,10
2025,5,"Norrbotten, okänd kommun",Brand,6
2025,5,"Norrbotten, okänd kommun",Arbetsplatsolycka,4
2025,5,"Norrbotten, okänd kommun",Narkotikabrott,3
2025,5,"Norrbotten, okänd kommun",Skadegörelse,3
2025,5,"Norrbotten, okänd kommun","Trafikolycka,  vilt",3
2025,5,"Norrbotten, okänd kommun",Fjällräddning,2
2025,5,"Norrbotten, okänd kommun",Fylleri/LOB,2
2025,5,"Norrbotten, okänd kommun",Misshandel,2
2025,5,"Norrbotten, okänd kommun",Olaga hot,2
2025,5,"Norrbotten, okänd kommun",Olovlig körning,2
2025,5,"Norrbotten, okänd kommun",Övrigt,2
2025,5,"Norrbotten, okänd kommun",Bedrägeri,1
2025,5,"Norrbotten, okänd kommun",Djur,1
2025,5,"Norrbotten, okänd kommun",Inbrott,1
2025,5,"Norrbotten, okänd kommun","Inbrott,  försök",1
2025,5,"Norrbotten, okänd kommun",Knivlagen,1
2025,5,"Norrbotten, okänd kommun",Kontroll person/fordon,1
2025,5,"Norrbotten, okänd kommun","Motorfordon,  anträffat stulet",1
2025,5,"Norrbotten, okänd kommun",Olaga intrång,1
2025,5,"Norrbotten, okänd kommun",Räddningsinsats,1
2025,5,"Norrbotten, okänd kommun",Rån,1
2025,5,"Norrbotten, okänd kommun","Stöld,  försök",1
2025,5,"Norrbotten, okänd kommun",Stöld/inbrott,1
2025,5,"Norrbotten, okänd kommun",Trafikhinder,1
2025,5,"Norrbotten, okänd kommun","Trafikolycka,  personskada",1
2025,5,"Norrbotten, okänd kommun",Våld/hot mot tjänsteman,1
2025,5,"Norrbotten, okänd kommun",Våldtäkt,1
2025,5,"Norrbotten, okänd kommun",Vållande till kroppsskada,1
2025,5,Övriga Norrbotten,Rattfylleri,1
2025,6,"Norrbotten, okänd kommun",Sammanfattning natt,30
2025,6,"Norrbotten, okänd kommun",Trafikolycka,25
2025,6,"Norrbotten, okänd kommun",Trafikkontroll,19
2025,6,"Norrbotten, okänd kommun",Rattfylleri,11
2025,6,"Norrbotten, okänd kommun",Stöld,10
2025,6,"Norrbotten, okänd kommun",Trafikbrott,8
2025,6,"Norrbotten, okänd kommun",Brand,5
2025,6,"Norrbotten, okänd kommun",Fjällräddning,4
2025,6,"Norrbotten, okänd kommun",Fylleri/LOB,3
2025,6,"Norrbotten, okänd kommun",Misshandel,3
2025,6,"Norrbotten, okänd kommun",Narkotikabrott,3
2025,6,"Norrbotten, okänd kommun",Olovlig körning,3
2025,6,"Norrbotten, okänd kommun",Rån,3
2025,6,"Norrbotten, okänd kommun",Skadegörelse,2
2025,6,"Norrbotten, okänd kommun","Trafikolycka,  smitning från",2
2025,6,"Norrbotten, okänd kommun","Trafikolycka,  vilt",2
2025,6,"Norrbotten, okänd kommun",Arbetsplatsolycka,1
2025,6,"Norrbotten, okänd kommun",Bedrägeri,1
2025,6,"Norrbotten, okänd kommun",Inbrott,1
2025,6,"Norrbotten, okänd kommun",Knivlagen,1
2025,6,"Norrbotten, okänd kommun","Mord/dråp,  försök",1
2025,6,"Norrbotten, okänd kommun","Motorfordon,  anträffat stulet",1
2025,6,"Norrbotten, okänd kommun",Ofredande/förargelse,1
2025,6,"Norrbotten, okänd kommun",Olaga intrång,1
2025,6,"Norrbotten, okänd kommun",Räddningsinsats,1
2025,6,"Norrbotten, okänd kommun","Trafikolycka,  singel",1
2025,6,"Norrbotten, okänd kommun",Övrigt,1
2025,6,Övriga Norrbotten,Sammanfattning natt,1
2025,7,"Norrbotten, okänd kommun",Sammanfattning natt,31
2025,7,"Norrbotten, okänd kommun",Trafikkontroll,16
2025,7,"Norrbotten, okänd kommun",Trafikolycka,13
2025,7,"Norrbotten, okänd kommun",Fjällräddning,7
2025,7,"Norrbotten, okänd kommun",Brand,6
2025,7,"Norrbotten, okänd kommun",Rattfylleri,4
2025,7,"Norrbotten, okänd kommun",Trafikbrott,4
2025,7,"Norrbotten, okänd kommun",Försvunnen person,3
2025,7,"Norrbotten, okänd kommun",Rån,3
2025,7,"Norrbotten, okänd kommun",Stöld,3
2025,7,"Norrbotten, okänd kommun",Skadegörelse,2
2025,7,"Norrbotten, okänd kommun","Trafikolycka,  singel",2
2025,7,"Norrbotten, okänd kommun",Anträffad död,1
2025,7,"Norrbotten, okänd kommun",Arbetsplatsolycka,1
2025,7,"Norrbotten, okänd kommun",Bråk,1
2025,7,"Norrbotten, okänd kommun",Fylleri/LOB,1
2025,7,"Norrbotten, okänd kommun",Inbrott,1
2025,7,"Norrbotten, okänd kommun",Mord/dråp,1
2025,7,"Norrbotten, okänd kommun",Olaga hot,1
2025,7,"Norrbotten, okänd kommun",Räddningsinsats,1
2025,7,"Norrbotten, okänd kommun",Stöld/inbrott,1
2025,7,"Norrbotten, okänd kommun","Trafikolycka,  vilt",1
2025,7,"Norrbotten, okänd kommun",Vapenlagen,1
2025,7,"Norrbotten, okänd kommun",Vållande till kroppsskada,1
2025,7,"Norrbotten, okänd kommun",Övrigt,1
2025,7,Övriga Norrbotten,Arbetsplatsolycka,1
2025,7,Övriga Norrbotten,Övrigt,1
2025,8,"Norrbotten, okänd kommun",Trafikkontroll,32
2025,8,"Norrbotten, okänd kommun",Sammanfattning natt,29
2025,8,"Norrbotten, okänd kommun",Trafikolycka,17
2025,8,"Norrbotten, okänd kommun",Fjällräddning,12
2025,8,"Norrbotten, okänd kommun",Rattfylleri,8
2025,8,"Norrbotten, okänd kommun",Stöld,7
2025,8,"Norrbotten, okänd kommun",Brand,4
2025,8,"Norrbotten, okänd kommun",Trafikbrott,4
2025,8,"Norrbotten, okänd kommun","Trafikolycka,  vilt",4
2025,8,"Norrbotten, okänd kommun",Fylleri/LOB,3
2025,8,"Norrbotten, okänd kommun",Försvunnen person,2
2025,8,"Norrbotten, okänd kommun","Misshandel,  grov",2
2025,8,"Norrbotten, okänd kommun",Narkotikabrott,2
2025,8,"Norrbotten, okänd kommun",Olovlig körning,2
2025,8,"Norrbotten, okänd kommun",Arbetsplatsolycka,1
2025,8,"Norrbotten, okänd kommun",Knivlagen,1
2025,8,"Norrbotten, okänd kommun",Luftfartslagen,1
2025,8,"Norrbotten, okänd kommun","Motorfordon,  stöld",1
2025,8,"Norrbotten, okänd kommun",Skyddslagen,1
2025,8,"Norrbotten, okänd kommun","Trafikolycka,  smitning från",1
2025,8,"Norrbotten, okänd kommun",Uppdatering,1
2025,8,"Norrbotten, okänd kommun",Övrigt,1
2025,8,Övriga Norrbotten,Sammanfattning natt,2
2025,8,Övriga Norrbotten,Trafikkontroll,1
2025,9,"Norrbotten, okänd kommun",Trafikkontroll,32
2025,9,"Norrbotten, okänd kommun",Sammanfattning natt,29
2025,9,"Norrbotten, okänd kommun",Trafikolycka,23
2025,9,"Norrbotten, okänd kommun",Rattfylleri,13
2025,9,"Norrbotten, okänd kommun",Stöld,13
2025,9,"Norrbotten, okänd kommun",Fylleri/LOB,10
2025,9,"Norrbotten, okänd kommun","Trafikolycka,  vilt",6
2025,9,"Norrbotten, okänd kommun",Arbetsplatsolycka,5
2025,9,"Norrbotten, okänd kommun",Bedrägeri,5
2025,9,"Norrbotten, okänd kommun",Trafikbrott,5
2025,9,"Norrbotten, okänd kommun",Fjällräddning,4
2025,9,"Norrbotten, okänd kommun",Knivlagen,4
2025,9,"Norrbotten, okänd kommun",Misshandel,4
2025,9,"Norrbotten, okänd kommun",Olovlig körning,4
2025,9,"Norrbotten, okänd kommun",Skadegörelse,3
2025,9,"Norrbotten, okänd kommun",Brand,2
2025,9,"Norrbotten, okänd kommun",Vapenlagen,2
2025,9,"Norrbotten, okänd kommun",Försvunnen person,1
2025,9,"Norrbotten, okänd kommun",Häleri,1
2025,9,"Norrbotten, okänd kommun",Luftfartslagen,1
2025,9,"Norrbotten, okänd kommun","Motorfordon,  stöld",1
2025,9,"Norrbotten, okänd kommun",Narkotikabrott,1
2025,9,"Norrbotten, okänd kommun",Ofredande/förargelse,1
2025,9,"Norrbotten, okänd kommun",Olaga hot,1
2025,9,"Norrbotten, okänd kommun",Sexualbrott,1
2025,9,"Norrbotten, okänd kommun","Stöld,  försök",1
2025,9,"Norrbotten, okänd kommun",Våld/hot mot tjänsteman,1
2025,9,"Norrbotten, okänd kommun",Övrigt,1
2025,9,Övriga Norrbotten,Misshandel,1
2025,9,Övriga Norrbotten,Sammanfattning dag,1
2025,9,Övriga Norrbotten,Trafikkontroll,1
2025,10,Luleå kommun,Sammanfattning natt,1
2025,10,"Norrbotten, okänd kommun",Trafikkontroll,32
2025,10,"Norrbotten, okänd kommun",Sammanfattning natt,30
2025,10,"Norrbotten, okänd kommun",Trafikolycka,24
2025,10,"Norrbotten, okänd kommun",Stöld,15
2025,10,"Norrbotten, okänd kommun","Trafikolycka,  vilt",7
2025,10,"Norrbotten, okänd kommun",Arbetsplatsolycka,5
2025,10,"Norrbotten, okänd kommun",Rattfylleri,5
2025,10,"Norrbotten, okänd kommun",Bedrägeri,4
2025,10,"Norrbotten, okänd kommun",Brand,4
2025,10,"Norrbotten, okänd kommun",Olovlig körning,4
2025,10,"Norrbotten, okänd kommun",Skadegörelse,4
2025,10,"Norrbotten, okänd kommun",Fylleri/LOB,3
2025,10,"Norrbotten, okänd kommun",Misshandel,3
2025,10,"Norrbotten, okänd kommun",Trafikbrott,3
2025,10,"Norrbotten, okänd kommun",Bråk,2
2025,10,"Norrbotten, okänd kommun",Djur,2
2025,10,"Norrbotten, okänd kommun",Inbrott,2
2025,10,"Norrbotten, okänd kommun",Knivlagen,2
2025,10,"Norrbotten, okänd kommun",Narkotikabrott,2
2025,10,"Norrbotten, okänd kommun",Försvunnen person,1
2025,10,"Norrbotten, okänd kommun",Miljöbrott,1
2025,10,"Norrbotten, okänd kommun","Misshandel,  grov",1
2025,10,"Norrbotten, okänd kommun","Motorfordon,  anträffat stulet",1
2025,10,"Norrbotten, okänd kommun",Ofredande/förargelse,1
2025,10,"Norrbotten, okänd kommun",Olaga hot,1
2025,10,"Norrbotten, okänd kommun",Rån,1
2025,10,"Norrbotten, okänd kommun","Stöld,  försök",1
2025,10,"Norrbotten, okänd kommun",Stöld/inbrott,1
2025,10,"Norrbotten, okänd kommun","Trafikolycka,  singel",1
2025,10,"Norrbotten, okänd kommun",Våld/hot mot tjänsteman,1
2025,10,"Norrbotten, okänd kommun",Vållande till kroppsskada,1
2025,10,"Norrbotten, okänd kommun",Övrigt,1
2025,10,Övriga Norrbotten,Trafikkontroll,1
2025,11,Luleå kommun,Sammanfattning natt,1
2025,11,"Norrbotten, okänd kommun",Trafikolycka,33
2025,11,"Norrbotten, okänd kommun",Sammanfattning natt,28
2025,11,"Norrbotten, okänd kommun",Trafikkontroll,23
2025,11,"Norrbotten, okänd kommun","Trafikolycka,  vilt",11
2025,11,"Norrbotten, okänd kommun",Stöld,10
2025,11,"Norrbotten, okänd kommun",Rattfylleri,9
2025,11,"Norrbotten, okänd kommun",Trafikbrott,6
2025,11,"Norrbotten, okänd kommun",Brand,4
2025,11,"Norrbotten, okänd kommun",Fylleri/LOB,3
2025,11,"Norrbotten, okänd kommun",Narkotikabrott,3
2025,11,"Norrbotten, okänd kommun",Olaga hot,3
2025,11,"Norrbotten, okänd kommun",Arbetsplatsolycka,2
2025,11,"Norrbotten, okänd kommun",Misshandel,2
2025,11,"Norrbotten, okänd kommun",Skadegörelse,2
2025,11,"Norrbotten, okänd kommun",Bråk,1
2025,11,"Norrbotten, okänd kommun",Information,1
2025,11,"Norrbotten, okänd kommun","Motorfordon,  stöld",1
2025,11,"Norrbotten, okänd kommun",Rån,1
2025,11,"Norrbotten, okänd kommun",Smällar,1
2025,11,"Norrbotten, okänd kommun",Stöld/inbrott,1
2025,11,"Norrbotten, okänd kommun",Trafikhinder,1
2025,11,"Norrbotten, okänd kommun","Trafikolycka,  personskada",1
2025,11,"Norrbotten, okänd kommun","Trafikolycka,  singel",1
2025,12,"Norrbotten, okänd kommun",Trafikolycka,37
2025,12,"Norrbotten, okänd kommun",Sammanfattning natt,29
2025,12,"Norrbotten, okänd kommun",Trafikkontroll,25
2025,12,"Norrbotten, okänd kommun","Trafikolycka,  vilt",14
2025,12,"Norrbotten, okänd kommun",Rattfylleri,9
2025,12,"Norrbotten, okänd kommun",Stöld,7
2025,12,"Norrbotten, okänd kommun",Fylleri/LOB,4
2025,12,"Norrbotten, okänd kommun","Trafikolycka,  singel",4
2025,12,"Norrbotten, okänd kommun",Bedrägeri,3
2025,12,"Norrbotten, okänd kommun",Brand,3
2025,12,"Norrbotten, okänd kommun",Misshandel,3
2025,12,"Norrbotten, okänd kommun",Narkotikabrott,2
2025,12,"Norrbotten, okänd kommun",Ofredande/förargelse,2
2025,12,"Norrbotten, okänd kommun",Arbetsplatsolycka,1
2025,12,"Norrbotten, okänd kommun",Bråk,1
2025,12,"Norrbotten, okänd kommun",Djur,1
2025,12,"Norrbotten, okänd kommun",Försvunnen person,1
2025,12,"Norrbotten, okänd kommun",Kontroll,1
2025,12,"Norrbotten, okänd kommun",Mord/dråp,1
2025,12,"Norrbotten, okänd kommun","Mord/dråp,  försök",1
2025,12,"Norrbotten, okänd kommun",Olovlig körning,1
2025,12,"Norrbotten, okänd kommun",Trafikbrott,1
2025,12,"Norrbotten, okänd kommun",Trafikhinder,1
2025,12,"Norrbotten, okänd kommun","Trafikolycka,  smitning från",1
2025,12,"Norrbotten, okänd kommun",Övrigt,1
2025,12,Övriga Norrbotten,Sammanfattning natt,2
2026,1,"Norrbotten, okänd kommun",Sammanfattning natt,28
2026,1,"Norrbotten, okänd kommun",Trafikkontroll,27
2026,1,"Norrbotten, okänd kommun",Trafikolycka,19
2026,1,"Norrbotten, okänd kommun",Stöld,14
2026,1,"Norrbotten, okänd kommun",Brand,8
2026,1,"Norrbotten, okänd kommun","Trafikolycka,  vilt",7
2026,1,"Norrbotten, okänd kommun",Misshandel,4
2026,1,"Norrbotten, okänd kommun",Rattfylleri,4
2026,1,"Norrbotten, okänd kommun",Trafikbrott,4
2026,1,"Norrbotten, okänd kommun",Fylleri/LOB,3
2026,1,"Norrbotten, okänd kommun",Arbetsplatsolycka,2
2026,1,"Norrbotten, okänd kommun",Knivlagen,2
2026,1,"Norrbotten, okänd kommun",Narkotikabrott,2
2026,1,"Norrbotten, okänd kommun",Olovlig körning,2
2026,1,"Norrbotten, okänd kommun","Trafikolycka,  singel",2
2026,1,"Norrbotten, okänd kommun",Bedrägeri,1
2026,1,"Norrbotten, okänd kommun",Olaga intrång,1
2026,1,"Norrbotten, okänd kommun",Polisinsats/kommendering,1
2026,1,"Norrbotten, okänd kommun",Skadegörelse,1
2026,1,"Norrbotten, okänd kommun",Skyddslagen,1
2026,1,"Norrbotten, okänd kommun","Trafikolycka,  smitning från",1
2026,1,"Norrbotten, okänd kommun",Våldtäkt,1
2026,1,Övriga Norrbotten,Sammanfattning natt,3
2026,1,Övriga Norrbotten,"Trafikolycka,  vilt",1
2026,2,"Norrbotten, okänd kommun",Sammanfattning natt,25
2026,2,"Norrbotten, okänd kommun",Trafikolycka,25
2026,2,"Norrbotten, okänd kommun",Trafikkontroll,20
2026,2,"Norrbotten, okänd kommun",Rattfylleri,13
2026,2,"Norrbotten, okänd kommun",Stöld,9
2026,2,"Norrbotten, okänd kommun",Brand,8
2026,2,"Norrbotten, okänd kommun","Trafikolycka,  vilt",6
2026,2,"Norrbotten, okänd kommun",Trafikbrott,5
2026,2,"Norrbotten, okänd kommun",Olovlig körning,3
2026,2,"Norrbotten, okänd kommun",Skadegörelse,3
2026,2,"Norrbotten, okänd kommun",Övrigt,3
2026,2,"Norrbotten, okänd kommun",Arbetsplatsolycka,2
2026,2,"Norrbotten, okänd kommun",Bedrägeri,2
2026,2,"Norrbotten, okänd kommun",Fylleri/LOB,2
2026,2,"Norrbotten, okänd kommun",Misshandel,2
2026,2,"Norrbotten, okänd kommun",Narkotikabrott,2
2026,2,"Norrbotten, okänd kommun",Stöld/inbrott,2
2026,2,"Norrbotten, okänd kommun","Trafikolycka,  singel",2
2026,2,"Norrbotten, okänd kommun",Fjällräddning,1
2026,2,"Norrbotten, okänd kommun",Inbrott,1
2026,2,"Norrbotten, okänd kommun",Knivlagen,1
2026,2,"Norrbotten, okänd kommun",Ofredande/förargelse,1
2026,2,"Norrbotten, okänd kommun",Sabotage mot blåljusverksamhet,1
2026,2,"Norrbotten, okänd kommun","Trafikolycka,  smitning från",1
2026,2,"Norrbotten, okänd kommun",Vapenlagen,1
2026,2,"Norrbotten, okänd kommun",Våld/hot mot tjänsteman,1
2026,2,Övriga Norrbotten,Sammanfattning natt,2
2026,2,Övriga Norrbotten,Trafikkontroll,1
2026,3,"Norrbotten, okänd kommun",Trafikkontroll,37
2026,3,"Norrbotten, okänd kommun",Sammanfattning natt,32
2026,3,"Norrbotten, okänd kommun",Trafikolycka,24
2026,3,"Norrbotten, okänd kommun",Rattfylleri,12
2026,3,"Norrbotten, okänd kommun",Brand,5
2026,3,"Norrbotten, okänd kommun",Fjällräddning,5
2026,3,"Norrbotten, okänd kommun",Stöld,5
2026,3,"Norrbotten, okänd kommun",Fylleri,4
2026,3,"Norrbotten, okänd kommun",Misshandel,4
2026,3,"Norrbotten, okänd kommun",Trafikbrott,4
2026,3,"Norrbotten, okänd kommun",Narkotikabrott,3
2026,3,"Norrbotten, okänd kommun",Övrigt,2
2026,3,"Norrbotten, okänd kommun",Arbetsplatsolycka,1
2026,3,"Norrbotten, okänd kommun",Bedrägeri,1
2026,3,"Norrbotten, okänd kommun",Bråk,1
2026,3,"Norrbotten, okänd kommun",Hemfridsbrott,1
2026,3,"Norrbotten, okänd kommun",Häleri,1
2026,3,"Norrbotten, okänd kommun","Misshandel,  grov",1
2026,3,"Norrbotten, okänd kommun",Trafikhinder,1
2026,3,"Norrbotten, okänd kommun","Trafikolycka,  personskada",1
2026,3,Övriga Norrbotten,Trafikkontroll,1
2026,4,Luleå kommun,Trafikkontroll,1
2026,4,"Norrbotten, okänd kommun",Sammanfattning natt,29
2026,4,"Norrbotten, okänd kommun",Trafikkontroll,28
2026,4,"Norrbotten, okänd kommun",Trafikolycka,14
2026,4,"Norrbotten, okänd kommun",Brand,6
2026,4,"Norrbotten, okänd kommun",Arbetsplatsolycka,5
2026,4,"Norrbotten, okänd kommun",Fylleri,3
2026,4,"Norrbotten, okänd kommun",Olovlig körning,3
2026,4,"Norrbotten, okänd kommun",Stöld,3
2026,4,"Norrbotten, okänd kommun",Övrigt,3
2026,4,"Norrbotten, okänd kommun",Misshandel,2
2026,4,"Norrbotten, okänd kommun",Narkotikabrott,2
2026,4,"Norrbotten, okänd kommun",Skadegörelse,2
2026,4,"Norrbotten, okänd kommun",Trafikbrott,2
2026,4,"Norrbotten, okänd kommun",Bedrägeri,1
2026,4,"Norrbotten, okänd kommun",Fjällräddning,1
2026,4,"Norrbotten, okänd kommun",Försvunnen person,1
2026,4,"Norrbotten, okänd kommun","Motorfordon,  stöld",1
2026,4,"Norrbotten, okänd kommun",Ofredande/förargelse,1
2026,4,Övriga Norrbotten,Trafikkontroll,1
2026,5,"Norrbotten, okänd kommun",Sammanfattning natt,31
2026,5,"Norrbotten, okänd kommun",Trafikkontroll,31
2026,5,"Norrbotten, okänd kommun",Trafikolycka,12
2026,5,"Norrbotten, okänd kommun",Rattfylleri,8
2026,5,"Norrbotten, okänd kommun",Stöld,7
2026,5,"Norrbotten, okänd kommun",Trafikbrott,7
2026,5,"Norrbotten, okänd kommun",Fylleri,5
2026,5,"Norrbotten, okänd kommun",Övrigt,5
2026,5,"Norrbotten, okänd kommun",Arbetsplatsolycka,3
2026,5,"Norrbotten, okänd kommun",Misshandel,3
2026,5,"Norrbotten, okänd kommun","Trafikolycka,  vilt",3
2026,5,"Norrbotten, okänd kommun",Bedrägeri,2
2026,5,"Norrbotten, okänd kommun",Brand,2
2026,5,"Norrbotten, okänd kommun",Inbrott,2
2026,5,"Norrbotten, okänd kommun",Narkotikabrott,2
2026,5,"Norrbotten, okänd kommun",Skadegörelse,2
2026,5,"Norrbotten, okänd kommun",Stöld/inbrott,2
2026,5,"Norrbotten, okänd kommun",Fjällräddning,1
2026,5,"Norrbotten, okänd kommun",Försvunnen person,1
2026,5,"Norrbotten, okänd kommun","Motorfordon,  stöld",1
2026,5,"Norrbotten, okänd kommun",Olovlig körning,1
2026,5,"Norrbotten, okänd kommun","Trafikolycka,  personskada",1
2026,5,"Norrbotten, okänd kommun","Trafikolycka,  singel",1
2026,5,"Norrbotten, okänd kommun",Vapenlagen,1
2026,5,"Norrbotten, okänd kommun",Vållande till kroppsskada,1
2026,6,"Norrbotten, okänd kommun",Trafikkontroll,31
2026,6,"Norrbotten, okänd kommun",Sammanfattning natt,29
2026,6,"Norrbotten, okänd kommun",Trafikolycka,18
2026,6,"Norrbotten, okänd kommun",Brand,8
2026,6,"Norrbotten, okänd kommun",Stöld,6
2026,6,"Norrbotten, okänd kommun",Rattfylleri,5
2026,6,"Norrbotten, okänd kommun",Fylleri,4
2026,6,"Norrbotten, okänd kommun",Trafikbrott,4
2026,6,"Norrbotten, okänd kommun",Arbetsplatsolycka,3
2026,6,"Norrbotten, okänd kommun",Fjällräddning,3
2026,6,"Norrbotten, okänd kommun","Trafikolycka,  vilt",3
2026,6,"Norrbotten, okänd kommun",Knivlagen,2
2026,6,"Norrbotten, okänd kommun",Olaga hot,2
2026,6,"Norrbotten, okänd kommun",Ordningslagen,2
2026,6,"Norrbotten, okänd kommun",Skadegörelse,2
2026,6,"Norrbotten, okänd kommun",Skyddslagen,2
2026,6,"Norrbotten, okänd kommun","Trafikolycka,  singel",2
2026,6,"Norrbotten, okänd kommun",Övrigt,2
2026,6,"Norrbotten, okänd kommun",Bedrägeri,1
2026,6,"Norrbotten, okänd kommun",Bråk,1
2026,6,"Norrbotten, okänd kommun","Mord/dråp,  försök",1
2026,6,"Norrbotten, okänd kommun",Mordbrand,1
2026,6,"Norrbotten, okänd kommun","Motorfordon,  stöld",1
2026,6,"Norrbotten, okänd kommun",Narkotikabrott,1
2026,6,"Norrbotten, okänd kommun",Ofredande/förargelse,1
2026,6,"Norrbotten, okänd kommun",Olaga intrång,1
2026,6,"Norrbotten, okänd kommun",Olovlig körning,1
2026,6,"Norrbotten, okänd kommun",Sabotage mot blåljusverksamhet,1
2026,6,"Norrbotten, okänd kommun",Sexualbrott,1
2026,6,"Norrbotten, okänd kommun","Trafikolycka,  personskada",1
2026,6,"Norrbotten, okänd kommun",Upphittat föremål,1
2026,6,Övriga Norrbotten,Sammanfattning natt,1
2026,6,Övriga Norrbotten,Trafikkontroll,1
2026,7,"Norrbotten, okänd kommun",Sammanfattning natt,27
2026,7,"Norrbotten, okänd kommun",Trafikkontroll,21
2026,7,"Norrbotten, okänd kommun",Trafikolycka,14
2026,7,"Norrbotten, okänd kommun",Fjällräddning,6
2026,7,"Norrbotten, okänd kommun",Försvunnen person,4
2026,7,"Norrbotten, okänd kommun",Rattfylleri,4
2026,7,"Norrbotten, okänd kommun","Trafikolycka,  vilt",4
2026,7,"Norrbotten, okänd kommun",Misshandel,3
2026,7,"Norrbotten, okänd kommun",Narkotikabrott,3
2026,7,"Norrbotten, okänd kommun",Arbetsplatsolycka,2
2026,7,"Norrbotten, okänd kommun",Brand,2
2026,7,"Norrbotten, okänd kommun",Knivlagen,2
2026,7,"Norrbotten, okänd kommun",Bedrägeri,1
2026,7,"Norrbotten, okänd kommun","Farligt föremål,  misstänkt",1
2026,7,"Norrbotten, okänd kommun",Fylleri,1
2026,7,"Norrbotten, okänd kommun",Inbrott,1
2026,7,"Norrbotten, okänd kommun","Motorfordon,  stöld",1
2026,7,"Norrbotten, okänd kommun",Ofredande/förargelse,1
2026,7,"Norrbotten, okänd kommun",Olovlig körning,1
2026,7,"Norrbotten, okänd kommun",Skadegörelse,1
2026,7,"Norrbotten, okänd kommun",Stöld,1
2026,7,"Norrbotten, okänd kommun",Trafikbrott,1
2026,7,"Norrbotten, okänd kommun","Trafikolycka,  personskada",1
2026,7,"Norrbotten, okänd kommun",Uppdatering,1
2026,7,"Norrbotten, okänd kommun",Vapenlagen,1
2026,7,"Norrbotten, okänd kommun",Våld/hot mot tjänsteman,1
2026,7,"Norrbotten, okänd kommun",Övrigt,1
2026,7,Övriga Norrbotten,Sammanfattning natt,4
2026,7,Övriga Norrbotten,Sammanfattning helg,1
2026,7,Övriga Norrbotten,Stöld/inbrott,1
2026,8,"Norrbotten, okänd kommun",Sammanfattning natt,29
2026,8,"Norrbotten, okänd kommun",Trafikkontroll,22
2026,8,"Norrbotten, okänd kommun",Trafikolycka,13
2026,8,"Norrbotten, okänd kommun",Fylleri,7
2026,8,"Norrbotten, okänd kommun",Rattfylleri,7
2026,8,"Norrbotten, okänd kommun","Trafikolycka,  vilt",7
2026,8,"Norrbotten, okänd kommun",Fjällräddning,5
2026,8,"Norrbotten, okänd kommun",Misshandel,4
2026,8,"Norrbotten, okänd kommun",Narkotikabrott,4
2026,8,"Norrbotten, okänd kommun",Stöld,4
2026,8,"Norrbotten, okänd kommun",Trafikbrott,4
2026,8,"Norrbotten, okänd kommun",Arbetsplatsolycka,3
2026,8,"Norrbotten, okänd kommun",Brand,3
2026,8,"Norrbotten, okänd kommun",Skadegörelse,3
2026,8,"Norrbotten, okänd kommun","Trafikolycka,  singel",3
2026,8,"Norrbotten, okänd kommun",Olovlig körning,2
2026,8,"Norrbotten, okänd kommun",Skyddslagen,2
2026,8,"Norrbotten, okänd kommun",Övrigt,2
2026,8,"Norrbotten, okänd kommun",Bråk,1
2026,8,"Norrbotten, okänd kommun",Knivlagen,1
2026,8,"Norrbotten, okänd kommun","Motorfordon,  stöld",1
2026,8,"Norrbotten, okänd kommun",Olaga intrång,1
2026,8,"Norrbotten, okänd kommun",Stöld/inbrott,1
2026,8,"Norrbotten, okänd kommun","Trafikolycka,  smitning från",1
2026,8,Övriga Norrbotten,Sammanfattning natt,2
2026,9,"Norrbotten, okänd kommun",Sammanfattning natt,29
2026,9,"Norrbotten, okänd kommun",Trafikkontroll,21
2026,9,"Norrbotten, okänd kommun",Trafikolycka,17
2026,9,"Norrbotten, okänd kommun",Fylleri,7
2026,9,"Norrbotten, okänd kommun",Misshandel,7
2026,9,"Norrbotten, okänd kommun",Stöld,7
2026,9,"Norrbotten, okänd kommun",Rattfylleri,6
2026,9,"Norrbotten, okänd kommun",Arbetsplatsolycka,5
2026,9,"Norrbotten, okänd kommun",Brand,5
2026,9,"Norrbotten, okänd kommun",Fjällräddning,3
2026,9,"Norrbotten, okänd kommun",Narkotikabrott,3
2026,9,"Norrbotten, okänd kommun",Olaga hot,3
2026,9,"Norrbotten, okänd kommun","Trafikolycka,  vilt",3
2026,9,"Norrbotten, okänd kommun",Ofredande/förargelse,2
2026,9,"Norrbotten, okänd kommun",Stöld/inbrott,2
2026,9,"Norrbotten, okänd kommun","Trafikolycka,  smitning från",2
2026,9,"Norrbotten, okänd kommun",Bråk,1
2026,9,"Norrbotten, okänd kommun",Försvunnen person,1
2026,9,"Norrbotten, okänd kommun",Inbrott,1
2026,9,"Norrbotten, okänd kommun",Knivlagen,1
2026,9,"Norrbotten, okänd kommun","Motorfordon,  anträffat stulet",1
2026,9,"Norrbotten, okänd kommun",Olovlig körning,1
2026,9,"Norrbotten, okänd kommun",Trafikbrott,1
2026,9,"Norrbotten, okänd kommun",Trafikhinder,1
2026,9,"Norrbotten, okänd kommun",Övrigt,1
2026,9,Övriga Norrbotten,Sammanfattning natt,1
2026,10,"Norrbotten, okänd kommun",Sammanfattning natt,7
2026,10,"Norrbotten, okänd kommun",Trafikkontroll,6
2026,10,"Norrbotten, okänd kommun",Rattfylleri,4
2026,10,"Norrbotten, okänd kommun",Fylleri,2
2026,10,"Norrbotten, okänd kommun",Arbetsplatsolycka,1
2026,10,"Norrbotten, okänd kommun",Häleri,1
2026,10,"Norrbotten, okänd kommun",Misshandel,1
2026,10,"Norrbotten, okänd kommun",Narkotikabrott,1
2026,10,"Norrbotten, okänd kommun",Olaga hot,1
2026,10,"Norrbotten, okänd kommun",Olaga intrång,1
2026,10,"Norrbotten, okänd kommun",Skadegörelse,1
2026,10,"Norrbotten, okänd kommun",Stöld,1
2026,10,"Norrbotten, okänd kommun",Trafikbrott,1
2026,10,"Norrbotten, okänd kommun",Trafikolycka,1
2026,10,Övriga Norrbotten,Mord/dråp,1
