event_id,date,type_original,title_location,location_string,municipality,municipality_source,geography_group,is_summary,headline,description,content,external_source_link,brottsplatskartan_url
1368,2016-10-24,Trafikbrott,Luleå,"Luleå, Norrbottens län",Luleå,existing_pre_source,Luleå kommun,False,Vid kontroll på E4 Börjeslandet stoppas en personbil.,Vid kontroll på E4 Börjeslandet stoppas en personbil.,"Föraren, en man född 1966, har gjort sig skyldig till hastighetsöverträdelse. Ordningsbot utfärdad.
Polisen Norrbotten",http://polisen.se/Stockholms_lan/Aktuellt/Handelser/Norrbotten/2016-10-24-1214-Trafikbrott-Lulea/,https://brottsplatskartan.se/norrbottens-lan/trafikbrott-lulea-1368
5440,2016-11-25,Trafikolycka,Luleå,"Börjelslandet, Luleå, Norrbottens län",Luleå,existing_pre_source,Luleå kommun,False,"E4 Börjeslandet, trafikolycka med flera fordon inblandade.","E4 Börjeslandet, trafikolycka med flera fordon inblandade.","En trafikolycka med flera fordon inblandade har inträffat på E4 vid Smedsbyn i Börjelslandet, i södergående. Tre bilar ska vara inblandade och alla sex personerna ska vara ute ur bilarna. 
Enligt de första uppgifterna ska de vara chockade, men inte allvarligt skadade. Trafiken stängde av i södergående körfält vid 14:45 på grund av bärgningsarbete. 
En anmälan om vårdslöshet i trafik har upprättats.
Polisen Norrbotten",http://polisen.se/Stockholms_lan/Aktuellt/Handelser/Norrbotten/2016-11-25-1420-Trafikolycka-Lulea/,https://brottsplatskartan.se/norrbottens-lan/trafikolycka-lulea-5440
7844,2016-12-13,"Trafikolycka,  singel",Luleå,"Råneå, Luleå, Norrbottens län",Luleå,existing_pre_source,Luleå kommun,False,"Börjeslandet, personbil i diket.","Börjeslandet, personbil i diket.","En personbil ska ha kört av vägen på E4 mellan Luleå och Råneå i norrgående körfält. Räddningstjänst och ambulans är på väg.
Polisen Norrbotten",http://polisen.se/Stockholms_lan/Aktuellt/Handelser/Norrbotten/2016-12-13-0726-Trafikolycka-singel-Lulea/,https://brottsplatskartan.se/norrbottens-lan/trafikolycka-singel-lulea-7844
10472,2016-12-30,Trafikhinder,Luleå,"Persön, Luleå, Norrbottens län",Luleå,existing_pre_source,Luleå kommun,False,"E4, två lastbilar över vägen.","E4, två lastbilar över vägen.","Avåkningarna ska ha skett i höjd med E4 Börjeslandet/Persön.
Gäller norrgående körfält. Inte totalstopp i trafiken, går att passera om man kör försiktigt.
<strong>Uppdatering klockan 09:11</strong>
En del trafikköer har bildats. Det uppges vara mycket halt på plats.
Iakttag försiktighet om du befinner dig i området. Tänk på att hålla avståndet till framförvarande fordon och anpassa hastigheten efter rådande förhållanden.
 
Polisen Norrbotten",http://polisen.se/Stockholms_lan/Aktuellt/Handelser/Norrbotten/2016-12-30-0843-Trafikhinder-Lulea/,https://brottsplatskartan.se/norrbottens-lan/trafikhinder-lulea-10472
15020,2017-02-02,Trafikolycka,Luleå,"Luleå, Norrbottens län",Luleå,existing_pre_source,Luleå kommun,False,Singelolycka på E4 vid Börjeslandet.,Singelolycka på E4 vid Börjeslandet.,"Personbil med släp som kört in i mitträcket. Båda fordonen behöver bärgas. Inga uppgifter om personskador.
<strong>Uppdatering 12:48</strong>
Patrull har hållit förhör och upprättat anmälan trafikolycka.
Polisen Norrbotten",http://polisen.se/Stockholms_lan/Aktuellt/Handelser/Norrbotten/2017-02-02-1145-Trafikolycka-Lulea/,https://brottsplatskartan.se/norrbottens-lan/trafikolycka-lulea-15020
15019,2017-02-02,Trafikolycka,Luleå,"Luleå, Norrbottens län",Luleå,existing_pre_source,Luleå kommun,False,Seriekrock på E4 vid Börjeslandet.,Seriekrock på E4 vid Börjeslandet.,"Ska enligt initiala uppgifter vara tre bilar som är inblandade. Totalt 7 personer i fordonen varav en person som ska vara skadad. Bärgare är beställd.
Polisen Norrbotten",http://polisen.se/Stockholms_lan/Aktuellt/Handelser/Norrbotten/2017-02-02-1209-Trafikolycka-Lulea/,https://brottsplatskartan.se/norrbottens-lan/trafikolycka-lulea-15019
22366,2017-03-27,Trafikolycka,Luleå,"Luleå, Norrbottens län",Luleå,existing_pre_source,Luleå kommun,False,"E4 Börjeslandet, lastbil och personbil som kolliderat.","E4 Börjeslandet, lastbil och personbil som kolliderat.","Inga personskador.
Bärgare beställd.
Polisen Norrbotten",http://polisen.se/Stockholms_lan/Aktuellt/Handelser/Norrbotten/2017-03-27-1332-Trafikolycka-Lulea/,https://brottsplatskartan.se/norrbottens-lan/trafikolycka-lulea-22366
36982,2017-08-01,"Trafikolycka,  personskada",Luleå,"Luleå, Norrbottens län",Luleå,existing_pre_source,Luleå kommun,False,"E4, Börjeslandet, singelolycka personbil av vägen","E4, Börjeslandet, singelolycka personbil av vägen","Enligt preliminära uppgifter så har bilen åkt av vägen, krockat med en stolpe och sedan hamnat på taket. Räddningsenheter på väg. Texten uppdateras.
Polisen Norrbotten",http://polisen.se/Stockholms_lan/Aktuellt/Handelser/Norrbotten/2017-08-01-1017-Trafikolycka-personskada-Lulea/,https://brottsplatskartan.se/norrbottens-lan/trafikolycka-personskada-lulea-36982
39503,2017-08-26,Sammanfattning natt,Norrbotten,"Övertorneå, Storheden, Luleå, Boden, Porsön, Kiruna, Notviken, Gällivare, Norrbotten, Norrbottens län",,unknown,"Norrbotten, okänd kommun",True,Sammanfattning Norrbotten,Sammanfattning Norrbotten,"23.00-24:00 sammanfattning RLC befäl Mathias Borin
22.36 Övertorneå Patrull stoppar en bil, föraren född 93 misstänks för rattfylleri samt olovlig körning, han medtas för provtagning.
22.59 Östra norrbotten, larm inkommer om bråk i bostad patrull anträffar en man i 20 årsldern som överlämnas till sjukvården.
-----------
00.00-06.00 sammanfattning kommunikatör Markus Isacson
00:16 Storheden, Luleå: Personbil anträffad stulen. En anmälan har upprättats.
00:16 Boden, Centrum: Personbil stoppas och man blåser positivt. Personen fick följa med för ytterligare kroppsbesiktning. En anmälan hr nu upprättats.
00:55 Porsön, Luleå: Kvinna omhändertagen enligt LOB.
01:44 Kiruna centrum: Personbil stoppas och föraren misstänks för drograttfylleri. Provtagning under natten visar positivt och mannens körkort omhändertas. En anmälan har också upprättats.
02:00 Notviken, Luleå: Polis larmas till en adress där bråk uppstått mellan en man och en kvinna. Då polis kommer till platsen har den misstänkte gärningsmannen försvunnit från platsen. En anmälan om ringa misshandel och olaga hot har upprättats efter att förhör hållits.
02:15 Börjeslandet, Luleå: Personbil körde in i mitträcket efter trolig vattenplaning. Anmälan utan misstanke om brott upprättad.
02:37 Gällivare centrum: Kvinna omhändertagen enligt LOB utanför polisstationen.
 
 
 
 
 
 
Polisen Norrbotten",http://polisen.se/Stockholms_lan/Aktuellt/Handelser/Norrbotten/2017-08-26-0414-Sammanfattning-natt-Norrbotten/,https://brottsplatskartan.se/norrbottens-lan/sammanfattning-natt-norrbotten-39503
40203,2017-09-01,Övrigt,Norrbotten,"Börje, Norrbotten, Norrbottens län",,unknown,"Norrbotten, okänd kommun",False,En lugn avslutning på natten,En lugn avslutning på natten,"Godmorgon! Det har inte varit några akuta händelser att rapportera om under tidig morgon.
Dagens kommunikatör är Börje Öhman och på eftermiddagen kommer Marie Andersson.
Polisen Norrbotten",http://polisen.se/Stockholms_lan/Aktuellt/Handelser/Norrbotten/2017-09-01-0656-Ovrigt-Norrbotten/,https://brottsplatskartan.se/norrbottens-lan/ovrigt-norrbotten-40203
42230,2017-09-18,Stöld/inbrott,Luleå,"Luleå, Norrbottens län",Luleå,existing_pre_source,Luleå kommun,False,"Börjeslandet, anmälan upprättad efter inbrott.","Börjeslandet, anmälan upprättad efter inbrott.","Polis fick 10:52 in samtal om ett misstänkt inbrott i en fastighet efter Smedsbyvägen. Inbrottet misstänks ha inträffat någon gång mellan lördagen och måndagen.
Polis har nu varit på plats och efter förhör upprättat en anmälan samt dokumenterat platsen. Vad som stulits är ännu oklart.
Polisen Norrbotten",http://polisen.se/Stockholms_lan/Aktuellt/Handelser/Norrbotten/2017-09-18-1328-Stoldinbrott-Lulea/,https://brottsplatskartan.se/norrbottens-lan/stold-inbrott-lulea-42230
46048,2017-10-20,"Trafikolycka,  vilt",Luleå,"Tomtebovägen, Luleå, Norrbottens län",Luleå,existing_pre_source,Luleå kommun,False,"Börjeslandet, personbil i krock med rådjur.","Börjeslandet, personbil i krock med rådjur.","Inga personskador uppstod efter olyckan på Tomtebovägen, men bilen fick skador på fronten. Rådjuret dog i samband med kollisionen.
Polisen Norrbotten",http://polisen.se/Stockholms_lan/Aktuellt/Handelser/Norrbotten/2017-10-20-0948-Trafikolycka-vilt-Lulea/,https://brottsplatskartan.se/norrbottens-lan/trafikolycka-vilt-lulea-46048
49059,2017-11-14,Övrigt,Norrbotten,"Börje, Norrbotten, Norrbottens län",,unknown,"Norrbotten, okänd kommun",False,Ingen kommunikatör i tjänst 22 - 07,Ingen kommunikatör i tjänst 22 - 07,"Polisen.se/händelsenotiser och samtal från media hanteras i mån av tid av befälen på RLC. Media hänvisas att ringa 010-56 94028 
 
Kommunikatör Börje Öhman i tjänst 15 nov kl 07:00                                           

 
Polisen Norrbotten",http://polisen.se/Stockholms_lan/Aktuellt/Handelser/Norrbotten/2017-11-14-2200-Ovrigt-Norrbotten/,https://brottsplatskartan.se/norrbottens-lan/ovrigt-norrbotten-49059
49070,2017-11-14,Sammanfattning natt,Norrbotten,"Norrbotten, Norrbottens län",,unknown,"Norrbotten, okänd kommun",True,Ett urval av nattens händelse,Ett urval av nattens händelse,"0223 Drograttfylleri, Boden
Vid rutinkontroll av ett fordon fattar patrullen misstankar om att föraren, en man i 25års åldern, är påverkad av droger. Mannen medtogs för kroppsbesiktnng.
0320 Inget att rapportera
<strong>Uppdatering kl 06:45 (av Börje Öhman)</strong>
Senare delen av natten har varit lugn. Inga akuta händelser att informera om.
 
Polisen Norrbotten",http://polisen.se/Stockholms_lan/Aktuellt/Handelser/Norrbotten/2017-11-14-2259-Sammanfattning-natt-Norrbotten/,https://brottsplatskartan.se/norrbottens-lan/sammanfattning-natt-norrbotten-49070
49138,2017-11-15,Övrigt,Norrbotten,"Börje, Norrbotten, Norrbottens län",,unknown,"Norrbotten, okänd kommun",False,Ingen kommunikatör i tjänst 13 - 07,Ingen kommunikatör i tjänst 13 - 07,"Polisen.se/händelsenotiser och samtal från media hanteras i mån av tid av befälen på RLC. Media hänvisas att ringa 010-56 94028 
 
Kommunikatör Börje Öhman i tjänst 16 nov kl 07:00 
Polisen Norrbotten",http://polisen.se/Stockholms_lan/Aktuellt/Handelser/Norrbotten/2017-11-15-1014-Ovrigt-Norrbotten/,https://brottsplatskartan.se/norrbottens-lan/ovrigt-norrbotten-49138
49224,2017-11-16,Sammanfattning natt,Norrbotten,"Norrbotten, Norrbottens län",,unknown,"Norrbotten, okänd kommun",True,En lugn natt i Norrbotten.,Händelselös natt i Norrbotten.,"<strong>Uppdatering kl 06:55</strong> (av Börje Öhman, kommunikatör)
Fortsatt lugnt under natten. Polispatrullerna har i stor utsträckning kunnat ägna sig åt brottsförebyggande arbete genom närvaor i brottsdrabbade områden och kontroller av personer och fordon.
Polisen Norrbotten",http://polisen.se/Stockholms_lan/Aktuellt/Handelser/Norrbotten/2017-11-15-2217-Sammanfattning-natt-Norrbotten/,https://brottsplatskartan.se/norrbottens-lan/sammanfattning-natt-norrbotten-49224
49244,2017-11-16,"Trafikolycka,  personskada",Luleå,"Luleå, Norrbottens län",Luleå,existing_pre_source,Luleå kommun,False,"E4, Börjeslandet, singelolycka bil av vägen","E4, Börjeslandet, singelolycka bil av vägen","Enligt preliminära uppgifter har en bil åkt ner i diket och voltat. Föraren har ev kastats ut ur bilen.
Föraren transporteras till Sunderbyns sjukhus. För uppgift om skadeläge hänvisas till sjukvården.
Inga problem för trafiken att passera. Polispatrullen åker till sjukhuset för kontroll av föraren.
<strong>Uppdatering kl 09:55</strong>
Ingen misstanke om trafiknykterhetsbrott. Poliserna skriver anmälan om trafikolycka, vårdslöshet i trafik. 
Polisen Norrbotten",http://polisen.se/Stockholms_lan/Aktuellt/Handelser/Norrbotten/2017-11-16-0656-Trafikolycka-personskada-Lulea/,https://brottsplatskartan.se/norrbottens-lan/trafikolycka-personskada-lulea-49244
49298,2017-11-16,Övrigt,Norrbotten,"Börje, Norrbotten, Norrbottens län",,unknown,"Norrbotten, okänd kommun",False,Ingen kommunikatör i tjänst 15 - 07,Ingen kommunikatör i tjänst 15 - 07,"Polisen.se/händelsenotiser och samtal från media hanteras i mån av tid av befälen på RLC. Media hänvisas att ringa 010-56 94028                                                             
 
Kommunikatör Börje Öhman i tjänst 17 nov kl 07:00 
Polisen Norrbotten",http://polisen.se/Stockholms_lan/Aktuellt/Handelser/Norrbotten/2017-11-16-1500-Ovrigt-Norrbotten/,https://brottsplatskartan.se/norrbottens-lan/ovrigt-norrbotten-49298
49642,2017-11-19,Tillfälligt obemannat,Norrbotten,"Börje, Norrbotten, Norrbottens län",,unknown,"Norrbotten, okänd kommun",False,Ingen kommunikatör i tjänst.,Ingen kommunikatör i tjänst.,"Polisen.se/händelsenotiser och samtal från media hanteras i mån av tid av befälen på RLC. Media hänvisas att ringa 010-56 94028 
 
Kommunikatör Börje Öhman i tjänst från måndag klockan 07:00.
Polisen Norrbotten",http://polisen.se/Stockholms_lan/Aktuellt/Handelser/Norrbotten/2017-11-19-1500-Tillfalligt-obemannat-Norrbotten/,https://brottsplatskartan.se/norrbottens-lan/tillfalligt-obemannat-norrbotten-49642
49670,2017-11-20,Sammanfattning natt,Norrbotten,"Skogsbilväg, Hertsön, Norrbotten, Norrbottens län",Luleå,lulea_place_name,Luleå kommun,True,Ett urval av nattens händelser,Ett urval av nattens händelser,"<strong>21:50 Olaga hot, utanför Lomträsk.</strong>
En kvinna ringde in till polisen gällande att hon blivit hotad av sin pojkvän. Hon visste inte vart de befann sig då de hade krockat med bilen på en mindre skogsbilväg. Tre patruller och hundförare skickades mot den position som kvinnans mobiltelefon kopplade upp mot. Efter en större sökinsats kunde patrullerna först hitta den misstänkta mannen född -85 vid den krockade bilen och lite senare kvinnan som inte hade vågat stanna kvar vid olycksplatsen. Mannen är i nuläget misstänkt för olaga hot. Mannen kan eventuellt bli misstänkt för andra brott då utredningsabetet och förhör med de bägge är gjorda. De bägge hittades en bit utanför Lomträsk.
För vidare information, kontakta jourhavande förundersökningsledare.
<strong></strong> 
<strong>23:31 Skadegörelse, Brandövningsfältet Hertsön</strong>
En uppmärksam plogbilsförare larmade polisen gällande att grindarna till brandövningsfältet var uppbrutna. Patrullen på platsen gjorde brottsplats undersökning, och skrev en anmälan gällande skadegörelse då ingenting var stulet.
<strong>Uppdatering kl 06:50</strong> (av Börje Öhman, kommunikatör)
En natt som för övrigt inte innehåller några akuta händelser att informera om.
 
 
Polisen Norrbotten",http://polisen.se/Stockholms_lan/Aktuellt/Handelser/Norrbotten/2017-11-20-0401-Sammanfattning-natt-Norrbotten/,https://brottsplatskartan.se/norrbottens-lan/sammanfattning-natt-norrbotten-49670
49740,2017-11-20,"Trafikolycka,  personskada",Luleå,"Luleå, Norrbottens län",Luleå,existing_pre_source,Luleå kommun,False,"E4 Börjeslandet, två personbilar i kollision","E4 Börjeslandet, två personbilar i kollision","Enligt preliminära uppgifter klagar en person på nacksmärtor. Ambulans, räddningstjänst och polis är på väg till platsen. Texten uppdateras.
<strong>Uppdatering kl 14:07</strong>
Inga personskador som kräver sjukhusvård för tillfället. Mycket halt väglag.
Polisen Norrbotten",http://polisen.se/Stockholms_lan/Aktuellt/Handelser/Norrbotten/2017-11-20-1316-Trafikolycka-personskada-Lulea/,https://brottsplatskartan.se/norrbottens-lan/trafikolycka-personskada-lulea-49740
49919,2017-11-21,Trafikolycka,Luleå,"Luleå, Norrbottens län",Luleå,existing_pre_source,Luleå kommun,False,Fyra bilar i seriekrock på E4 i höjd med Börjeslandet.,Fyra bilar i seriekrock på E4 i höjd med Börjeslandet.,"Initiala uppgifter säger att det är fyra personbilar. Inga uppgifter om några personskador. Halt på platsen och begränsad framkomlighet.
<strong>Uppdatering 17:42</strong>
I samband med att en bil ska svänga av E4 uppstår en påkörningsolycka. Tre personbilar och en mindre lastbil inblandade i olyckan. Två personer ha klagat på nacksmärtor men avstått ambulanstransport. De kommer själva att uppsöka vård senare.
Polisen Norrbotten",http://polisen.se/Stockholms_lan/Aktuellt/Handelser/Norrbotten/2017-11-21-1608-Trafikolycka-Lulea/,https://brottsplatskartan.se/norrbottens-lan/trafikolycka-lulea-49919
50503,2017-11-24,Tillfälligt obemannat,Norrbotten,"Börje, Norrbotten, Norrbottens län",,unknown,"Norrbotten, okänd kommun",False,Ingen kommunikatör i tjänst.,Ingen kommunikatör i tjänst.,"Polisen.se/händelsenotiser och samtal från media hanteras i mån av tid av befälen på RLC. Media hänvisas att ringa 010-569 40 28.
 
Kommunikatör Börje Öhman i tjänst från lördag 07:00.
Polisen Norrbotten",http://polisen.se/Stockholms_lan/Aktuellt/Handelser/Norrbotten/2017-11-24-2215-Tillfalligt-obemannat-Norrbotten/,https://brottsplatskartan.se/norrbottens-lan/tillfalligt-obemannat-norrbotten-50503
50515,2017-11-25,Sammanfattning natt,Norrbotten,"Örnäset, Föreningsgatan, Norrbotten, Norrbottens län",Luleå,lulea_place_name,Luleå kommun,True,Sammanfattning av nattens händelser,Sammanfattning av nattens händelser,"<strong>KL 01:06 - Misshandel, </strong>Örnäset, Luleå
Polis larmas till en adress på Örnäset då en man misshandlat en kvinna, målsägaren skall ha fått lätta skador men börjat blöda (ej behov av sjukvård).
När polispatrull anländer så har gärningspersonen lämnat adressen. Patrull skriver anmälan om misshandel.
<strong>Kl 02:55 - Fylleri</strong>, Innerstaden, Luleå
Polispatrull anträffar en överförfriskad kvinna, kvinnan medtas till polisstation och får sova ruset av sig där.
<strong>Kl 03:05 - Fylleri</strong>, Föreningsgatan, Kiruna
<strong>Uppdatering kl 06:50</strong> (av Börje Öhman, kommunikatör)
En lugn avslutning av natten. Inget akut att informera om.
En person har omhändertagits av polis då hen varit så pass berusad att hen ej kunnat ta hand om sig själv. personen körs till polisen för tillnyktring.
 
Polisen Norrbotten",http://polisen.se/Stockholms_lan/Aktuellt/Handelser/Norrbotten/2017-11-25-0344-Sammanfattning-natt-Norrbotten/,https://brottsplatskartan.se/norrbottens-lan/sammanfattning-natt-norrbotten-50515
50570,2017-11-25,Tillfälligt obemannat,Norrbotten,"Börje, Norrbotten, Norrbottens län",,unknown,"Norrbotten, okänd kommun",False,Ingen kommunikatör i tjänst 15 - 07,Ingen kommunikatör i tjänst 15 - 07,"Polisen.se/händelsenotiser och samtal från media hanteras i mån av tid av befälen på RLC. Media hänvisas att ringa 010-569 40 28.
 
Kommunikatör Börje Öhman i tjänst från söndag 07:00.
Polisen Norrbotten",http://polisen.se/Stockholms_lan/Aktuellt/Handelser/Norrbotten/2017-11-25-1500-Ovrigt-Norrbotten/,https://brottsplatskartan.se/norrbottens-lan/tillfalligt-obemannat-norrbotten-50570
50596,2017-11-25,Sammanfattning kväll och natt,Norrbotten,"Pajala, Gällivare, Kalix, Norrbotten, Norrbottens län",,unknown,"Norrbotten, okänd kommun",True,17:00 - 03:00,17:00 -,"18:11 Trafikolycka Smitning, Pajala
En person blev påkörd av en bilist i en by utanför Pajala. Bilisten avvek från platsen. Den skadade personen var vid medvetande och fördes med ambulans till Gällivare.
 
19:30 Kalix, Stöld ur butik
Två män har stulit en större summa pengar från en butik i Kalix. Personalen blev distraherad i samband med händelsen varpå en av männen tillgrep pengarna.
 
20:28 Drograttfylleri, Kiruna
Patrull stoppade en bil där föraren, man i 20-års åldern, misstänktes vara påverkad av narkotika och dopingpreparat. Husrannsakan utfördes i bilen och bostaden där misstänkt dopingpreparat anträffades.
 
22:32 Skadegörelse, Professorsvägen, Luleå
En grupp ungdomar krossade en ruta genom att kasta antingen ett glas eller en isklump mot rutan. Den yttre rutan i fönstret krossades. Ingen person är i nuläget misstänkt för skadegörelsen.
 
00:32 Trafikolycka, Älgolycka, Seskarö, Haparanda
Viltolycka som börjar med att en bil kolliderar med en älg. Bilen har därefter kommit över på fel sida av vägen och därefter kolliderat med mötande fordon. En person skadad.
 
00:39 Misshandel Hotell Laponia, Arvidsjaur
Man i 25-års åldern avlägsnades från platsen.
 
02:06 Narkotikabrott innehav, O'Learys, Luleå
Ordningsvakt anträffade en man med en ""joint"".
<strong>Uppdatering kl 07:20</strong> (av Börje Öhman, kommunikatör)
Hög belastning under fortsättningen av natten. Inga allvarliga händelser utan en typisk lördag natt en avlöningshelg. Fyllerier, bråk och kontroller av personer....
 
 
 
 
 
 
 
 
 
 
 
. 
 
 
 
 
 
 
 
 
Polisen Norrbotten",http://polisen.se/Stockholms_lan/Aktuellt/Handelser/Norrbotten/2017-11-25-2022-Sammanfattning-kvall-och-natt-Norrbotten/,https://brottsplatskartan.se/norrbottens-lan/sammanfattning-kvall-och-natt-norrbotten-50596
53780,2017-12-17,Tillfälligt obemannat,Norrbotten,"Börje, Norrbotten, Norrbottens län",,unknown,"Norrbotten, okänd kommun",False,Ingen kommunikatör i tjänst.,Ingen kommunikatör i tjänst.,"Polisen.se/händelsenotiser och samtal från media hanteras i mån av tid av befälen på RLC. Media hänvisas att ringa 010-569 40 28. 
 
Kommunikatör Börje Öhman i tjänst från 07:00, måndag.
Polisen Norrbotten",http://polisen.se/Stockholms_lan/Aktuellt/Handelser/Norrbotten/2017-12-17-1500-Tillfalligt-obemannat-Norrbotten/,https://brottsplatskartan.se/norrbottens-lan/tillfalligt-obemannat-norrbotten-53780
53936,2017-12-18,Övrigt,Norrbotten,"Börje, Norrbotten, Norrbottens län",,unknown,"Norrbotten, okänd kommun",False,Ingen kommunikatör i tjänst 22 - 07.,Ingen kommunikatör i tjänst 22 - 07.,"Händelsenotiser/polisen.se och samtal från media hanteras i mån av tid av befälen på regionledningscentralen. Media hänvisas att ringa 010-5694028.
Kommunikatör Börje Öhman är i tjänst från tisdag morgon kl 07:00.

Polisen Norrbotten",http://polisen.se/Stockholms_lan/Aktuellt/Handelser/Norrbotten/2017-12-18-2205-Ovrigt-Norrbotten/,https://brottsplatskartan.se/norrbottens-lan/ovrigt-norrbotten-53936
53950,2017-12-19,Sammanfattning natt,Norrbotten,"Norrbotten, Norrbottens län",,unknown,"Norrbotten, okänd kommun",True,Följande händelser finns att rapportera från natten.,Följande händelser finns att rapportera från natten.,"<strong>02:55</strong>
Natten har varit lugn och det finns inga händelser att rapportera i nuläget. 
<strong>03:21, trafikbrott samt narkotikabrott, Luleå</strong>
Polispatrull stoppade en bil i centrala stan. Bilen var avställd, hade brukandeförbud, körförbud och kunde avskyltas. I bilen var det en förare och tre passagerare. Föraren, en 27-årig man, misstänktes för grovt rattfylleri, grov olovlig körning samt ringa narkotikabrott eget bruk. Han medtogs till polisstationen för kroppsbesiktning och förhör. Bilen togs i beslag. 
<strong>Uppdatering kl 06:55</strong> (av Börje Öhman, kommunikatör)
Inga akuta händelser under tidig morgon. Kör försiktigt!!
Polisen Norrbotten",http://polisen.se/Stockholms_lan/Aktuellt/Handelser/Norrbotten/2017-12-19-0024-Sammanfattning-natt-Norrbotten/,https://brottsplatskartan.se/norrbottens-lan/sammanfattning-natt-norrbotten-53950
54102,2017-12-19,Trafikolycka,Luleå,"Luleå, Norrbottens län",Luleå,existing_pre_source,Luleå kommun,False,Bil som fått sladd på E4 och åkt in i vajerräcket vid Börjeslandet.,Bil som fått sladd på E4 och åkt in i vajerräcket vid Börjeslandet.,"Polis till platsen för kontroll och eventuella utredningsåtgärder,
<strong>Uppdatering 21:13</strong>
Ingen bil kvar på platsen. Lastbilar och bussar som ej kan köra på grund av halkan.
Polisen Norrbotten",http://polisen.se/Stockholms_lan/Aktuellt/Handelser/Norrbotten/2017-12-19-2025-Trafikolycka-Lulea/,https://brottsplatskartan.se/norrbottens-lan/trafikolycka-lulea-54102
54439,2017-12-21,Övrigt,Norrbotten,"Börje, Norrbotten, Norrbottens län",,unknown,"Norrbotten, okänd kommun",False,"Norrbotten, ingen kommunikatör i tjänst under natten.","Norrbotten, ingen kommunikatör i tjänst under natten.","Händelsenotiser på polisen.se och samtal från media hanteras i mån av tid av befälen på regionledningscentralen. Media hänvisas att ringa 010-5694028.
Kommunikatör Börje Öhman är i tjänst från och med fredag morgon kl 7:00.
Polisen Norrbotten",http://polisen.se/Stockholms_lan/Aktuellt/Handelser/Norrbotten/2017-12-21-2210-Ovrigt-Norrbotten/,https://brottsplatskartan.se/norrbottens-lan/ovrigt-norrbotten-54439
54427,2017-12-21,Sammanfattning natt,Norrbotten,"Norrbotten, Norrbottens län",,unknown,"Norrbotten, okänd kommun",True,Ett urval av nattens händelser:,Ett urval av nattens händelser:,"<strong>23:45</strong>
Lugnt i länet. 
<strong>02:20</strong>
Fortfarande lugnt i länet. 
<strong>02:21 Boden, stöld</strong>
Samtal inkommer till Polisen om att fyra bilar i Trångfors, Boden fått registreringsskyltar tillgripna. Polispatrull har upprättat en anmälan. I nuläget finns ingen misstänkt i ärendet.
<strong>Uppdatering kl 07:00</strong> (av Börje Öhman, kommunikatör)
Fortsättningen av natten har varit bra, inga akuta händelser att rapportera om. 
Polisen Norrbotten",http://polisen.se/Stockholms_lan/Aktuellt/Handelser/Norrbotten/2017-12-21-2345-Sammanfattning-natt-Norrbotten/,https://brottsplatskartan.se/norrbottens-lan/sammanfattning-natt-norrbotten-54427
54586,2017-12-22,Tillfälligt obemannat,Norrbotten,"Börje, Norrbotten, Norrbottens län",,unknown,"Norrbotten, okänd kommun",False,Ingen kommunikatör i tjänst.,Ingen kommunikatör i tjänst.,"Polisen.se/händelsenotiser och samtal från media hanteras i mån av tid av befälen på RLC. Media hänvisas att ringa 010-569 40 28. 
 
Kommunikatör Börje Öhman i tjänst från 07:00, lördag.
Polisen Norrbotten",http://polisen.se/Stockholms_lan/Aktuellt/Handelser/Norrbotten/2017-12-22-2215-Tillfalligt-obemannat-Norrbotten/,https://brottsplatskartan.se/norrbottens-lan/tillfalligt-obemannat-norrbotten-54586
54542,2017-12-23,Övrigt,Norrbotten,"Börje, Norrbotten, Norrbottens län",,unknown,"Norrbotten, okänd kommun",False,Ingen kommunikatör i tjänst 15 - 07,Ingen kommunikatör i tjänst 15 - 07,"Polisen.se/händelsenotiser och samtal från media hanteras i mån av tid av befälen på RLC. Media hänvisas att ringa 010-569 40 28. 
 
Kommunikatör Börje Öhman i tjänst från 07:00, söndag.
Polisen Norrbotten",http://polisen.se/Stockholms_lan/Aktuellt/Handelser/Norrbotten/2017-12-23-1500-Ovrigt-Norrbotten/,https://brottsplatskartan.se/norrbottens-lan/ovrigt-norrbotten-54542
54891,2017-12-26,Övrigt,Norrbotten,"Börje, Norrbotten, Norrbottens län",,unknown,"Norrbotten, okänd kommun",False,"Norrbotten, ingen kommunikatör i tjänst under natten.","Norrbotten, ingen kommunikatör i tjänst under natten.","Polisen.se/händelsenotiser och samtal från media hanteras i mån av tid av befälen på RLC. Media hänvisas att ringa 010-569 40 28. 
 
Kommunikatör Börje Öhman är i tjänst från onsdag morgon kl 07:00.
Polisen Norrbotten",http://polisen.se/Stockholms_lan/Aktuellt/Handelser/Norrbotten/2017-12-26-2205-Ovrigt-Norrbotten/,https://brottsplatskartan.se/norrbottens-lan/ovrigt-norrbotten-54891
54900,2017-12-27,Sammanfattning natt,Norrbotten,"Piteå, Kalix, Kiruna, Norrbotten, Norrbottens län",,unknown,"Norrbotten, okänd kommun",True,sammanfattning,sammanfattning,"19:51 Piteå En man född 98 grips för misshandel i en bostad i Piteå.
20:43 Kalix Olaga Hot: En man född 65 grips för olagahot: Brottet inträffade i en by utanför Kalix. Polisen skriver anmälan håller förhör och har tagit gods i beslag.
21:35 Kiruna Polispatrull stoppar en bil, föraren en man född 96 saknar körkort, och misstänks vara påverkad av narkotika. Föraren misstänks för olovlig körning rattfylleri under påverkan av narkotika.
03.13 Gälivare Patrull stoppar en bil med en yngre föraren han saknar körkort. Patrullen skriver anmälan olovlig körning. 
<strong>Uppdatering kl 06:55</strong> (av Börje Öhman, kommunikatör)
 En bra avslutning av natten, inga akuta händelser att informera om.
 
Polisen Norrbotten",http://polisen.se/Stockholms_lan/Aktuellt/Handelser/Norrbotten/2017-12-27-0243-Sammanfattning-natt-Norrbotten/,https://brottsplatskartan.se/norrbottens-lan/sammanfattning-natt-norrbotten-54900
55047,2017-12-27,Tillfälligt obemannat,Norrbotten,"Börje, Norrbotten, Norrbottens län",,unknown,"Norrbotten, okänd kommun",False,Ingen kommunikatör i tjänst.,Ingen kommunikatör i tjänst.,"Polisen.se/händelsenotiser och samtal från media hanteras i mån av tid av befälen på RLC. Media hänvisas att ringa 010-56 94028 
 
Kommunikatör Börje Öhman  tjänst från 07:00, torsdag.
Polisen Norrbotten",http://polisen.se/Stockholms_lan/Aktuellt/Handelser/Norrbotten/2017-12-27-2215-Tillfalligt-obemannat-Norrbotten/,https://brottsplatskartan.se/norrbottens-lan/tillfalligt-obemannat-norrbotten-55047
56902,2018-01-11,Övrigt,Norrbotten,"Börje, Norrbotten, Norrbottens län",,unknown,"Norrbotten, okänd kommun",False,"Norrbotten, ingen kommunikatör i tjänst under kvällen","Norrbotten, ingen kommunikatör i tjänst under kvällen","Polisen.se/händelsenotiser och samtal från media hanteras i mån av tid av befälen på RLC. Media hänvisas att ringa 010-569 40 28. 
 
Kommunikatör Börje Öhman är i tjänst från fredag kl 07:00.
Polisen Norrbotten",http://polisen.se/Stockholms_lan/Aktuellt/Handelser/Norrbotten/2018-01-11-1500-Ovrigt-Norrbotten/,https://brottsplatskartan.se/norrbottens-lan/ovrigt-norrbotten-56902
57155,2018-01-14,Övrigt,Norrbotten,"Börje, Norrbotten, Norrbottens län",,unknown,"Norrbotten, okänd kommun",False,Ingen kommunikatör i tjänst.,Ingen kommunikatör i tjänst.,"Polisen.se/händelsenotiser och samtal från media hanteras i mån av tid av befälen på RLC. Media hänvisas att ringa 010-569 40 28. 
 
Kommunikatör Börje Öhman i tjänst från 07:00, måndag.                                   
Polisen Norrbotten",http://polisen.se/Stockholms_lan/Aktuellt/Handelser/Norrbotten/2018-01-14-1500-Ovrigt-Norrbotten/,https://brottsplatskartan.se/norrbottens-lan/ovrigt-norrbotten-57155
57860,2018-01-19,Övrigt,Norrbotten,"Börje, Norrbotten, Norrbottens län",,unknown,"Norrbotten, okänd kommun",False,Ingen kommunikatör i tjänst.,Ingen kommunikatör i tjänst.,"Polisen.se/händelsenotiser och samtal från media hanteras i mån av tid av befälen på RLC. Media hänvisas att ringa 010-569 40 28. 
 
Kommunikatör Börje Öhman i tjänst från 07:00, lördag.
Polisen Norrbotten",http://polisen.se/Stockholms_lan/Aktuellt/Handelser/Norrbotten/2018-01-19-2215-Ovrigt-Norrbotten/,https://brottsplatskartan.se/norrbottens-lan/ovrigt-norrbotten-57860
57916,2018-01-20,Övrigt,Norrbotten,"Börje, Norrbotten, Norrbottens län",,unknown,"Norrbotten, okänd kommun",False,Ingen kommunikatör i tjänst under kvällen och natten,Ingen kommunikatör i tjänst under kvällen och natten,"Polisen.se/händelsenotiser och samtal från media hanteras i mån av tid av befälen på RLC. Media hänvisas att ringa 010-569 40 28. 
 
Kommunikatör Börje Öhman i tjänst från 07:00, söndag.
Polisen Norrbotten",http://polisen.se/Stockholms_lan/Aktuellt/Handelser/Norrbotten/2018-01-20-1500-Ovrigt-Norrbotten/,https://brottsplatskartan.se/norrbottens-lan/ovrigt-norrbotten-57916
57945,2018-01-21,Sammanfattning natt,Norrbotten,"Royal, Kiruna, Luleå, Norrbotten, Norrbottens län",,unknown,"Norrbotten, okänd kommun",True,00:00 - 05:00,00:00 - 05:00,"<strong>00:26 Brott mot knivlagen, Royal Diner, Kiruna</strong>
Ordningsvakterna anträffade en kniv på en kvinna i 20-års åldern som skulla avlägsnas.
<strong>01:05 Rattfylleri genom droger och Narkotikabrott, Luleå</strong>
Patrull stoppade en bil där föraren, man i 19-års åldern, misstänktes för narkotikabrott genom innehav då narkotika anträffades i bilen.
<strong>01:50 Rattfylleri, Luleå</strong>
Patrull stoppade bil där föraren, man i 30-års åldern, misstänktes för rattfylleri.
<strong>Uppdatering kl 06:55</strong> (av Börje Öhman, kommunikatör)
<strong>Kl 02:51</strong> bråk i bostad, Gällivare. Far och son som bråkar. Polis som beordrats till platsen omhändertar sonen, som är i 18-års åldern, misstänkt för ringa narkotikabrott, eget bruk.
Senare delen av natten är utan akuta händelser.
 
 
 
 
 
Polisen Norrbotten",http://polisen.se/Stockholms_lan/Aktuellt/Handelser/Norrbotten/2018-01-21-0319-Sammanfattning-natt-Norrbotten/,https://brottsplatskartan.se/norrbottens-lan/sammanfattning-natt-norrbotten-57945
58320,2018-01-23,Övrigt,Norrbotten,"Börje, Norrbotten, Norrbottens län",,unknown,"Norrbotten, okänd kommun",False,"Norrbotten, ingen kommunikatör i tjänst under natten","Norrbotten, ingen kommunikatör i tjänst under natten","Polisen.se/händelsenotiser och samtal från media hanteras i mån av tid av befälen på RLC. Media hänvisas att ringa 010-5694028.
Kommunikatör Börje Öhman är i tjänst från onsdag morgon kl 07:00.
Polisen Norrbotten",http://polisen.se/Stockholms_lan/Aktuellt/Handelser/Norrbotten/2018-01-23-2200-Ovrigt-Norrbotten/,https://brottsplatskartan.se/norrbottens-lan/ovrigt-norrbotten-58320
58767,2018-01-28,Övrigt,Norrbotten,"Börje, Norrbotten, Norrbottens län",,unknown,"Norrbotten, okänd kommun",False,Ingen kommunikatör i tjänst.,Ingen kommunikatör i tjänst.,"Polisen.se/händelsenotiser och samtal från media hanteras i mån av tid av befälen på RLC. Media hänvisas att ringa 010-5694028.
Kommunikatör Börje Öhman är i tjänst från måndag morgon kl 07:00.
Polisen Norrbotten",http://polisen.se/Stockholms_lan/Aktuellt/Handelser/Norrbotten/2018-01-28-1500-Ovrigt-Norrbotten/,https://brottsplatskartan.se/norrbottens-lan/ovrigt-norrbotten-58767
58800,2018-01-28,Sammanfattning natt,Norrbotten,"Norrbotten, Norrbottens län",,unknown,"Norrbotten, okänd kommun",True,Natten i Norrbotten,Natten i Norrbotten,"03:20 Öjebyn, Rågrindsvägen<br />Brand i byggnad
Samtal inkommer om kraftig rökutveckling i en företagslokal i Öjebyn. Räddningstjänst och polis åker till platsen. Polispatrull kommer skriva en anmälan och vidare åtgärder får utreda vad som orsakat branden.
KL 03:25 arbetsplatsolycka industriområdet Svartön. Enligt preliminära uppgifter har en man blivit påkörd av någon form av fordon. Mannen förd med ambulans till sjukhus med okända skador. Händelsen ska ha inträffat vid 23-tiden på söndag kväll. Vi ska hantera ärendet under förmiddagen.
<strong>Uppdatering kl 06:55 </strong>(av Börje Öhman, kommunikatör)
En lugn avslutning av natten. Inget att informera om.
Polisen Norrbotten",http://polisen.se/Stockholms_lan/Aktuellt/Handelser/Norrbotten/2018-01-28-2209-Sammanfattning-natt-Norrbotten/,https://brottsplatskartan.se/norrbottens-lan/sammanfattning-natt-norrbotten-58800
58937,2018-01-29,Övrigt,Norrbotten,"Börje, Norrbotten, Norrbottens län",,unknown,"Norrbotten, okänd kommun",False,Ingen kommunikatör i tjänst.,Ingen kommunikatör i tjänst.,"Polisen.se/händelsenotiser och samtal från media hanteras i mån av tid av befälen på RLC. Media hänvisas att ringa 010-569 40 28.
Kommunikatör Börje Öhman i tjänst från tisdag morgon kl. 07.00.
Polisen Norrbotten",http://polisen.se/Stockholms_lan/Aktuellt/Handelser/Norrbotten/2018-01-29-2200-Ovrigt-Norrbotten/,https://brottsplatskartan.se/norrbottens-lan/ovrigt-norrbotten-58937
58943,2018-01-29,Sammanfattning natt,Norrbotten,"Norrbotten, Norrbottens län",,unknown,"Norrbotten, okänd kommun",True,Natten i Norrbotten,Natten i Norrbotten,"00:40 Luleå, Hertsövägen<br />Drograttfylleri
Patrull stoppar ett fordon längs Hertsövägen och vidtalar föraren som är en man i 20 års åldern. Misstanke om att mannen är påverkad av droger uppstår och mannen blir således misstänkt för drograttfylleri och får följa med för provtagning.
<strong>Uppdatering kl 07:00</strong> (av Börje Öhman, kommunikatör)
Fortsättningen av natten har varit bra. Inga akuta händelser att informera om.
Polisen Norrbotten",http://polisen.se/Stockholms_lan/Aktuellt/Handelser/Norrbotten/2018-01-29-2217-Sammanfattning-natt-Norrbotten/,https://brottsplatskartan.se/norrbottens-lan/sammanfattning-natt-norrbotten-58943
59677,2018-02-04,Övrigt,Norrbotten,"Börje, Norrbotten, Norrbottens län",,unknown,"Norrbotten, okänd kommun",False,"Norrbotten, ingen kommunikatör i tjänst under kvällen, natten","Norrbotten, ingen kommunikatör i tjänst under kvällen, natten","Polisen.se/händelsenotiser och samtal från media hanteras i mån av tid av befälen på RLC. Media hänvisas att ringa 010-569 40 28.  
Kommunikatör Börje Öhman i tjänst från måndag morgon kl 07:00. 
Polisen Norrbotten",http://polisen.se/Stockholms_lan/Aktuellt/Handelser/Norrbotten/2018-02-04-1500-Ovrigt-Norrbotten/,https://brottsplatskartan.se/norrbottens-lan/ovrigt-norrbotten-59677
59707,2018-02-04,Sammanfattning natt,Norrbotten,"Norrbotten, Norrbottens län",,unknown,"Norrbotten, okänd kommun",True,Ett urval av nattens händelser,Ett urval av nattens händelser,"22:43 Skadegörelse genom brand, Älvsbyn
Samtal inkommer om att en bil på en parkering har börjat brinna, polispatrull och räddningstjänst åker till platsen. Räddningstjänsten släcker branden och polispatrull upprättar en anmälan om skadegörelse genom brand.
<strong>Uppdatering kl 06:57</strong> (av Börje Öhman, kommunikatör)
Natten har för övrigt varit lugn, inget akut att informera om.
Polisen Norrbotten",http://polisen.se/Stockholms_lan/Aktuellt/Handelser/Norrbotten/2018-02-05-0034-Sammanfattning-natt-Norrbotten/,https://brottsplatskartan.se/norrbottens-lan/sammanfattning-natt-norrbotten-59707
59981,2018-02-06,Sammanfattning natt,Norrbotten,"Norrbotten, Norrbottens län",,unknown,"Norrbotten, okänd kommun",True,Nattens händelser i länet.,Nattens händelser i länet.,"<strong>22:21 - Försvunen person/fjällräddning, Gällivare</strong><br />En man i 45-årsåldern har anmälats försvunnen av anhöriga efter att han inte kommit hem som planerat. Polisen fjällräddre har anträffat hans bil och söker nu efter personen i området norr om Stora Lulevattnet i höjd med Garmas. Vakthavande befäl på ledningscentralen har inlett räddningstjänst enligt lagen om skydd mot olyckor.<br /><strong>Uppdatering 03:00</strong><br />Mannen anträffad av polisens fjällräddare 02:41. Han var nedkyld men i övrigt vid god vigör. Inget brott misstänks.
<strong>23:25 - Trafikolycka, E4, Luleå</strong><br />En bil och en lastbil har varit inblandade i en trafikolycka på E4 vid trafikplats Södra Gäddvik. När polisen kommer till platsen har båda parterna lämnat. Ingen åtgärd från polisen sida.
<strong>03:49 - Misshandel, Hertsön, Luleå</strong><br />Flera samtal inkommer om ett bråk i en lägenhet på Hertsön.I bostaden finns flera personer som är bekanta med varandra sedan tidigare. Polispatrullerna som kommer till platsen griper en kvinna i 20-årsåldern misstänkt för misshandel. Hon är förd till polisstationen och kommer att förhöras och därefter kommer en åklagare ta ställning till om hon blir anhållen eller inte. 
<strong>Uppdatering kl 07:00</strong> (av Börje Öhman, kommunikatör)
Avslutningen av natten har varit bra. Inga akuta händelser att informera om.
Polisen Norrbotten",http://polisen.se/Stockholms_lan/Aktuellt/Handelser/Norrbotten/2018-02-06-2227-Sammanfattning-natt-Norrbotten/,https://brottsplatskartan.se/norrbottens-lan/sammanfattning-natt-norrbotten-59981
60062,2018-02-07,Övrigt,Norrbotten,"Börje, Norrbotten, Norrbottens län",,unknown,"Norrbotten, okänd kommun",False,Ingen kommunikatör i tjänst under kvällen och natten,Ingen kommunikatör i tjänst under kvällen och natten,"Polisen.se/händelsenotiser och samtal från media hanteras i mån av tid av befälen på RLC. Media hänvisas att ringa 010-569 40 28. 
Kommunikatör Börje Öhman i tjänst från torsdag morgon klockan 07:00.    
                         <br />
Polisen Norrbotten",http://polisen.se/Stockholms_lan/Aktuellt/Handelser/Norrbotten/2018-02-07-1512-Ovrigt-Norrbotten/,https://brottsplatskartan.se/norrbottens-lan/ovrigt-norrbotten-60062
60130,2018-02-08,Sammanfattning natt,Norrbotten,"Norrbotten, Norrbottens län",,unknown,"Norrbotten, okänd kommun",True,Ett urval av nattens händelser.,Ett urval av nattens händelser.,"<strong>01:35 Lugnt i länet</strong>
<strong>03:00 Brand i byggnad, Alavaara Gällivare.</strong>
Polis, räddningstjänst och ambulans kallades till en villa i Alavaara utanför Gällivare gällande rökfylld villa. Alla boende personer på adressen hade tagit sig ut ur villan. Trolig rök från kamin, ingen öppen eld. Patrullen lämnade utan åtgärd.
<strong>Uppdatering kl 07:05</strong> (av Börje Öhman, kommunikatör)
En lugn avslutning på natten. Inget att informera om.
Polisen Norrbotten",http://polisen.se/Stockholms_lan/Aktuellt/Handelser/Norrbotten/2018-02-08-0137-Sammanfattning-natt-Norrbotten/,https://brottsplatskartan.se/norrbottens-lan/sammanfattning-natt-norrbotten-60130
60563,2018-02-11,Övrigt,Norrbotten,"Börje, Norrbotten, Norrbottens län",,unknown,"Norrbotten, okänd kommun",False,Ingen kommunikatör i tjänst,Ingen kommunikatör i tjänst,"Polisen.se/händelsenotiser och samtal från media hanteras i mån av tid av befälen på RLC. Media hänvisas att ringa 010-569 40 28.   
Kommunikatör Börje Öhman i tjänst från måndag morgon klockan 07:00.
Polisen Norrbotten",http://polisen.se/Stockholms_lan/Aktuellt/Handelser/Norrbotten/2018-02-11-1500-Ovrigt-Norrbotten/,https://brottsplatskartan.se/norrbottens-lan/ovrigt-norrbotten-60563
60587,2018-02-12,Sammanfattning natt,Norrbotten,"Gällivare, Luleå, Norrbotten, Norrbottens län",,unknown,"Norrbotten, okänd kommun",True,Ett urval av nattens händelser.,Ett urval av nattens händelser.,"<strong>22:18 Försvunnen person, centrala Gällivare</strong>
En äldre man försvann från sitt hem 22:18 i centrala Gällivare. Patruller skickade till platsen för inledande åtgärder och närsök i området. Mannen hitttades vid 23 tiden av polispatrull, mannen var vid god vigör. Mannen fördes tillbaka hem till anhöriga.
<strong>23:09 Brand i byggnad, centrala Luleå</strong>
Patrull tillsammans med räddningstjänst och ambulans kallades till en fastighet i centrala Luleå gällande en brand. Det kunde konstateras att det var ett plastföremål på spisen som orsakat larmet och rökutvecklingen. Patrullen skrev anmälan gällande allmänfarlig vårdslöshet.
<strong>03:00 Lungt i länet</strong>
<strong>Uppdatering kl 06:50</strong> (av Börje Öhman, kommunikatör)
En bra avslutning på natten, inget akut att informera om.
 
 
Polisen Norrbotten",http://polisen.se/Stockholms_lan/Aktuellt/Handelser/Norrbotten/2018-02-12-0242-Sammanfattning-natt-Norrbotten/,https://brottsplatskartan.se/norrbottens-lan/sammanfattning-natt-norrbotten-60587
60673,2018-02-12,Övrigt,Norrbotten,"Börje, Norrbotten, Norrbottens län",,unknown,"Norrbotten, okänd kommun",False,Ingen kommunikatör i tjänst under kvällen och natten,Ingen kommunikatör i tjänst under kvällen och natten,"Polisen.se/händelsenotiser och samtal från media hanteras i mån av tid av befälen på RLC. Media hänvisas att ringa 010-569 40 28.   
Kommunikatör Börje Öhman i tjänst från tisdag morgon klockan 07:00.
Polisen Norrbotten",http://polisen.se/Stockholms_lan/Aktuellt/Handelser/Norrbotten/2018-02-12-1500-Ovrigt-Norrbotten/,https://brottsplatskartan.se/norrbottens-lan/ovrigt-norrbotten-60673
61277,2018-02-16,Övrigt,Norrbotten,"Börje, Norrbotten, Norrbottens län",,unknown,"Norrbotten, okänd kommun",False,Ingen kommunikatör i tjänst,Ingen kommunikatör i tjänst,"Polisen.se/händelsenotiser och samtal från media hanteras i mån av tid av befälen på RLC. Media hänvisas att ringa 010-569 40 28.   
Kommunikatör Börje Öhman i tjänst från lördag morgon 07:00.
Polisen Norrbotten",http://polisen.se/Stockholms_lan/Aktuellt/Handelser/Norrbotten/2018-02-16-2201-Ovrigt-Norrbotten/,https://brottsplatskartan.se/norrbottens-lan/ovrigt-norrbotten-61277
61342,2018-02-17,Övrigt,Norrbotten,"Börje, Norrbotten, Norrbottens län",,unknown,"Norrbotten, okänd kommun",False,Ingen kommunikatör i tjänst under kvällen eller natten,Ingen kommunikatör i tjänst under kvällen eller natten,"Polisen.se/händelsenotiser och samtal från media hanteras i mån av tid av befälen på RLC. Media hänvisas att ringa 010-569 40 28.   
Kommunikatör Börje Öhman i tjänst från sön morgon 07:00.
Polisen Norrbotten",http://polisen.se/Stockholms_lan/Aktuellt/Handelser/Norrbotten/2018-02-17-1500-Ovrigt-Norrbotten/,https://brottsplatskartan.se/norrbottens-lan/ovrigt-norrbotten-61342
62301,2018-02-20,Övrigt,Norrbotten,"Börje, Norrbotten, Norrbottens län",,unknown,"Norrbotten, okänd kommun",False,Ingen kommunikatör i tjänst under kvällen/natten.,Ingen kommunikatör i tjänst under kvällen/natten.,"<p>Polisen.se/händelsenotiser och samtal från media hanteras i mån av tid av befälen på RLC. Media hänvisas att ringa 010-569 40 28.   </p>
<p>Kommunikatör Börje Öhman i tjänst från 07:00 onsdag morgon.</p>
",https://polisen.se/aktuellt/handelser/2018/februari/20/2018-02-20-1552-ovrigt-norrbotten/,https://brottsplatskartan.se/norrbottens-lan/ovrigt-norrbotten-62301
61736,2018-02-20,Övrigt,Norrbotten,"Börje, Norrbotten, Norrbottens län",,unknown,"Norrbotten, okänd kommun",False,Ingen kommunikatör i tjänst under kvällen/natten.,Ingen kommunikatör i tjänst under kvällen/natten.,"Polisen.se/händelsenotiser och samtal från media hanteras i mån av tid av befälen på RLC. Media hänvisas att ringa 010-569 40 28.   
Kommunikatör Börje Öhman i tjänst från 07:00 onsdag morgon.
 
Polisen Norrbotten",http://polisen.se/Stockholms_lan/Aktuellt/Handelser/Norrbotten/2018-02-20-1552-Ovrigt-Norrbotten/,https://brottsplatskartan.se/norrbottens-lan/ovrigt-norrbotten-61736
62103,2018-02-21,Övrigt,Norrbotten,"Börje, Norrbotten, Norrbottens län",,unknown,"Norrbotten, okänd kommun",False,Ingen kommunikatör i tjänst,Ingen kommunikatör i tjänst,"<p>Polisen.se/händelsenotiser och samtal från media hanteras i mån av tid av befälen på RLC. Media hänvisas att ringa 010-569 40 28.</p>
<p>Kommunikatör Börje Öhman i tjänst från torsdag morgon 07:00.  </p>",https://polisen.se/aktuellt/handelser/2018/februari/21/2018-02-21-2200-ovrigt-norrbotten/,https://brottsplatskartan.se/norrbottens-lan/ovrigt-norrbotten-62103
61922,2018-02-21,Övrigt,Norrbotten,"Börje, Norrbotten, Norrbottens län",,unknown,"Norrbotten, okänd kommun",False,Ingen kommunikatör i tjänst,Ingen kommunikatör i tjänst,"Polisen.se/händelsenotiser och samtal från media hanteras i mån av tid av befälen på RLC. Media hänvisas att ringa 010-569 40 28.
Kommunikatör Börje Öhman i tjänst från torsdag morgon 07:00.  
Polisen Norrbotten",http://polisen.se/Stockholms_lan/Aktuellt/Handelser/Norrbotten/2018-02-21-2200-Ovrigt-Norrbotten/,https://brottsplatskartan.se/norrbottens-lan/ovrigt-norrbotten-61922
62458,2018-02-23,Fjällräddning,Arjeplog,"Hornavan, Arjeplog, Norrbottens län",Arjeplog,existing_pre_source,Arjeplogs kommun,False,"Hornavan, olycka med skoter","Hornavan, olycka med skoter","<p>Polisens vakthavande befäl har fattat beslut om räddningstjänst enligt LSO, lagen om skydd mot olyckor.</p>
<p>Enligt initiala uppgifter har föraren voltat med skotern och känner smärta.</p>
<p>Ambulans och fjällräddare är kallade till platsen, ca 300-400 meter från en väg.</p>
<p><strong>Uppdaterad kl 14:02</strong></p>
<p>Fjällräddare, läkare och ambulanshelikopter är på plats.</p>
<p><strong>Uppdatering kl 14:50 (av Börje Öhman)</strong></p>
<p>Kl 14:32 är patienten lastad i ambulanshelikopter och förs till sjukhus. För uppgift om skadeläge hänvisas till sjukvården.</p>
<p>Fjällräddarna återgår. Polisen hanterar ärendet som trafikolycka.</p>",https://polisen.se/aktuellt/handelser/2018/februari/23/23-februari-12.35-fjallraddning-arjeplog/,https://brottsplatskartan.se/norrbottens-lan/fjallraddning-arjeplog-hornavan-62458
62475,2018-02-23,Fjällräddning,Arjeplog,"Hornavan, Arjeplog, Norrbottens län",Arjeplog,existing_pre_source,Arjeplogs kommun,False,"Hornavan, olycka med skoter","Hornavan, olycka med skoter","<p>Polisens vakthavande befäl har fattat beslut om räddningstjänst enligt LSO, lagen om skydd mot olyckor.</p>
<p>Enligt initiala uppgifter har föraren voltat med skotern och känner smärta.</p>
<p>Ambulans och fjällräddare är kallade till platsen, ca 300-400 meter från en väg.</p>
<p><strong>Uppdaterad kl 14:02</strong></p>
<p>Fjällräddare, läkare och ambulanshelikopter är på plats.</p>
<p><strong>Uppdatering kl 14:50 (av Börje Öhman)</strong></p>
<p>Kl 14:32 är patienten lastad i ambulanshelikopter och förs till sjukhus. För uppgift om skadeläge hänvisas till sjukvården.</p>
<p>Fjällräddarna återgår. Polisen hanterar ärendet som trafikolycka.</p>",https://polisen.se/aktuellt/handelser/2018/februari/23/23-februari-12.35-fjallraddning-arjeplog/,https://brottsplatskartan.se/norrbottens-lan/fjallraddning-arjeplog-hornavan-62475
63046,2018-02-26,Övrigt,Norrbottens län,"Börje, Norrbottens län",,unknown,"Norrbotten, okänd kommun",False,Ingen kommunikatör i tjänst,Ingen kommunikatör i tjänst,"
<p>Polisen.se/händelsenotiser och samtal från media hanteras i mån av tid av befälen på RLC. Media hänvisas att ringa 010-569 40 28.</p>

<p>Kommunikatör Börje Öhman i tjänst från tisdag morgon 07:00.                            </p>
",https://polisen.se/aktuellt/handelser/2018/februari/26/26-februari-223.00-ovrigt-norrbottens-lan/,https://brottsplatskartan.se/norrbottens-lan/ovrigt-norrbottens-lan-63046
63052,2018-02-27,Sammanfattning natt,Norrbottens län,"Kungsgatan, Boden, Norrbottens län",Boden,existing_pre_source,Bodens kommun,True,Sammanfattning av nattens händelser i länet,Sammanfattning av nattens händelser i länet,"<p><strong>Kl 23:40 - Rattfylleri</strong>, Kungsgatan, Boden.</p>
<p>Allmänhet ringer in om en misstänkt påverkad förare. Polispatrull får stopp på fordonet på Kungsgatan i Boden, Föraren blåser positivt i sållningsinstrument och får följa med patrullen för provtagning.</p>
<p>Föraren är en kvinna i 25 års åldern. Hon blåste vid provtagning 0,52 promille.</p>
<p><strong>Uppdatering kl 06:55</strong> (av Börje Öhman, kommunikatör)</p>
<p>En bra natt utan akuta händelser att rapportera om.</p>

",https://polisen.se/aktuellt/handelser/2018/februari/26/26-februari-22.20-sammanfattning-natt-norrbottens-lan/,https://brottsplatskartan.se/norrbottens-lan/sammanfattning-natt-norrbottens-lan-63052
63308,2018-02-27,Övrigt,Norrbottens län,"Börje, Norrbottens län",,unknown,"Norrbotten, okänd kommun",False,Ingen kommunikatör i tjänst,Ingen kommunikatör i tjänst,"
<p>Polisen.se/händelsenotiser och samtal från media hanteras i mån av tid av befälen på RLC. Media hänvisas att ringa 010-569 40 28.</p>

<p>Kommunikatör Börje Öhman i tjänst från onsdag morgon klockan 07:00.                            </p>
",https://polisen.se/aktuellt/handelser/2018/februari/27/27-februari-22.00-ovrigt-norrbottens-lan/,https://brottsplatskartan.se/norrbottens-lan/ovrigt-norrbottens-lan-63308
63315,2018-02-27,Sammanfattning natt,Norrbottens län,"Blomgatan, Kalix, Norrbottens län",Kalix,existing_pre_source,Kalix kommun,True,Sammanfattning över nattens händelser i länet,Sammanfattning över nattens händelser i länet,"<p><strong>Kl 21:47 - Brand i Villa</strong>, Blomgatan, Kalix</p>
<p>Polis tillsammans med räddningstjänst och ambulans larmas till Blomgatan i Kalix med anledning av en villabrand.</p>
<p>När polis kommer till platsen är branden fullt utvecklad, den har dock inte spridit sig till hela huset.</p>

<p>Den boende på adressen har själv lyckats ta sig ut tillsammans med sina 2 hundar. Personen har även larmat.</p>
<p>Den boende hade inga personskador, han transporteras till en anhörig.</p>
<p>Klockan 22:54 meddelar räddningstjänsten att branden är släckt.</p>
<p><strong>Polisen spärrar av fastigheten för teknisk undersökning, man upprättar även en anmälan om allmänfarlig vårdslöshet.</strong></p>
<p><strong>Uppdatering kl 06:55</strong> (av Börje Öhman, kommunikatör)</p>
<p>Natten har varit lugn, inga akuta händelser att rapportera om.</p>

<p>Resten av natten har varit lugn i länet, inget övrigt att rapportera om.</p>
",https://polisen.se/aktuellt/handelser/2018/februari/27/27-februari-22.11-sammanfattning-natt-norrbottens-lan/,https://brottsplatskartan.se/norrbottens-lan/sammanfattning-natt-norrbottens-lan-63315
64228,2018-03-05,Trafikolycka,Pajala,"Korpilombolo, Pajala, Norrbottens län",Pajala,existing_pre_source,Pajala kommun,False,"Lastbil som gått ner i diket, länsväg 392 Korpilombolo","Lastbil som gått ner i diket, länsväg 392 Korpilombolo","<p>Enligt initiala uppgifter har en lastbil med trailer gått ner i diket. Oklart skadeläge. Olyckan ska påverka trafiken.</p>
<p><strong>Uppdatering 13:57</strong><br />Föraren ska vara ute ur bilen och ska inte vara skadad.</p>
<p><strong>Uppdatering kl 15:06</strong> (av Börje Öhman)</p>
<p>Ekipaget kommer att behöva bärgas, oklart när det arbetet ska starta. Räkna med trafikstörningar i samband med bärgningen.</p>",https://polisen.se/aktuellt/handelser/2018/mars/5/05-mars-13.41-trafikolycka-pajala/,https://brottsplatskartan.se/norrbottens-lan/trafikolycka-pajala-korpilombolo-64228
64607,2018-03-08,Trafikolycka,Luleå,"Luleå, Norrbottens län",Luleå,existing_pre_source,Luleå kommun,False,"E4 Börjeslandet, två personbilar i kollision","E4 Börjeslandet, två personbilar i kollision","<p>Anmält kl 06:36</p>
<p>Inga personskador. Den ena bilen har kört in i den andra bakifrån. Bilarna sitter fast i varandra och behöver bärgas. Det är trångt på platsen men går att passera.</p>",https://polisen.se/aktuellt/handelser/2018/mars/8/08-mars-07.38-trafikolycka-lulea/,https://brottsplatskartan.se/norrbottens-lan/trafikolycka-lulea-64607
65271,2018-03-13,Övrigt,Norrbottens län,"Börje, Norrbottens län",,unknown,"Norrbotten, okänd kommun",False,Ingen kommunikatör i tjänst.,Ingen kommunikatör i tjänst.,"<p>Polisen.se/händelsenotiser och samtal från media hanteras i mån av tid av befälen på RLC. Media hänvisas att ringa 010-569 40 28.</p>
<p>Kommunikatör Börje Öhman i tjänst från onsdag klockan 07:00. </p>",https://polisen.se/aktuellt/handelser/2018/mars/13/13-mars-22.00-ovrigt-norrbottens-lan/,https://brottsplatskartan.se/norrbottens-lan/ovrigt-norrbottens-lan-65271
65406,2018-03-14,Övrigt,Norrbottens län,"Norrbotten, Börje, Norrbottens län",,unknown,"Norrbotten, okänd kommun",False,"Norrbotten, ingen kommunikatör i tjänst under natten","Norrbotten, ingen kommunikatör i tjänst under natten","<p>Polisen.se/händelsenotiser och samtal från media hanteras i mån av tid av befälen på RLC (regionledningscentralen). Media hänvisas att ringa 010-5694028.</p>
<p>Kommunikatör Börje Öhman är i tjänst från torsdag kl 07:00.</p>",https://polisen.se/aktuellt/handelser/2018/mars/14/14-mars-21.58-ovrigt-norrbottens-lan/,https://brottsplatskartan.se/norrbottens-lan/ovrigt-norrbottens-lan-norrbotten-65406
65410,2018-03-15,Sammanfattning natt,Norrbottens län,"Piteå, Norrbottens län",Piteå,existing_pre_source,Piteå kommun,True,Ett urval av nattens händelser,Ett urval av nattens händelser,"<p><strong>22:06 Drograttfylleri, centrala Piteå</strong></p>
<p>Efter ett trafikstopp är en man i 20 års åldern misstänkt för drograttfylleri. Mannen är även misstänkt för narkotikabrott eget bruk och innehav då patrull hittade misstänkt narkotika i bilen. Mannen medtogs för protagning och förhör, den misstänkta narkotikan tog i beslag. Efter en husrannsakan i mannens bostad hittades ytterligare misstänkt narkotika.</p>
<p><strong>Uppdatering kl 06:55</strong> (Börje Öhman)</p>
<p>Kl 04:26 Ytterviksvägen, Bergviken, Luleå, rattfylleri. En man i 45-års åldern misstänks för drograttfylleri och grov olovlig körning. Den bil som han körde vid tillfället beslagtas med stöd av Trafikbrottslagen §7 för att förhindra fortsatt brottslighet. Bilen kan komma att förverkas vid kommande rättgång.</p>
<p>Natten för övrig utan akuta händelser.</p>",https://polisen.se/aktuellt/handelser/2018/mars/15/15-mars-01.54-sammanfattning-natt-norrbottens-lan/,https://brottsplatskartan.se/norrbottens-lan/sammanfattning-natt-norrbottens-lan-65410
65538,2018-03-15,Övrigt,Norrbottens län,"Norrbotten, Börje, Norrbottens län",,unknown,"Norrbotten, okänd kommun",False,"Norrbotten, ingen kommunikatör i tjänst under natten","Norrbotten, ingen kommunikatör i tjänst under natten","<p>Polisen.se/händelsenotiser och samtal från media hanteras i mån av tid av befälen på RLC. Media hänvisas att ringa 010-56 94028.</p>
<p>Kommunikatör Börje Öhman i tjänst från fredag kl 07:00.                                        </p>
",https://polisen.se/aktuellt/handelser/2018/mars/15/15-mars-22.00-ovrigt-norrbottens-lan/,https://brottsplatskartan.se/norrbottens-lan/ovrigt-norrbottens-lan-norrbotten-65538
65540,2018-03-16,Sammanfattning natt,Norrbottens län,"Luleå, Norrbottens län",Luleå,existing_pre_source,Luleå kommun,True,Ett urval av nattens händelser.,Ett urval av nattens händelser.,"<p><strong>00:26 Drograttfylleri, Gammelstaden Luleå</strong></p>
<p>Efter ett trafikstopp är en man i 25-30 års åldern misstänkt för drograttfylleri. Mannen togs med för provtagning, och han var så pass påverkad att han efter provtagning fick sova ruset av sig på polisstationen. Mannens körkort har omhändertagits. Mannen kommer att förhöras under morgondagen.</p>
<p><strong>04:53 Drograttfylleri narkotika brott mm, centrala Luleå</strong></p>
<p>Efter ett trafikstopp är en man i 25 års åldern misstänkt för drograttfylleri, grov olovlig körning, narkotika brott innehav och eget bruk. Mannen togs med för provtaging.</p>
<p><strong>Uppdatering kl 06:47 </strong>(Börje Öhman)</p>
<p>Nattens sista timmar bjuder inte på några akuta händelser att informera om.</p>
",https://polisen.se/aktuellt/handelser/2018/mars/16/16-mars-02.49-sammanfattning-natt-norrbottens-lan/,https://brottsplatskartan.se/norrbottens-lan/sammanfattning-natt-norrbottens-lan-65540
65694,2018-03-16,Övrigt,Norrbottens län,"Börje, Norrbottens län",,unknown,"Norrbotten, okänd kommun",False,Ingen kommunikatör i tjänst.,Ingen kommunikatör i tjänst.,"<p>Polisen.se/händelsenotiser och samtal från media hanteras i mån av tid av befälen på RLC. Media hänvisas att ringa 010-56 94028.</p>
<p>Kommunikatör Börje Öhman i tjänst från lördag kl 07:00.    </p>",https://polisen.se/aktuellt/handelser/2018/mars/16/16-mars-22.00-ovrigt-norrbottens-lan/,https://brottsplatskartan.se/norrbottens-lan/ovrigt-norrbottens-lan-65694
65754,2018-03-17,Övrigt,Norrbottens län,"Börje, Norrbottens län",,unknown,"Norrbotten, okänd kommun",False,Ingen kommunikatör i tjänst under kvällen och natten,Ingen kommunikatör i tjänst under kvällen och natten,"<p>Polisen.se/händelsenotiser och samtal från media hanteras i mån av tid av befälen på RLC. Media hänvisas att ringa 010-56 94028.</p>
<p>Kommunikatör Börje Öhman i tjänst från söndag kl 07:00.    </p>",https://polisen.se/aktuellt/handelser/2018/mars/17/17-mars-13.09-ovrigt-norrbottens-lan/,https://brottsplatskartan.se/norrbottens-lan/ovrigt-norrbottens-lan-65754
65791,2018-03-18,Sammanfattning kväll och natt,Norrbottens län,"Kalix, Norrbottens län",Kalix,existing_pre_source,Kalix kommun,True,"En lugn kväll och natt med undantag från en bilbrand och en grov olovlig körning, båda i Kalix.","En lugn kväll och natt med undantag från en bilbrand och en grov olovlig körning, båda i Kalix.","<p><strong>23.40 Bilbrand i Kalix</strong></p>
<p>Polisen åkte ut på en bilbrand på vassholmen. På plats tar patrullen upp en anmälan om skadegörelse genom brand. Ingen person gripen, men en person är utpekad.</p>

<p><strong>01.10 Förare misstänkt för grov olovlig körning och brott mot knivlagen.</strong></p>
<p>Patrull stoppar en bil i Kalix där föraren blir misstänkt för grov olovlig körning eftersom han saknar körkort. Mannen som är född -97 misstänks även för brott mot knivlagen.</p>
<p><strong>Uppdatering kl 07:20</strong> (Börje Öhman)</p>
<p>Efternatten präglas av fylleri, bråk som inte resulterat i någon anmälan, kontroller av personer och fordon i brottsförebyggande syfte = en normal lördagnatt.</p>
<p>Inga enskilda händelser att informera om.</p>",https://polisen.se/aktuellt/handelser/2018/mars/18/18-mars-04.18-sammanfattning-kvall-och-natt-norrbottens-lan/,https://brottsplatskartan.se/norrbottens-lan/sammanfattning-kvall-och-natt-norrbottens-lan-kalix-65791
66628,2018-03-25,Övrigt,Norrbottens län,"Börje, Norrbottens län",,unknown,"Norrbotten, okänd kommun",False,Ingen kommunikatör i tjänst.,Ingen kommunikatör i tjänst.,"<p>Polisen.se/händelsenotiser och samtal från media hanteras i mån av tid av befälen på RLC. Media hänvisas att ringa 010-569 40 28.</p>
<p>Kommunikatör Börje Öhman i tjänst från måndag klockan 07:00. </p>",https://polisen.se/aktuellt/handelser/2018/mars/25/25-mars-15.01-ovrigt-norrbottens-lan/,https://brottsplatskartan.se/norrbottens-lan/ovrigt-norrbottens-lan-66628
66787,2018-03-26,Övrigt,Norrbottens län,"Börje, Norrbottens län",,unknown,"Norrbotten, okänd kommun",False,Ingen kommunikatör i tjänst,Ingen kommunikatör i tjänst,"<p>Polisen.se/händelsenotiser och samtal från media hanteras i mån av tid av befälen på RLC. Media hänvisas att ringa 010-569 40 28.</p>
<p>Kommunikatör Börje Öhman i tjänst från tisdag klockan 07:00.                           </p>
",https://polisen.se/aktuellt/handelser/2018/mars/26/26-mars-22.00-ovrigt-norrbottens-lan/,https://brottsplatskartan.se/norrbottens-lan/ovrigt-norrbottens-lan-66787
66803,2018-03-27,Sammanfattning natt,Norrbottens län,Norrbottens län,,unknown,"Norrbotten, okänd kommun",True,Sammanfattning av Nattens Händelser,Sammanfattning av Nattens Händelser,"<p>Inget att rapportera i Länet</p>
<p><strong>Uppdatering kl 06:45</strong> (Börje Öhman)</p>
<p>En fortsatt lugn natt. Inga akuta händelser att informera om</p>",https://polisen.se/aktuellt/handelser/2018/mars/26/26-mars-22.25-sammanfattning-natt-norrbottens-lan/,https://brottsplatskartan.se/norrbottens-lan/sammanfattning-natt-norrbottens-lan-66803
67720,2018-04-03,Fjällräddning,Kiruna,"Kiruna, Norrbottens län",Kiruna,existing_pre_source,Kiruna kommun,False,En lavin har gått i närheten av Nallostugan.,En lavin har gått i närheten av Nallostugan.,"<p>Klockan 14:04 fattar polisens vakthavande befäl beslut om fjällräddning med stöd av LSO, lag om skydd mot olyckor. Polishelikopter på väg till området.</p>
<p><strong>Uppdatering 14:14</strong><br />Fjällräddare och lavinhund på väg.</p>
<p><strong>Uppdatering 14:21</strong><br />Norge skickar ambulanshelikopter och två lavinhundar.</p>
<p><strong>Uppdatering kl 14:38</strong> (Börje Öhman)</p>
<p>Det är fortfarande oklart exakt var lavinen har löst ut och om någon/några personer är skadade. Vi prioriterar i första hand helikopterresurs för att flyga ut lavinhundar. Fjällräddare har larmats och sammantaget förbereds/är en större insats på gång.</p>
<p><strong>Uppdatering kl 15:07</strong> (Börje Öhman)</p>
<p>Fortsatt mycket preliminära uppgifter - oklart skadeläge. Lavinen ska ha utlöst på Sielmatjåkka riktning mot Nallostugan.</p>
<p><strong>Uppdatering kl 15:13</strong> (Börje Öhman)</p>
<p>Enligt preliminära uppgifter är en person drabbad. Personen har dragits med i lavinen men är anträffad. Oklart skadeläge. Samma preliminära uppgifter säger att ingen ytterligare person har dragit med i lavinen.</p>
<p>Bedömningen av insatsledare på plats är att lavinkäglan ska genomsökas av lavinhund då det är mycket folk i rörelse i fjällen. Det måste göras en säkerhetsbedömning på plats innan arbetet inleds. </p>
<p><strong>Uppdatering kl 17:21</strong></p>
<p>Det finns inga nya uppgifter om den skadade personen. Den skadade personen var en i ett sällskap på ca 10 personer och de övriga är i säkerhet.</p>
<p>Det finns inga uppgifter som tyder på att någon annan har dragits med i lavinen. Vi genomför trots detta ett sök med lavinhundar i den sk lavinkäglan. Två fjällräddare kommer sedan att utföra sprängningar i området för att säkerställa att inga fler laviner löser ut.</p>

",https://polisen.se/aktuellt/handelser/2018/april/3/03-april-14.01-fjallraddning-kiruna/,https://brottsplatskartan.se/norrbottens-lan/fjallraddning-kiruna-67720
68012,2018-04-05,Övrigt,Norrbottens län,"Börje, Norrbottens län",,unknown,"Norrbotten, okänd kommun",False,Ingen kommunikatör i tjänst under natten.,Ingen kommunikatör i tjänst under natten.,"<p>Polisen.se/händelsenotiser och samtal från media hanteras i mån av tid av befälen på regionledningscentralen (RLC). Media hänvisas ringa 010-5694028.</p>
<p>Kommunikatör Börje Öhman är i tjänst från fredag kl 07:00.</p>",https://polisen.se/aktuellt/handelser/2018/april/5/05-april-22.08-ovrigt-norrbottens-lan/,https://brottsplatskartan.se/norrbottens-lan/ovrigt-norrbottens-lan-68012
68019,2018-04-06,Sammanfattning natt,Norrbottens län,Norrbottens län,,unknown,"Norrbotten, okänd kommun",True,Ett urval av nattens händelser,Ett urval av nattens händelser,"<p>02:45</p>
<p>lugn natt i länet.</p>
<p><strong>Uppdatering kl 06:50</strong> (Börje Öhman)</p>
<p>Fortsatt lugnt, inget att informera om.</p>",https://polisen.se/aktuellt/handelser/2018/april/6/06-april-02.45-sammanfattning-natt-norrbottens-lan/,https://brottsplatskartan.se/norrbottens-lan/sammanfattning-natt-norrbottens-lan-68019
68304,2018-04-08,Övrigt,Norrbottens län,"Börje, Norrbottens län",,unknown,"Norrbotten, okänd kommun",False,Ingen kommunikatör i tjänst under kvällen och natten.,Ingen kommunikatör i tjänst under kvällen och natten.,"<p>Polisen.se/händelsenotiser och samtal från media hanteras i mån av tid av befälen på RLC. Media hänvisas att ringa 010-569 40 28.</p>
<p>Kommunikatör Börje Öhman i tjänst från måndag 07:00.                        </p>
",https://polisen.se/aktuellt/handelser/2018/april/8/08-april-14.53-ovrigt-norrbottens-lan/,https://brottsplatskartan.se/norrbottens-lan/ovrigt-norrbottens-lan-68304
68957,2018-04-13,Övrigt,Norrbottens län,"Börje, Norrbottens län",,unknown,"Norrbotten, okänd kommun",False,Ingen kommunikatör i tjänst under natten,Ingen kommunikatör i tjänst under natten,"<p>Polisen.se/händelsenotiser och samtal från media hanteras i mån av tid av befälen på RLC. Media hänvisas att ringa 010-569 40 28.</p>
<p>Kommunikatör Börje Öhman i tjänst från lördag klockan 07:00.                            </p>
",https://polisen.se/aktuellt/handelser/2018/april/13/13-april-22.00-ovrigt-norrbottens-lan/,https://brottsplatskartan.se/norrbottens-lan/ovrigt-norrbottens-lan-68957
68961,2018-04-13,Sammanfattning natt,Norrbottens län,"Norrbotten, Norrbottens län",,unknown,"Norrbotten, okänd kommun",True,Fredagsnatten i Norrbotten,Fredagsnatten i Norrbotten,"<p>22:50 Haparanda, Norrmalmsvägen<br />Rattfylleri</p>
<p>Patrull stoppar en personbil i centrala Haparanda. Föraren, en man i 30 års åldern, blåser positivt i sållningsinstrument och får förlja med för provtagning på polisstationen. Mannen är misstänkt för rattfylleri.</p>
<p><strong>Uppdatering kl 07:00</strong> (Börje Öhman)</p>
<p><strong>Kl 02:34</strong> Torneträsk hållplats, man som på skoter kört in i byggnad. Mannen kör sedan från platsen men kör fast längre in i skogen. Skoterföraren, en man i 50-års åldern, blir misstänkt för rattfylleri när han kontrolleras av polispatrullen. Han måste följa med poliserna för provtagning.</p>
<p><strong>Kl 04:48</strong> Piteå, Hamnplan, misshandel. Ordningsvakt har gripit en man som misshandlat en kvinna. Polispatrullen som beordras till platsen övertar gripandet. Det är inte känt hur misshandeln har gått till. Mannen, som är i 20-års åldern, ska förhöras efter tillnyktring.</p>
<p>Natten för övrigt har haft normal belastning för en fredagnatt. Bland ärendena noteras fyllerier, bråk som inte resulterat i anmälningar och kontroller av personer/fordon.</p>

",https://polisen.se/aktuellt/handelser/2018/april/13/13-april-22.07-sammanfattning-natt-norrbottens-lan/,https://brottsplatskartan.se/norrbottens-lan/sammanfattning-natt-norrbottens-lan-norrbotten-68961
69040,2018-04-14,Övrigt,Norrbottens län,"Börje, Norrbottens län",,unknown,"Norrbotten, okänd kommun",False,"Ingen kommunikatör i tjänst under eftermiddag, kväll och natt","Ingen kommunikatör i tjänst under eftermiddag, kväll och natt","<p>Polisen.se/händelsenotiser och samtal från media hanteras i mån av tid av befälen på RLC. Media hänvisas att ringa 010-569 40 28.</p>
<p>Kommunikatör Börje Öhman i tjänst från söndag klockan 07:00. </p>
",https://polisen.se/aktuellt/handelser/2018/april/14/14-april-13.26-ovrigt-norrbottens-lan/,https://brottsplatskartan.se/norrbottens-lan/ovrigt-norrbottens-lan-69040
69365,2018-04-17,Övrigt,Norrbottens län,"Börje, Norrbottens län",,unknown,"Norrbotten, okänd kommun",False,Ingen kommunikatör i tjänst under kvällen och natten,Ingen kommunikatör i tjänst under kvällen och natten,"<p>Polisen.se/händelsenotiser och samtal från media hanteras i mån av tid av befälen på RLC. Media hänvisas att ringa 010-569 40 28.</p>
<p>Kommunikatör Börje Öhman i tjänst från onsdag klockan 07:00.                           </p>
",https://polisen.se/aktuellt/handelser/2018/april/17/17-april-15.51-ovrigt-norrbottens-lan/,https://brottsplatskartan.se/norrbottens-lan/ovrigt-norrbottens-lan-69365
69408,2018-04-18,Sammanfattning natt,Norrbottens län,Norrbottens län,,unknown,"Norrbotten, okänd kommun",True,Sammanfattning av nattens händelser,Sammanfattning av nattens händelser,"<p><strong>Kl 03:40</strong> - Allt är lugnt i länet, inget att rapportera om.</p>
<p><strong>Uppdatering kl 06:55</strong> (Börje Öhman)</p>
<p>En bra avslutning av natten. Inga akuta händelse att informera om.</p>",https://polisen.se/aktuellt/handelser/2018/april/18/18-april-03.39-sammanfattning-natt-norrbottens-lan/,https://brottsplatskartan.se/norrbottens-lan/sammanfattning-natt-norrbottens-lan-69408
69488,2018-04-18,Övrigt,Norrbottens län,"Börje, Norrbottens län",,unknown,"Norrbotten, okänd kommun",False,Ingen kommunikatör i tjänst under kvällen och natten.,Ingen kommunikatör i tjänst under kvällen och natten.,"<p>Polisen.se/händelsenotiser och samtal från media hanteras i mån av tid av befälen på RLC. Media hänvisas att ringa 010-569 40 28.</p>
<p>Kommunikatör Börje Öhman i tjänst från torsdag klockan 07:00.  </p>",https://polisen.se/aktuellt/handelser/2018/april/18/18-april-15.15-ovrigt-norrbottens-lan/,https://brottsplatskartan.se/norrbottens-lan/ovrigt-norrbottens-lan-69488
70028,2018-04-23,Övrigt,Norrbottens län,"Börje, Norrbottens län",,unknown,"Norrbotten, okänd kommun",False,Ingen kommunikatör i tjänst under natten,Ingen kommunikatör i tjänst under natten,"<p>Polisen.se/händelsenotiser och samtal från media hanteras i mån av tid av befälen på RLC. Media hänvisas att ringa 010-569 40 28.</p>
<p>Kommunikatör Börje Öhman i tjänst från tisdag klockan 07:00.                            </p>
",https://polisen.se/aktuellt/handelser/2018/april/23/23-april-21.50-ovrigt-norrbottens-lan/,https://brottsplatskartan.se/norrbottens-lan/ovrigt-norrbottens-lan-70028
70933,2018-05-02,Övrigt,Norrbottens län,"Norrbotten, Börje, Norrbottens län",,unknown,"Norrbotten, okänd kommun",False,"Norrbotten, ingen kommunikatör i tjänst under kvällen","Norrbotten, ingen kommunikatör i tjänst under kvällen","<p>Polisen.se/händelsenotiser och samtal från media hanteras i mån av tid av befälen vid regionledningscentralen. Media hänvisas att ringa 010-5694028.</p>
<p>Kommunikatör Börje Öhman är i tjänst från torsdag kl 07:00.</p>",https://polisen.se/aktuellt/handelser/2018/maj/2/02-maj-14.37-ovrigt-norrbottens-lan/,https://brottsplatskartan.se/norrbottens-lan/ovrigt-norrbottens-lan-norrbotten-70933
70987,2018-05-02,Sammanfattning natt,Norrbottens län,"Norrbotten, Norrbottens län",,unknown,"Norrbotten, okänd kommun",True,Natten i Norrbotten,Natten i Norrbotten,"<p>02:40 Luleå, RV 97 / Södra Sunderbyn<br />Drograttfylleri</p>
<p>Patrull genomför ett fordonsstop av en personbil. Föraren, en man i 30 års åldern misstänks för drograttfylleri. Mannen tas med för provtagning och släpps efter förhör.</p>
<p><strong>Uppdatering kl 06:45</strong> (Börje Öhman)</p>
<p>En bra avslutning av natten. Inga akuta händelser att informera om.</p>",https://polisen.se/aktuellt/handelser/2018/maj/2/02-maj-23.46-sammanfattning-natt-norrbottens-lan/,https://brottsplatskartan.se/norrbottens-lan/sammanfattning-natt-norrbottens-lan-norrbotten-70987
71044,2018-05-03,Övrigt,Norrbottens län,"Börje, Norrbottens län",,unknown,"Norrbotten, okänd kommun",False,Ingen kommunikatör i tjänst under kvällen och natten,Ingen kommunikatör i tjänst under kvällen och natten,"<p>Polisen.se/händelsenotiser och samtal från media hanteras i mån av tid av befälen vid regionledningscentralen. Media hänvisas att ringa 010-5694028.</p>
<p>Kommunikatör Börje Öhman är i tjänst från fredag kl 07:00.</p>",https://polisen.se/aktuellt/handelser/2018/maj/3/03-maj-15.02-ovrigt-norrbottens-lan/,https://brottsplatskartan.se/norrbottens-lan/ovrigt-norrbottens-lan-71044
71102,2018-05-03,Sammanfattning natt,Norrbottens län,"Norrbotten, Luleå, Norrbottens län",Luleå,existing_pre_source,Luleå kommun,True,Natten i Norrbotten,Natten i Norrbotten,"<p>23:41 Luleå, Hertsön<br />Brott mot knivlagen</p>
<p>Patrull påträffar en man som gått och lyst med ficklampa i området, då de visiterar honom påträffas en kniv som mannen inte har rätt att bära på allmän plats. Mannen misstänks för brott mot knivlgane och är i 45 års åldern.</p>
<p><strong>Uppdatering kl 06:50</strong> (Börje Öhman)</p>
<p><strong>Kl 01:11</strong> Nya Älvvägen, Öjebyn, Piteå. Man i 20-års åldern misstänkt för drograttfylleri efter stopp och kontroll.</p>
<p><strong>Kl 02:54</strong> Coop Konsum, Storgatan, Arvidsjaur. Inbrott och stöld. Oklart vad som stulits. Brottsplatsundersökning ska genomföras idag på förmiddagen.</p>
<p>För övrigt en bra natt utan akuta händelser att informera om.</p>",https://polisen.se/aktuellt/handelser/2018/maj/4/04-maj-00.55-sammanfattning-natt-norrbottens-lan/,https://brottsplatskartan.se/norrbottens-lan/sammanfattning-natt-norrbottens-lan-norrbotten-71102
71379,2018-05-06,Övrigt,Norrbottens län,"Börje, Norrbottens län",,unknown,"Norrbotten, okänd kommun",False,Ingen kommunikatör i tjänst under kvällen och natten,Ingen kommunikatör i tjänst under kvällen och natten,"<p>Polisen.se/händelsenotiser och samtal från media hanteras i mån av tid av befälen på RLC. Media hänvisas att ringa 010-569 40 28.</p>
<p>Kommunikatör Börje Öhman i tjänst från måndag klockan 07:00.                            </p>
",https://polisen.se/aktuellt/handelser/2018/maj/6/06-maj-15.03-ovrigt-norrbottens-lan/,https://brottsplatskartan.se/norrbottens-lan/ovrigt-norrbottens-lan-71379
71394,2018-05-06,Sammanfattning natt,Norrbottens län,"Norrbotten, Norrbottens län",,unknown,"Norrbotten, okänd kommun",True,Natten i Norrbotten,Natten i Norrbotten,"<p>Natten har börjat lugnt i Norrbotten</p>
<p><strong>Uppdatering kl 06:55</strong> (Börje Öhman)</p>
<p>Natten har fortsatt i lugnets tecken. Inget akut att informera om.</p>",https://polisen.se/aktuellt/handelser/2018/maj/7/07-maj-00.21-sammanfattning-natt-norrbottens-lan/,https://brottsplatskartan.se/norrbottens-lan/sammanfattning-natt-norrbottens-lan-norrbotten-71394
71529,2018-05-07,Övrigt,Norrbottens län,"Börje, Norrbottens län",,unknown,"Norrbotten, okänd kommun",False,Ingen kommunikatör i tjänst under kvällen/natten.,Ingen kommunikatör i tjänst under kvällen/natten.,"<p>Polisen.se/händelsenotiser och samtal från media hanteras i mån av tid av befälen på RLC. Media hänvisas att ringa 010-569 40 28.</p>
<p>Kommunikatör Börje Öhman i tjänst från tisdag klockan 07:00.  </p>",https://polisen.se/aktuellt/handelser/2018/maj/7/07-maj-22.00-ovrigt-norrbottens-lan/,https://brottsplatskartan.se/norrbottens-lan/ovrigt-norrbottens-lan-71529
72366,2018-05-15,Stöld/inbrott,Luleå,"Luleå, Norrbottens län",Luleå,existing_pre_source,Luleå kommun,False,Inbrott i bostad på Börjeslandet.,Inbrott i bostad på Börjeslandet.,"<p>Inbrott via ett fönster, oklar brottstid. Mindre summa pengar som stulits. Polisen har upprättat anmälan och dokumenterat brottsplatsen.</p>",https://polisen.se/aktuellt/handelser/2018/maj/15/15-maj-11.03-stoldinbrott-lulea/,https://brottsplatskartan.se/norrbottens-lan/stold-inbrott-lulea-72366
72474,2018-05-15,Övrigt,Norrbottens län,"Börje, Norrbottens län",,unknown,"Norrbotten, okänd kommun",False,Ingen kommunikatör i tjänst,Ingen kommunikatör i tjänst,"<p>Polisen.se/händelsenotiser och samtal från media hanteras i mån av tid av befälen på RLC. Media hänvisas att ringa 010-569 40 28.</p>
<p>Kommunikatör Börje Öhman i tjänst från onsdag klockan 07:00.                         </p>
",https://polisen.se/aktuellt/handelser/2018/maj/15/15-maj-22.00-ovrigt-norrbottens-lan/,https://brottsplatskartan.se/norrbottens-lan/ovrigt-norrbottens-lan-72474
72611,2018-05-16,Övrigt,Norrbottens län,"Börje, Norrbottens län",,unknown,"Norrbotten, okänd kommun",False,Ingen kommunikatör i tjänst,Ingen kommunikatör i tjänst,"<p>Polisen.se/händelsenotiser och samtal från media hanteras i mån av tid av befälen på RLC. Media hänvisas att ringa 010-569 40 28.</p>
<p>Kommunikatör Börje Öhman i tjänst från torsdag 07:00.                          </p>
",https://polisen.se/aktuellt/handelser/2018/maj/16/16-maj-22.03-ovrigt-norrbottens-lan/,https://brottsplatskartan.se/norrbottens-lan/ovrigt-norrbottens-lan-72611
72890,2018-05-18,Övrigt,Norrbottens län,"Börje, Norrbottens län",,unknown,"Norrbotten, okänd kommun",False,Ingen kommunikatör i tjänst under natten,Ingen kommunikatör i tjänst under natten,"<p>Polisen.se/händelsenotiser och samtal från media hanteras i mån av tid av befälen på RLC. Media hänvisas att ringa 010-569 40 28. </p>
<p>Kommunikatör Börje Öhman i tjänst från lördag 07:00.    </p>",https://polisen.se/aktuellt/handelser/2018/maj/18/18-maj-21.51-ovrigt-norrbottens-lan/,https://brottsplatskartan.se/norrbottens-lan/ovrigt-norrbottens-lan-72890
72964,2018-05-19,Övrigt,Norrbottens län,"Börje, Norrbottens län",,unknown,"Norrbotten, okänd kommun",False,Ingen kommunikatör i tjänst under eftermiddag och natt,Ingen kommunikatör i tjänst under eftermiddag och natt,"<p>Polisen.se/händelsenotiser och samtal från media hanteras i mån av tid av befälen på RLC. Media hänvisas att ringa 010-569 40 28. </p>
<p>Kommunikatör Börje Öhman i tjänst från söndag 07:00. </p>",https://polisen.se/aktuellt/handelser/2018/maj/19/19-maj-14.31-ovrigt-norrbottens-lan/,https://brottsplatskartan.se/norrbottens-lan/ovrigt-norrbottens-lan-72964
74511,2018-05-31,Övrigt,Norrbottens län,"Börje, Norrbottens län",,unknown,"Norrbotten, okänd kommun",False,Ingen kommunikatör i tjänst under natten.,Ingen kommunikatör i tjänst under natten.,"<p>Polisen.se/händelsenotiser och samtal från media hanteras i mån av tid av befälen på RLC. Media hänvisas att ringa 010-5694028.</p>
<p>Kommunikatör Börje Öhman är i tjänst från fredag kl 07:00.    </p>",https://polisen.se/aktuellt/handelser/2018/maj/31/31-maj-22.14-ovrigt-norrbottens-lan/,https://brottsplatskartan.se/norrbottens-lan/ovrigt-norrbottens-lan-74511
75939,2018-06-12,Övrigt,Norrbottens län,"Norrbotten, Börje, Norrbottens län",,unknown,"Norrbotten, okänd kommun",False,"Norrbotten, ingen kommunikatör i tjänst under natten","Norrbotten, ingen kommunikatör i tjänst under natten","<p>Polisen.se/händelsenotiser och samtal från media hanteras i mån av tid av befälen på RLC. Media hänvisas att ringa 010-5694028.  </p>
<p>Kommunikatör Börje Öhman är i tjänst från onsdag kl 07:00.                                   </p>
",https://polisen.se/aktuellt/handelser/2018/juni/12/12-juni-22.00-ovrigt-norrbottens-lan/,https://brottsplatskartan.se/norrbottens-lan/ovrigt-norrbottens-lan-norrbotten-75939
75943,2018-06-12,Sammanfattning natt,Luleå,"Luleå, Norrbottens län",Luleå,existing_pre_source,Luleå kommun,True,Sammanfattning Norrbotten natt,Misshandel Luleå,"<p>22:05 Luleås östra delar - Misshandel. Vi kommer inte att kommentera detta ärende vidare i nuläget.</p>
<p>Ev vittnen som sett detta ombeds ringa 11414.</p>
<p>23:09 Luleå Rv97 - Tillgrepp av fortskaffningsmedel.</p>
<p>Patrull möter en bil som de fattar misstanke mot. Vid kontroll visar sig fordonet vara tillgripet. Två personer är gripna för tillgreppet och föraren är även misstänkt för drograttfylleri. Fordonet är taget i beslag.</p>
<p><strong>Uppdatering kl 07:08</strong> (Börje Öhman, presstalesperson)</p>
<p>En bra natt utan akuta händelser att informera om.</p>",https://polisen.se/aktuellt/handelser/2018/juni/12/12-juni-23.59-sammanfattning-natt-lulea/,https://brottsplatskartan.se/norrbottens-lan/sammanfattning-natt-lulea-75943
76075,2018-06-13,Övrigt,Norrbottens län,"Börje, Norrbottens län",,unknown,"Norrbotten, okänd kommun",False,Ingen kommunikatör i tjänst under natten,Ingen kommunikatör i tjänst under natten,"<p>Polisen.se/händelsenotiser och samtal från media hanteras i mån av tid av befälen på RLC. Media hänvisas att ringa 010-569 40 28.</p>
<p>Kommunikatör Börje Öhman i tjänst från torsdag 07:00.                           </p>
",https://polisen.se/aktuellt/handelser/2018/juni/13/13-juni-22.00-ovrigt-norrbottens-lan/,https://brottsplatskartan.se/norrbottens-lan/ovrigt-norrbottens-lan-76075
76083,2018-06-13,Sammanfattning natt,Norrbottens län,"Norrbotten, Norrbottens län",,unknown,"Norrbotten, okänd kommun",True,Natten i Norrbotten,Natten i Norrbotten,"<p>23:51 Nattavaara<br />Räddningsinsats</p>
<p>En man ringer in till polisen då han gått vilse i skogen nedanför Nattavaara. RLC skickar ett sms med en länk som möjliggör för RLC att se en exakt position på mannen, detta kallas CARL. RLC guidar mannen mot farbar väg men mannen har varit och vandrat i blött mark och börjar bli nedkyld. Räddningstjänst med bandvagn från Gällivare samt fjällräddare skickas till platsen för att undsätta honom.</p>
<p>Mannen befann sig så pass otillgänglig att räddningstjänsten fick använda bandvagnen för att få tag på mannen. Han fick transport hem efter att ambulans undersökt honom och han var välbehållen.</p>
<p><strong>Uppdatering kl 07:00</strong> (Börje Öhman)</p>
<p>En bra natt för medborgarna i länet, inga akuta händelser att informera om.</p>",https://polisen.se/aktuellt/handelser/2018/juni/14/14-juni-01.07-sammanfattning-natt-norrbottens-lan/,https://brottsplatskartan.se/norrbottens-lan/sammanfattning-natt-norrbottens-lan-norrbotten-76083
76259,2018-06-15,Övrigt,Norrbottens län,"Norrbotten, Börje, Norrbottens län",,unknown,"Norrbotten, okänd kommun",False,"Norrbotten, ingen kommunikatör i tjänst under eftermiddagen/kvällen","Norrbotten, ingen kommunikatör i tjänst under eftermiddagen/kvällen","<p>Polisen.se/händelsenotiser och samtal från media hanteras i mån av tid av befälen på RLC. Media hänvisas att ringa 010-5694028.</p>
<p>Kommunikatör Börje Öhman är i tjänst från lördag kl 07:00.                              </p>
",https://polisen.se/aktuellt/handelser/2018/juni/15/15-juni-13.57-ovrigt-norrbottens-lan/,https://brottsplatskartan.se/norrbottens-lan/ovrigt-norrbottens-lan-norrbotten-76259
76357,2018-06-16,Övrigt,Norrbottens län,"Börje, Norrbottens län",,unknown,"Norrbotten, okänd kommun",False,Ingen kommunikatör i tjänst under kvällen och natten,Ingen kommunikatör i tjänst under kvällen och natten,"<p>Polisen.se/händelsenotiser och samtal från media hanteras i mån av tid av befälen på RLC. Media hänvisas att ringa 010-5694028.</p>
<p>Kommunikatör Börje Öhman är i tjänst från söndag kl 07:00.    </p>",https://polisen.se/aktuellt/handelser/2018/juni/16/16-juni-14.43-ovrigt-norrbottens-lan/,https://brottsplatskartan.se/norrbottens-lan/ovrigt-norrbottens-lan-76357
76634,2018-06-19,Övrigt,Norrbottens län,"Norrbotten, Börje, Norrbottens län",,unknown,"Norrbotten, okänd kommun",False,"Norrbotten, ingen kommunikatör i tjänst under eftermiddagen/kvällen","Norrbotten, ingen kommunikatör i tjänst under eftermiddagen/kvällen","<p>Polisen.se/händelsenotiser och samtal från media hanteras i mån av tid av befälen på RLC. Media hänvisas att ringa 010-56 94028.</p>
<p>Kommunikatör Börje Öhman är i tjänst från onsdag kl 07:00.                                  </p>

",https://polisen.se/aktuellt/handelser/2018/juni/19/19-juni-15.00-ovrigt-norrbottens-lan/,https://brottsplatskartan.se/norrbottens-lan/ovrigt-norrbottens-lan-norrbotten-76634
76761,2018-06-20,Övrigt,Norrbottens län,"Börje, Norrbottens län",,unknown,"Norrbotten, okänd kommun",False,Ingen kommunikatör i tjänst under kvällen och natten,Ingen kommunikatör i tjänst under kvällen och natten,"<p>Polisen.se/händelsenotiser och samtal från media hanteras i mån av tid av befälen på RLC. Media hänvisas att ringa 010-56 94028.</p>
<p>Kommunikatör Börje Öhman är i tjänst från torsdag kl 07:00.  </p>",https://polisen.se/aktuellt/handelser/2018/juni/20/20-juni-14.26-ovrigt-norrbottens-lan/,https://brottsplatskartan.se/norrbottens-lan/ovrigt-norrbottens-lan-76761
76871,2018-06-21,Övrigt,Norrbottens län,"Börje, Norrbottens län",,unknown,"Norrbotten, okänd kommun",False,Ingen kommunikatör i tjänst under kvällen eller natten,Ingen kommunikatör i tjänst under kvällen eller natten,"<p>Polisen.se/händelsenotiser och samtal från media hanteras i mån av tid av befälen på RLC. Media hänvisas att ringa 010-56 94028.</p>
<p>Kommunikatör Börje Öhman är i tjänst från fredag kl 07:00.  </p>",https://polisen.se/aktuellt/handelser/2018/juni/21/21-juni-14.48-ovrigt-norrbottens-lan/,https://brottsplatskartan.se/norrbottens-lan/ovrigt-norrbottens-lan-76871
77445,2018-06-27,Övrigt,Norrbottens län,"Norrbotten, Börje, Norrbottens län",,unknown,"Norrbotten, okänd kommun",False,"Norrbotten, ingen kommunikatör i tjänst under eftermiddagen/kvällen","Norrbotten, ingen kommunikatör i tjänst under eftermiddagen/kvällen","<p>Polisen.se/händelsenotiser och samtal från media hanteras i mån av tid av befälen på RLC. Media hänvisas att ringa 010-56 94028.  </p>
<p>Kommunikatör Börje Öhman är i tjänst från torsdag kl 07:00.                                         </p>",https://polisen.se/aktuellt/handelser/2018/juni/27/27-juni-14.55-ovrigt-norrbottens-lan/,https://brottsplatskartan.se/norrbottens-lan/ovrigt-norrbottens-lan-norrbotten-77445
77474,2018-06-28,Sammanfattning natt,Norrbottens län,"Norrbotten, Norrbottens län",,unknown,"Norrbotten, okänd kommun",True,Natten i Norrbotten,Natten i Norrbotten,"<p>Natten har varit lugn i Norrbotten</p>

<p><strong>Uppdatering kl 06:50</strong> (Börje Öhman)</p>
<p>Avslutningen av natten också lugn. Inga akuta händelser att informera om.</p>",https://polisen.se/aktuellt/handelser/2018/juni/28/28-juni-03.43-sammanfattning-natt-norrbottens-lan/,https://brottsplatskartan.se/norrbottens-lan/sammanfattning-natt-norrbottens-lan-norrbotten-77474
77633,2018-06-29,Övrigt,Norrbottens län,"Börje, Norrbottens län",,unknown,"Norrbotten, okänd kommun",False,Ingen kommunikatör i tjänst under kvällen eller natten,Ingen kommunikatör i tjänst under kvällen eller natten,"<p>Polisen.se/händelsenotiser och samtal från media hanteras i mån av tid av befälen på RLC. Media hänvisas att ringa 010-56 94028.  </p>
<p>Kommunikatör Börje Öhman är i tjänst från lördag kl 07:00.  </p>",https://polisen.se/aktuellt/handelser/2018/juni/29/29-juni-15.00-ovrigt-norrbottens-lan/,https://brottsplatskartan.se/norrbottens-lan/ovrigt-norrbottens-lan-77633
78246,2018-07-06,Övrigt,Norrbottens län,"Norrbotten, Börje, Norrbottens län",,unknown,"Norrbotten, okänd kommun",False,"Norrbotten, ingen kommunikatör i tjänst under eftermiddag och kvällen","Norrbotten, ingen kommunikatör i tjänst under eftermiddag och kvällen","<p>Polisen.se/händelsenotiser och samtal från media hanteras i mån av tid av befälen på RLC. Media hänvisas att ringa 010-56 94028. </p>
<p>Kommunikatör Börje Öhman är i tjänst från lördag kl 07:00.                               </p>",https://polisen.se/aktuellt/handelser/2018/juli/6/06-juli-14.00-ovrigt-norrbottens-lan/,https://brottsplatskartan.se/norrbottens-lan/ovrigt-norrbottens-lan-norrbotten-78246
78339,2018-07-07,Övrigt,Norrbottens län,"Börje, Norrbottens län",,unknown,"Norrbotten, okänd kommun",False,Ingen kommunikatör i tjänst under kvällen och natten,Ingen kommunikatör i tjänst under kvällen och natten,"<p>Polisen.se/händelsenotiser och samtal från media hanteras i mån av tid av befälen på RLC. Media hänvisas att ringa 010-56 94028. </p>
<p>Kommunikatör Börje Öhman är i tjänst från söndag kl 07:00.</p>",https://polisen.se/aktuellt/handelser/2018/juli/7/07-juli-14.18-ovrigt-norrbottens-lan/,https://brottsplatskartan.se/norrbottens-lan/ovrigt-norrbottens-lan-78339
78737,2018-07-11,Övrigt,Norrbottens län,"Norrbotten, Börje, Norrbottens län",,unknown,"Norrbotten, okänd kommun",False,"Norrbotten, ingen kommunikatör i tjänst under eftermiddagen och kvällen","Norrbotten, ingen kommunikatör i tjänst under eftermiddagen och kvällen","<p>Polisen.se/händelsenotiser och samtal från media hanteras i mån av tid av befälen på RLC. Media hänvisas att ringa 010-56 94028.</p>
<p>Kommunikatör Börje Öhman är i tjänst från torsdag kl 07:00.                                     </p>
",https://polisen.se/aktuellt/handelser/2018/juli/11/11-juli-15.01-ovrigt-norrbottens-lan/,https://brottsplatskartan.se/norrbottens-lan/ovrigt-norrbottens-lan-norrbotten-78737
78782,2018-07-11,"Trafikolycka,  personskada",Kiruna,"Abisko, Kiruna, Norrbottens län",Kiruna,existing_pre_source,Kiruna kommun,False,"E10 Abisko, trafikolycka singel med befarad personskada. Polis, räddningstjänst och ambulans på väg till platsen.","E10 Abisko, trafikolycka singel med befarad personskada. Polis, räddningstjänst och ambulans på väg till platsen.","<p><strong>Uppdatering kl 08:35</strong> (Börje Öhman)</p>
<p>Föraren, som var ensam i bilen, skadades så svårt att han avled av sina skador. Föraren, en man i 65-års åldern, var hemmahörande i Norrbottens län.</p>
<p>Det finns ingen närmare uppgift om vad som orsakat olyckan. Olycksbilen är tagen i beslag och olyckan ska utredas i vanlig ordning.</p>
<p>Anhöriga är underrättade.</p>",https://polisen.se/aktuellt/handelser/2018/juli/11/11-juli-21.21-trafikolycka-personskada-kiruna/,https://brottsplatskartan.se/norrbottens-lan/trafikolycka-personskada-kiruna-abisko-78782
78843,2018-07-12,Övrigt,Norrbottens län,"Börje, Norrbottens län",,unknown,"Norrbotten, okänd kommun",False,Ingen kommunikatör i tjänst under kvällen eller natten,Ingen kommunikatör i tjänst under kvällen eller natten,"<p>Polisen.se/händelsenotiser och samtal från media hanteras i mån av tid av befälen på RLC. Media hänvisas att ringa 010-56 94028.</p>
<p>Kommunikatör Börje Öhman är i tjänst från fredag kl 07:00.  </p>",https://polisen.se/aktuellt/handelser/2018/juli/12/12-juli-14.36-ovrigt-norrbottens-lan/,https://brottsplatskartan.se/norrbottens-lan/ovrigt-norrbottens-lan-78843
82129,2018-08-13,Sammanfattning natt,Norrbottens län,"Boden, Luleå, Mattor, Norrbottens län",,unknown,"Norrbotten, okänd kommun",True,Ett urval av nattens händelser.,Ett urval av nattens händelser.,"<p>01:49 Trafikbrott, Boden<br /> En patrull stoppar och kontrollerar en bil i Boden. Föraren bötfälls för hastighetsöverträdelse och får sitt körkort omhändertaget.</p>
<p>02:22 Stöld/inbrott, Luleå<br /> Polis beordras till Börjeslandet efter samtal om inbrott. Anmälaren ska ha vaknat av att en ruta krossats, men det är oklart om något är stulet. Polis söker med hjälp av hund och påträffar en man i 25-årsåldern. Han grips misstänkt för försök till grov stöld och skadegörelse genom brand, då det i samband med detta upptäcks att det brinner i ett hus i närheten. Det ska bland annat ha brunnit i mattor. Platsen avspärrad för en teknisk undersökning.</p>
<p>En efternatt utan händelser att rapportera om.</p>",https://polisen.se/aktuellt/handelser/2018/augusti/13/13-augusti-06.51-sammanfattning-natt-norrbottens-lan/,https://brottsplatskartan.se/norrbottens-lan/sammanfattning-natt-norrbottens-lan-82129
83259,2018-08-22,Övrigt,Norrbottens län,"Börje, Norrbottens län",,unknown,"Norrbotten, okänd kommun",False,Ingen kommunikatör i tjänst under natten.,Ingen kommunikatör i tjänst under natten.,"<p>Polisen.se/händelsenotiser och samtal från media hanteras i mån av tid av befälen på RLC. Media hänvisas att ringa 010-569 40 28.</p>
<p>Kommunikatör Börje Öhman i tjänst från torsdag klockan 07:00. </p>",https://polisen.se/aktuellt/handelser/2018/augusti/22/22-augusti-22.00-ovrigt-norrbottens-lan/,https://brottsplatskartan.se/norrbottens-lan/ovrigt-norrbottens-lan-83259
83672,2018-08-26,Trafikkontroll,Kalix,"Börjelsbyn, Kalix, Norrbottens län",Kalix,existing_pre_source,Kalix kommun,False,"Länsväg 744 Börjelsbyn, resultat efter trafikkontroll","Länsväg 744 Börjelsbyn, resultat efter trafikkontroll",<p>Samtliga trafikanter passerade utan några anmärkningar.</p>,https://polisen.se/aktuellt/handelser/2018/augusti/26/26-augusti-10.40-trafikkontroll-kalix/,https://brottsplatskartan.se/norrbottens-lan/trafikkontroll-kalix-borjelsbyn-83672
83692,2018-08-26,Övrigt,Norrbottens län,"Norrbotten, Börje, Norrbottens län",,unknown,"Norrbotten, okänd kommun",False,"Norrbotten, ingen kommunikatör i tjänst","Norrbotten, ingen kommunikatör i tjänst","<p>Polisen.se/händelsenotiser och samtal från media hanteras i mån av tid av befälen på RLC. Media hänvisas att ringa 010-56 94028.</p>
<p>Kommunikatör Börje Öhman är i tjänst från måndag kl 07:00.  </p>
",https://polisen.se/aktuellt/handelser/2018/augusti/26/26-augusti-14.35-ovrigt-norrbottens-lan/,https://brottsplatskartan.se/norrbottens-lan/ovrigt-norrbottens-lan-norrbotten-83692
83858,2018-08-27,Övrigt,Norrbottens län,"Börje, Norrbottens län",,unknown,"Norrbotten, okänd kommun",False,Ingen kommunikatör i tjänst under natten.,Ingen kommunikatör i tjänst under natten.,"<p>Polisen.se/händelsenotiser och samtal från media hanteras i mån av tid av befälen på RLC. Media hänvisas att ringa 010-56 94028.</p>
<p>Kommunikatör Börje Öhman är i tjänst från tisdag kl 07:00.  </p>",https://polisen.se/aktuellt/handelser/2018/augusti/27/27-augusti-22.00-ovrigt-norrbottens-lan/,https://brottsplatskartan.se/norrbottens-lan/ovrigt-norrbottens-lan-83858
84110,2018-08-29,Trafikkontroll,Luleå,"Börjelslandet, Luleå, Norrbottens län",Luleå,existing_pre_source,Luleå kommun,False,Hastighetsövervakning vid Börjelslandet med flertalet rapporterade hastighetsöverträdelser.,Hastighetsövervakning vid Börjelslandet med flertalet rapporterade hastighetsöverträdelser.,<p>Polisen hade hastighetsövervakning på E4 i höjd med Börjelslandet under onsdagskvällen. Denna kontroll resulterade i att 10 stycken förare fick o-bot utfärdad.</p>,https://polisen.se/aktuellt/handelser/2018/augusti/29/29-augusti-18.00-trafikkontroll-lulea/,https://brottsplatskartan.se/norrbottens-lan/trafikkontroll-lulea-borjelslandet-84110
84276,2018-08-30,Övrigt,Norrbottens län,"Norrbotten, Börje, Norrbottens län",,unknown,"Norrbotten, okänd kommun",False,"Norrbotten, ingen kommunikatör i tjänst under natten","Norrbotten, ingen kommunikatör i tjänst under natten","<p>Polisen.se/händelsenotiser och samtal från media hanteras i mån av tid av befälen på RLC. Media hänvisas att ringa 010-56 94028.</p>
<p>Kommunikatör Börje Öhman är i tjänst från fredag kl 07:00.</p>",https://polisen.se/aktuellt/handelser/2018/augusti/30/30-augusti-21.57-ovrigt-norrbottens-lan/,https://brottsplatskartan.se/norrbottens-lan/ovrigt-norrbottens-lan-norrbotten-84276
84279,2018-08-31,Sammanfattning natt,Norrbottens län,Norrbottens län,,unknown,"Norrbotten, okänd kommun",True,Ett urval av nattens händelser,Ett urval av nattens händelser,"<p><strong>02:43 Drog rattfylleri, centrala Luleå</strong></p>
<p>Vid ett rutinstopp var det en bil som inte stannade på polismans tecken. Efter ett kortare förföljande körde bilen in i en lyktstolpe och föraren försökte springa från platsen. Föraren en man i 25 års åldern kunde gripas på platsen. Mannen är misstänkt för grov olovlig körning, vårdslöhet i trafik, drog rattfylleri samt narkotikabrott eget bruk. Mannen fördes till sjukhuset för provtagning, för att senare föras till häktet i Luleå då mannen var efterlyst.</p>
<p><strong>Uppdatering kl 07:31</strong>(av Börje Öhman, presstalesperson) </p>
<p>En bra avslutning av natten. Inga akuta händelser att informera om.</p>",https://polisen.se/aktuellt/handelser/2018/augusti/31/31-augusti-03.47-sammanfattning-natt-norrbottens-lan/,https://brottsplatskartan.se/norrbottens-lan/sammanfattning-natt-norrbottens-lan-84279
84386,2018-08-31,Övrigt,Norrbottens län,"Börje, Norrbottens län",,unknown,"Norrbotten, okänd kommun",False,Ingen kommunikatör i tjänst under natten.,Ingen kommunikatör i tjänst under natten.,"<p>Polisen.se/händelsenotiser och samtal från media hanteras i mån av tid av befälen på RLC. Media hänvisas att ringa 010-56 94028.</p>
<p>Kommunikatör Börje Öhman är i tjänst från lördag kl 07:00.</p>",https://polisen.se/aktuellt/handelser/2018/augusti/31/31-augusti-22.00-ovrigt-norrbottens-lan/,https://brottsplatskartan.se/norrbottens-lan/ovrigt-norrbottens-lan-84386
84390,2018-08-31,Sammanfattning natt,Norrbottens län,Norrbottens län,,unknown,"Norrbotten, okänd kommun",True,Nattens händelser i länet.,Nattens händelser i länet.,"<p><strong>22:23 - Misshandel, Kalix</strong><br />En man i 30-årsåldern är gripen misstänkt för misshandel efter att ha gett sig på gäster inne på en restaurang i centrala Kalix. Ett flertal samtal inkom strax innan det om att mannen var mycket aggressiv och gick omkring och skrek slog på saker.</p>
<p><strong>01:00 - Trafikolycka, Boden</strong><br />En man kör av vägen och voltar på länsväg 383. Mannen förs till sjukhus med ambulans och blåser även positivt i polisens sållningsinstrument och är därför misstänkt för rattfylleri. Misstänkt är en man i 20-årsåldern.</p>
<p><strong>01:30 - Narkotikabrott, Kiruna</strong><br />Två män misstänks för rinaga narkotikabrott efter att ha kontrollerats av en polispatrull i centrala Kiruna.</p>
<p><strong>03:15 - Misshandel, Luleå</strong><br />Samtal inkommer om två män som slåss i entrén till en hamburgerrestaurang i centrala Luleå. På plats anträffas två män 25-årsåldern som anmäler varandra för misshandel.</p>
<p><strong>Uppdatering kl 07:30</strong> (av Börje Öhman)</p>
<p><strong>04:28</strong> Flygfältsvägen, Boden, rattfylleri. Man i 20-års åldern misstänkt för rattfylleri och olovlig körning. Passageraren, en kvinna i 45-års åldern, misstänkt för ringa narkotikabrott, eget bruk. Båda personerna medtas för provtagning.</p>
<p>För övrigt en lugn avslutning av natten.</p>

",https://polisen.se/aktuellt/handelser/2018/augusti/31/31-augusti-22.30-sammanfattning-natt-norrbottens-lan/,https://brottsplatskartan.se/norrbottens-lan/sammanfattning-natt-norrbottens-lan-84390
84482,2018-09-01,Sammanfattning natt,Norrbottens län,Norrbottens län,,unknown,"Norrbotten, okänd kommun",True,Nattens händelser i länet.,Nattens händelser i länet.,"<p><strong>22:23 - Trafikolycka, Luleå</strong><br />Singelolycka i norrgående riktning på E4 strax norr om trafikplats Notviken. Enligt de initiala uppgifterna har en bil blivit prejad in i mitträcket. Räddningstjänst, ambulans och polis arbetar på platsen.</p>
<p><strong>02:26 - Narkotikabrott, Gällivare</strong><br />En man i 20-årsåldern är misstänkt för ringa narkotikabrott, eget bruk, efter att ha kontrollerats av en polispatrull i anslutning till en krog i centrala Gällivare.</p>
<p><strong>02:38 - Misshandel, Boden</strong><br />En man i 30-årsåldern har blivit misshandlad genom att gärningsmannen slagit en flaska i huvudet på honom. Händelsen ska ha ägt rum i samband med ett bröllop. Målsägaren fördes till akuten av anhöriga. Ingen gripen i nuläget. Patrullerna har hållit förhör och dokumenterat brottsplatsen.</p>
<p><strong>Uppdatering kl 07:00</strong> (av Börje Öhman, presstalesperson)</p>
<p>Under avslutningen av natten finns inga akuta händelser att informera om.</p>",https://polisen.se/aktuellt/handelser/2018/september/1/01-september-22.33-sammanfattning-natt-norrbottens-lan/,https://brottsplatskartan.se/norrbottens-lan/sammanfattning-natt-norrbottens-lan-84482
85982,2018-09-13,Sammanfattning kväll och natt,Norrbottens län,"Luleå, Karlsborg, Kalix, Boden, Norrbottens län",,unknown,"Norrbotten, okänd kommun",True,Ett urval av händelser.,Ett urval av händelser.,"<p>03:31 Trafikbrott Luleå. Patrull stoppar och kontrollerar en bil på E4 vid Börjeslandet. Bilen har körförbud, patrullen utfärdar ordningsbot.</p>
<p>04:55 Älgolycka Karlsborg, Kalix. Inga personskador. Eftersöksjägare utkallad.</p>
<p>05:02 Skadegörelse Boden. Okänd gärningsman som förstört en ruta hos en urmakare i centrala Boden. Polis har varit på plats, anmälan skadegörelse.</p>
<p>En morgon utan akuta händelser i länet.</p>",https://polisen.se/aktuellt/handelser/2018/september/13/13-september-08.01-sammanfattning-kvall-och-natt-norrbottens-lan/,https://brottsplatskartan.se/norrbottens-lan/sammanfattning-kvall-och-natt-norrbottens-lan-85982
87013,2018-09-21,Rattfylleri,Luleå,"Luleå, Norrbottens län",Luleå,existing_pre_source,Luleå kommun,False,Blåste positivt i trafikkontroll.,Blåste positivt i trafikkontroll.,"<p>I samband med en trafikkontroll i Börjeslandet blåser en förare positivt i polisens sållningsinstrument. Föraren, en man, medtas för provtagning.</p>
<p>Han misstänks för rattfylleri och körkortet omhändertas.</p>",https://polisen.se/aktuellt/handelser/2018/september/21/21-september-09.21-rattfylleri-lulea/,https://brottsplatskartan.se/norrbottens-lan/rattfylleri-lulea-87013
87831,2018-09-28,Övrigt,Norrbottens län,"Börje, Norrbottens län",,unknown,"Norrbotten, okänd kommun",False,Ingen kommunikatör i tjänst under natten.,Ingen kommunikatör i tjänst under natten.,"<p>Polisen.se/händelsenotiser och samtal från media hanteras i mån av tid av befälen på RLC. Media hänvisas att ringa 010-569 40 28.</p>
<p>Kommunikatör Börje Öhman i tjänst från lördag klockan 07:00.</p>",https://polisen.se/aktuellt/handelser/2018/september/28/28-september-21.55-ovrigt-norrbottens-lan/,https://brottsplatskartan.se/norrbottens-lan/ovrigt-norrbottens-lan-87831
90525,2018-10-18,Trafikolycka,Luleå,"Luleå, Norrbottens län",Luleå,existing_pre_source,Luleå kommun,False,Två bilar som kolliderat i korsningen E4/väg 383 i södergående riktning vid Börjeslandet.,Två bilar som kolliderat i korsningen E4/väg 383 i södergående riktning vid Börjeslandet.,"<p>Fyra personer inblandade, alla ska enligt initiala uppgifter vara ute ur bilarna. Båda förarna är förda med ambulans till sjukhus, oklart skadeläge. Det är för närvarande stopp i södergående riktning. Båda bilarna ska bärgas från platsen. Polis är på plats och biträder räddningsledaren.</p>
<p><strong>Uppdatering 14:29</strong></p>
<p>Nu ska trafiken vara på rull igen.</p>",https://polisen.se/aktuellt/handelser/2018/oktober/18/18-oktober-13.15-trafikolycka-lulea/,https://brottsplatskartan.se/norrbottens-lan/trafikolycka-lulea-90525
96984,2018-12-01,Djur,Luleå,"Luleå, Norrbottens län",Luleå,existing_pre_source,Luleå kommun,False,"E4, Börjeslandet. Älg på fel sida viltstängsel.","E4, Börjeslandet. Älg på fel sida viltstängsel.",<p>En älg springer i södergående rikting efter E4:an vid Börjeslandet.</p>,https://polisen.se/aktuellt/handelser/2018/december/1/01-december-11.34-djur-lulea/,https://brottsplatskartan.se/norrbottens-lan/djur-lulea-96984
105330,2019-01-31,Trafikkontroll,Luleå,"Luleå, Norrbottens län",Luleå,existing_pre_source,Luleå kommun,False,Hastighetskontroll på E4 vid Börjeslandet under förmiddagen.,Hastighetskontroll på E4 vid Börjeslandet under förmiddagen.,<p>Polis har utfärdat 10 ordningsbot där förare överskridit gällande hastighetsgräns. I ett fall har patrullen även omhändertagit förarens körkort.</p>,https://polisen.se/aktuellt/handelser/2019/januari/31/31-januari-09.47-trafikkontroll-lulea/,https://brottsplatskartan.se/norrbottens-lan/trafikkontroll-lulea-105330
111329,2019-03-14,Trafikolycka,Luleå,"Luleå, Norrbottens län",Luleå,existing_pre_source,Luleå kommun,False,"E4 Börjeslandet, två bilister inblandade i olycka","E4 Börjeslandet, två bilister inblandade i olycka","<p>Olyckan har skett i norrgående körfält. En bil har kört in i mitträcket och flera stolpar är nedkörda.</p>
<p>Vid 14:40-tiden uppges det vara helt stopp i trafiken. Bilarna måste bärgas från platsen.</p>

",https://polisen.se/aktuellt/handelser/2019/mars/14/14-mars-1403-trafikolycka-lulea/,https://brottsplatskartan.se/norrbottens-lan/trafikolycka-lulea-111329
113595,2019-04-01,Trafikkontroll,Luleå,"Luleå, Norrbottens län",Luleå,existing_pre_source,Luleå kommun,False,Fem bötfällda i hastighetskontroll.,Fem bötfällda i hastighetskontroll.,"<p>Under förmiddagen har polisen haft en hastighetskontroll på E4 i höjd med Börjeslandet. Patrullen utfärdade fem ordningsbot (böter) för hastighetsöverträdelse.</p>
<p>Polisen genomför en nationell trafikvecka under vecka 14. </p>",https://polisen.se/aktuellt/handelser/2019/april/1/01-april-1022-trafikkontroll-lulea/,https://brottsplatskartan.se/norrbottens-lan/trafikkontroll-lulea-113595
113687,2019-04-01,Trafikkontroll,Luleå,"Luleå, Norrbottens län",Luleå,existing_pre_source,Luleå kommun,False,"Trafikkontroll på E4 vid Börjeslandet, Luleå.","Trafikkontroll på E4 vid Börjeslandet, Luleå.",<p>Polisen har haft en trafikkontroll. Hastigheten kontrollerades på förbipasserande fordon. Två ordningsbot (böter) utdelades till förare som körde för fort. Samtliga var nyktra.</p>,https://polisen.se/aktuellt/handelser/2019/april/1/01-april-1831-trafikkontroll-lulea/,https://brottsplatskartan.se/norrbottens-lan/trafikkontroll-lulea-113687
114313,2019-04-06,Trafikolycka,Luleå,"Jämtön, Luleå, Norrbottens län",Luleå,existing_pre_source,Luleå kommun,False,Larm inkommer om en singelolycka på E4 i höjd med Jämtön.,Larm inkommer om en singelolycka på E4 i höjd med Jämtön.,"<p>Enligt initiala uppgifter har olyckan inträffat i norrgående körfält och personerna som färdades i bilen ska vara ute.</p>
<p>Polis och räddningstjänst larmade till platsen.</p>
<p><strong>Uppdatering 07:45</strong><br />På väg till olyckan uppmärksammar patrullen en bilist som kört av vägen på E4 i höjd med Börjeslandet. Bärgare beställd till platsen. Det finns ingen misstanke om brott i samband med den olyckan.</p>
<p><strong>Uppdatering 08:45</strong><br />Gällande den första olyckan i höjd med Jämtön: Inga personer kvar på plats och bilen ska inte stå trafikfarligt till.</p>
",https://polisen.se/aktuellt/handelser/2019/april/6/06-april-0654-trafikolycka-lulea/,https://brottsplatskartan.se/norrbottens-lan/trafikolycka-lulea-jamton-114313
124689,2019-06-28,Sammanfattning natt,Norrbottens län,"Kiruna, Boden, Piteå, Norrbottens län",,unknown,"Norrbotten, okänd kommun",True,Ett urval av nattens händelser,Ett urval av nattens händelser,"<p><strong>Sammanfattning Kirunafestivalen.</strong></p>
<p>Kirunafestivalens första kväll/natt har polisiärt sett varit en relativt lugn tillställning. Trots de bitvis kalla nordliga vindarna så var stämningen god. Fram till 03:30 så har 2 anmälningar om misshandel rapporterats. 6 personer har omhändertagits enligt lagen om omhändertagande av berusade personer, där var en av dessa en 17 –åring som fördes hem till sina föräldrar. Några personer avvisades från området. Vill rikta en stor eloge till alla ordningsvakter, socialtjänst och alla andra som har hjälpt till under kvällen och natten. / Emil Kågström Polisens insatschef Kirunafestivalen.                        </p>
<p><strong>22:07 Anträffat stöldgods, centrala Boden.</strong></p>
<p>En bil som uppmärksammats vid ett inbrott tidigare i veckan på träffades av väktare i centrala Boden. Då patrullen kom till platsen kunde det konstateras att det fanns misstänkt stöldgods i bilen. Bilen togs i beslag och utredmningsarbetet påbörjas. Ingen person befann sig vid bilen.</p>
<p><strong>00:09 Trafikolycka, centrala Kiruna</strong></p>
<p>Patruller kallades till en trafikolycka där ingångsvädet från anmälaren var en vinglig färd och troligt rattfylleri. Då patrullen kom till platsen påträffades föraren, en man i 50 års åldern. Mannen blåste negativt i sållningsinstrumentet men uppgav att han hade starka mediciner. Då patrullen utredde olyckan visade sig att föraren fått in en gnagare i bilen som han försökt få ut ur och bilen under färd och därför kört i diket. Mannen som även körde ner en hastighetsskylt misstänks för vårdlöshet i trafik.</p>
<p><strong><strong>00:57 Grovt rattfylleri, Piteå Havsbad</strong></strong></p>
<p>En ordningsvakt på Piteå Havsbad kontaktade polisen gällande att vakten hade omhändertagit en man som kört rattfull. Mannen som är i 40 års åldern hade framförde en ""fatbike med elmotor"", en elcykel/scooter som går 26 km/h och som därför räknas som fordon. Mannen fördes till polisstationen för provtagning, förhör och körkortsomhändertagande, efter detta frigavs mannen.</p>
<p><strong>Uppdatering 07:55 av Peder Jonsson</strong></p>
<p>02:00 Trafikolycka Persön, Luleå. Singelolycka mellan Persön och Börjeslandet där en bil kört i diket. Polis beordras till platsen. Det visar sig vara en bil från en tidigare olycka på torsdag morgon.</p>
<p>En viltolycka har anmälts till polisen under natten. Ingen person skadades i samband med olyckan. </p>",https://polisen.se/aktuellt/handelser/2019/juni/28/28-juni-0220-sammanfattning-natt-norrbottens-lan/,https://brottsplatskartan.se/norrbottens-lan/sammanfattning-natt-norrbottens-lan-124689
125485,2019-07-06,Sammanfattning natt,Norrbottens län,"Börjelslandet, Råneå, Norrbottens län",,summary_container,"Norrbotten, okänd kommun",True,"Ett urval av nattens händelser, 00-07.",Ett urval av nattens händelse (02:00-07:00),"<p>Fem personer har omhändertagits för fylleri och en person har medtagits för provtagning efter misstanke om narkotikabrott. Polisen har även utfört ett flertal kontroller av personer och fordon som inte resulterat i någon brottsmisstanke.</p>
<p>Här följer ett urval av nattens händelser:</p>
<p><strong>00:06 Misshandel, Luleå<br /></strong>Polis beordras till Innerstaden efter samtal om misshandel. Två killar i 15-årsåldern uppger att de blivit misshandlade av tre för dem okända personer utanför en hamburgerrestaurang. Patrullen håller förhör och upprättar två anmälningar gällande misshandel.</p>
<p><strong>02:23 Trafikolycka, Luleå</strong><br />Polis, ambulans och räddningstjänst skickades till en trafikolycka på E4:an mellan Börjeslandet och Råneå. Det var två bilar som hade frontalkrockat och totalt skulle det vara tre personer inblandade. Ingen person skadades i samband med olyckan. En man i 20-årsåldern körde som den vållande bilen greps på platsen, då han även är misstänkt för drograttfylleri och vapenbrott. Mannen fördes till polisstationen för provtagning och vidare utredningsarbete. Han anhölls av åklagare efter förhör. </p>
<p><strong>03:32 Grovt rattfylleri, Luleå</strong><br />En man i 20-årsåldern är misstänkt för grovt rattfylleri efter ett trafikstopp i Notviken Luleå. Mannen blåste först positivt i polisens sållningsinstrument och fördes till polisstationen för vidare provtagning. Där visade det sig att mannen misstänks för grovt rattfylleri. Mannens körkort och bilnycklar omhändertogs. Mannen frigavs efter anmälan, förhör och provtagning.</p>
<p><strong>03:47 Skadegörelse, Arvidsjaur</strong><br />Polisen får samtal om en man som ligger och sover i en tvättstuga i Arvidsjaur. En ruta till tvättstugan är krossad. Patrullen hjälper mannen hem och upprättar en anmälan om skadegörelse.</p>
<p><strong>05:38 Trafikolycka, Pajala</strong><br />En trafikolycka har inträffat efter länsväg 395 i höjd med Junosuando där en personbil har voltat. Föraren fördes med ambulans till sjukvård. Patrullen dokumenterar på platsen och upprättar anmälan om trafikolycka, utan misstanke om brott.</p>",https://polisen.se/aktuellt/handelser/2019/juli/6/06-juli-0343-sammanfattning-natt-norrbottens-lan/,https://brottsplatskartan.se/norrbottens-lan/sammanfattning-natt-norrbottens-lan-125485
131840,2019-09-05,Sammanfattning natt,Norrbottens län,"Norrbotten, Sunderby Sjukhus, Luleå, Haparanda, Norrbottens län",,unknown,"Norrbotten, okänd kommun",True,Ett urval av nattens polisverksamhet i Norrbotten.,Ett urval av nattens polisverksamhet i Norrbotten.,"<p>Det har varit en natt med normal arbetsbelastning. Polisen har utöver nedanstående ärenden utfört ett flertal kontroller av personer och fordon som inte resulterat i någon brottsmisstanke.</p>
<p>Här följer ett urval av nattens händelser:</p>
<p><strong>22:53, Misshandel, Luleå</strong><br />Polisen beordras till Sunderby sjukhus med anledning av ett bråk där tre personer ska vara inblandade. <br />En kvinna och en man i 40 respektive 30-årsåldern misstänks för brott. Mannen misstänks för narkotikabrott, innehav samt våldsamt motstånd och kvinnan misstänks för hot mot tjänsteman och våldsamt motstånd. Detta efter att de ska ha gjort motstånd mot ordningsvakter.</p>
<p><strong>01:28 Drograttfylleri, Luleå</strong><br />Polisen beordras till E4 vid Börjeslandet i Luleå med anledning av att en bil har kört av vägen och voltat. Misstanke uppstår om att föraren, en man i 40-årsåldern, är påverkad av narkotika, han tas med för provtagning.</p>
<p>En anmälan upprättas gällande bland annat drograttfylleri, narkotikabrott - eget bruk, samt även olovlig körning då mannen kört utan behörighet.</p>
<p><strong>01:45 Drograttfylleri, Haparanda</strong><br />Polisen stoppar och kontrollerar en personbil i centrala Haparanda. Misstanke uppstår om att föraren, en kvinna i 20-årsåldern, är påverkad av narkotika. Hon tas med för provtagning. Kvinnan misstänks för drograttfylleri. Passageraren, en man, misstänks för narkotikabrott eget bruk samt brott mot knivlagen.</p>
",https://polisen.se/aktuellt/handelser/2019/september/5/05-september-0709-sammanfattning-natt-norrbottens-lan/,https://brottsplatskartan.se/norrbottens-lan/sammanfattning-natt-norrbottens-lan-norrbotten-131840
132389,2019-09-09,Trafikbrott,Kalix,"Börjelsbyn, Kalix, Norrbottens län",Kalix,existing_pre_source,Kalix kommun,False,Under kvällen har polisen bötfällt två bilister i höjd med Börjelsbyn.,Under kvällen har polisen bötfällt två bilister i höjd med Börjelsbyn.,<p>Bilisterna bötfälldes för att ej ha iakttagit stopplikt. En av bilisterna bötfälldes också då bilen brukats trots körförbud.</p>,https://polisen.se/aktuellt/handelser/2019/september/9/09-september-1952-trafikbrott-kalix/,https://brottsplatskartan.se/norrbottens-lan/trafikbrott-kalix-borjelsbyn-132389
133538,2019-09-18,Trafikkontroll,Luleå,"Luleå, Norrbottens län",Luleå,existing_pre_source,Luleå kommun,False,"E4 Börjeslandet, resultat efter hastighetskontroll","E4 Börjeslandet, resultat efter hastighetskontroll",<p>Två förare har fått ordningsbot (böter) efter hastighetsöverträdelser.</p>,https://polisen.se/aktuellt/handelser/2019/september/18/18-september-0924-trafikkontroll-lulea/,https://brottsplatskartan.se/norrbottens-lan/trafikkontroll-lulea-133538
133591,2019-09-18,Rattfylleri,Luleå,"Luleå, Norrbottens län",Luleå,existing_pre_source,Luleå kommun,False,Vid en trafikkontroll på E4 vid Börjeslandet uppvisar föraren tecken på att vara påverkad av narkotika.,Vid en trafikkontroll på E4 vid Börjeslandet uppvisar föraren tecken på att vara påverkad av narkotika.,"<p>Han får följa med för provtagning och förhör. Han är i nuläget misstänkt för grov olovlig körning, drograttfylleri och hastighetsöverträdelse.</p>",https://polisen.se/aktuellt/handelser/2019/september/18/18-september-1440-rattfylleri-lulea/,https://brottsplatskartan.se/norrbottens-lan/rattfylleri-lulea-133591
145509,2019-12-30,Trafikkontroll,Luleå,"Luleå, Norrbottens län",Luleå,existing_pre_source,Luleå kommun,False,"Resultat av trafikkontroll på E4 Börjeslandet, Luleå.","Resultat av trafikkontroll på E4 Börjeslandet, Luleå.","<p>Polisen har kontrollerat trafiken på E4. Fyra ordningsbot (böter) utfärdades med anledning av hastighetsöverträdelser.</p>
<p>Trafikkontroller är en del i polisens arbete för att förhindra och förebygga trafikolyckor. </p>
",https://polisen.se/aktuellt/handelser/2019/december/30/30-december-1046-trafikkontroll-lulea/,https://brottsplatskartan.se/norrbottens-lan/trafikkontroll-lulea-145509
149887,2020-02-06,Trafikolycka,Luleå,"Börjelslandet, Luleå, Norrbottens län",Luleå,existing_pre_source,Luleå kommun,False,"E4 Börjelslandet, två trafikanter har kolliderat i en korsning","E4 Börjelslandet, två trafikanter har kolliderat i en korsning","<p>Räddningstjänst, ambulans och polis åker till platsen.</p>
<p>Oklart om någon är skadad.</p>
<p>E4 stängs tillfälligt av med anledning av olyckan.</p>
<p><strong>Uppdatering kl 08:06</strong></p>
<p>En person är förd med ambulans till sjukvården.</p>
<p>Räddningstjänst har flyttat bilarna till en plats där de inte står trafikfarligt till. Det är nu full framkomlighet på platsen.</p>
<p>Bilarna kommer bärgas senare.</p>
",https://polisen.se/aktuellt/handelser/2020/februari/6/06-februari-0740-trafikolycka-lulea/,https://brottsplatskartan.se/norrbottens-lan/trafikolycka-lulea-borjelslandet-149887
154095,2020-03-14,Trafikbrott,Luleå,"Börjelslandet, Luleå, Norrbottens län",Luleå,existing_pre_source,Luleå kommun,False,"Polispatrull stoppar en personbil på E4, Börjelslandet.","Polispatrull stoppar en personbil på E4, Börjelslandet.",<p>Föraren får en ordningsbot för hastighetsöverträdelse.</p>,https://polisen.se/aktuellt/handelser/2020/mars/14/14-mars-1044-trafikbrott-lulea/,https://brottsplatskartan.se/norrbottens-lan/trafikbrott-lulea-borjelslandet-154095
158602,2020-04-25,Trafikkontroll,Luleå,"Luleå, Norrbottens län",Luleå,existing_pre_source,Luleå kommun,False,"E4 Börjeslandet, resultat efter hastighetskontroll i trafiken","E4 Börjeslandet, resultat efter hastighetskontroll i trafiken",<p>Tre förare fick ordningsbot (böter) på grund av hastighetsöverträdelser.</p>,https://polisen.se/aktuellt/handelser/2020/april/25/25-april-0946-trafikkontroll-lulea/,https://brottsplatskartan.se/norrbottens-lan/trafikkontroll-lulea-158602
158719,2020-04-26,Trafikkontroll,Luleå,"Luleå, Norrbottens län",Luleå,existing_pre_source,Luleå kommun,False,"E4 Börjeslandet, resultat efter hastighetskontroll i trafiken","E4 Börjeslandet, resultat efter hastighetskontroll i trafiken","<p>12 förare har fått ordningsbot (böter) på grund av hastighetsöverträdelser, varav en har fått körkortet omhändertaget.</p>
<p>Trafikkontroller är en del i polisens arbete att förhindra och förebygga trafikolyckor. Att sänka medelhastigheten är en av de viktigaste åtgärderna vi kan göra för att rädda liv på våra vägar.</p>",https://polisen.se/aktuellt/handelser/2020/april/26/26-april-1104-trafikkontroll-lulea/,https://brottsplatskartan.se/norrbottens-lan/trafikkontroll-lulea-158719
161523,2020-05-24,Trafikkontroll,Luleå,"Luleå, Norrbottens län",Luleå,existing_pre_source,Luleå kommun,False,"E4 Börjeslandet, resultat efter hastighetskontroll","E4 Börjeslandet, resultat efter hastighetskontroll","<p>12 förare har under förmiddagen fått ordningsbot (böter) efter hastighetsöverträdelser på sträckan, varav fyra körde bil med släp.</p>
<p>En av förarna som stoppades efter hastighetsöverträdelse körde ett avställt fordon med körförbud och med otillåtet mönsterdjup på däcken.</p>",https://polisen.se/aktuellt/handelser/2020/maj/24/24-maj-1026-trafikkontroll-lulea/,https://brottsplatskartan.se/norrbottens-lan/trafikkontroll-lulea-161523
162102,2020-05-29,Trafikkontroll,Luleå,"Älvbrovägen, Bergnäset, Luleå, Norrbottens län",Luleå,existing_pre_source,Luleå kommun,False,Resultat av trafikkontroller i Luleå.,Resultat av trafikkontroller i Luleå.,"<p>Polisen har kontrollerat trafiken i Luleå.</p>
<p>09:35 Trafikkontroll på Älvbrovägen, Bergnäset. Fem ordningsbot utfärdades för hastighetsöverträdelser.</p>
<p>10:47 Trafikkontroll på E4 Börjeslandet.<br />Tre ordningsbot utfärdades för hastighetsöverträdelser. </p>",https://polisen.se/aktuellt/handelser/2020/maj/29/29-maj-1221-trafikkontroll-lulea/,https://brottsplatskartan.se/norrbottens-lan/trafikkontroll-lulea-162102
162532,2020-06-02,"Trafikolycka,  singel",Luleå,"Persön, Luleå, Norrbottens län",Luleå,existing_pre_source,Luleå kommun,False,Singelolycka på E4 mellan Börjeslandet och Råneå.,"Singelolycka på E4, Persön.","<p>Enligt initiala uppgifter har en singelolycka inträffat på E4, Persön. Räddningstjänst på plats och södergående körfält uppges vara avstängt.</p>
<p>Polis och ambulans på väg.</p>
<p><strong>Uppdatering 14:53</strong><br />Olyckan ska ha inträffat mellan Börjeslandet och Råneå. En bilist har kört in i mitträcket.</p>
<p>Personerna i bilen ska vara ute ur bilen.</p>
<p><strong>Uppdatering 16:52</strong><br />Polis är klar på plats. En anmälan upprättas.</p>",https://polisen.se/aktuellt/handelser/2020/juni/2/02-juni-1428-trafikolycka-singel-lulea/,https://brottsplatskartan.se/norrbottens-lan/trafikolycka-singel-lulea-person-162532
165636,2020-07-04,"Trafikolycka,  singel",Luleå,"Råneå, Luleå, Norrbottens län",Luleå,existing_pre_source,Luleå kommun,False,Singelolycka på E4 mellan Råneå och Börjeslandet.,Singelolycka på E4 mellan Råneå och Börjeslandet.,"<p>Samtal inkommer till SOS Alarm om en singelolycka på E4 mellan Råneå och Börjeslandet.</p>
<p>Enligt enligt initiala uppgifter har en bilist kört i diket och alla som befann sig i bilen ska vara ute.</p>
<p>Polis och räddningstjänst larmade till platsen.</p>
<p><strong>Uppdatering 12:55</strong><br />Bilen ska inte längre vara kvar och patrullen lämnar platsen.</p>",https://polisen.se/aktuellt/handelser/2020/juli/4/04-juli-1158-trafikolycka-singel-lulea/,https://brottsplatskartan.se/norrbottens-lan/trafikolycka-singel-lulea-ranea-165636
173179,2020-09-17,Trafikkontroll,Norrbottens län,"Öjebyn, Piteå, Södra Svartbyn, Boden, Luleå, Gammelgården, Jäkkvik, Arjeplog, Vitsand, Svedjan, Överkalix, Moråsleden, Morjärv, Trångån, Norrbottens län",,ambiguous_municipality_names,Flera kommuner i Norrbotten,False,Urval av polisens arbete i trafiken under eftermiddagen – en del av den pågående trafikinsatsveckan.,Urval av polisens arbete i trafiken under eftermiddagen – en del av den pågående trafikinsatsveckan.,"<p>13:22 Trafikkontroll i Öjebyn, Piteå. Tre ordningsböter utfärdas: En med anledning av att mobiltelefon används och hålls i handen under färd, en för att bilbälte inte används under färd samt en ordningsbot med anledning av att det råder körförbud för aktuellt fordon.</p>
<p>13:32 Trafikkontroll Södra Svartbyn, Boden. Inga anmärkningar noterade.          </p>
<p>13:48 Trafikkontroll på E4 vid Börjeslandet, Luleå. Två ordningsböter utfärdas med anledning av hastighetsöverträdelse.</p>
<p>14:06 Trafikkontroll på länsväg 721 vid Gammelgården, Kalix. Inga anmärkningar noterade.</p>
<p>14:32 Trafikkontroll på riksväg 95 vid Jäkkvik, Arjeplog. Tre ordningsböter utfärdas med anledning av hastighetsöverträdelse. Högs uppmätta hastighet var 90 kilometer i timmen på en 70-sträcka.</p>
<p>14:41 Trafikkontroll i Vitsand, Piteå. 15 ordningsböter utfärdas och ett körkort omhändertas med anledning av hastighetsöverträdelse.</p>
<p>15:11 Trafikkontroll på E10 vid Svedjan, Överkalix. Åtta ordningsböter utfärdas och två körkort omhändertas med anledning av hastighetsöverträdelse.</p>
<p>15:26 Trafikkontroll på riksväg 95 vid Jutis, Arjeplog. Alla passerande var utan anmärkning.</p>
<p>15:48 Trafikkontroll på Moråsleden, Boden. Två ordningsböter och ett körkort omhändertas.</p>
<p>15:58 Trafikkontroll på E10 vid Morjärv, Kalix. Fyra ordningsböter med anledning av hastighetsöverträdelse.</p>
<p>17:00 Trafikkontroll på E10 vid Trångån, Kalix. Två ordningsböter utfärdas.</p>
<p><strong>Uppdaterad 19:55</strong><br />17:58 Trafikkontroll på länsväg 374 vid Öjebyn, Piteå. Sex ordningsböter och ett körkort omhändertas.</p>
<p>18:44 Trafikkontroll på länsväg 609 vid Ängsgård, Arjeplog. Två ordningsböter gällande hastighetsöverträdelse utfärdas.</p>
<p>19:37 Trafikbrott på E4 vid Antnäs, Luleå. En ordningsbot utfärdas och ett körkort omhändertas med anledning av hastighetsöverträdelse. Föraren kör 136 kilometer i timmen på en 110-sträcka.</p>",https://polisen.se/aktuellt/handelser/2020/september/17/17-september-1731-trafikkontroll-norrbottens-lan/,https://brottsplatskartan.se/norrbottens-lan/trafikkontroll-norrbottens-lan-173179
174898,2020-10-04,Rattfylleri,Kalix,"Marieberg, Börjelsbyn, Kalix, Norrbottens län",Kalix,existing_pre_source,Kalix kommun,False,Kvinna misstänkt för rattfylleri efter förföljande,Kvinna misstänkt för rattfylleri efter förföljande,"<p>Samtal inkom till polisen om att en påverkad kvinna uppehöll sig vid en bil längs väg 744 i höjd med Marieberg. Patrull beordras till platsen och anträffar aktuell bil under färd.</p>
<p>När patrullen försöker stoppa bilen väljer föraren att försöka köra ifrån patrullen. Patrullen inleder ett förföljande av bilen i syfte att försöka stoppa den och beslut togs om att använda spikmatta för att få stopp på färden. I höjd med Börjelsbyn kunde en anslutande polispatrull lägga ut spikmatta på vägen och fordonet körde över den. Kort senare stannade föraren, en kvinna i 35-års åldern, kunde frihetsberövas.</p>
<p>Kvinnan är bland annat misstänkt för rattfylleri under påverkan av narkotika och medtogs för kroppsbesiktning. Den aktuella bilen misstänks vara tillgripen.</p>",https://polisen.se/aktuellt/handelser/2020/oktober/4/04-oktober-1617-rattfylleri-kalix/,https://brottsplatskartan.se/norrbottens-lan/rattfylleri-kalix-174898
179542,2020-11-17,"Trafikolycka,  vilt",Norrbottens län,"Luleå, Kiruna, Norrbottens län",,municipality_pair:Kiruna|Luleå,Flera kommuner i Norrbotten,False,Viltolyckor i Norrbottens län under morgonen.,Viltolyckor i Norrbottens län under morgonen.,"<p>08:02 Börjeslandet, Luleå: Olycka mellan personbil och rådjur. Inga personskador har uppstått. En eftersöksjägare kallas till platsen då det är oklart om rådjuret skadades.</p>
<p>08:03 E10 Altajärvi, Kiruna: Olycka mellan lastbil och älg. Inga personskador har uppstått. En eftersöksjägare kallas till platsen då det är oklart om älgen skadades.</p>",https://polisen.se/aktuellt/handelser/2020/november/17/17-november-0952-trafikolycka-vilt-norrbottens-lan/,https://brottsplatskartan.se/norrbottens-lan/trafikolycka-vilt-norrbottens-lan-179542
181718,2020-12-07,Trafikkontroll,Norrbottens län,"Arvidsjaur, Storgatan, Arjeplog, Lugnetvägen, Boden, Inbyn, Luleå, Norrbottens län",,ambiguous_municipality_names,Flera kommuner i Norrbotten,False,Resultat efter trafikkontroller i länet under morgonen/förmiddagen.,Resultat efter trafikkontroller i länet under morgonen.,"<p><strong>06:08 Arvidsjaur:</strong> Två förare får ordningsbot för hastighetsöverträdelse på en 50-sträcka på Storgatan, centrala Arvidsjaur.</p>
<p><strong>06:25 Arjeplog:</strong> En förare får ordningsbot för hastighetsöverträdelse på en 50-sträcka på riksväg 95/Lugnetvägen.</p>
<p><strong>07:52 Boden:</strong> Samtliga förare/fordon som kontrolleras på länsväg 356/länsväg 383 är utan anmärkning.</p>
<p><strong>08:33 Boden:</strong> Samtliga förare som kontrolleras på länsväg 356, Inbyn, är utan anmärkning.</p>
<p><strong>08:33 Luleå:</strong> Fyra förare på E4, Börjeslandet, får ordningsbot för hastighetsöverträdelse.</p>
<p><strong>Uppdatering 10:23:</strong></p>
<p><strong>09:11 Gällivare:</strong> Två förare får ordningsbot för hastighetsöverträdelse på Norskavägen i centrala Gällivare.</p>
<p><strong>09:50 Gällivare:</strong> Tre förare får ordningsbot för hastighetsöverträdelse i samband med en trafikkontroll på Messhedsvägen, Nedre Heden.</p>
<p><strong>Uppdatering 11:43:</strong></p>
<p><strong>10:30 Boden:</strong> Vid en trafikkontroll på riksväg 97, Harads, bötfälls två förare för fortkörning.</p>
<p><strong>Uppdatering 12:30:</strong></p>
<p><strong>11:55 Piteå:</strong> En förare får ordningsbot för hastighetsöverträdelse i samband med en trafikkontroll på Framnäsvägen/Nya Älvvägen, Öjebyn.</p>",https://polisen.se/aktuellt/handelser/2020/december/7/07-december-0955-trafikkontroll-norrbottens-lan/,https://brottsplatskartan.se/norrbottens-lan/trafikkontroll-norrbottens-lan-181718
181872,2020-12-08,Trafikkontroll,Luleå,"Luleå Kommun, Hällfors, Antnäs, Älvbrovägen, Bergnäset, Orrbyn, Luleå, Norrbottens län",Luleå,existing_pre_source,Luleå kommun,False,Resultat av trafikkontroller i Luleå kommun.,Resultat av trafikkontroller i Luleå kommun.,"<p>Polisen har under eftermiddagen kontrollerat trafiken i Luleå kommun. Detta i samband med den nationella trafikveckan med fokus på hastighet som pågår just nu. </p>
<p>E4 Börjeslandet: Samtliga utan anmärkning.</p>
<p>Riksväg 94 Hällfors, Antnäs: Två ordningsbot för hastighetsöverträdelser. </p>
<p>Älvbrovägen, Bergnäset: En ordningsbot för hastighetsöverträdelse.</p>
<p>Länsväg 760 Orrbyn: En ordningsbot för hastighetsöverträdelse.</p>
",https://polisen.se/aktuellt/handelser/2020/december/8/08-december-1931-trafikkontroll-lulea/,https://brottsplatskartan.se/norrbottens-lan/trafikkontroll-lulea-kommun-181872
181963,2020-12-09,Trafikkontroll,Norrbottens län,"Norrbotten, Luleå, Börjelslandet, Böle, Boden, Piteå, Gällivare, Norskavägen, Norrbottens län",,ambiguous_municipality_names,Flera kommuner i Norrbotten,False,"Norrbotten, resultat efter trafikkontroller under förmiddagen","Norrbotten, resultat efter trafikkontroller under förmiddagen","<p>LULEÅ</p>
<p>En trafikkontroll hölls på E4 vid Börjelslandet vid 10-tiden, utan några anmärkningar. Lite senare hölls en kontroll på samma plats och då fick fyra förare böter.</p>
<p>Efter en kontroll på länsväg 760 i Böle utfärdades böter till sex förare.</p>
<p>BODEN</p>
<p>En trafikant stoppades för kontroll vid 12:30-tiden. Böter utfärdades på grund av att fordonet saknade registreringsskylt.</p>
<p>PITEÅ</p>
<p>Polisen kontrollerade ett trettiotal förbipasserande på länsväg 374 vid Böle vid 11-tiden. En förare fick böter på grund av hastighetsöverträdelse. </p>
<p>GÄLLIVARE</p>
<p>En hastighetskontroll hölls i centrum, vid Norskavägen. Tre förare fick böter på grund av hastighetsöverträdelser.</p>",https://polisen.se/aktuellt/handelser/2020/december/9/09-december-1230-trafikkontroll-norrbottens-lan/,https://brottsplatskartan.se/norrbottens-lan/trafikkontroll-norrbottens-lan-norrbotten-181963
184629,2021-01-05,Trafikkontroll,Luleå,"Luleå, Norrbottens län",Luleå,existing_pre_source,Luleå kommun,False,"Börjeslandet, resultat efter trafikkontroll","Börjeslandet, resultat efter trafikkontroll","<p>Fyra förare har fått böter på grund av hastighetsöverträdelser.</p>
<p>Trafikkontroller är en del i polisens arbete för att förhindra och förebygga trafikolyckor. Att sänka medelhastigheten är en av de viktigaste åtgärderna vi kan göra för att rädda liv på våra vägar.</p>",https://polisen.se/aktuellt/handelser/2021/januari/5/05-januari-1810-trafikkontroll-lulea/,https://brottsplatskartan.se/norrbottens-lan/trafikkontroll-lulea-184629
184770,2021-01-06,Trafikkontroll,Luleå,"Luleå, Norrbottens län",Luleå,existing_pre_source,Luleå kommun,False,"Luleå, resultat från en trafikkontroll i Börjeslandet.","Luleå, resultat från en trafikkontroll i Börjeslandet.",<p>En ordningsbot (böter) utfärdas till en förare som kör fortare än tillåten hastighet.</p>,https://polisen.se/aktuellt/handelser/2021/januari/6/06-januari-1705-trafikkontroll-lulea/,https://brottsplatskartan.se/norrbottens-lan/trafikkontroll-lulea-184770
190831,2021-03-04,Trafikkontroll,Luleå,"Luleå Kommun, Södra Sunderbyn, Luleå, Norrbottens län",Luleå,existing_pre_source,Luleå kommun,False,Resultat från trafikkontroller i Luleå kommun.,Resultat från trafikkontroller i Luleå kommun.,"<p>Vid klockan 16.30-tiden påbörjades en kontroll på E4 vid Börjeslandet. Där utfärdades sex ordningsböter med anledning av hastighetsöverträdelser.</p>
<p>Vid 17-tiden påbörjades en kontroll i Södra Sunderbyn. Där var samtliga kontrollerade utan anmärkning.</p>",https://polisen.se/aktuellt/handelser/2021/mars/4/04-mars-1757-trafikkontroll-lulea/,https://brottsplatskartan.se/norrbottens-lan/trafikkontroll-lulea-kommun-190831
192909,2021-03-25,Sammanfattning natt,Norrbottens län,"Kalix, Börjelslandet, Norrbottens län",Kalix,existing_pre_source,Kalix kommun,True,Ett urval av nattens polisverksamhet.,Ett urval av nattens polisverksamhet.,"<p>Det har varit en natt med normal arbetsbelastning. Polisen har utfört ett flertal kontroller av personer och fordon som inte resulterat i någon brottsmisstanke.</p>
<p>Här följer ett urval av nattens händelser:</p>
<p>21:54 Försök till rån, Kalix<br />En skadad man inkommer till sjukvård i Kalix och polis beordras dit. Mannen uppger att han blivit rånad utomhus i Kalix. Polis håller förhör och upprättar anmälan gällande försök till grovt rån.</p>
<p>05:13 Trafikbrott, Luleå<br />Polis stoppar och kontrollerar en lastbil på E4 i höjd med Börjelslandet. En ordningsbot (böter) på 10 000 kronor utfärdas med anledning av hastighetsöverträdelse och för att föraren kört oavbrutet i sju timmar, kört med för kort dygnsvila samt kört med förarkort som tillhör en annan person. Förarens körkort samt det förarkort som tillhör en annan person omhändertas.</p>",https://polisen.se/aktuellt/handelser/2021/mars/25/25-mars-0700-sammanfattning-natt-norrbottens-lan/,https://brottsplatskartan.se/norrbottens-lan/sammanfattning-natt-norrbottens-lan-192909
195498,2021-04-20,Trafikkontroll,Norrbottens län,"Norrbotten, Arvidsjaur, Skogsgatan, Jokkmokk, Luleå, Kallax, Alvik, Börjelslandet, Antnäs, Piteå, Grundvik, Hortlax, Övertorneå, Luppio, Risudden, Norrbottens län",,ambiguous_municipality_names,Flera kommuner i Norrbotten,False,"Norrbotten, ett urval av polisens arbete i trafiken under förmiddagen","Norrbotten, ett urval av polisens arbete i trafiken under förmiddagen","<p>Denna vecka pågår en nationell trafikvecka med fokus på hastighet. Polisens ökade närvaro och aktivitet ute i trafikmiljön ska bidra till att sänka medelhastigheten för att minska antalet döda och svårt skadade i trafiken.</p>
<p><strong>ARVIDSJAUR</strong></p>
<p>Vid 8-tiden kontrollerades trafiken utanför en skola vid Skogsgatan. Alla trafikanter passerade utan några anmärkningar.</p>
<p>Senare kontrollerades trafiken på riksväg 95. En fick böter på grund av hastighetsöverträdelse, övriga trafikanter höll hastighetsbegränsningen.</p>
<p><strong>JOKKMOKK</strong></p>
<p>En trafikkontroll hölls under förmiddagen på riksväg 97. Det blev gott resultat, alla trafikanter passerade utan några anmärkningar.</p>
<p><strong>LULEÅ</strong></p>
<p>Under morgonen kontrollerades trafiken i Kallax. Tre förare fick böter på grund av hastighetsöverträdelser. Strax därefter kontrollerades trafiken vid Alvik. Där fick en förare böter på grund av hastighetsöverträdelse. Böter utfärdades också till en förare på E4 i Börjelslandet av samma anledning.</p>
<p>På E4 i Antnäs stoppades under förmiddagen en förare som kört 184 km/timmen på en 110-sträcka. Böter utfärdades och körkortet omhändertogs.</p>
<p><strong>PITEÅ</strong></p>
<p>Under morgonen hölls en trafikkontroll vid Grundvik, nära Hortlax.</p>
<p><strong>ÖVERTORNEÅ</strong></p>
<p>Trafiken kontrollerades under tidig förmiddag efter riksväg 99 vid Luppio. Fem förare fick böter på grund av hastighetsöverträdelser.</p>
<p>Senare hölls en trafikkontroll vid Risudden. Tre förare fick böter efter hastighetsöverträdelser.</p>",https://polisen.se/aktuellt/handelser/2021/april/20/20-april-1125-trafikkontroll-norrbottens-lan/,https://brottsplatskartan.se/norrbottens-lan/trafikkontroll-norrbottens-lan-norrbotten-195498
195645,2021-04-21,Trafikkontroll,Norrbottens län,"Norrbotten, Piteå, Öjebyn, Boden, Harads, Luleå, Haparanda, Arjeplog, Norrbottens län",,ambiguous_municipality_names,Flera kommuner i Norrbotten,False,Resultat från trafikkontroller i Norrbotten.,Resultat från trafikkontroller i Norrbotten.,"<p>Piteå</p>
<p>09:54 En ordningsbot (böter) utfärdas i Öjebyn med anledning av att en förare använder handhållen mobiltelefon under färd.</p>
<p>Boden</p>
<p>10:04 På riksväg 97 vid Harads utfärdas en ordningsbot gällande hastighetsöverträdelse.</p>
<p>Luleå</p>
<p>10:21 På E4 vid Börjeslandet utfärdas tre ordningsböter gällande hastighetsöverträdelser.</p>
<p>Haparanda</p>
<p>10:44 På E4 vid Säivis utfärdas sex ordningsböter gällande hastighetsöverträdelser.</p>
<p>13:16 På E4 vid Haparanda utfärdades fem ordningsböter gällande hastighetsöverträdelser.</p>
<p>Arjeplog</p>
<p>10:58 På riksväg 95 vid Arjeplog var samtliga kontrollerade utan anmärkningar.</p>
<p>13:32 Det finns heller inga anmärkningar noterade från kontrollen på riksväg 95 vid Torborg.</p>",https://polisen.se/aktuellt/handelser/2021/april/21/21-april-1440-trafikkontroll-norrbottens-lan/,https://brottsplatskartan.se/norrbottens-lan/trafikkontroll-norrbottens-lan-norrbotten-195645
195964,2021-04-24,Trafikkontroll,Luleå,"Börjelslandet, Luleå, Norrbottens län",Luleå,existing_pre_source,Luleå kommun,False,"Börjelslandet, resultat efter trafikkontroll på E4","Börjelslandet, resultat efter trafikkontroll på E4",<p>Tre förare har fått böter på grund av hastighetsöverträdelser.</p>,https://polisen.se/aktuellt/handelser/2021/april/24/24-april-1014-trafikkontroll-lulea/,https://brottsplatskartan.se/norrbottens-lan/trafikkontroll-lulea-borjelslandet-195964
196425,2021-04-28,Trafikkontroll,Luleå,"Börjelslandet, Luleå, Norrbottens län",Luleå,existing_pre_source,Luleå kommun,False,"E4 Börjelslandet, resultat efter trafikkontroll","E4 Börjelslandet, resultat efter trafikkontroll",<p>Tre förare har fått böter.</p>,https://polisen.se/aktuellt/handelser/2021/april/28/28-april-1427-trafikkontroll-lulea/,https://brottsplatskartan.se/norrbottens-lan/trafikkontroll-lulea-borjelslandet-196425
197539,2021-05-07,Trafikolycka,Luleå,"Luleå, Norrbottens län",Luleå,existing_pre_source,Luleå kommun,False,Singelolycka på E4 vid Börjeslandet.,Singelolycka på E4 vid Börjeslandet.,"<p>Enligt initiala uppgifter har en personbil voltat och en person ska vara ute ur bilen.</p>
<p>Framkomligheten påverkas av olyckan. Se Trafikverkets hemsida för mer information gällande trafikläget.</p>
<p>Polis kallas till platsen.</p>
<p>Uppdaterad 11:13</p>
<p>Misstanke uppstår om att föraren, en man, är påverkad av narkotika och han tas med för provtagning.</p>
<p>En anmälan gällande misstänkt grovt rattfylleri, ringa narkotikabrott innehav och eget bruk, vårdslöshet i trafik samt grov olovlig körning upprättas.</p>
<p>Föraren omhändertas med stöd av lagen om omhändertagande av berusade personer (LOB).</p>",https://polisen.se/aktuellt/handelser/2021/maj/7/07-maj-0757-trafikolycka-lulea/,https://brottsplatskartan.se/norrbottens-lan/trafikolycka-lulea-197539
201276,2021-06-09,Sammanfattning natt,Norrbottens län,"Föreningsgatan, Rolfs, Kalix, Luleå, Norrbottens län",,unknown,"Norrbotten, okänd kommun",True,Ett urval av nattens polisverksamhet i Norrbottens län.,Ett urval av nattens polisverksamhet i Norrbottens län.,"<p>Under natten har en person omhändertagits enligt LOB, lagen om omhändertagande av berusade personer. </p>
<p><strong>Här följer ett urval av nattens ärenden: </strong></p>
<p><strong>23:46 Trafikbrott, Boden</strong><br />Polisen stoppar och kontrollerar en personbil i centrum. Ordningsbot utfärdas då föraren inte använt bilbälte under färd. </p>
<p><strong>00:07 Olovlig körning, Boden</strong><br />Polisen stoppar och kontrollerar en personbil i Bodsvedjan. Föraren saknar behörighet att köra. Förhör hålls och anmälan gällande grov olovlig körning upprättas. Ärendet hanteras enligt arbetssättet ""Snabbare lagföring"".</p>
<p><strong>01:14 Trafikbrott, Kiruna</strong><br />Polisen stoppar och kontrollerar en personbil på Föreningsgatan. Ordningsbot utfärdas till bilen framförts på väg som inte är avsedd för fordonstrafik. </p>
<p><strong>02:52 Inbrott, Kalix</strong><br />Polisen beordras till företagslokaler i Rolfs, Kalix med anledning av ett nyligen inträffat inbrott. Gärningspersoner ska olovligen ha tagit sig in i lokalerna och tillgripit elektronik. Därefter ska de ha setts lämna platsen.</p>
<p>Polisen har spärrat av och ska göra en brottsplatsundersökning. Anmälan gällande stöld genom inbrott upprättas.</p>
<p><strong>Övrigt:</strong> En viltolycka har skett, på E4 Börjeslandet, Luleå. Inga personskador har uppstått. </p>",https://polisen.se/aktuellt/handelser/2021/juni/9/09-juni-0758-sammanfattning-natt-norrbottens-lan/,https://brottsplatskartan.se/norrbottens-lan/sammanfattning-natt-norrbottens-lan-201276
202196,2021-06-17,Trafikkontroll,Norrbottens län,"Solberg, Arjeplog, Notudden, Jokkmokk, Kiruna, Norrbottens län",,ambiguous_municipality_names,Flera kommuner i Norrbotten,False,Resultat av trafikkontroller i Norrbottens län.,Resultat av trafikkontroller i Norrbottens län.,"<p>Under eftermiddagen har polisen kontrollerat trafiken på flera platser i länet.</p>
<p>Riksväg 95 Solberg, Arjeplog: Fem ordningsbot utfärdades för hastighetsöverträdelser.</p>
<p>Riksväg 97 Notudden, Jokkmokk: Samtliga kunde passera utan anmärkning. </p>
<p>E10 Alttajärvi, Kiruna: Ordningsbot utfärdas för hastighetsöverträdelse (115 kilometer i timmen på 100 sträckan).</p>
<p>Uppdatering 18:10:</p>
<p>Nya älvvägen/Skylvägen, Piteå: Två ordningsbot utfärdades för hastighetsöverträdelser.</p>
<p>Länsväg 356 Långberget, Boden: Tre ordningsbot utfärdades för hastighetsöverträdelser.</p>
<p>E4 Börjeslandet, Luleå: Tre ordningsbot utfärdades för hastighetsöverträdelser.</p>",https://polisen.se/aktuellt/handelser/2021/juni/17/17-juni-1723-trafikkontroll-norrbottens-lan/,https://brottsplatskartan.se/norrbottens-lan/trafikkontroll-norrbottens-lan-202196
203027,2021-06-25,Trafikkontroll,Luleå,"Börjelslandet, Luleå, Norrbottens län",Luleå,existing_pre_source,Luleå kommun,False,"E4 Börjelslandet, resultat efter trafikkontroll","E4 Börjelslandet, resultat efter trafikkontroll",<p>En förare har fått böter på grund av hastighetsöverträdelse.</p>,https://polisen.se/aktuellt/handelser/2021/juni/25/25-juni-0835-trafikkontroll-lulea/,https://brottsplatskartan.se/norrbottens-lan/trafikkontroll-lulea-borjelslandet-203027
205199,2021-07-16,Trafikbrott,Luleå,"Rutvik, Börjelslandet, Luleå, Norrbottens län",Luleå,existing_pre_source,Luleå kommun,False,"E4, bilister stoppade efter trafikbrott","E4, bilister stoppade efter trafikbrott","<p>Vid 19:30-tiden stoppades en bilist vid Rutvik efter hastighetsöverträdelse. Föraren hade kört 120 km/timmen på en 100-sträcka. Böter utfärdades.</p>
<p>Strax därefter stoppades en bilist vid Börjelslandet. Föraren fick böter på grund av hastighetsöverträdelse, på grund av att hon inte anpassat avståndet till framförvarande fordon och på grund av att hon använt mobiltelefon i samband med färd.</p>",https://polisen.se/aktuellt/handelser/2021/juli/16/16-juli-2000-trafikbrott-lulea/,https://brottsplatskartan.se/norrbottens-lan/trafikbrott-lulea-205199
208689,2021-08-26,Trafikkontroll,Luleå,"Börjelslandet, Luleå, Norrbottens län",Luleå,existing_pre_source,Luleå kommun,False,"Resultat efter trafikkontroll på E4, Börjelslandet.","Resultat efter trafikkontroll på E4, Börjelslandet.","<p>Sju förare får ordningsbot för hastighetsöverträdelse.</p>
<p>Trafikkontroller är en del i polisens arbete för att förhindra och förebygga trafikolyckor. </p>",https://polisen.se/aktuellt/handelser/2021/augusti/26/26-augusti-1215-trafikkontroll-lulea/,https://brottsplatskartan.se/norrbottens-lan/trafikkontroll-lulea-borjelslandet-208689
210812,2021-09-14,Trafikkontroll,Norrbottens län,"Norrbotten, Karats, Jokkmokk, Jukkasjärvi, Kiruna Kommun, Dundret, Gällivare Kommun, Gammelstad, Luleå Kommun, Vittjärv, Boden, Norrbottens län",,ambiguous_municipality_names,Flera kommuner i Norrbotten,False,"Norrbotten, resultat från trafikkontroller i dag efter klockan 16.","Norrbotten, resultat från trafikkontroller i dag efter klockan 16.","<p>På länsväg 747 vid Karats, Jokkmokk kommun, utfärdades två ordningsböter gällande hastighetsöverträdelser.</p>
<p>I Jukkasjärvi, Kiruna kommun, rapporteras inga överträdelser av hastighetsgränsen.</p>
<p>På E45 vid Dundret, Gällivare kommun, utfärdades en ordningsbot gällande hastighetsöverträdelse.</p>
<p>På länsväg 874 vid Kirkkojärvi, Kiruna kommun, utfärdades tre ordningsböter gällande hastighetsöverträdelser.</p>
<p>I Gammelstad, Luleå kommun, upprättas en anmälan gällande grov olovlig körning.</p>
<p>Det finns inga anmärkningar noterade från kontrollen på E4 vid Börjeslandet, Luleå kommun.</p>
<p>På riksväg 97 vid Vittjärv, Boden kommun, utfärdades fem ordningsböter gällande hastighetsöverträdelser.</p>",https://polisen.se/aktuellt/handelser/2021/september/14/14-september-2116-trafikkontroll-norrbottens-lan/,https://brottsplatskartan.se/norrbottens-lan/trafikkontroll-norrbottens-lan-norrbotten-210812
210976,2021-09-16,Trafikkontroll,Norrbottens län,"Norrbotten, Kiruna, Lombololeden, Söderleden, Börjelslandet, Luleå, Öjebyn, Piteå, Norrbottens län",,ambiguous_municipality_names,Flera kommuner i Norrbotten,False,"Norrbotten, resultat efter trafikkontroller under morgonen","Norrbotten, resultat efter trafikkontroller under morgonen","<p>Tre trafikkontroller har hållits i Kiruna. En hölls på E10 vid Lombolo. Där fick en förare böter på grund av hastighetsöverträdelse under tidig morgon. Därefter fick ytterligare en förare böter på grund av hastighetsöverträdelse, vid Lombololeden/Söderleden. Senare hölls en kontroll på E10, där två förare fick böter.</p>
<p>Under morgonen kontrollerades också trafiken på E4 vid Börjelslandet, Luleå. Två förare fick böter på grund av hastighetsöverträdelser.</p>
<p>Trafikkontroll har även hållits i Öjebyn, Piteå.</p>",https://polisen.se/aktuellt/handelser/2021/september/16/16-september-1000-trafikkontroll-norrbottens-lan/,https://brottsplatskartan.se/norrbottens-lan/trafikkontroll-norrbottens-lan-norrbotten-210976
215293,2021-10-26,"Trafikolycka,  vilt",Norrbottens län,"Norrbotten, Luleå Kommun, Öjebyn, Piteå Kommun, Svannäs, Arjeplog, Norrbottens län",,ambiguous_municipality_names,Flera kommuner i Norrbotten,False,"Norrbotten, anmälda viltolyckor i dag på morgonen.","Norrbotten, anmälda viltolyckor i dag på morgonen.","<p>På E4 vid Börjeslandet, Luleå kommun, var en bil och en ren inblandade i en olycka. Det finns inga uppgifter om personskador. Renen dog däremot och berörd sameby kontaktas.</p>
<p>På länsväg 374 i trakten av Öjebyn, Piteå kommun, var en personbil och ett rådjur inblandade i en olycka. Det finns inga rapporter om personskador. Det är oviss hur det gick för rådjuret och eftersöksjägare kontaktas.</p>
<p>På länsväg 361 i trakten av Svannäs, Arjeplog kommun, var en personbil och en ren inblandade i en olycka. Det finns inga uppgifter om personskador. Renen dog dock och berörd sameby kontaktas.</p>",https://polisen.se/aktuellt/handelser/2021/oktober/26/26-oktober-0948-trafikolycka-vilt-norrbottens-lan/,https://brottsplatskartan.se/norrbottens-lan/trafikolycka-vilt-norrbottens-lan-norrbotten-215293
224707,2022-01-25,Trafikkontroll,Luleå,"Gammelstad, Börjelslandet, Hällfors, Niemisel, Luleå, Norrbottens län",Luleå,existing_pre_source,Luleå kommun,False,"Luleå, resultat efter trafikkontroller under morgon och tidig förmiddag","Luleå, resultat efter trafikkontroller under morgon och tidig förmiddag","<p>Vid 8-tiden hölls en hastighetskontroll vid Gammelstad. Alla trafikanter passerade utan några anmärkningar.</p>
<p>En stund senare kontrollerades trafiken i Innerstaden. Två förare fick böter på grund av hastighetsöverträdelser.</p>
<p>Vid 9-tiden hölls en trafikkontroll på E4 vid Börjelslandet, där tre förare rapporterades för hastighetsöverträdelser.</p>
<p>Strax före kl 10 avslutades en trafikkontroll på riksväg 94 i Hällfors, utan några anmärkningar. Samma resultat blev det efter trafikkontroll på länsväg 356 i Niemisel, inga anmärkningar.</p>",https://polisen.se/aktuellt/handelser/2022/januari/25/25-januari-1000-trafikkontroll-lulea/,https://brottsplatskartan.se/norrbottens-lan/trafikkontroll-lulea-224707
236268,2022-05-31,Trafikolycka,Luleå,"Börjelslandet, Luleå, Norrbottens län",Luleå,existing_pre_source,Luleå kommun,False,"E4 Börjelslandet, två bilister inblandade i olycka","E4 Börjelslandet, två bilister inblandade i olycka","<p>En av bilarna har voltat och ligger på taket. Mitträcket är också trasigt efter olyckan.</p>
<p>En person förs till sjukhus.</p>
<p>Olyckan påverkar trafiken på sträckan. Följ trafikläget på Trafikverkets hemsida.</p>",https://polisen.se/aktuellt/handelser/2022/maj/31/31-maj-0921-trafikolycka-lulea/,https://brottsplatskartan.se/norrbottens-lan/trafikolycka-lulea-borjelslandet-e4-borjelslandet-tva-bilister-inblandade-i-olycka-236268
255389,2023-01-16,Trafikolycka,Luleå,"Luleå, Norrbottens län",Luleå,existing_pre_source,Luleå kommun,False,Trafikolycka på E4 norr om Börjeslandet.,Trafikolycka på E4 norr om Börjeslandet.,"<p>Enligt initiala uppgifter är två personbilar inblandade i olyckan.</p>
<p>Polis kallas till platsen.</p>
<p>Trafiken påverkas av olyckan, se Trafikverkets hemsida för aktuell trafikinformation.</p>
<p><strong>Uppdaterad kl 08:18</strong></p>
<p>Polis arbetar med ärendet.</p>
<p><strong>Uppdaterad kl 09:16</strong></p>
<p>Det finns inga uppgifter om att någon person avförts med ambulans till sjukvård. Båda förarna har blåst i polisens sållningsintrument och resultaten var utan annärkningar.</p>",https://polisen.se/aktuellt/handelser/2023/januari/16/16-januari-0745-trafikolycka-lulea/,https://brottsplatskartan.se/norrbottens-lan/trafikolycka-lulea-trafikolycka-pa-e4-norr-om-borjeslandet-255389
255404,2023-01-16,Trafikkontroll,Norrbottens län,"Norrbotten, Luleå, Notviken, Arjeplog, Boden, Piteå, Norrbottens län",,ambiguous_municipality_names,Flera kommuner i Norrbotten,False,"Norrbotten, resultat från trafikkontroller i dag.","Norrbotten, resultat från trafikkontroller i dag.","<p>På E4 vid Börjeslandet, Luleå, utfärdades en ordningsbot (böter).</p>
<p>I Notviken, Luleå, utfärdas en ordningsbot till en personbilsförare som kör en avställd bil.</p>
<p>Det finns inga anmärkningar noterade vid kontrollen i centrala Arjeplog.</p>
<p>På länsväg 356 i Vändträsk, Boden, var alla kontrollerade utan anmärkningar.</p>
<p>Inga anmärkningar noterades vid kontrollen i Piteå centrum.</p>",https://polisen.se/aktuellt/handelser/2023/januari/16/16-januari-1110-trafikkontroll-norrbottens-lan/,https://brottsplatskartan.se/norrbottens-lan/trafikkontroll-norrbottens-lan-norrbotten-norrbotten-resultat-fran-trafikkontroller-i-dag-255404
262445,2023-04-16,Sammanfattning natt,Norrbottens län,"Boden, Luleå, Gällivare, Norrbottens län",,unknown,"Norrbotten, okänd kommun",True,Ett urval av nattens polisverksamhet.,Ett urval av nattens polisverksamhet.,"<p>Klockan 00-07, en person har omhändertagits för fylleri och en person har medtagits för provtagning efter misstanke om narkotikabrott.</p>
<p>Polisen har även utfört ett flertal kontroller av personer och fordon som inte resulterat i någon brottsmisstanke.</p>
<p>Här följer ett urval av nattens händelser:</p>
<p>00:02 Rattfylleri, Boden<br /> Polis stoppar och kontrollerar en personbil på riksväg 97. Misstanke uppstår om att föraren, en man i 20-årsåldern, är påverkad av narkotika. Provtagning utförs, körkortet omhändertas och anmälan ska upprättas.</p>
<p>00:27 Misshandel, fylleri, Luleå<br /> Polis beordras till en lokal i Börjeslandet med anledning av bråk på en fest där det ska finnas minderåriga. På plats uppstår misstanke om att en person är påverkad av narkotika. Personen omhändertas även med stöd av lagen om omhändertagande av berusade personer. Det framkommer även uppgifter om att en misshandel skett och en anmälan tas upp. Det finns inga uppgifter om att någon har behövt uppsöka akutsjukvård. En minderårig person omhändertas med stöd av lagen om omhändertagande av berusade personer och skjutsas till vårdnadshavare.</p>
<p>00:56 Trafikbrott, Gällivare<br /> I Gällivare stoppar och kontrollerar polis en a-traktor och misstanke uppstår om grov olovlig körning. Anmälan ska upprättas.</p>",https://polisen.se/aktuellt/handelser/2023/april/16/16-april-0747-sammanfattning-natt-norrbottens-lan/,https://brottsplatskartan.se/norrbottens-lan/sammanfattning-natt-norrbottens-lan-ett-urval-av-nattens-polisverksamhet-262445
263368,2023-04-28,Trafikolycka,Luleå,"Luleå, Norrbottens län",Luleå,existing_pre_source,Luleå kommun,False,"Trafikolycka på E4 Börjeslandet, Luleå.","Trafikolycka på E4 Börjeslandet, Luleå.","<p>En trafikolycka har inträffat på E4 Börjeslandet i Luleå. Enligt tillgängliga uppgifter ska två personbilar ha kolliderat i södergående riktning. Två personer ska vara inblandade, skadeläget är oklart. </p>
<p>Vägen uppges vara delvis blockerad. </p>
<p>Polis är på plats. </p>
<p><strong>Uppdatering klockan 09:30:</strong> Polisen har hållit förhör. Olycksorsaken ska utredas. </p>",https://polisen.se/aktuellt/handelser/2023/april/28/28-april-0759-trafikolycka-lulea/,https://brottsplatskartan.se/norrbottens-lan/trafikolycka-lulea-trafikolycka-pa-e4-borjeslandet-lulea-263368
265298,2023-05-22,Trafikolycka,Luleå,"Börjelslandet, Luleå, Norrbottens län",Luleå,existing_pre_source,Luleå kommun,False,"Polispatrull på E4, Börjelslandet, uppmärksammar en personbil som kört in i mitträcket.","Polispatrull på E4, Börjelslandet, uppmärksammar en personbil som kört in i mitträcket.","<p>Ingen person uppges ha skadats i samband med olyckan.</p>
<p>Bärgare ska tillkallas.</p>
<p><strong>Uppdatering 08:12:</strong></p>
<p>Föraren kontrolleras och är nykter.</p>
<p>Bilen är bärgad.</p>
<p>Det finns inga misstankar om brott i samband med olyckan. </p>
<p>Polisen är klar på platsen.</p>",https://polisen.se/aktuellt/handelser/2023/maj/22/22-maj-0701-trafikolycka-lulea/,https://brottsplatskartan.se/norrbottens-lan/trafikolycka-lulea-borjelslandet-polispatrull-pa-e4-borjelslandet-uppmarksammar-en-personbil-som-kort-in-i-mittracket-265298
270826,2023-08-11,"Trafikolycka,  personskada",Luleå,"Luleå, Norrbottens län",Luleå,existing_pre_source,Luleå kommun,False,En trafikolycka med personskada har inträffat vid Lv 600/E4 i höjd med Börjeslandet.,En trafikolycka med personskada har inträffat vid Lv 600/E4 i höjd med Börjeslandet.,<p>Vid olycksplatsen är det är stopp på E4 i södergående riktning .För ytterligare information om trafikläget på platsen hänvisas till Trafikverkets hemsida.</p>,https://polisen.se/aktuellt/handelser/2023/augusti/11/11-augusti-0948-trafikolycka-personskada-lulea/,https://brottsplatskartan.se/norrbottens-lan/trafikolycka-personskada-lulea-en-trafikolycka-med-personskada-har-intraffat-vid-lv-600-e4-i-hojd-med-borjeslandet-270826
272144,2023-08-30,Sammanfattning natt,Norrbottens län,"Hertsön, Luleå, Kiruna, Persön, Tvärån, Överkalix, Norrbottens län",,unknown,"Norrbotten, okänd kommun",True,Ett urval av nattens polisverksamhet i Norrbottens län.,Ett urval av nattens polisverksamhet i Norrbottens län.,"<p>Under natten har två personer i länet omhändertagits för fylleri. Nedan följer ett urval av nattens ärenden:</p>
<p><strong>23:36 Trafikbrott, Kalix</strong><br />Polisen stoppar och kontrollerar en personbil på E4 i Kalix centrum. Föraren, en man, saknar behörighet att köra. Anmälan upprättas gällande grov olovlig körning. Ärendet hanteras enligt arbetssättet ""snabbare lagföring"". </p>
<p><strong>01:25 Skadegörelse, Luleå</strong><br />Polisen beordras till en adress på Hertsön i Luleå med anledning av stök i ett trapphus. På platsen omhändertas en man enligt LOB, lagen om omhändertagande av berusade personer. Han misstänks i samband med detta ha gjort sig skyldig till våldsamt motstånd. Polisen tar också upp en anmälan gällande skadegörelse då okänd gärningsperson ska ha slagit sönder en ruta.<br /><br /><strong>01:30 Skadegörelse, Kiruna</strong><br />Under natten beordras polisen till en snabbmatsrestaurang i Kiruna med anledning av ett misstänkt pågående inbrottsförsök. Polisen påträffar ingen misstänkt gärningsperson. Inget tyder på att någon ska ha tagit sig in i restaurangen. Anmälan om skadegörelse upprättas då bland annat en ruta ska vara sönderslagen.</p>
<p><strong>04:18 Inbrott, Kalix</strong><br />Polisen beordras till en villa i Kalix med anledning av ett misstänkt inbrott. När patrullen kommer dit finns ingen misstänkt gärningsperson kvar. Patrullen kan dock konstatera att det rör sig om ett inbrott. Det är okänt om något har tillgripits. En brottsplatsundersökning planeras. Anmälan gällande grov stöld genom inbrott upprättas.<br /><br /><strong>04:44 Trafikkontroll, Luleå</strong><br />Polisen har haft en trafikkontroll på Börjelsvägen, Persön i Luleå. Samtliga kontrollerade var utan anmärkning.<br /><br /><strong>Övrigt:</strong> En renpåkörning har anmälts till polisen under natten, den inträffade på E10 vi Tvärån i Överkalix. Inga personskador uppstod.</p>",https://polisen.se/aktuellt/handelser/2023/augusti/30/30-augusti-0724-sammanfattning-natt-norrbottens-lan/,https://brottsplatskartan.se/norrbottens-lan/sammanfattning-natt-norrbottens-lan-ett-urval-av-nattens-polisverksamhet-i-norrbottens-lan-272144
274122,2023-09-24,Sammanfattning natt,Norrbottens län,"Luleå, Arvidsjaur, Gällivare, Piteå, Ormberget, Kalix, Norrbottens län",,unknown,"Norrbotten, okänd kommun",True,Ett urval av nattens polisverksamhet.,Ett urval av nattens polisverksamhet.,"<p>Fyra personer har omhändertagits för fylleri, varav en misstänks för försök till våld mot tjänsteman och en för hot mot tjänsteman.</p>
<p>Polisen har även utfört ett flertal kontroller av personer och fordon som inte resulterat i någon brottsmisstanke.</p>
<p>Här följer ett urval av nattens händelser:</p>
<p>00:15 Trafikkontroll, Luleå<br /> På E4 vid Börjeslandet, Luleå, utfärdades tre ordningsböter och omhändertogs ett körkort med anledning av hastighetsöverträdelser.</p>
<p>00:18 Trafikbrott, Arvidsjaur<br /> Vid en trafikkontroll i Arvidsjaur ser polis hur en a-traktor körs på en gång- och cykelbana. A-traktorn kontrolleras och misstanke uppstår om att den är manipulerad. Vid provkörning går a-traktorn fortare än tillåten hastighet, vilket gör att misstanke om olovlig körning uppstår. A-traktorn tas i beslag och förarens körkort omhändertas.</p>
<p>01:13 Stöld genom inbrott, Gällivare<br /> Polis beordras till en adress i Gällivare med anledning av inbrott i ett företags verkstad. Ingen misstänkt är på plats, men polisen inleder sitt utredningsarbete och i samband med det ska en bil stoppas och kontrolleras. Bilens förare stannar dock inte direkt så polis följer efter, bilens förare stannar på en mindre väg i skogen. Där blir det en kortare jakt till fots. De två männen, som båda är i 30-årsåldern, som färdades i bilen grips. I bilen anträffas misstänkt stöldgods och vapen. De misstänks bland annat för inbrottsstöld och vapenbrott. Männen förhörs och åklagare beslutar om att anhålla dem. </p>
<p>01:36 Rattfylleri, Piteå<br /> Polis stoppar och kontrollerar en personbil i Pitholm, Piteå. Föraren, en man i 30-årsåldern, blåser positivt och ytterligare provtagning utförs. Anmälan gällande misstänkt rattfylleri ska upprättas och ärendet hanteras med arbetssättet snabbare lagföring.</p>
<p>02:00 Rattfylleri, Luleå<br /> Polis beordras till Ormberget i Luleå på grund av en singelolycka, en personbil har åkt i diket. Föraren förs till sjukvård med ambulans. Polis håller förhör med föraren, en kvinna i 20-årsåldern, hon saknar körkort och vid provtagning uppstår misstanke om rattfylleri. Ärendet utreds som misstänkt grovt rattfylleri och olovlig körning.</p>
<p>02:09 Trafikbrott, Kalix<br /> I Kalix centrum kontrolleras en personbil. Det utfärdas ordningsbot (böter) på grund av störande musik och på grund av att en passagerare inte använder säkerhetsbälte.</p>
<p>02:16 Försök till rån, Piteå<br /> Samtal inkommer om att en person i Piteå utsatts för ett rånförsök strax efter 01.30-tiden. Enligt initiala uppgifter har några okända personer puttat en man och sagt att de vill ha hans ägodelar. Mannen tog sig från platsen utan att lämna ifrån sig några ägodelar. Polis håller förhör med mannen och en anmälan gällande försök till rån ska upprättas.</p>",https://polisen.se/aktuellt/handelser/2023/september/24/24-september-0902-sammanfattning-natt-norrbottens-lan/,https://brottsplatskartan.se/norrbottens-lan/sammanfattning-natt-norrbottens-lan-ett-urval-av-nattens-polisverksamhet-274122
276689,2023-11-01,"Trafikolycka,  vilt",Norrbottens län,"Börjelsbyn, Kalix, Gällivare, Peräjävaara, Norrbottens län",,municipality_pair:Gällivare|Kalix,Flera kommuner i Norrbotten,False,Ett antal viltolyckor har rapporterats in till polisen under eftermiddagen,Ett antal viltolyckor har rapporterats in till polisen under eftermiddagen,"<p><strong>16:17, Länsväg 721, Börjelsbyn, Kalix</strong></p>
<p>En personbil har kolliderat med ett rådjur. Inga personskador finns rapporterade. Rådjuret överlevde krocken, eftersöksjägare kallas till platsen för att hantera djuret.</p>
<p><strong>17:07, E10, Gällivare</strong></p>
<p>En lätt lastbil har kolliderat med en ren. Inga personskador finns rapporterade. Renen överlevde krocken, berörd sameby kontaktas. </p>
<p><strong>17:26, Länsväg 395, Peräjävaara</strong></p>
<p>En personbil har kolliderat med en ren. Inga personskador finns rapporterade. Renen överlevde krocken, berörd sameby kontaktas.</p>",https://polisen.se/aktuellt/handelser/2023/november/1/01-november-1617-trafikolycka-vilt-norrbottens-lan/,https://brottsplatskartan.se/norrbottens-lan/trafikolycka-vilt-norrbottens-lan-ett-antal-viltolyckor-har-rapporterats-in-till-polisen-under-eftermiddagen-276689
278135,2023-11-23,Trafikolycka,Luleå,"Luleå, Norrbottens län",Luleå,existing_pre_source,Luleå kommun,False,En olycka har inträffat i höjd med Börjeslandet,En olycka har inträffat i höjd med Börjeslandet,"<p>SOS-alarm meddelar att en lastbil och en personbil är inblandade i en olycka utefter E4/LV600. Det finns ingen information om eventuellt skadade personer. </p>
<p>Polisen är på väg till platsen för att undersöka vad som har hänt.</p>
<p>UPPDATERING kl. 09.28</p>
<p>När patrullen kommer fram till platsen finns det inga personer kvar, endast personbilen står kvar på platsen.</p>
<p>Det blir ingen åtgärd från polisen sida.</p>
",https://polisen.se/aktuellt/handelser/2023/november/23/23-november-09.00-trafikolycka-lulea/,https://brottsplatskartan.se/norrbottens-lan/trafikolycka-lulea-en-olycka-har-intraffat-i-hojd-med-borjeslandet-278135
280285,2023-12-23,Sammanfattning natt,Norrbottens län,"Luleå, Haparanda, Narken, Pajala, Övertorneå, Börjelsbyn, Kalix, Norrbottens län",,unknown,"Norrbotten, okänd kommun",True,Ett urval av nattens polisverksamhet 22:00-07:00,Ett urval av nattens polisverksamhet 22:00-07:00,"<p>Här följer ett urval av nattens händelser:</p>
<p>01:49, Luleå</p>
<p>Polisen påträffar en man i centrala Luleå. Mannen är berusad och omhändertas enligt LOB (Lag om omhändertagande av berusade personer). Vid omhändertagandet blir mannen utåtagerande. Han misstänks för våldsamt motstånd, skadegörelse och ringa narkotikabrott, eget bruk. Anmälan upprättas.</p>
<p>02:26, Luleå</p>
<p>Polisen larmas till en adress. På platsen finns en man som misstänks ha misshandlat en kvinna han har en relation med. Anmälan gällande misshandel upprättas. Kvinnan tas till sjukvård för kontroll.</p>
<p>03:28 Luleå</p>
<p>Polisen larmas om en pågående misshandel utomhus i centrala Luleå. Två män ska misshandla en tredje man. Polisen åker till platsen och påträffar männen. De två misstänkta männen grips, de anhålls senare misstänkta för grov misshandel.</p>
<p>Övrigt</p>
<p>Fyra viltolyckor har rapporterats in till polisen under natten. De har skett på E4/Länsväg 728, Haparanda, på länsväg 835 Narken, Pajala, på länsväg 398 Pallakka, Övertorneå och på länsväg 721 Börjelsbyn, Kalix. Inga personskador finns rapporterade.</p>
<p>Två personer har omhändertagits LOB (Lag om omhändertagande av berusade personer). Polisen har även utfört kontroller av personer och fordon som inte resulterat i någon brottsmisstanke.</p>",https://polisen.se/aktuellt/handelser/2023/december/23/23-december-07.49-sammanfattning-natt-norrbottens-lan/,https://brottsplatskartan.se/norrbottens-lan/sammanfattning-natt-norrbottens-lan-ett-urval-av-nattens-polisverksamhet-2200-0700-280285
286889,2024-04-02,Trafikolycka,Kalix,"Börjelsbyn, Kalix, Norrbottens län",Kalix,existing_pre_source,Kalix kommun,False,Singelolycka i trakten av Börjelsbyn.,Singelolycka i trakten av Börjelsbyn.,"<p>Enligt initiala uppgifter har en personbil åkt i diket.</p>
<p>Polis åker till platsen och kan konstatera att föraren är nykter. Det finns ingen misstanke om brott. Polis är klar på plats och lämnar utan vidare åtgärd.</p>",https://polisen.se/aktuellt/handelser/2024/april/2/02-april-11.38-trafikolycka-kalix/,https://brottsplatskartan.se/norrbottens-lan/trafikolycka-kalix-borjelsbyn-singelolycka-i-trakten-av-borjelsbyn-286889
290121,2024-05-19,Sammanfattning natt,Norrbottens län,"Gällivare, Boden, Luleå, Vistträsk, Älvsbyn, Norrbottens län",,unknown,"Norrbotten, okänd kommun",True,Ett urval av nattens polisverksamhet klockan 00:00-07:00:,Ett urval av nattens polisverksamhet klockan 00:00-07:00:,"<p>Sedan midnatt har två personer i länet omhändertagits enligt LOB, lagen om omhändertagande av berusaude personer. En av dessa misstänks för försök till våld mot tjänsteman.</p>
<p>Nedan följer ett urval av nattens ärenden:</p>
<p>00:03 Förargelse, Gällivare<br />Polisen kontaktas gällande fordon som spelar hög och störande musik vid ett hotell i Gällivare. Polisen åker dit och avvisar sex fordon från platsen.<br /><br />00:10 Trafikbrott, Boden<br />Polisen kontrollerar en personbil i Boden. Då för många personer färdas i bilen samt den har en trasig ljuslykta utfärdas ordningsbot till föraren. <br /><br />00:42 Rattfylleri, Piteå<br />Föraren av en cross i centrum medtas för provtagning då han misstänks för rattfylleri. Han saknar också behörighet att köra. Anmälan upprättas gällande rattfylleri samt olovlig körning.<br /><br />03:57 Brand, Luleå<br />Polisen larmas om en brand i en motorcykel på Svartön i Luleå. Det finns ingen information om att personskador ska ha uppstått. Polis har varit på plats. Platsen dokumenteras och anmälan upprättas.<br /><br />Övrigt: Två viltolyckor har rapporterats till polisen. De inträffade på E4 Börjeslandet, Luleå samt på riksväg 94 Vistträsk, Älvsbyn. Inga personskador uppstod. <br /></p>",https://polisen.se/aktuellt/handelser/2024/maj/19/19-maj-07.25-sammanfattning-natt-norrbottens-lan/,https://brottsplatskartan.se/norrbottens-lan/sammanfattning-natt-norrbottens-lan-ett-urval-av-nattens-polisverksamhet-klockan-0000-0700-290121
292784,2024-06-24,Trafikolycka,Luleå,"Luleå, Norrbottens län",Luleå,existing_pre_source,Luleå kommun,False,"Trafikolycka på E4 Börjeslandet, Luleå.","Trafikolycka på E4 Börjeslandet, Luleå.","<p>Under kvällen larmas polisen om en trafikolycka på E4 Börjeslandet, i södergående riktning. Enligt initiala uppgifter rör det sig om en olycka mellan personbil och lastbil. Tre personer ska vara inblandade och två av dem är förda till sjukvård med ambulans. Skadeläget är okänt.<br /><br />Polisen är på plats. Personbilen måste flyttas då den kan utgöra ett trafikhinder. </p>",https://polisen.se/aktuellt/handelser/2024/juni/24/24-juni-20.05-trafikolycka-lulea/,https://brottsplatskartan.se/norrbottens-lan/trafikolycka-lulea-trafikolycka-pa-e4-borjeslandet-lulea-292784
294946,2024-07-30,Fylleri/LOB,Luleå,"Börjelslandet, Luleå, Norrbottens län",Luleå,existing_pre_source,Luleå kommun,False,"E4 Börjelslandet, polispatrull påträffar en man som går mitt på vägen","E4 Börjelslandet, polispatrull påträffar en man som går mitt på vägen","<p>Han kontrolleras och omhändertas med stöd av LOB, lagen om omhändertagande av berusade personer.</p>",https://polisen.se/aktuellt/handelser/2024/juli/30/30-juli-10.01-fyllerilob-lulea/,https://brottsplatskartan.se/norrbottens-lan/fylleri-lob-lulea-borjelslandet-e4-borjelslandet-polispatrull-patraffar-en-man-som-gar-mitt-pa-vagen-294946
298990,2024-09-27,Sammanfattning natt,Norrbottens län,"Luleå, Marielund, Haparanda, Morjärv, Kalix, Norrbottens län",,unknown,"Norrbotten, okänd kommun",True,Ett urval av polisens arbete klockan 22:00 – 07:00,Ett urval av polisens arbete klockan 22:00 – 07:00,"<p>23:41, E4 Börjeslandet, Luleå</p>
<p>Polisen kontrollerar nykterhet i trafiken. Ett 15-tal förare får blåsa i polisens sållningsinstrument. Samtliga var nyktra och fick köra vidare utan anmärkning.</p>
<p>00:59, Marielund, Haparanda</p>
<p>Polisen kontaktas angående ett pågående inbrott i ett garage. När polisen kommer till platsen påträffar man en kvinna i 30-årsåldern. Hon grips, misstänkt för stöld. Polisen pratar med vittnen på platsen. Senare under natten hävs gripandet av kvinnan. En anmälan gällande stöld upprättas.</p>
<p>05:53, Länsväg 744, Morjärv, Kalix</p>
<p>En lastbil har kolliderat med en ren. Inga personskador finns rapporterade. Renen dog vid krocken, berörd sameby kontaktas.</p>",https://polisen.se/aktuellt/handelser/2024/september/27/27-september-07.20-sammanfattning-natt-norrbottens-lan/,https://brottsplatskartan.se/norrbottens-lan/sammanfattning-natt-norrbottens-lan-ett-urval-av-polisens-arbete-klockan-2200-0700-298990
309260,2025-02-19,Trafikolycka,Luleå,"Luleå, Norrbottens län",Luleå,existing_pre_source,Luleå kommun,False,"Trafikolycka på Smedsbyvägen, Börjeslandet.","Trafikolycka på Smedsbyvägen, Börjeslandet.","<p>Polisen larmades om en singelolycka med personbil på Smedsbyvägen. Bilen ska ha kört av vägen och voltat enligt tillgängliga uppgifter. Föraren får skjuts till hälsocentral för kontroll.</p>
<p>Bilen står inte trafikfarligt till och märks upp med polisband.</p>
<p>Polisen lämnar platsen utan vidare åtgärd. </p>",https://polisen.se/aktuellt/handelser/2025/februari/19/19-februari-16.07-trafikolycka-lulea/,https://brottsplatskartan.se/norrbottens-lan/trafikolycka-lulea-trafikolycka-pa-smedsbyvagen-borjeslandet-309260
320392,2025-07-21,Sammanfattning natt,Norrbottens län,"Kiruna, Luleå, Börjelslandet, Piteå, Älvsbyn, Örnäset, Norrbottens län",,unknown,"Norrbotten, okänd kommun",True,Ett urval av nattens polisverksamhet 22.00–07.00.,Ett urval av nattens polisverksamhet 22.00–07.00.,"<p>Här följer ett urval av nattens händelser:</p>
<p><strong>23.15 Fjällräddning, Kiruna:</strong><br />Vakthavande befäl fattar beslut om fjällräddning enligt LSO, lagen om skydd mot olyckor, för att undsätta en man som ramlat och slagit sig på Kebnekaise. Fjällräddare kallas ut och förs med helikopter till platsen.</p>
<p>Mannen förs ned från fjället och får sedan skjuts till sjukvård av anhöriga. Räddningsinsatsen avslutas.</p>
<p><strong>00.08 Trafikbrott, Luleå:</strong><br />Lastbilsförare på E4, Börjelslandet, får ordningsbot för att ha bogserat en annan lastbil i för hög hastighet (över 30 km/h).</p>
<p><strong>01.17 Olovlig körning, Piteå:</strong><br />Polisen stoppar en A-traktor i centrala Piteå som misstänks kunna köras i högre hastighet än vad som är tillåtet för fordonstypen. A-traktorn tas i beslag för teknisk undersökning och en anmälan gällande olovlig körning upprättas.</p>
<p><strong>02.12 Viltolycka, Älvsbyn:</strong><br />Polisen får in en anmälan om en olycka med en personbil och ett rådjur på riksväg 94, i höjd med Sågfors. Inga personskador rapporteras. Rådjuret dog i samband med olyckan.</p>
<p><strong>02.23 Inbrott, Luleå:</strong><br />Polispatrull beordras till Örnäset med anledning av ett misstänkt inbrott i en källare i ett flerfamiljshus. Okänd gärningsperson/personer har gjort åverkan på en dörr. Ingen misstänkt gärningsperson anträffas. Det är oklart om något är stulet.</p>
<p>Platsen dokumenteras och anmälan gällande stöld genom inbrott upprättas.</p>
<p><strong>Övrigt:</strong><br />Polisen har även utfört kontroller av personer och fordon som inte resulterat i någon brottsmisstanke.</p>",https://polisen.se/aktuellt/handelser/2025/juli/21/21-juli-07.36-sammanfattning-natt-norrbottens-lan/,https://brottsplatskartan.se/norrbottens-lan/sammanfattning-natt-norrbottens-lan-ett-urval-av-nattens-polisverksamhet-2200-0700-320392
353104,2025-08-26,Trafikkontroll,Norrbottens län,"Norrbotten, Boden, Vittjärv, Luleå, Kiruna, Gällivare, Älvsbyn, Vidsel, Norrbottens län",,ambiguous_municipality_names,Flera kommuner i Norrbotten,False,"Norrbotten, resultat i urval från kontroller i trafiken.","Norrbotten, resultat i urval från kontroller i trafiken.","<p>Boden</p>
<p>På eftermiddagen har trafik på riksväg 97 vid Vittjärv kontrollerats. Totalt rapporteras tre förare för hastighetsöverträdelser. En av dem fick sitt körkort omhändertaget.</p>

<p>Luleå</p>
<p>Under eftermiddagen utfördes en hastighetskontroll på länsväg 383 i Börjeslandet. Fyra förare rapporteras för hastighetsöverträdelser.</p>

<p>Kiruna</p>
<p>Under eftermiddagen stoppades och kontrollerades en fyrhjuling i Kiruna. Då föraren inte hade på sig en hjälm utfärdades en ordningsbot (böter).</p>

<p>Gällivare</p>
<p>I kväll har det utförts en nykterhetskontroll i Gällivare och alla kontrollerade var utan anmärkningar.</p>

<p>Älvsbyn</p>
<p>Ikväll stoppades och kontrollerades en personbil på länsväg 374 vid Vidsel. Hastigheten uppmättes till 119 kilometer i timmen på en 60-sträcka. En ordningsbot (böter) utfärdades och körkortet omhändertogs.</p>",https://polisen.se/aktuellt/handelser/2025/augusti/26/26-augusti-20.23-trafikkontroll-norrbottens-lan/,https://brottsplatskartan.se/norrbottens-lan/trafikkontroll-norrbottens-lan-norrbotten-norrbotten-resultat-i-urval-fran-kontroller-i-trafiken-353104
427631,2025-11-22,Trafikbrott,Luleå,"Luleå, Norrbottens län",Luleå,existing_pre_source,Luleå kommun,False,"Börjeslandet, en personbil kör vingligt och ska inte ha stannat på polismans tecken.","Börjeslandet, en personbil kör vingligt och ska inte ha stannat på polismans tecken.","<p>Polisen följer efter bilen och får stopp på den efter en liten stund. Föraren, en kvinna, får enligt rutin blåsa i polisen sållningsinstrument. Hon är nykter. Hon misstänks för vårdslöshet i trafik. Polisen omhändertar kvinnans körkort. Anmälan upprättas. </p>",https://polisen.se/aktuellt/handelser/2025/november/22/22-november-09.41-trafikbrott-lulea/,https://brottsplatskartan.se/norrbottens-lan/trafikbrott-lulea-borjeslandet-en-personbil-kor-vingligt-och-ska-inte-ha-stannat-pa-polismans-tecken-427631
498032,2026-03-10,Trafikkontroll,Norrbottens län,"Norrbotten, Nya Älvvägen, Böle, Piteå, Arvidsjaur, Gällivare, Luleå, Högsta, Öjebyn, Haparanda, Jukkasjärvi, Kiruna Kommun, Norrbottens län",,ambiguous_municipality_names,Flera kommuner i Norrbotten,False,"Norrbotten, resultat från några av dagens trafikkontroller.","Norrbotten, resultat från några av dagens trafikkontroller.","<p>På Nya Älvvägen, Böle, Piteå, utfärdades fem ordningsböter på grund av hastighetsöverträdelser samt en ordningsbot gällande körförbud.</p>
<p>En ordningsbot utfärdades på E45 i Arvidsjaur. Anledningen var hastighetsöverträdelse.</p>
<p>Det finns inga anmärkningar noterade vid hastighetskontrollen på länsväg 825 i Gällivare.</p>
<p>En ordningsbot utfärdades på E4 vid Börjeslandet, Luleå, på grund av användande av handhållen mobiltelefon under färd.</p>
<p>På länsväg 1809 i trakten av Gällivare utfärdades två ordningsböter på grund av hastighetsöverträdelser. Högsta hastighet var 122 kilometer i timmen på en 100-sträcka.</p>
<p>På länsväg 374 i Öjebyn, Piteå, utfärdades en ordningsbot på grund av hastighetsöverträdelse.</p>
<p>Alla förare som passerade kontrollen i Haparanda centrum var utan anmärkningar.</p>
<p>Det finns inga anmärkningar noterade vid hastighetskontrollen som utfördes på länsväg 875 vid Jukkasjärvi, Kiruna kommun.</p>",https://polisen.se/aktuellt/handelser/2026/mars/10/10-mars-19.22-trafikkontroll-norrbottens-lan/,https://brottsplatskartan.se/norrbottens-lan/trafikkontroll-norrbottens-lan-norrbotten-norrbotten-resultat-fran-nagra-av-dagens-trafikkontroller-498032
498242,2026-03-14,Sammanfattning natt,Norrbottens län,"Luleå, Norrfjärden, Piteå, Norrbottens län",,unknown,"Norrbotten, okänd kommun",True,Ett urval av nattens polisverksamhet klockan 00:00-07:00.,Ett urval av nattens polisverksamhet klockan 00:00-07:00.,"<p>Förutom nedanstående ärenden har polisen sedan midnatt omhändertagit två personer enligt LOB, lagen om omhändertagande av berusade personer - varav den ena överlämnades till anhörig. Ytterligare en person har medtagits för provtagning efter misstanke om narkotikapåverkan. </p>
<p>00:01 Förargelseväckande beteende, Kiruna<br />Polisen utfärdade ordningsbot till en man som ska ha urinerat offentligt. <br /><br />00:49 Trafikkontroll, Luleå<br />Polisen har haft en trafikkontroll på Smedsbyvägen, Börjeslandet i Luleå. Sju förare fick blåsa i polisens sållningsinstrument och alla var nyktra.<br /><br />01:08 Misshandel, Luleå<br />Polisen beordrades till en snabbmatsrestaurang med anledning av ett slagsmål. Polispatrull påträffade de inblandade. En ung man ska ha misshandlat en annan ung man. Den misstänkte omhändertogs för fylleri. Anmälan upprättas gällande misshandel samt ringa narkotikabrott genom eget bruk, våldsamt motstånd och hot mot tjänsteman. Det finns ingen information om att målsäganden behövde uppsöka sjukvård.<br /><br />01:43 Trafikkontroll, Piteå<br />Polisen har haft en trafikkontroll på E4 i Norrfjärden, Piteå. Cirka tio förare fick blåsa i polisens sållningsinstrument och alla var nyktra.<br /></p>",https://polisen.se/aktuellt/handelser/2026/mars/14/14-mars-06.59-sammanfattning-natt-norrbottens-lan/,https://brottsplatskartan.se/norrbottens-lan/sammanfattning-natt-norrbottens-lan-ett-urval-av-nattens-polisverksamhet-klockan-0000-0700-498242
501661,2026-05-06,Trafikkontroll,Norrbottens län,"Boden, Garnisonen, Jokkmokksvägen, Vittjärv, Norrbottens län",Boden,place_dictionary,Bodens kommun,False,Resultat av polisens arbete i trafiken.,Resultat av polisens arbete i trafiken.,"<p>Under dagen har polisen kontrollerat trafiken i länet. Här följer ett urval av resultatet från kontrollerna.<br /><br />07:38 Trånga gatan, Sävastön, Boden: Sju ordningsböter utfärdades för hastighetsöverträdelser på 40-sträckan. 13 förare fick blåsa i polisens sållningsinstrument och de var nyktra.</p>
<p>07:55 Länsväg 356 Moråsen, Boden: En ordningsbot utfärdades för hastighetsöverträdelse (61 kilometer i timmen på 50-sträckan). 25 förare fick blåsa i polisens sållningsinstrument och de var nyktra.<br /><br />08:34 Länsväg 356 Garnisonen, Boden: En ordningsbot utfärdades för avställt fordon.<br /><br />08:46 Jokkmokksvägen, Vittjärv, Boden: Tio förare fick blåsa i polisens sållningsinstrument och de var nyktra.<br /><br />Uppdatering klockan 13:42: <br /><br />09:42 E4 Haparanda: Samtliga höll hastigheten.<br /><br />10:14 Instrumentgränd, Hamptjärnsmoran, Boden: Två ordningsböter utfärdades för hastighetsöverträdelser. Högsta uppmätta hastighet var 91 kilometer i timmen på 80-sträckan. Sex förare fick blåsa i polisens sållningsinstrument och alla var nyktra.<br /><br />10:15 Kallaxvägen, Kallax, Luleå: 18 förare fick blåsa i polisens sållningsinstrument och alla var nyktra.<br /><br />13:04 Länsväg 383 Börjeslandet, Luleå: Tre ordningsböter utfärdades för hastighetsöverträdelser.</p>",https://polisen.se/aktuellt/handelser/2026/maj/6/06-maj-09.45-trafikkontroll-norrbottens-lan/,https://brottsplatskartan.se/norrbottens-lan/trafikkontroll-norrbottens-lan-501661
508417,2026-08-24,Sammanfattning natt,Norrbottens län,"Luleå, Kirunavägen, Töre, Antnäs, Börjelsbyn, Munkebergsgatan, Mjölkudden, Norrbottens län",,municipality_pair:Kiruna|Luleå,Flera kommuner i Norrbotten,True,Nattens polisverksamhet i Norrbottens län,Ett urval av nattens polisverksamhet i Norrbottens län.,"<p>Under natten har en kvinna i Luleå omhändertagits enligt LOB, lagen om omhändertagande av berusade personer. <br /><br />01:34 Trafikkontroll, Kalix<br />Polisen har haft en trafikkontroll på Kirunavägen i Töre. Samtliga kontrollerade var utan anmärkning.</p>
<p>02:02 Trafikkontroll, Kalix<br />Polisen har haft en trafikkontroll på E4 i Töre. Samtliga kontrollerade var utan anmärkning.<br /><br />03:27 Trafikkontroll, Luleå<br />Polisen har haft en trafikkontroll på Tranbacksvägen i Antnäs. Samtliga kontrollerade var utan anmärkning.<br /><br />04:16 Misshandel, Boden<br />Polisen kontaktas gällande en bilist som ska ha blivit bländad av grön laser. Polispatrull åker till platsen och tar upp anmälan om misshandel och brott mot strålskyddslagen. Inga misstänkta påträffas.<br /><br />05:40 Trafikkontroll, Kalix<br />Polisen har haft en trafikkontroll på länsväg 721 Börjelsbyn. Fyra ordningsböter utfärdas för hastighetsöverträdelser.<br /><br />06:04 Trafikkontroll, Luleå<br />Polisen har haft en trafikkontroll på Munkebergsgatan, Mjölkudden. Samtliga kontrollerade var utan anmärkning.</p>",https://polisen.se/aktuellt/handelser/2026/augusti/24/24-augusti-06.50-sammanfattning-natt-norrbottens-lan/,https://brottsplatskartan.se/norrbottens-lan/sammanfattning-natt-norrbottens-lan-508417
509269,2026-09-07,Sammanfattning natt,Norrbottens län,"Norrbotten, Boden, Sanden, Luleå, Piteå, Munksundsvägen, Norrbottens län",,ambiguous_municipality_names,Flera kommuner i Norrbotten,True,Nattens polisarbete i Norrbotten – singelolycka och trafikkontroller,"Norrbotten, ett urval av polisens arbete under natten","<p>Kl 02:41, Pajala<br />En singelolycka har inträffat vid Peräjävuoma, en bilist har kört i diket.</p>
<p>Det finns inga uppgifter om personskador. Förbipasserande uppger att det är mörkt och dimmigt, vilket kan vara en fara för föraren som uppges röra sig på platsen.</p>
<p>När polis kommer till platsen är ingen kvar där. Bilen står fortsatt i diket, den märks upp.</p>
<p>Kl 05:34, Boden</p>
<p>En trafikkontroll hålls vid Travbanegränd, Sanden. En förare får böter på grund av hastighetsöverträdelse.</p>
<p>Kl 05:35, Luleå</p>
<p>En trafikkontroll hålls strax söder om Börjeslandet.</p>
<p>Kl 06:02, Piteå</p>
<p>Trafiken kontrolleras vid Munksundsvägen, Klubbgärdet, utan några anmärkningar.</p>",https://polisen.se/aktuellt/handelser/2026/september/7/7-september-07.00-sammanfattning-natt-norrbottens-lan/,https://brottsplatskartan.se/norrbottens-lan/sammanfattning-natt-norrbottens-lan-norrbotten-509269
