year,month,geography_group,event_type_extracted,event_count
2016,10,Bodens kommun,Fylleri/LOB,2
2016,10,Bodens kommun,Inbrott,1
2016,10,Bodens kommun,Misshandel,1
2016,10,Gällivare kommun,Fylleri/LOB,1
2016,10,Gällivare kommun,Misshandel,1
2016,10,Gällivare kommun,Stöld,1
2016,10,Haparanda kommun,Inbrott,1
2016,10,Haparanda kommun,Stöld,1
2016,10,Haparanda kommun,"Stöld,  ringa",1
2016,10,Jokkmokks kommun,Inbrott,1
2016,10,Kalix kommun,Inbrott,1
2016,10,Kiruna kommun,Fjällräddning,1
2016,10,Luleå kommun,Rattfylleri,4
2016,10,Luleå kommun,Fylleri/LOB,1
2016,10,Luleå kommun,Narkotikabrott,1
2016,10,Luleå kommun,Trafikolycka,1
2016,10,"Norrbotten, okänd kommun",Rattfylleri,1
2016,10,"Norrbotten, okänd kommun",Övrigt/oklassificerad,1
2016,10,Piteå kommun,Inbrott,2
2016,10,Piteå kommun,Rattfylleri,2
2016,10,Piteå kommun,Övrigt/oklassificerad,1
2016,10,Älvsbyns kommun,Trafikolycka,1
2016,11,Arvidsjaurs kommun,Brand,1
2016,11,Arvidsjaurs kommun,Övrigt/oklassificerad,1
2016,11,Bodens kommun,Rattfylleri,1
2016,11,Bodens kommun,Skadegörelse,1
2016,11,Gällivare kommun,Övrigt/oklassificerad,2
2016,11,Gällivare kommun,Olaga hot,1
2016,11,Gällivare kommun,Olovlig körning,1
2016,11,Haparanda kommun,Trafikolycka,1
2016,11,Jokkmokks kommun,Övrigt/oklassificerad,1
2016,11,Kalix kommun,Rattfylleri,1
2016,11,Kalix kommun,Trafikolycka,1
2016,11,Kiruna kommun,Fylleri/LOB,1
2016,11,Kiruna kommun,Misshandel,1
2016,11,Kiruna kommun,Övrigt/oklassificerad,1
2016,11,Luleå kommun,Rattfylleri,3
2016,11,Luleå kommun,Övrigt/oklassificerad,3
2016,11,Luleå kommun,Brand,1
2016,11,Luleå kommun,Fylleri/LOB,1
2016,11,Luleå kommun,Narkotikabrott,1
2016,11,Luleå kommun,Skadegörelse,1
2016,11,"Norrbotten, okänd kommun",Misshandel,1
2016,11,"Norrbotten, okänd kommun",Olaga hot,1
2016,11,"Norrbotten, okänd kommun",Rån,1
2016,11,Pajala kommun,Trafikolycka,1
2016,11,Pajala kommun,Övrigt/oklassificerad,1
2016,11,Piteå kommun,Rattfylleri,1
2016,11,Piteå kommun,Trafikbrott,1
2016,11,Piteå kommun,Trafikolycka,1
2016,11,Älvsbyns kommun,Trafikbrott,2
2016,11,Överkalix kommun,"Trafikolycka,  vilt",1
2016,12,Bodens kommun,Fylleri/LOB,1
2016,12,Bodens kommun,Rattfylleri,1
2016,12,Gällivare kommun,Fylleri/LOB,1
2016,12,Gällivare kommun,Rattfylleri,1
2016,12,Gällivare kommun,"Trafikolycka,  vilt",1
2016,12,Haparanda kommun,Olovlig körning,1
2016,12,Kalix kommun,Misshandel,1
2016,12,Kalix kommun,Olaga hot,1
2016,12,Kalix kommun,Olovlig körning,1
2016,12,Kalix kommun,Rattfylleri,1
2016,12,Kalix kommun,Övrigt/oklassificerad,1
2016,12,Kiruna kommun,Fylleri/LOB,1
2016,12,Luleå kommun,Fylleri/LOB,6
2016,12,Luleå kommun,Misshandel,1
2016,12,Luleå kommun,Olaga hot,1
2016,12,Luleå kommun,Rattfylleri,1
2016,12,Luleå kommun,Skadegörelse,1
2016,12,Luleå kommun,Trafikbrott,1
2016,12,Luleå kommun,Övrigt/oklassificerad,1
2016,12,"Norrbotten, okänd kommun","Trafikolycka,  vilt",2
2016,12,"Norrbotten, okänd kommun",Misshandel,1
2016,12,Piteå kommun,Fylleri/LOB,1
2016,12,Överkalix kommun,Trafikolycka,1
2017,1,Bodens kommun,Fylleri/LOB,1
2017,1,Bodens kommun,Trafikolycka,1
2017,1,Kalix kommun,Övrigt/oklassificerad,1
2017,1,Luleå kommun,Brand,1
2017,1,Luleå kommun,Rattfylleri,1
2017,1,Luleå kommun,Rån,1
2017,1,Luleå kommun,Stöld,1
2017,1,"Norrbotten, okänd kommun",Brand,4
2017,1,"Norrbotten, okänd kommun",Övrigt/oklassificerad,3
2017,1,"Norrbotten, okänd kommun",Skadegörelse,1
2017,1,Piteå kommun,Brand,1
2017,1,Piteå kommun,Misshandel,1
2017,2,Bodens kommun,Rattfylleri,2
2017,2,Gällivare kommun,Misshandel,1
2017,2,Gällivare kommun,Övrigt/oklassificerad,1
2017,2,Haparanda kommun,Narkotikabrott,1
2017,2,Haparanda kommun,Ofredande/förargelse,1
2017,2,Kiruna kommun,Narkotikabrott,3
2017,2,Kiruna kommun,Misshandel,1
2017,2,Kiruna kommun,Övrigt/oklassificerad,1
2017,2,Luleå kommun,Fylleri/LOB,2
2017,2,Luleå kommun,Rattfylleri,2
2017,2,Luleå kommun,Brand,1
2017,2,Luleå kommun,Misshandel,1
2017,2,Luleå kommun,Narkotikabrott,1
2017,2,Luleå kommun,Ofredande/förargelse,1
2017,2,Luleå kommun,Skadegörelse,1
2017,2,"Norrbotten, okänd kommun",Narkotikabrott,1
2017,2,"Norrbotten, okänd kommun",Skadegörelse,1
2017,2,"Norrbotten, okänd kommun",Trafikolycka,1
2017,2,Piteå kommun,Narkotikabrott,1
2017,2,Piteå kommun,Skadegörelse,1
2017,2,Piteå kommun,"Trafikolycka,  vilt",1
2017,2,Piteå kommun,Övrigt/oklassificerad,1
2017,2,Älvsbyns kommun,Rattfylleri,2
2017,2,Älvsbyns kommun,Misshandel,1
2017,2,Överkalix kommun,Skadegörelse,1
2017,2,Överkalix kommun,Trafikkontroll,1
2017,3,Arjeplogs kommun,Fjällräddning,1
2017,3,Arjeplogs kommun,Rattfylleri,1
2017,3,Arvidsjaurs kommun,Brand,1
2017,3,Bodens kommun,Rattfylleri,2
2017,3,Bodens kommun,"Trafikolycka,  vilt",2
2017,3,Bodens kommun,Misshandel,1
2017,3,Bodens kommun,"Stöld,  ringa",1
2017,3,Bodens kommun,Trafikbrott,1
2017,3,Bodens kommun,Trafikolycka,1
2017,3,Bodens kommun,Övrigt/oklassificerad,1
2017,3,Gällivare kommun,Djur,1
2017,3,Gällivare kommun,Fylleri/LOB,1
2017,3,Gällivare kommun,Narkotikabrott,1
2017,3,Gällivare kommun,Rattfylleri,1
2017,3,Gällivare kommun,Trafikbrott,1
2017,3,Gällivare kommun,"Trafikolycka,  vilt",1
2017,3,Gällivare kommun,Övrigt/oklassificerad,1
2017,3,Haparanda kommun,Inbrott,1
2017,3,Haparanda kommun,Övrigt/oklassificerad,1
2017,3,Jokkmokks kommun,Brand,1
2017,3,Jokkmokks kommun,"Trafikolycka,  vilt",1
2017,3,Kalix kommun,Brand,1
2017,3,Kalix kommun,Misshandel,1
2017,3,Kalix kommun,Stöld,1
2017,3,Kalix kommun,Trafikbrott,1
2017,3,Kiruna kommun,Fjällräddning,1
2017,3,Kiruna kommun,Misshandel,1
2017,3,Kiruna kommun,Stöld,1
2017,3,Kiruna kommun,Trafikolycka,1
2017,3,Kiruna kommun,"Trafikolycka,  vilt",1
2017,3,Luleå kommun,Misshandel,4
2017,3,Luleå kommun,Övrigt/oklassificerad,4
2017,3,Luleå kommun,Trafikbrott,2
2017,3,Luleå kommun,Trafikolycka,2
2017,3,Luleå kommun,Fylleri/LOB,1
2017,3,Luleå kommun,Narkotikabrott,1
2017,3,Luleå kommun,Skadegörelse,1
2017,3,Luleå kommun,Stöld,1
2017,3,Luleå kommun,"Trafikolycka,  vilt",1
2017,3,"Norrbotten, okänd kommun",Brand,1
2017,3,"Norrbotten, okänd kommun",Misshandel,1
2017,3,"Norrbotten, okänd kommun",Trafikolycka,1
2017,3,"Norrbotten, okänd kommun",Övrigt/oklassificerad,1
2017,3,Pajala kommun,Trafikolycka,1
2017,3,Piteå kommun,Övrigt/oklassificerad,2
2017,3,Piteå kommun,Brand,1
2017,3,Piteå kommun,Fylleri/LOB,1
2017,3,Piteå kommun,Misshandel,1
2017,3,Piteå kommun,Narkotikabrott,1
2017,3,Piteå kommun,Ofredande/förargelse,1
2017,4,Arjeplogs kommun,Fjällräddning,1
2017,4,Arvidsjaurs kommun,Inbrott,2
2017,4,Arvidsjaurs kommun,Rattfylleri,1
2017,4,Bodens kommun,Misshandel,4
2017,4,Bodens kommun,Brand,2
2017,4,Bodens kommun,Skadegörelse,2
2017,4,Bodens kommun,Fylleri/LOB,1
2017,4,Bodens kommun,Rattfylleri,1
2017,4,Bodens kommun,"Stöld,  ringa",1
2017,4,Bodens kommun,Trafikkontroll,1
2017,4,Gällivare kommun,Fylleri/LOB,2
2017,4,Gällivare kommun,Trafikolycka,2
2017,4,Gällivare kommun,Olaga hot,1
2017,4,Gällivare kommun,Rattfylleri,1
2017,4,Gällivare kommun,Övrigt/oklassificerad,1
2017,4,Haparanda kommun,Misshandel,2
2017,4,Haparanda kommun,Fylleri/LOB,1
2017,4,Haparanda kommun,Försvunnen person,1
2017,4,Haparanda kommun,Rattfylleri,1
2017,4,Jokkmokks kommun,Räddningsinsats,1
2017,4,Kalix kommun,Inbrott,2
2017,4,Kalix kommun,Bedrägeri,1
2017,4,Kalix kommun,Brand,1
2017,4,Kalix kommun,Fylleri/LOB,1
2017,4,Kalix kommun,Misshandel,1
2017,4,Kalix kommun,Rattfylleri,1
2017,4,Kalix kommun,Stöld,1
2017,4,Kalix kommun,Trafikolycka,1
2017,4,Kiruna kommun,Misshandel,4
2017,4,Kiruna kommun,Brand,2
2017,4,Kiruna kommun,Fylleri/LOB,1
2017,4,Kiruna kommun,Rattfylleri,1
2017,4,Luleå kommun,Övrigt/oklassificerad,4
2017,4,Luleå kommun,Fylleri/LOB,3
2017,4,Luleå kommun,Narkotikabrott,3
2017,4,Luleå kommun,Rattfylleri,3
2017,4,Luleå kommun,Skadegörelse,3
2017,4,Luleå kommun,Olovlig körning,2
2017,4,Luleå kommun,Trafikkontroll,2
2017,4,Luleå kommun,Brand,1
2017,4,Luleå kommun,Djur,1
2017,4,Luleå kommun,Misshandel,1
2017,4,Luleå kommun,Trafikhinder,1
2017,4,Luleå kommun,"Trafikolycka,  vilt",1
2017,4,"Norrbotten, okänd kommun",Skadegörelse,2
2017,4,"Norrbotten, okänd kommun",Trafikkontroll,2
2017,4,"Norrbotten, okänd kommun",Övrigt/oklassificerad,2
2017,4,"Norrbotten, okänd kommun",Brand,1
2017,4,"Norrbotten, okänd kommun",Fjällräddning,1
2017,4,"Norrbotten, okänd kommun",Misshandel,1
2017,4,Pajala kommun,Brand,1
2017,4,Piteå kommun,Misshandel,3
2017,4,Piteå kommun,Rattfylleri,3
2017,4,Piteå kommun,Övrigt/oklassificerad,3
2017,4,Piteå kommun,Trafikkontroll,2
2017,4,Piteå kommun,Djur,1
2017,4,Piteå kommun,Fylleri/LOB,1
2017,4,Piteå kommun,Inbrott,1
2017,4,Piteå kommun,Narkotikabrott,1
2017,4,Piteå kommun,Olovlig körning,1
2017,4,Piteå kommun,Skadegörelse,1
2017,4,Älvsbyns kommun,Skadegörelse,2
2017,4,Överkalix kommun,Rattfylleri,1
2017,4,Övertorneå kommun,Rattfylleri,2
2017,4,Övertorneå kommun,Misshandel,1
2017,5,Arvidsjaurs kommun,Övrigt/oklassificerad,2
2017,5,Bodens kommun,Inbrott,1
2017,5,Bodens kommun,Olaga intrång/hemfridsbrott,1
2017,5,Bodens kommun,Skadegörelse,1
2017,5,Bodens kommun,"Trafikolycka,  vilt",1
2017,5,Gällivare kommun,"Stöld,  ringa",1
2017,5,Haparanda kommun,Fylleri/LOB,1
2017,5,Jokkmokks kommun,Misshandel,1
2017,5,Kalix kommun,Rattfylleri,1
2017,5,Kalix kommun,Övrigt/oklassificerad,1
2017,5,Kiruna kommun,Misshandel,2
2017,5,Kiruna kommun,Rattfylleri,2
2017,5,Kiruna kommun,Fylleri/LOB,1
2017,5,Kiruna kommun,Övrigt/oklassificerad,1
2017,5,Luleå kommun,Övrigt/oklassificerad,4
2017,5,Luleå kommun,Ofredande/förargelse,2
2017,5,Luleå kommun,Fylleri/LOB,1
2017,5,Luleå kommun,Inbrott,1
2017,5,Luleå kommun,Narkotikabrott,1
2017,5,Luleå kommun,Olovlig körning,1
2017,5,Luleå kommun,Rattfylleri,1
2017,5,Luleå kommun,Trafikolycka,1
2017,5,Luleå kommun,"Trafikolycka,  vilt",1
2017,5,"Norrbotten, okänd kommun",Övrigt/oklassificerad,4
2017,5,"Norrbotten, okänd kommun",Rattfylleri,1
2017,5,"Norrbotten, okänd kommun",Rån,1
2017,5,Pajala kommun,Inbrott,1
2017,5,Piteå kommun,Övrigt/oklassificerad,4
2017,5,Piteå kommun,Misshandel,2
2017,5,Piteå kommun,Trafikkontroll,2
2017,5,Piteå kommun,Brand,1
2017,5,Piteå kommun,Trafikbrott,1
2017,5,Piteå kommun,Trafikolycka,1
2017,5,Älvsbyns kommun,Olovlig körning,1
2017,5,Älvsbyns kommun,Skadegörelse,1
2017,5,Överkalix kommun,Övrigt/oklassificerad,1
2017,5,Övertorneå kommun,Rattfylleri,1
2017,6,Arvidsjaurs kommun,Övrigt/oklassificerad,1
2017,6,Bodens kommun,Olovlig körning,2
2017,6,Bodens kommun,Övrigt/oklassificerad,2
2017,6,Bodens kommun,Inbrott,1
2017,6,Bodens kommun,"Stöld,  ringa",1
2017,6,Bodens kommun,Trafikbrott,1
2017,6,Bodens kommun,Trafikkontroll,1
2017,6,Gällivare kommun,Olaga hot,2
2017,6,Gällivare kommun,Skadegörelse,2
2017,6,Gällivare kommun,Stöld,1
2017,6,Haparanda kommun,Övrigt/oklassificerad,2
2017,6,Haparanda kommun,Rattfylleri,1
2017,6,Haparanda kommun,Stöld,1
2017,6,Haparanda kommun,Trafikbrott,1
2017,6,Jokkmokks kommun,Olaga hot,1
2017,6,Jokkmokks kommun,Trafikbrott,1
2017,6,Jokkmokks kommun,"Trafikolycka,  vilt",1
2017,6,Kalix kommun,Trafikbrott,3
2017,6,Kalix kommun,Misshandel,2
2017,6,Kalix kommun,Övrigt/oklassificerad,2
2017,6,Kalix kommun,Olovlig körning,1
2017,6,Kalix kommun,Rattfylleri,1
2017,6,Kalix kommun,Skadegörelse,1
2017,6,Kalix kommun,Stöld,1
2017,6,Kalix kommun,"Trafikolycka,  vilt",1
2017,6,Kiruna kommun,Fylleri/LOB,2
2017,6,Kiruna kommun,Misshandel,2
2017,6,Kiruna kommun,Brand,1
2017,6,Kiruna kommun,Fjällräddning,1
2017,6,Kiruna kommun,Rattfylleri,1
2017,6,Kiruna kommun,Stöld,1
2017,6,Kiruna kommun,"Stöld,  ringa",1
2017,6,Kiruna kommun,"Trafikolycka,  vilt",1
2017,6,Luleå kommun,Övrigt/oklassificerad,6
2017,6,Luleå kommun,Misshandel,4
2017,6,Luleå kommun,Stöld,3
2017,6,Luleå kommun,Fylleri/LOB,2
2017,6,Luleå kommun,Trafikbrott,2
2017,6,Luleå kommun,Trafikolycka,2
2017,6,Luleå kommun,Bedrägeri,1
2017,6,Luleå kommun,Brand,1
2017,6,Luleå kommun,Rattfylleri,1
2017,6,Luleå kommun,Skadegörelse,1
2017,6,Luleå kommun,Trafikkontroll,1
2017,6,"Norrbotten, okänd kommun",Övrigt/oklassificerad,5
2017,6,"Norrbotten, okänd kommun",Rattfylleri,3
2017,6,"Norrbotten, okänd kommun",Fjällräddning,2
2017,6,"Norrbotten, okänd kommun",Stöld,2
2017,6,"Norrbotten, okänd kommun",Trafikbrott,2
2017,6,"Norrbotten, okänd kommun",Försvunnen person,1
2017,6,"Norrbotten, okänd kommun",Misshandel,1
2017,6,"Norrbotten, okänd kommun",Rån,1
2017,6,Pajala kommun,Trafikbrott,1
2017,6,Pajala kommun,Trafikolycka,1
2017,6,Piteå kommun,Misshandel,4
2017,6,Piteå kommun,Övrigt/oklassificerad,3
2017,6,Piteå kommun,"Stöld,  ringa",2
2017,6,Piteå kommun,Olaga hot,1
2017,6,Piteå kommun,Skadegörelse,1
2017,6,Piteå kommun,Trafikolycka,1
2017,6,Älvsbyns kommun,Misshandel,1
2017,6,Älvsbyns kommun,Narkotikabrott,1
2017,6,Älvsbyns kommun,"Stöld,  ringa",1
2017,6,Älvsbyns kommun,Övrigt/oklassificerad,1
2017,6,Överkalix kommun,Trafikolycka,1
2017,7,Arvidsjaurs kommun,Trafikolycka,1
2017,7,Bodens kommun,Övrigt/oklassificerad,3
2017,7,Bodens kommun,Misshandel,2
2017,7,Bodens kommun,Fylleri/LOB,1
2017,7,Bodens kommun,Rattfylleri,1
2017,7,Bodens kommun,Trafikolycka,1
2017,7,Gällivare kommun,Inbrott,1
2017,7,Gällivare kommun,Olovlig körning,1
2017,7,Gällivare kommun,Rattfylleri,1
2017,7,Gällivare kommun,Trafikbrott,1
2017,7,Gällivare kommun,Övrigt/oklassificerad,1
2017,7,Haparanda kommun,Rattfylleri,1
2017,7,Kalix kommun,Övrigt/oklassificerad,2
2017,7,Kalix kommun,Brand,1
2017,7,Kalix kommun,Inbrott,1
2017,7,Kalix kommun,Rattfylleri,1
2017,7,Kalix kommun,Trafikolycka,1
2017,7,Kiruna kommun,Misshandel,1
2017,7,Kiruna kommun,Trafikolycka,1
2017,7,Luleå kommun,Narkotikabrott,3
2017,7,Luleå kommun,Fylleri/LOB,2
2017,7,Luleå kommun,Stöld,2
2017,7,Luleå kommun,Trafikolycka,2
2017,7,Luleå kommun,Övrigt/oklassificerad,2
2017,7,Luleå kommun,Inbrott,1
2017,7,Luleå kommun,Misshandel,1
2017,7,Luleå kommun,Rattfylleri,1
2017,7,Luleå kommun,"Stöld,  ringa",1
2017,7,Luleå kommun,Våld/hot mot tjänsteman,1
2017,7,"Norrbotten, okänd kommun",Övrigt/oklassificerad,4
2017,7,"Norrbotten, okänd kommun",Fjällräddning,3
2017,7,"Norrbotten, okänd kommun",Misshandel,3
2017,7,"Norrbotten, okänd kommun",Brand,2
2017,7,"Norrbotten, okänd kommun","Trafikolycka,  vilt",2
2017,7,"Norrbotten, okänd kommun",Olaga hot,1
2017,7,Pajala kommun,Brand,1
2017,7,Pajala kommun,Rattfylleri,1
2017,7,Pajala kommun,Trafikkontroll,1
2017,7,Piteå kommun,Övrigt/oklassificerad,4
2017,7,Piteå kommun,Narkotikabrott,3
2017,7,Piteå kommun,Stöld,2
2017,7,Piteå kommun,Rattfylleri,1
2017,7,Piteå kommun,Trafikbrott,1
2017,7,Piteå kommun,Trafikolycka,1
2017,7,Älvsbyns kommun,Olaga hot,1
2017,7,Älvsbyns kommun,Rattfylleri,1
2017,7,Älvsbyns kommun,Övrigt/oklassificerad,1
2017,7,Överkalix kommun,Inbrott,1
2017,7,Överkalix kommun,Trafikolycka,1
2017,7,Övertorneå kommun,Misshandel,1
2017,8,Arvidsjaurs kommun,Misshandel,1
2017,8,Arvidsjaurs kommun,"Trafikolycka,  vilt",1
2017,8,Bodens kommun,Inbrott,2
2017,8,Bodens kommun,Misshandel,2
2017,8,Bodens kommun,Brand,1
2017,8,Bodens kommun,Rattfylleri,1
2017,8,Bodens kommun,Trafikolycka,1
2017,8,Bodens kommun,Övrigt/oklassificerad,1
2017,8,Gällivare kommun,Fylleri/LOB,2
2017,8,Gällivare kommun,Olovlig körning,2
2017,8,Gällivare kommun,Övrigt/oklassificerad,2
2017,8,Gällivare kommun,"Stöld,  ringa",1
2017,8,Jokkmokks kommun,Inbrott,1
2017,8,Jokkmokks kommun,Övrigt/oklassificerad,1
2017,8,Kalix kommun,Arbetsplatsolycka,1
2017,8,Kalix kommun,Fylleri/LOB,1
2017,8,Kalix kommun,Övrigt/oklassificerad,1
2017,8,Kiruna kommun,Fjällräddning,1
2017,8,Kiruna kommun,Fylleri/LOB,1
2017,8,Kiruna kommun,Misshandel,1
2017,8,Kiruna kommun,Rattfylleri,1
2017,8,Kiruna kommun,Trafikolycka,1
2017,8,Luleå kommun,Rattfylleri,4
2017,8,Luleå kommun,Övrigt/oklassificerad,3
2017,8,Luleå kommun,Fylleri/LOB,2
2017,8,Luleå kommun,Stöld,2
2017,8,Luleå kommun,Trafikolycka,2
2017,8,Luleå kommun,Inbrott,1
2017,8,Luleå kommun,Kontroll person/fordon,1
2017,8,Luleå kommun,Misshandel,1
2017,8,Luleå kommun,Skadegörelse,1
2017,8,"Norrbotten, okänd kommun",Övrigt/oklassificerad,9
2017,8,"Norrbotten, okänd kommun",Inbrott,1
2017,8,"Norrbotten, okänd kommun",Rattfylleri,1
2017,8,Piteå kommun,Övrigt/oklassificerad,2
2017,8,Piteå kommun,Trafikolycka,1
2017,8,Piteå kommun,"Trafikolycka,  vilt",1
2017,8,Överkalix kommun,Rattfylleri,1
2017,8,Överkalix kommun,Övrigt/oklassificerad,1
2017,8,Övertorneå kommun,Rattfylleri,1
2017,9,Arvidsjaurs kommun,Misshandel,1
2017,9,Bodens kommun,Misshandel,1
2017,9,Bodens kommun,Stöld,1
2017,9,Bodens kommun,Övrigt/oklassificerad,1
2017,9,Gällivare kommun,Övrigt/oklassificerad,3
2017,9,Gällivare kommun,Olovlig körning,1
2017,9,Haparanda kommun,Misshandel,1
2017,9,Jokkmokks kommun,Misshandel,1
2017,9,Kalix kommun,Skadegörelse,1
2017,9,Kiruna kommun,Misshandel,2
2017,9,Kiruna kommun,Fylleri/LOB,1
2017,9,Luleå kommun,Rattfylleri,5
2017,9,Luleå kommun,Fylleri/LOB,4
2017,9,Luleå kommun,Skadegörelse,4
2017,9,Luleå kommun,Misshandel,3
2017,9,Luleå kommun,Inbrott,2
2017,9,Luleå kommun,"Trafikolycka,  vilt",2
2017,9,Luleå kommun,Brand,1
2017,9,Luleå kommun,Narkotikabrott,1
2017,9,Luleå kommun,Olovlig körning,1
2017,9,Luleå kommun,Stöld,1
2017,9,Luleå kommun,Övrigt/oklassificerad,1
2017,9,"Norrbotten, okänd kommun",Övrigt/oklassificerad,4
2017,9,"Norrbotten, okänd kommun",Trafikolycka,2
2017,9,Pajala kommun,Trafikolycka,1
2017,9,Piteå kommun,Övrigt/oklassificerad,4
2017,9,Piteå kommun,Fylleri/LOB,1
2017,9,Piteå kommun,Försvunnen person,1
2017,9,Piteå kommun,Narkotikabrott,1
2017,9,Piteå kommun,Stöld,1
2017,9,Piteå kommun,Trafikolycka,1
2017,9,Älvsbyns kommun,Rattfylleri,1
2017,9,Övertorneå kommun,Brand,1
2017,9,Övertorneå kommun,Skadegörelse,1
2017,10,Arjeplogs kommun,Inbrott,1
2017,10,Arjeplogs kommun,Trafikkontroll,1
2017,10,Arvidsjaurs kommun,Rattfylleri,1
2017,10,Arvidsjaurs kommun,Övrigt/oklassificerad,1
2017,10,Bodens kommun,"Stöld,  ringa",2
2017,10,Bodens kommun,Fylleri/LOB,1
2017,10,Bodens kommun,Rattfylleri,1
2017,10,Bodens kommun,Stöld,1
2017,10,Bodens kommun,Övrigt/oklassificerad,1
2017,10,Gällivare kommun,Övrigt/oklassificerad,5
2017,10,Gällivare kommun,Olovlig körning,3
2017,10,Gällivare kommun,Trafikkontroll,2
2017,10,Gällivare kommun,Trafikolycka,2
2017,10,Gällivare kommun,Fjällräddning,1
2017,10,Gällivare kommun,Fylleri/LOB,1
2017,10,Gällivare kommun,Misshandel,1
2017,10,Gällivare kommun,Narkotikabrott,1
2017,10,Gällivare kommun,Olaga hot,1
2017,10,Haparanda kommun,Narkotikabrott,1
2017,10,Haparanda kommun,"Stöld,  ringa",1
2017,10,Kalix kommun,Rattfylleri,1
2017,10,Kalix kommun,Trafikbrott,1
2017,10,Kalix kommun,Övrigt/oklassificerad,1
2017,10,Kiruna kommun,Fylleri/LOB,2
2017,10,Kiruna kommun,Misshandel,2
2017,10,Kiruna kommun,Rattfylleri,2
2017,10,Kiruna kommun,Narkotikabrott,1
2017,10,Kiruna kommun,Ofredande/förargelse,1
2017,10,Kiruna kommun,Olovlig körning,1
2017,10,Luleå kommun,Rattfylleri,6
2017,10,Luleå kommun,Misshandel,3
2017,10,Luleå kommun,Narkotikabrott,2
2017,10,Luleå kommun,Skadegörelse,2
2017,10,Luleå kommun,Stöld,2
2017,10,Luleå kommun,Trafikolycka,2
2017,10,Luleå kommun,Övrigt/oklassificerad,2
2017,10,Luleå kommun,Brand,1
2017,10,Luleå kommun,Fylleri/LOB,1
2017,10,Luleå kommun,Ofredande/förargelse,1
2017,10,Luleå kommun,Olovlig körning,1
2017,10,Luleå kommun,"Stöld,  ringa",1
2017,10,Luleå kommun,Trafikkontroll,1
2017,10,"Norrbotten, okänd kommun",Övrigt/oklassificerad,5
2017,10,"Norrbotten, okänd kommun",Rattfylleri,1
2017,10,Piteå kommun,Brand,1
2017,10,Piteå kommun,Fylleri/LOB,1
2017,10,Piteå kommun,Inbrott,1
2017,10,Piteå kommun,Narkotikabrott,1
2017,10,Piteå kommun,Rån,1
2017,10,Piteå kommun,Trafikkontroll,1
2017,10,Piteå kommun,Trafikolycka,1
2017,10,Piteå kommun,"Trafikolycka,  vilt",1
2017,10,Piteå kommun,Övrigt/oklassificerad,1
2017,10,Älvsbyns kommun,Misshandel,2
2017,11,Arvidsjaurs kommun,Brand,1
2017,11,Arvidsjaurs kommun,Misshandel,1
2017,11,Bodens kommun,"Stöld,  ringa",5
2017,11,Bodens kommun,Olaga hot,2
2017,11,Bodens kommun,Olovlig körning,2
2017,11,Bodens kommun,Rattfylleri,2
2017,11,Bodens kommun,Stöld,2
2017,11,Bodens kommun,Övrigt/oklassificerad,2
2017,11,Bodens kommun,Försvunnen person,1
2017,11,Bodens kommun,Trafikolycka,1
2017,11,Gällivare kommun,Narkotikabrott,2
2017,11,Gällivare kommun,Våld/hot mot tjänsteman,2
2017,11,Gällivare kommun,Rattfylleri,1
2017,11,Gällivare kommun,Trafikolycka,1
2017,11,Haparanda kommun,Rattfylleri,2
2017,11,Haparanda kommun,Skadegörelse,1
2017,11,Haparanda kommun,Trafikolycka,1
2017,11,Haparanda kommun,"Trafikolycka,  vilt",1
2017,11,Haparanda kommun,Övrigt/oklassificerad,1
2017,11,Kalix kommun,Brand,1
2017,11,Kalix kommun,Rattfylleri,1
2017,11,Kalix kommun,Stöld,1
2017,11,Kiruna kommun,"Stöld,  ringa",3
2017,11,Kiruna kommun,Djur,1
2017,11,Kiruna kommun,Fylleri/LOB,1
2017,11,Kiruna kommun,Narkotikabrott,1
2017,11,Kiruna kommun,Rattfylleri,1
2017,11,Kiruna kommun,Trafikolycka,1
2017,11,Luleå kommun,Rattfylleri,5
2017,11,Luleå kommun,Misshandel,4
2017,11,Luleå kommun,Fylleri/LOB,3
2017,11,Luleå kommun,Brand,2
2017,11,Luleå kommun,Inbrott,2
2017,11,Luleå kommun,Narkotikabrott,2
2017,11,Luleå kommun,Skadegörelse,2
2017,11,Luleå kommun,"Stöld,  ringa",2
2017,11,Luleå kommun,Trafikolycka,2
2017,11,Luleå kommun,Olovlig körning,1
2017,11,Luleå kommun,Övrigt/oklassificerad,1
2017,11,"Norrbotten, okänd kommun",Övrigt/oklassificerad,4
2017,11,"Norrbotten, okänd kommun",Olaga hot,1
2017,11,"Norrbotten, okänd kommun",Skadegörelse,1
2017,11,Pajala kommun,Trafikolycka,1
2017,11,Piteå kommun,Arbetsplatsolycka,2
2017,11,Piteå kommun,Inbrott,2
2017,11,Piteå kommun,Brand,1
2017,11,Piteå kommun,Misshandel,1
2017,11,Piteå kommun,Trafikolycka,1
2017,11,Piteå kommun,Våld/hot mot tjänsteman,1
2017,11,Älvsbyns kommun,Rattfylleri,1
2017,11,Överkalix kommun,Trafikolycka,1
2017,11,Övertorneå kommun,Misshandel,1
2017,11,Övertorneå kommun,Trafikolycka,1
2017,12,Arvidsjaurs kommun,Narkotikabrott,1
2017,12,Bodens kommun,Övrigt/oklassificerad,5
2017,12,Bodens kommun,Stöld,2
2017,12,Bodens kommun,Brand,1
2017,12,Bodens kommun,Inbrott,1
2017,12,Bodens kommun,Narkotikabrott,1
2017,12,Bodens kommun,Olovlig körning,1
2017,12,Bodens kommun,Rattfylleri,1
2017,12,Bodens kommun,Rån,1
2017,12,Bodens kommun,Trafikolycka,1
2017,12,Gällivare kommun,Rattfylleri,2
2017,12,Gällivare kommun,Misshandel,1
2017,12,Gällivare kommun,Narkotikabrott,1
2017,12,Gällivare kommun,Olovlig körning,1
2017,12,Gällivare kommun,Övrigt/oklassificerad,1
2017,12,Haparanda kommun,Misshandel,2
2017,12,Haparanda kommun,Rattfylleri,1
2017,12,Haparanda kommun,Övrigt/oklassificerad,1
2017,12,Kalix kommun,Övrigt/oklassificerad,3
2017,12,Kalix kommun,Misshandel,2
2017,12,Kalix kommun,Olaga hot,1
2017,12,Kalix kommun,Rattfylleri,1
2017,12,Kalix kommun,"Stöld,  ringa",1
2017,12,Kiruna kommun,Misshandel,4
2017,12,Kiruna kommun,Fylleri/LOB,2
2017,12,Kiruna kommun,Rattfylleri,2
2017,12,Kiruna kommun,Olaga hot,1
2017,12,Kiruna kommun,Olovlig körning,1
2017,12,Kiruna kommun,Trafikkontroll,1
2017,12,Luleå kommun,Misshandel,6
2017,12,Luleå kommun,Rattfylleri,5
2017,12,Luleå kommun,"Stöld,  ringa",4
2017,12,Luleå kommun,Narkotikabrott,2
2017,12,Luleå kommun,Olovlig körning,1
2017,12,Luleå kommun,Skadegörelse,1
2017,12,Luleå kommun,Trafikbrott,1
2017,12,Luleå kommun,Trafikolycka,1
2017,12,Luleå kommun,"Trafikolycka,  vilt",1
2017,12,Luleå kommun,Våld/hot mot tjänsteman,1
2017,12,"Norrbotten, okänd kommun",Övrigt/oklassificerad,9
2017,12,"Norrbotten, okänd kommun","Trafikolycka, vilt",8
2017,12,"Norrbotten, okänd kommun",Fylleri/LOB,2
2017,12,"Norrbotten, okänd kommun",Fjällräddning,1
2017,12,"Norrbotten, okänd kommun",Narkotikabrott,1
2017,12,"Norrbotten, okänd kommun",Olovlig körning,1
2017,12,"Norrbotten, okänd kommun",Rattfylleri,1
2017,12,"Norrbotten, okänd kommun",Rån,1
2017,12,"Norrbotten, okänd kommun",Trafikolycka,1
2017,12,Piteå kommun,Misshandel,3
2017,12,Piteå kommun,Rattfylleri,3
2017,12,Piteå kommun,Ofredande/förargelse,2
2017,12,Piteå kommun,Skadegörelse,2
2017,12,Piteå kommun,Övrigt/oklassificerad,2
2017,12,Piteå kommun,Knivlagen,1
2017,12,Piteå kommun,Trafikbrott,1
2017,12,Piteå kommun,Trafikolycka,1
2017,12,Älvsbyns kommun,Misshandel,2
2017,12,Älvsbyns kommun,Skadegörelse,1
2017,12,Överkalix kommun,"Trafikolycka,  vilt",1
2018,1,Arjeplogs kommun,Rattfylleri,1
2018,1,Arjeplogs kommun,Övrigt/oklassificerad,1
2018,1,Arvidsjaurs kommun,Inbrott,1
2018,1,Arvidsjaurs kommun,Misshandel,1
2018,1,Arvidsjaurs kommun,Rattfylleri,1
2018,1,Bodens kommun,Narkotikabrott,2
2018,1,Bodens kommun,Fylleri/LOB,1
2018,1,Bodens kommun,Rattfylleri,1
2018,1,Bodens kommun,Skadegörelse,1
2018,1,Bodens kommun,Trafikbrott,1
2018,1,Bodens kommun,Trafikolycka,1
2018,1,Bodens kommun,Övrigt/oklassificerad,1
2018,1,Gällivare kommun,Övrigt/oklassificerad,2
2018,1,Gällivare kommun,Försvunnen person,1
2018,1,Gällivare kommun,Narkotikabrott,1
2018,1,Gällivare kommun,Rattfylleri,1
2018,1,Gällivare kommun,Stöld,1
2018,1,Haparanda kommun,Trafikolycka,1
2018,1,Haparanda kommun,Övrigt/oklassificerad,1
2018,1,Jokkmokks kommun,Övrigt/oklassificerad,1
2018,1,Kalix kommun,Rattfylleri,2
2018,1,Kalix kommun,Misshandel,1
2018,1,Kalix kommun,Narkotikabrott,1
2018,1,Kalix kommun,Skadegörelse,1
2018,1,Kalix kommun,Trafikolycka,1
2018,1,Kalix kommun,Övrigt/oklassificerad,1
2018,1,Kiruna kommun,Övrigt/oklassificerad,3
2018,1,Kiruna kommun,Knivlagen,2
2018,1,Kiruna kommun,Rattfylleri,2
2018,1,Kiruna kommun,Fylleri/LOB,1
2018,1,Kiruna kommun,Ofredande/förargelse,1
2018,1,Kiruna kommun,Olovlig körning,1
2018,1,Kiruna kommun,Trafikkontroll,1
2018,1,Luleå kommun,Rattfylleri,7
2018,1,Luleå kommun,Fylleri/LOB,6
2018,1,Luleå kommun,Misshandel,4
2018,1,Luleå kommun,Olovlig körning,2
2018,1,Luleå kommun,Brand,1
2018,1,Luleå kommun,Narkotikabrott,1
2018,1,Luleå kommun,Ofredande/förargelse,1
2018,1,Luleå kommun,Trafikbrott,1
2018,1,Luleå kommun,Våld/hot mot tjänsteman,1
2018,1,Luleå kommun,Övrigt/oklassificerad,1
2018,1,"Norrbotten, okänd kommun",Övrigt/oklassificerad,3
2018,1,"Norrbotten, okänd kommun",Trafikolycka,2
2018,1,"Norrbotten, okänd kommun",Arbetsplatsolycka,1
2018,1,"Norrbotten, okänd kommun",Brand,1
2018,1,"Norrbotten, okänd kommun",Rån,1
2018,1,Piteå kommun,Misshandel,5
2018,1,Piteå kommun,Narkotikabrott,2
2018,1,Piteå kommun,Rattfylleri,1
2018,1,Piteå kommun,Skadegörelse,1
2018,1,Piteå kommun,Trafikkontroll,1
2018,1,Piteå kommun,Trafikolycka,1
2018,1,Älvsbyns kommun,Övrigt/oklassificerad,2
2018,1,Älvsbyns kommun,Rattfylleri,1
2018,1,Överkalix kommun,"Trafikolycka,  vilt",1
2018,2,Arvidsjaurs kommun,Rattfylleri,1
2018,2,Arvidsjaurs kommun,Övrigt/oklassificerad,1
2018,2,Bodens kommun,Olaga hot,2
2018,2,Bodens kommun,Trafikolycka,2
2018,2,Bodens kommun,Misshandel,1
2018,2,Bodens kommun,Narkotikabrott,1
2018,2,Bodens kommun,Olovlig körning,1
2018,2,Bodens kommun,Rattfylleri,1
2018,2,Bodens kommun,"Stöld,  ringa",1
2018,2,Bodens kommun,Trafikbrott,1
2018,2,Gällivare kommun,Brand,1
2018,2,Gällivare kommun,Fjällräddning,1
2018,2,Gällivare kommun,Försvunnen person,1
2018,2,Gällivare kommun,Misshandel,1
2018,2,Gällivare kommun,Olaga hot,1
2018,2,Gällivare kommun,Rattfylleri,1
2018,2,Haparanda kommun,Fylleri/LOB,1
2018,2,Haparanda kommun,Misshandel,1
2018,2,Haparanda kommun,Narkotikabrott,1
2018,2,Haparanda kommun,Rattfylleri,1
2018,2,Jokkmokks kommun,Narkotikabrott,1
2018,2,Jokkmokks kommun,Rattfylleri,1
2018,2,Jokkmokks kommun,Trafikolycka,1
2018,2,Jokkmokks kommun,Våld/hot mot tjänsteman,1
2018,2,Kalix kommun,Brand,2
2018,2,Kalix kommun,Stöld,2
2018,2,Kalix kommun,Misshandel,1
2018,2,Kiruna kommun,Misshandel,2
2018,2,Kiruna kommun,Fjällräddning,1
2018,2,Kiruna kommun,Inbrott,1
2018,2,Kiruna kommun,Rattfylleri,1
2018,2,Kiruna kommun,Skadegörelse,1
2018,2,Kiruna kommun,Våld/hot mot tjänsteman,1
2018,2,Luleå kommun,Narkotikabrott,7
2018,2,Luleå kommun,"Stöld,  ringa",6
2018,2,Luleå kommun,Misshandel,2
2018,2,Luleå kommun,Brand,1
2018,2,Luleå kommun,Fylleri/LOB,1
2018,2,Luleå kommun,Rattfylleri,1
2018,2,Luleå kommun,Skadegörelse,1
2018,2,Luleå kommun,Trafikolycka,1
2018,2,Luleå kommun,Övrigt/oklassificerad,1
2018,2,"Norrbotten, okänd kommun",Övrigt/oklassificerad,4
2018,2,"Norrbotten, okänd kommun",Rattfylleri,1
2018,2,"Norrbotten, okänd kommun",Trafikolycka,1
2018,2,Pajala kommun,"Trafikolycka,  vilt",1
2018,2,Piteå kommun,Rattfylleri,3
2018,2,Piteå kommun,Misshandel,2
2018,2,Piteå kommun,Stöld,1
2018,2,Piteå kommun,Trafikolycka,1
2018,2,Piteå kommun,"Trafikolycka,  vilt",1
2018,2,Piteå kommun,Övrigt/oklassificerad,1
2018,2,Älvsbyns kommun,Inbrott,1
2018,2,Älvsbyns kommun,Skadegörelse,1
2018,2,Överkalix kommun,Försvunnen person,1
2018,2,Överkalix kommun,Misshandel,1
2018,2,Överkalix kommun,Trafikolycka,1
2018,3,Arjeplogs kommun,Fjällräddning,1
2018,3,Arjeplogs kommun,Inbrott,1
2018,3,Bodens kommun,Fylleri/LOB,1
2018,3,Bodens kommun,Misshandel,1
2018,3,Gällivare kommun,Brand,4
2018,3,Gällivare kommun,Fjällräddning,1
2018,3,Gällivare kommun,Fylleri/LOB,1
2018,3,Gällivare kommun,Inbrott,1
2018,3,Gällivare kommun,Olaga hot,1
2018,3,Gällivare kommun,Olovlig körning,1
2018,3,Gällivare kommun,Rattfylleri,1
2018,3,Gällivare kommun,Våld/hot mot tjänsteman,1
2018,3,Haparanda kommun,Brand,1
2018,3,Kalix kommun,Brand,1
2018,3,Kalix kommun,Olovlig körning,1
2018,3,Kalix kommun,Rattfylleri,1
2018,3,Kalix kommun,Skadegörelse,1
2018,3,Kiruna kommun,Misshandel,1
2018,3,Kiruna kommun,Olaga intrång/hemfridsbrott,1
2018,3,Kiruna kommun,Rattfylleri,1
2018,3,Kiruna kommun,"Trafikolycka,  vilt",1
2018,3,Kiruna kommun,Övrigt/oklassificerad,1
2018,3,Luleå kommun,Rattfylleri,4
2018,3,Luleå kommun,Misshandel,3
2018,3,Luleå kommun,Brand,2
2018,3,Luleå kommun,Fylleri/LOB,2
2018,3,Luleå kommun,Narkotikabrott,1
2018,3,Luleå kommun,Olaga hot,1
2018,3,Luleå kommun,Rån,1
2018,3,Luleå kommun,Skadegörelse,1
2018,3,Luleå kommun,"Stöld,  ringa",1
2018,3,Luleå kommun,Trafikolycka,1
2018,3,Luleå kommun,"Trafikolycka,  vilt",1
2018,3,Luleå kommun,Övrigt/oklassificerad,1
2018,3,"Norrbotten, okänd kommun",Övrigt/oklassificerad,10
2018,3,"Norrbotten, okänd kommun",Brand,1
2018,3,"Norrbotten, okänd kommun",Försvunnen person,1
2018,3,"Norrbotten, okänd kommun",Misshandel,1
2018,3,"Norrbotten, okänd kommun",Olovlig körning,1
2018,3,"Norrbotten, okänd kommun",Rattfylleri,1
2018,3,"Norrbotten, okänd kommun",Trafikolycka,1
2018,3,Piteå kommun,Arbetsplatsolycka,1
2018,3,Piteå kommun,Djur,1
2018,3,Piteå kommun,Fylleri/LOB,1
2018,3,Piteå kommun,Misshandel,1
2018,3,Piteå kommun,Rattfylleri,1
2018,3,Piteå kommun,Skadegörelse,1
2018,3,Piteå kommun,Trafikolycka,1
2018,3,Piteå kommun,Våld/hot mot tjänsteman,1
2018,3,Älvsbyns kommun,Olovlig körning,2
2018,3,Älvsbyns kommun,Trafikbrott,1
2018,3,Älvsbyns kommun,Trafikolycka,1
2018,4,Bodens kommun,Rattfylleri,1
2018,4,Bodens kommun,Skadegörelse,1
2018,4,Bodens kommun,"Stöld,  ringa",1
2018,4,Bodens kommun,Övrigt/oklassificerad,1
2018,4,Gällivare kommun,Skadegörelse,4
2018,4,Gällivare kommun,Olovlig körning,2
2018,4,Gällivare kommun,Rattfylleri,1
2018,4,Gällivare kommun,Trafikolycka,1
2018,4,Gällivare kommun,Våld/hot mot tjänsteman,1
2018,4,Haparanda kommun,Rattfylleri,2
2018,4,Haparanda kommun,Olaga hot,1
2018,4,Haparanda kommun,Olovlig körning,1
2018,4,Jokkmokks kommun,Narkotikabrott,1
2018,4,Jokkmokks kommun,Trafikkontroll,1
2018,4,Kalix kommun,Fylleri/LOB,1
2018,4,Kalix kommun,Inbrott,1
2018,4,Kiruna kommun,Arbetsplatsolycka,1
2018,4,Kiruna kommun,Fylleri/LOB,1
2018,4,Kiruna kommun,Olovlig körning,1
2018,4,Kiruna kommun,Skadegörelse,1
2018,4,Kiruna kommun,Stöld,1
2018,4,Kiruna kommun,Övrigt/oklassificerad,1
2018,4,Luleå kommun,Rattfylleri,6
2018,4,Luleå kommun,Misshandel,4
2018,4,Luleå kommun,Fylleri/LOB,3
2018,4,Luleå kommun,Brand,2
2018,4,Luleå kommun,Olovlig körning,2
2018,4,Luleå kommun,Skadegörelse,2
2018,4,Luleå kommun,"Stöld,  ringa",2
2018,4,Luleå kommun,Övrigt/oklassificerad,2
2018,4,Luleå kommun,Arbetsplatsolycka,1
2018,4,Luleå kommun,Ofredande/förargelse,1
2018,4,Luleå kommun,Stöld,1
2018,4,Luleå kommun,Trafikbrott,1
2018,4,Luleå kommun,Trafikolycka,1
2018,4,"Norrbotten, okänd kommun",Övrigt/oklassificerad,8
2018,4,"Norrbotten, okänd kommun",Rattfylleri,2
2018,4,"Norrbotten, okänd kommun",Fylleri/LOB,1
2018,4,"Norrbotten, okänd kommun",Misshandel,1
2018,4,"Norrbotten, okänd kommun",Stöld,1
2018,4,Pajala kommun,Olovlig körning,1
2018,4,Pajala kommun,Trafikbrott,1
2018,4,Piteå kommun,Misshandel,2
2018,4,Piteå kommun,Rattfylleri,2
2018,4,Piteå kommun,Fylleri/LOB,1
2018,4,Piteå kommun,Stöld,1
2018,4,Älvsbyns kommun,Fylleri/LOB,1
2018,5,Arvidsjaurs kommun,Fylleri/LOB,1
2018,5,Arvidsjaurs kommun,Inbrott,1
2018,5,Bodens kommun,Övrigt/oklassificerad,2
2018,5,Bodens kommun,Fylleri/LOB,1
2018,5,Bodens kommun,Inbrott,1
2018,5,Bodens kommun,Misshandel,1
2018,5,Bodens kommun,Narkotikabrott,1
2018,5,Bodens kommun,Olaga intrång/hemfridsbrott,1
2018,5,Bodens kommun,Rattfylleri,1
2018,5,Bodens kommun,Skadegörelse,1
2018,5,Bodens kommun,Trafikbrott,1
2018,5,Gällivare kommun,Misshandel,4
2018,5,Gällivare kommun,Narkotikabrott,3
2018,5,Gällivare kommun,Rattfylleri,3
2018,5,Gällivare kommun,Fylleri/LOB,1
2018,5,Gällivare kommun,Inbrott,1
2018,5,Gällivare kommun,Skadegörelse,1
2018,5,Gällivare kommun,"Stöld,  ringa",1
2018,5,Haparanda kommun,Misshandel,1
2018,5,Jokkmokks kommun,Rattfylleri,1
2018,5,Kalix kommun,Brand,1
2018,5,Kalix kommun,Fylleri/LOB,1
2018,5,Kiruna kommun,Misshandel,4
2018,5,Kiruna kommun,Övrigt/oklassificerad,2
2018,5,Kiruna kommun,Ofredande/förargelse,1
2018,5,Kiruna kommun,Rattfylleri,1
2018,5,Kiruna kommun,Skadegörelse,1
2018,5,Kiruna kommun,Trafikolycka,1
2018,5,Luleå kommun,Misshandel,10
2018,5,Luleå kommun,Rattfylleri,5
2018,5,Luleå kommun,Skadegörelse,4
2018,5,Luleå kommun,Fylleri/LOB,3
2018,5,Luleå kommun,Inbrott,2
2018,5,Luleå kommun,Brand,1
2018,5,Luleå kommun,Knivlagen,1
2018,5,Luleå kommun,Trafikbrott,1
2018,5,Luleå kommun,Trafikkontroll,1
2018,5,Luleå kommun,Trafikolycka,1
2018,5,"Norrbotten, okänd kommun",Övrigt/oklassificerad,5
2018,5,Piteå kommun,Misshandel,3
2018,5,Piteå kommun,Rattfylleri,3
2018,5,Piteå kommun,Våld/hot mot tjänsteman,2
2018,5,Piteå kommun,Fylleri/LOB,1
2018,5,Piteå kommun,Narkotikabrott,1
2018,5,Piteå kommun,Ofredande/förargelse,1
2018,5,Piteå kommun,Skadegörelse,1
2018,5,Piteå kommun,Trafikolycka,1
2018,5,Älvsbyns kommun,Misshandel,1
2018,5,Överkalix kommun,Brand,1
2018,6,Arvidsjaurs kommun,Inbrott,1
2018,6,Arvidsjaurs kommun,Trafikolycka,1
2018,6,Bodens kommun,Ofredande/förargelse,1
2018,6,Bodens kommun,Rattfylleri,1
2018,6,Bodens kommun,Stöld,1
2018,6,Bodens kommun,Trafikkontroll,1
2018,6,Bodens kommun,Övrigt/oklassificerad,1
2018,6,Gällivare kommun,Narkotikabrott,2
2018,6,Gällivare kommun,Rattfylleri,2
2018,6,Gällivare kommun,Misshandel,1
2018,6,Gällivare kommun,Trafikkontroll,1
2018,6,Gällivare kommun,Trafikolycka,1
2018,6,Jokkmokks kommun,Rattfylleri,1
2018,6,Kalix kommun,Övrigt/oklassificerad,2
2018,6,Kalix kommun,Brand,1
2018,6,Kalix kommun,Misshandel,1
2018,6,Kalix kommun,Olovlig körning,1
2018,6,Kalix kommun,Rattfylleri,1
2018,6,Kalix kommun,Skadegörelse,1
2018,6,Kalix kommun,Stöld,1
2018,6,Kalix kommun,Trafikbrott,1
2018,6,Kalix kommun,Trafikolycka,1
2018,6,Kalix kommun,"Trafikolycka,  vilt",1
2018,6,Kiruna kommun,Rattfylleri,2
2018,6,Kiruna kommun,Övrigt/oklassificerad,2
2018,6,Kiruna kommun,Brand,1
2018,6,Kiruna kommun,Försvunnen person,1
2018,6,Luleå kommun,Rattfylleri,7
2018,6,Luleå kommun,Fylleri/LOB,3
2018,6,Luleå kommun,Brand,2
2018,6,Luleå kommun,Inbrott,2
2018,6,Luleå kommun,Narkotikabrott,2
2018,6,Luleå kommun,Stöld,2
2018,6,Luleå kommun,Övrigt/oklassificerad,2
2018,6,Luleå kommun,Misshandel,1
2018,6,Luleå kommun,Olaga hot,1
2018,6,Luleå kommun,Olaga intrång/hemfridsbrott,1
2018,6,Luleå kommun,Olovlig körning,1
2018,6,Luleå kommun,Skadegörelse,1
2018,6,Luleå kommun,Trafikbrott,1
2018,6,"Norrbotten, okänd kommun",Övrigt/oklassificerad,8
2018,6,"Norrbotten, okänd kommun",Misshandel,2
2018,6,"Norrbotten, okänd kommun",Räddningsinsats,1
2018,6,"Norrbotten, okänd kommun","Trafikolycka, vilt",1
2018,6,Pajala kommun,Misshandel,1
2018,6,Pajala kommun,Rattfylleri,1
2018,6,Pajala kommun,Trafikbrott,1
2018,6,Piteå kommun,Fylleri/LOB,4
2018,6,Piteå kommun,Rattfylleri,2
2018,6,Piteå kommun,Misshandel,1
2018,6,Piteå kommun,Narkotikabrott,1
2018,6,Piteå kommun,Skadegörelse,1
2018,6,Piteå kommun,Skottlossning/explosion,1
2018,6,Piteå kommun,Trafikkontroll,1
2018,6,Piteå kommun,Trafikolycka,1
2018,6,Piteå kommun,Övrigt/oklassificerad,1
2018,6,Övertorneå kommun,Misshandel,1
2018,6,Övertorneå kommun,Olovlig körning,1
2018,7,Arjeplogs kommun,"Trafikolycka,  vilt",3
2018,7,Arjeplogs kommun,Fjällräddning,1
2018,7,Bodens kommun,Rattfylleri,2
2018,7,Bodens kommun,Olovlig körning,1
2018,7,Gällivare kommun,Skadegörelse,2
2018,7,Gällivare kommun,Trafikbrott,2
2018,7,Gällivare kommun,Brand,1
2018,7,Gällivare kommun,Fjällräddning,1
2018,7,Gällivare kommun,Inbrott,1
2018,7,Gällivare kommun,Misshandel,1
2018,7,Gällivare kommun,Narkotikabrott,1
2018,7,Gällivare kommun,Olovlig körning,1
2018,7,Gällivare kommun,Stöld,1
2018,7,Gällivare kommun,Trafikolycka,1
2018,7,Haparanda kommun,Rattfylleri,2
2018,7,Haparanda kommun,Olaga hot,1
2018,7,Haparanda kommun,Skadegörelse,1
2018,7,Jokkmokks kommun,Fjällräddning,2
2018,7,Jokkmokks kommun,Fylleri/LOB,1
2018,7,Jokkmokks kommun,Inbrott,1
2018,7,Jokkmokks kommun,"Trafikolycka,  vilt",1
2018,7,Kalix kommun,Stöld,2
2018,7,Kalix kommun,Brand,1
2018,7,Kalix kommun,Fylleri/LOB,1
2018,7,Kalix kommun,Olovlig körning,1
2018,7,Kalix kommun,Rattfylleri,1
2018,7,Kalix kommun,Skadegörelse,1
2018,7,Kiruna kommun,Narkotikabrott,3
2018,7,Kiruna kommun,Rattfylleri,3
2018,7,Kiruna kommun,Brand,1
2018,7,Kiruna kommun,Fjällräddning,1
2018,7,Kiruna kommun,Fylleri/LOB,1
2018,7,Kiruna kommun,Knivlagen,1
2018,7,Kiruna kommun,Olaga hot,1
2018,7,Kiruna kommun,Skadegörelse,1
2018,7,Kiruna kommun,Trafikolycka,1
2018,7,Kiruna kommun,"Trafikolycka,  vilt",1
2018,7,Kiruna kommun,Våld/hot mot tjänsteman,1
2018,7,Kiruna kommun,Övrigt/oklassificerad,1
2018,7,Luleå kommun,Misshandel,6
2018,7,Luleå kommun,Rattfylleri,6
2018,7,Luleå kommun,Trafikolycka,6
2018,7,Luleå kommun,Fylleri/LOB,5
2018,7,Luleå kommun,Narkotikabrott,5
2018,7,Luleå kommun,Övrigt/oklassificerad,3
2018,7,Luleå kommun,Inbrott,2
2018,7,Luleå kommun,Stöld,2
2018,7,Luleå kommun,Brand,1
2018,7,Luleå kommun,Försvunnen person,1
2018,7,Luleå kommun,Olaga hot,1
2018,7,Luleå kommun,Skadegörelse,1
2018,7,Luleå kommun,"Trafikolycka,  vilt",1
2018,7,"Norrbotten, okänd kommun",Övrigt/oklassificerad,4
2018,7,"Norrbotten, okänd kommun",Misshandel,1
2018,7,"Norrbotten, okänd kommun",Narkotikabrott,1
2018,7,"Norrbotten, okänd kommun",Trafikolycka,1
2018,7,Pajala kommun,Fylleri/LOB,1
2018,7,Pajala kommun,Rattfylleri,1
2018,7,Pajala kommun,Trafikolycka,1
2018,7,Pajala kommun,"Trafikolycka,  vilt",1
2018,7,Piteå kommun,Misshandel,4
2018,7,Piteå kommun,Brand,2
2018,7,Piteå kommun,Fylleri/LOB,1
2018,7,Piteå kommun,Rattfylleri,1
2018,7,Piteå kommun,Rån,1
2018,7,Piteå kommun,Stöld,1
2018,7,Älvsbyns kommun,Brand,1
2018,7,Överkalix kommun,Rattfylleri,1
2018,7,Överkalix kommun,Övrigt/oklassificerad,1
2018,8,Arvidsjaurs kommun,Inbrott,1
2018,8,Arvidsjaurs kommun,Stöld,1
2018,8,Arvidsjaurs kommun,Trafikolycka,1
2018,8,Arvidsjaurs kommun,Övrigt/oklassificerad,1
2018,8,Bodens kommun,Misshandel,3
2018,8,Bodens kommun,Rattfylleri,3
2018,8,Bodens kommun,Trafikolycka,3
2018,8,Bodens kommun,Narkotikabrott,1
2018,8,Bodens kommun,Skadegörelse,1
2018,8,Bodens kommun,Stöld,1
2018,8,Bodens kommun,Trafikbrott,1
2018,8,Bodens kommun,Övrigt/oklassificerad,1
2018,8,Gällivare kommun,Rattfylleri,2
2018,8,Gällivare kommun,Fylleri/LOB,1
2018,8,Gällivare kommun,Misshandel,1
2018,8,Gällivare kommun,Olaga hot,1
2018,8,Haparanda kommun,Misshandel,1
2018,8,Haparanda kommun,"Trafikolycka,  vilt",1
2018,8,Jokkmokks kommun,Fjällräddning,3
2018,8,Kalix kommun,Brand,3
2018,8,Kalix kommun,Trafikbrott,3
2018,8,Kalix kommun,Rattfylleri,2
2018,8,Kalix kommun,Skadegörelse,2
2018,8,Kalix kommun,Misshandel,1
2018,8,Kalix kommun,Olovlig körning,1
2018,8,Kalix kommun,Stöld,1
2018,8,Kalix kommun,Trafikolycka,1
2018,8,Kiruna kommun,Arbetsplatsolycka,1
2018,8,Kiruna kommun,Fylleri/LOB,1
2018,8,Kiruna kommun,Misshandel,1
2018,8,Kiruna kommun,Narkotikabrott,1
2018,8,Kiruna kommun,Rattfylleri,1
2018,8,Kiruna kommun,Trafikbrott,1
2018,8,Kiruna kommun,Trafikolycka,1
2018,8,Kiruna kommun,Övrigt/oklassificerad,1
2018,8,Luleå kommun,Misshandel,18
2018,8,Luleå kommun,Rattfylleri,4
2018,8,Luleå kommun,Inbrott,3
2018,8,Luleå kommun,Trafikolycka,3
2018,8,Luleå kommun,Fylleri/LOB,2
2018,8,Luleå kommun,Narkotikabrott,2
2018,8,Luleå kommun,Ofredande/förargelse,2
2018,8,Luleå kommun,Trafikbrott,2
2018,8,Luleå kommun,Brand,1
2018,8,Luleå kommun,Räddningsinsats,1
2018,8,Luleå kommun,Skadegörelse,1
2018,8,Luleå kommun,Stöld,1
2018,8,Luleå kommun,"Trafikolycka,  vilt",1
2018,8,Luleå kommun,Övrigt/oklassificerad,1
2018,8,"Norrbotten, okänd kommun",Övrigt/oklassificerad,4
2018,8,"Norrbotten, okänd kommun",Fjällräddning,2
2018,8,"Norrbotten, okänd kommun",Fylleri/LOB,1
2018,8,"Norrbotten, okänd kommun",Inbrott,1
2018,8,"Norrbotten, okänd kommun",Trafikbrott,1
2018,8,Pajala kommun,Inbrott,1
2018,8,Piteå kommun,Trafikolycka,4
2018,8,Piteå kommun,Misshandel,2
2018,8,Piteå kommun,Rattfylleri,2
2018,8,Piteå kommun,Skadegörelse,2
2018,8,Piteå kommun,Fylleri/LOB,1
2018,8,Piteå kommun,Inbrott,1
2018,8,Piteå kommun,Narkotikabrott,1
2018,8,Piteå kommun,Våld/hot mot tjänsteman,1
2018,8,Älvsbyns kommun,Inbrott,2
2018,8,Älvsbyns kommun,Misshandel,1
2018,8,Älvsbyns kommun,Olovlig körning,1
2018,8,Älvsbyns kommun,Stöld,1
2018,8,Älvsbyns kommun,"Stöld,  ringa",1
2018,8,Överkalix kommun,Övrigt/oklassificerad,1
2018,9,Arvidsjaurs kommun,Trafikbrott,2
2018,9,Arvidsjaurs kommun,"Trafikolycka,  vilt",1
2018,9,Bodens kommun,Fylleri/LOB,2
2018,9,Bodens kommun,Misshandel,2
2018,9,Bodens kommun,Rattfylleri,2
2018,9,Bodens kommun,Knivlagen,1
2018,9,Bodens kommun,Narkotikabrott,1
2018,9,Bodens kommun,Skadegörelse,1
2018,9,Gällivare kommun,Djur,1
2018,9,Gällivare kommun,Fylleri/LOB,1
2018,9,Gällivare kommun,Inbrott,1
2018,9,Gällivare kommun,Narkotikabrott,1
2018,9,Gällivare kommun,Skadegörelse,1
2018,9,Gällivare kommun,Stöld,1
2018,9,Gällivare kommun,Trafikbrott,1
2018,9,Gällivare kommun,Trafikolycka,1
2018,9,Gällivare kommun,"Trafikolycka,  vilt",1
2018,9,Haparanda kommun,Misshandel,2
2018,9,Jokkmokks kommun,Narkotikabrott,1
2018,9,Kalix kommun,Trafikbrott,2
2018,9,Kalix kommun,Inbrott,1
2018,9,Kalix kommun,"Trafikolycka,  vilt",1
2018,9,Kiruna kommun,Övrigt/oklassificerad,5
2018,9,Kiruna kommun,Skadegörelse,2
2018,9,Kiruna kommun,Försvunnen person,1
2018,9,Kiruna kommun,Knivlagen,1
2018,9,Kiruna kommun,Misshandel,1
2018,9,Kiruna kommun,Narkotikabrott,1
2018,9,Kiruna kommun,Rattfylleri,1
2018,9,Luleå kommun,Rattfylleri,4
2018,9,Luleå kommun,Misshandel,3
2018,9,Luleå kommun,Narkotikabrott,3
2018,9,Luleå kommun,Rån,3
2018,9,Luleå kommun,Trafikbrott,2
2018,9,Luleå kommun,Övrigt/oklassificerad,2
2018,9,Luleå kommun,Fylleri/LOB,1
2018,9,Luleå kommun,Inbrott,1
2018,9,Luleå kommun,Ofredande/förargelse,1
2018,9,Luleå kommun,Trafikolycka,1
2018,9,Luleå kommun,"Trafikolycka,  vilt",1
2018,9,Luleå kommun,Våld/hot mot tjänsteman,1
2018,9,"Norrbotten, okänd kommun",Övrigt/oklassificerad,9
2018,9,"Norrbotten, okänd kommun",Inbrott,1
2018,9,"Norrbotten, okänd kommun",Trafikolycka,1
2018,9,"Norrbotten, okänd kommun","Trafikolycka,  vilt",1
2018,9,Piteå kommun,Rattfylleri,2
2018,9,Piteå kommun,Skadegörelse,2
2018,9,Piteå kommun,Övrigt/oklassificerad,2
2018,9,Piteå kommun,Fylleri/LOB,1
2018,9,Älvsbyns kommun,Brand,1
2018,9,Älvsbyns kommun,Rattfylleri,1
2018,9,Älvsbyns kommun,Våld/hot mot tjänsteman,1
2018,9,Överkalix kommun,Inbrott,1
2018,9,Överkalix kommun,Misshandel,1
2018,9,Överkalix kommun,"Trafikolycka,  vilt",1
2018,9,Övertorneå kommun,Försvunnen person,1
2018,10,Arjeplogs kommun,Misshandel,1
2018,10,Arvidsjaurs kommun,"Trafikolycka,  vilt",2
2018,10,Arvidsjaurs kommun,Brand,1
2018,10,Arvidsjaurs kommun,Trafikolycka,1
2018,10,Arvidsjaurs kommun,Övrigt/oklassificerad,1
2018,10,Bodens kommun,Fylleri/LOB,6
2018,10,Bodens kommun,Misshandel,4
2018,10,Bodens kommun,Rattfylleri,2
2018,10,Bodens kommun,"Trafikolycka,  vilt",2
2018,10,Bodens kommun,Övrigt/oklassificerad,2
2018,10,Bodens kommun,Skadegörelse,1
2018,10,Gällivare kommun,Rattfylleri,2
2018,10,Gällivare kommun,"Trafikolycka,  vilt",2
2018,10,Gällivare kommun,Fylleri/LOB,1
2018,10,Gällivare kommun,Misshandel,1
2018,10,Gällivare kommun,Trafikolycka,1
2018,10,Gällivare kommun,Övrigt/oklassificerad,1
2018,10,Haparanda kommun,Fylleri/LOB,1
2018,10,Haparanda kommun,Inbrott,1
2018,10,Haparanda kommun,"Trafikolycka,  vilt",1
2018,10,Jokkmokks kommun,Trafikolycka,3
2018,10,Jokkmokks kommun,Inbrott,1
2018,10,Kalix kommun,Övrigt/oklassificerad,3
2018,10,Kalix kommun,Fylleri/LOB,2
2018,10,Kalix kommun,Trafikolycka,2
2018,10,Kalix kommun,Inbrott,1
2018,10,Kalix kommun,Rattfylleri,1
2018,10,Kalix kommun,"Trafikolycka,  vilt",1
2018,10,Kiruna kommun,Fylleri/LOB,6
2018,10,Kiruna kommun,Misshandel,5
2018,10,Kiruna kommun,"Trafikolycka,  vilt",3
2018,10,Kiruna kommun,Arbetsplatsolycka,2
2018,10,Kiruna kommun,Försvunnen person,1
2018,10,Kiruna kommun,Inbrott,1
2018,10,Kiruna kommun,Övrigt/oklassificerad,1
2018,10,Luleå kommun,Fylleri/LOB,8
2018,10,Luleå kommun,Narkotikabrott,4
2018,10,Luleå kommun,Brand,3
2018,10,Luleå kommun,Misshandel,3
2018,10,Luleå kommun,Trafikbrott,3
2018,10,Luleå kommun,Övrigt/oklassificerad,3
2018,10,Luleå kommun,Rattfylleri,2
2018,10,Luleå kommun,Skadegörelse,2
2018,10,Luleå kommun,Bedrägeri,1
2018,10,Luleå kommun,Försvunnen person,1
2018,10,Luleå kommun,Inbrott,1
2018,10,Luleå kommun,Kontroll person/fordon,1
2018,10,Luleå kommun,Olovlig körning,1
2018,10,Luleå kommun,Rån,1
2018,10,Luleå kommun,Trafikolycka,1
2018,10,Luleå kommun,"Trafikolycka,  vilt",1
2018,10,"Norrbotten, okänd kommun",Övrigt/oklassificerad,7
2018,10,"Norrbotten, okänd kommun",Olovlig körning,1
2018,10,"Norrbotten, okänd kommun",Rattfylleri,1
2018,10,"Norrbotten, okänd kommun",Rån,1
2018,10,"Norrbotten, okänd kommun","Trafikolycka,  vilt",1
2018,10,Pajala kommun,Olovlig körning,1
2018,10,Piteå kommun,Övrigt/oklassificerad,3
2018,10,Piteå kommun,Fylleri/LOB,2
2018,10,Piteå kommun,"Trafikolycka,  vilt",2
2018,10,Piteå kommun,Försvunnen person,1
2018,10,Piteå kommun,Inbrott,1
2018,10,Piteå kommun,Misshandel,1
2018,10,Piteå kommun,Narkotikabrott,1
2018,10,Piteå kommun,Rattfylleri,1
2018,10,Piteå kommun,Trafikbrott,1
2018,10,Piteå kommun,Trafikolycka,1
2018,10,Älvsbyns kommun,Inbrott,1
2018,10,Älvsbyns kommun,Olovlig körning,1
2018,10,Älvsbyns kommun,Övrigt/oklassificerad,1
2018,10,Överkalix kommun,Inbrott,1
2018,10,Överkalix kommun,Övrigt/oklassificerad,1
2018,10,Övertorneå kommun,"Trafikolycka,  vilt",1
2018,11,Arjeplogs kommun,"Trafikolycka,  vilt",1
2018,11,Arvidsjaurs kommun,Skadegörelse,1
2018,11,Arvidsjaurs kommun,Trafikkontroll,1
2018,11,Bodens kommun,Rattfylleri,4
2018,11,Bodens kommun,Trafikbrott,2
2018,11,Bodens kommun,"Trafikolycka,  vilt",2
2018,11,Bodens kommun,Fylleri/LOB,1
2018,11,Bodens kommun,Narkotikabrott,1
2018,11,Bodens kommun,Olaga hot,1
2018,11,Bodens kommun,Stöld,1
2018,11,Bodens kommun,Våld/hot mot tjänsteman,1
2018,11,Gällivare kommun,Övrigt/oklassificerad,3
2018,11,Gällivare kommun,Rattfylleri,1
2018,11,Gällivare kommun,"Trafikolycka,  vilt",1
2018,11,Haparanda kommun,Inbrott,2
2018,11,Haparanda kommun,Misshandel,1
2018,11,Haparanda kommun,Stöld,1
2018,11,Haparanda kommun,Övrigt/oklassificerad,1
2018,11,Jokkmokks kommun,Olaga hot,1
2018,11,Jokkmokks kommun,Rattfylleri,1
2018,11,Jokkmokks kommun,"Trafikolycka,  vilt",1
2018,11,Jokkmokks kommun,Övrigt/oklassificerad,1
2018,11,Kalix kommun,Brand,1
2018,11,Kalix kommun,Misshandel,1
2018,11,Kalix kommun,Skadegörelse,1
2018,11,Kiruna kommun,Misshandel,3
2018,11,Kiruna kommun,Rattfylleri,2
2018,11,Kiruna kommun,Övrigt/oklassificerad,2
2018,11,Kiruna kommun,Fylleri/LOB,1
2018,11,Kiruna kommun,Olovlig körning,1
2018,11,Kiruna kommun,Trafikolycka,1
2018,11,Luleå kommun,Misshandel,7
2018,11,Luleå kommun,Rattfylleri,5
2018,11,Luleå kommun,Fylleri/LOB,3
2018,11,Luleå kommun,Våld/hot mot tjänsteman,3
2018,11,Luleå kommun,Övrigt/oklassificerad,3
2018,11,Luleå kommun,Brand,2
2018,11,Luleå kommun,Rån,2
2018,11,Luleå kommun,Knivlagen,1
2018,11,Luleå kommun,Narkotikabrott,1
2018,11,Luleå kommun,Olovlig körning,1
2018,11,Luleå kommun,Skadegörelse,1
2018,11,"Norrbotten, okänd kommun",Övrigt/oklassificerad,7
2018,11,"Norrbotten, okänd kommun","Trafikolycka,  vilt",2
2018,11,"Norrbotten, okänd kommun",Misshandel,1
2018,11,Piteå kommun,Fylleri/LOB,3
2018,11,Piteå kommun,Misshandel,3
2018,11,Piteå kommun,Rattfylleri,3
2018,11,Piteå kommun,Narkotikabrott,2
2018,11,Piteå kommun,Trafikolycka,2
2018,11,Piteå kommun,Skadegörelse,1
2018,11,Piteå kommun,Våld/hot mot tjänsteman,1
2018,11,Piteå kommun,Övrigt/oklassificerad,1
2018,11,Älvsbyns kommun,Misshandel,1
2018,11,Älvsbyns kommun,Rattfylleri,1
2018,11,Älvsbyns kommun,Våld/hot mot tjänsteman,1
2018,11,Älvsbyns kommun,Övrigt/oklassificerad,1
2018,12,Arjeplogs kommun,"Trafikolycka,  vilt",3
2018,12,Arvidsjaurs kommun,"Trafikolycka,  vilt",3
2018,12,Arvidsjaurs kommun,Misshandel,1
2018,12,Bodens kommun,Fylleri/LOB,4
2018,12,Bodens kommun,Narkotikabrott,2
2018,12,Bodens kommun,Rattfylleri,2
2018,12,Bodens kommun,Skadegörelse,2
2018,12,Bodens kommun,"Trafikolycka,  vilt",2
2018,12,Bodens kommun,Misshandel,1
2018,12,Bodens kommun,Ofredande/förargelse,1
2018,12,Bodens kommun,Stöld,1
2018,12,Gällivare kommun,Fylleri/LOB,4
2018,12,Gällivare kommun,Trafikbrott,4
2018,12,Gällivare kommun,Skadegörelse,2
2018,12,Gällivare kommun,Trafikkontroll,2
2018,12,Gällivare kommun,Trafikolycka,2
2018,12,Gällivare kommun,Arbetsplatsolycka,1
2018,12,Gällivare kommun,Inbrott,1
2018,12,Gällivare kommun,Knivlagen,1
2018,12,Gällivare kommun,"Trafikolycka,  vilt",1
2018,12,Haparanda kommun,"Trafikolycka,  vilt",3
2018,12,Haparanda kommun,Rattfylleri,2
2018,12,Jokkmokks kommun,"Trafikolycka,  vilt",6
2018,12,Jokkmokks kommun,Fylleri/LOB,1
2018,12,Kalix kommun,Fylleri/LOB,3
2018,12,Kalix kommun,Trafikolycka,2
2018,12,Kalix kommun,"Trafikolycka,  vilt",2
2018,12,Kalix kommun,Brand,1
2018,12,Kalix kommun,Misshandel,1
2018,12,Kalix kommun,Rattfylleri,1
2018,12,Kiruna kommun,Narkotikabrott,3
2018,12,Kiruna kommun,Rattfylleri,3
2018,12,Kiruna kommun,Fylleri/LOB,2
2018,12,Kiruna kommun,Misshandel,2
2018,12,Kiruna kommun,Skadegörelse,2
2018,12,Kiruna kommun,Olaga hot,1
2018,12,Kiruna kommun,Trafikbrott,1
2018,12,Kiruna kommun,Trafikolycka,1
2018,12,Kiruna kommun,Övrigt/oklassificerad,1
2018,12,Luleå kommun,Fylleri/LOB,8
2018,12,Luleå kommun,Misshandel,4
2018,12,Luleå kommun,Rattfylleri,3
2018,12,Luleå kommun,Skadegörelse,3
2018,12,Luleå kommun,Trafikolycka,3
2018,12,Luleå kommun,"Trafikolycka,  vilt",2
2018,12,Luleå kommun,Olaga hot,1
2018,12,Luleå kommun,Trafikbrott,1
2018,12,Luleå kommun,Övrigt/oklassificerad,1
2018,12,"Norrbotten, okänd kommun","Trafikolycka, vilt",9
2018,12,"Norrbotten, okänd kommun","Trafikolycka,  vilt",5
2018,12,"Norrbotten, okänd kommun",Övrigt/oklassificerad,3
2018,12,"Norrbotten, okänd kommun",Olovlig körning,1
2018,12,"Norrbotten, okänd kommun",Trafikbrott,1
2018,12,Pajala kommun,"Trafikolycka,  vilt",4
2018,12,Piteå kommun,Misshandel,3
2018,12,Piteå kommun,Fylleri/LOB,2
2018,12,Piteå kommun,Trafikbrott,2
2018,12,Piteå kommun,Våld/hot mot tjänsteman,2
2018,12,Piteå kommun,Inbrott,1
2018,12,Piteå kommun,Narkotikabrott,1
2018,12,Piteå kommun,Olaga hot,1
2018,12,Piteå kommun,Rattfylleri,1
2018,12,Piteå kommun,Trafikkontroll,1
2018,12,Piteå kommun,Trafikolycka,1
2018,12,Piteå kommun,Övrigt/oklassificerad,1
2018,12,Älvsbyns kommun,Fylleri/LOB,1
2018,12,Älvsbyns kommun,"Trafikolycka,  vilt",1
2018,12,Älvsbyns kommun,Våld/hot mot tjänsteman,1
2018,12,Överkalix kommun,Misshandel,1
2018,12,Överkalix kommun,"Trafikolycka,  vilt",1
2018,12,Övertorneå kommun,Trafikolycka,1
2019,1,Arvidsjaurs kommun,Skadegörelse,1
2019,1,Arvidsjaurs kommun,"Trafikolycka,  vilt",1
2019,1,Arvidsjaurs kommun,"Trafikolycka, vilt",1
2019,1,Bodens kommun,Rattfylleri,3
2019,1,Bodens kommun,Brand,1
2019,1,Bodens kommun,Trafikbrott,1
2019,1,Gällivare kommun,Rattfylleri,4
2019,1,Gällivare kommun,Trafikbrott,3
2019,1,Gällivare kommun,"Trafikolycka,  vilt",2
2019,1,Gällivare kommun,Övrigt/oklassificerad,2
2019,1,Gällivare kommun,Misshandel,1
2019,1,Gällivare kommun,Trafikkontroll,1
2019,1,Haparanda kommun,Fylleri/LOB,1
2019,1,Haparanda kommun,Misshandel,1
2019,1,Jokkmokks kommun,Rattfylleri,1
2019,1,Jokkmokks kommun,Trafikolycka,1
2019,1,Kalix kommun,Brand,2
2019,1,Kalix kommun,Misshandel,2
2019,1,Kalix kommun,Fylleri/LOB,1
2019,1,Kalix kommun,Rattfylleri,1
2019,1,Kalix kommun,Skadegörelse,1
2019,1,Kiruna kommun,Övrigt/oklassificerad,4
2019,1,Kiruna kommun,Misshandel,3
2019,1,Kiruna kommun,Trafikbrott,3
2019,1,Kiruna kommun,Trafikkontroll,3
2019,1,Kiruna kommun,Trafikolycka,3
2019,1,Kiruna kommun,Fylleri/LOB,2
2019,1,Kiruna kommun,Rattfylleri,1
2019,1,Kiruna kommun,"Trafikolycka,  vilt",1
2019,1,Luleå kommun,Rattfylleri,9
2019,1,Luleå kommun,Misshandel,7
2019,1,Luleå kommun,Skadegörelse,5
2019,1,Luleå kommun,Fylleri/LOB,4
2019,1,Luleå kommun,Narkotikabrott,4
2019,1,Luleå kommun,Trafikolycka,3
2019,1,Luleå kommun,"Trafikolycka,  vilt",3
2019,1,Luleå kommun,Våld/hot mot tjänsteman,2
2019,1,Luleå kommun,Olaga intrång/hemfridsbrott,1
2019,1,Luleå kommun,Stöld,1
2019,1,Luleå kommun,Övrigt/oklassificerad,1
2019,1,"Norrbotten, okänd kommun","Trafikolycka, vilt",20
2019,1,"Norrbotten, okänd kommun",Övrigt/oklassificerad,3
2019,1,Pajala kommun,"Trafikolycka,  vilt",2
2019,1,Piteå kommun,Fylleri/LOB,3
2019,1,Piteå kommun,Trafikolycka,3
2019,1,Piteå kommun,Övrigt/oklassificerad,2
2019,1,Piteå kommun,Narkotikabrott,1
2019,1,Piteå kommun,Ofredande/förargelse,1
2019,1,Piteå kommun,Skadegörelse,1
2019,1,Piteå kommun,Trafikbrott,1
2019,1,Piteå kommun,"Trafikolycka,  vilt",1
2019,1,Piteå kommun,"Trafikolycka, vilt",1
2019,1,Piteå kommun,Våld/hot mot tjänsteman,1
2019,1,Älvsbyns kommun,"Trafikolycka,  vilt",3
2019,1,Älvsbyns kommun,Trafikbrott,2
2019,1,Älvsbyns kommun,Inbrott,1
2019,1,Älvsbyns kommun,Misshandel,1
2019,1,Älvsbyns kommun,Narkotikabrott,1
2019,1,Älvsbyns kommun,Övrigt/oklassificerad,1
2019,1,Överkalix kommun,Misshandel,1
2019,1,Överkalix kommun,"Trafikolycka,  vilt",1
2019,1,Överkalix kommun,"Trafikolycka, vilt",1
2019,1,Övertorneå kommun,Rattfylleri,1
2019,1,Övertorneå kommun,Övrigt/oklassificerad,1
2019,2,Arjeplogs kommun,Fjällräddning,1
2019,2,Arjeplogs kommun,Trafikolycka,1
2019,2,Arjeplogs kommun,"Trafikolycka,  vilt",1
2019,2,Arjeplogs kommun,"Trafikolycka, vilt",1
2019,2,Bodens kommun,Fylleri/LOB,2
2019,2,Bodens kommun,Inbrott,1
2019,2,Bodens kommun,Olovlig körning,1
2019,2,Gällivare kommun,Misshandel,2
2019,2,Gällivare kommun,Övrigt/oklassificerad,2
2019,2,Gällivare kommun,Brand,1
2019,2,Gällivare kommun,Stöld,1
2019,2,Gällivare kommun,Trafikolycka,1
2019,2,Haparanda kommun,Brand,1
2019,2,Haparanda kommun,Misshandel,1
2019,2,Haparanda kommun,Olaga intrång/hemfridsbrott,1
2019,2,Haparanda kommun,Skadegörelse,1
2019,2,Jokkmokks kommun,"Trafikolycka, vilt",3
2019,2,Kalix kommun,Inbrott,1
2019,2,Kalix kommun,Misshandel,1
2019,2,Kalix kommun,Stöld,1
2019,2,Kiruna kommun,Arbetsplatsolycka,1
2019,2,Kiruna kommun,Rattfylleri,1
2019,2,Kiruna kommun,Trafikbrott,1
2019,2,Kiruna kommun,Trafikolycka,1
2019,2,Kiruna kommun,"Trafikolycka, vilt",1
2019,2,Kiruna kommun,Vapenlagen,1
2019,2,Kiruna kommun,Övrigt/oklassificerad,1
2019,2,Luleå kommun,"Trafikolycka, vilt",7
2019,2,Luleå kommun,Misshandel,5
2019,2,Luleå kommun,Inbrott,4
2019,2,Luleå kommun,Trafikolycka,2
2019,2,Luleå kommun,Brand,1
2019,2,Luleå kommun,Fylleri/LOB,1
2019,2,Luleå kommun,Narkotikabrott,1
2019,2,"Norrbotten, okänd kommun","Trafikolycka, vilt",17
2019,2,"Norrbotten, okänd kommun","Trafikolycka,  vilt",2
2019,2,"Norrbotten, okänd kommun",Övrigt/oklassificerad,2
2019,2,"Norrbotten, okänd kommun",Fylleri/LOB,1
2019,2,"Norrbotten, okänd kommun",Trafikbrott,1
2019,2,Pajala kommun,Trafikolycka,1
2019,2,Piteå kommun,Misshandel,1
2019,2,Piteå kommun,Skadegörelse,1
2019,2,Piteå kommun,Trafikolycka,1
2019,2,Piteå kommun,Våld/hot mot tjänsteman,1
2019,2,Piteå kommun,Övrigt/oklassificerad,1
2019,2,Älvsbyns kommun,Stöld,1
2019,3,Arjeplogs kommun,Fjällräddning,1
2019,3,Arjeplogs kommun,Misshandel,1
2019,3,Arjeplogs kommun,Trafikkontroll,1
2019,3,Arvidsjaurs kommun,Rattfylleri,1
2019,3,Bodens kommun,Misshandel,4
2019,3,Bodens kommun,Rattfylleri,1
2019,3,Bodens kommun,"Trafikolycka,  vilt",1
2019,3,Bodens kommun,"Trafikolycka, vilt",1
2019,3,Bodens kommun,Våld/hot mot tjänsteman,1
2019,3,Gällivare kommun,Övrigt/oklassificerad,2
2019,3,Gällivare kommun,Brand,1
2019,3,Gällivare kommun,Fylleri/LOB,1
2019,3,Gällivare kommun,Misshandel,1
2019,3,Gällivare kommun,Skadegörelse,1
2019,3,Gällivare kommun,Trafikbrott,1
2019,3,Gällivare kommun,Trafikkontroll,1
2019,3,Gällivare kommun,Trafikolycka,1
2019,3,Haparanda kommun,Misshandel,2
2019,3,Haparanda kommun,Olovlig körning,1
2019,3,Jokkmokks kommun,Övrigt/oklassificerad,1
2019,3,Kalix kommun,Narkotikabrott,1
2019,3,Kalix kommun,Rattfylleri,1
2019,3,Kalix kommun,Skadegörelse,1
2019,3,Kalix kommun,Trafikbrott,1
2019,3,Kalix kommun,Trafikolycka,1
2019,3,Kiruna kommun,Misshandel,2
2019,3,Kiruna kommun,Trafikbrott,2
2019,3,Kiruna kommun,Fjällräddning,1
2019,3,Kiruna kommun,Olaga hot,1
2019,3,Kiruna kommun,Övrigt/oklassificerad,1
2019,3,Luleå kommun,Rattfylleri,6
2019,3,Luleå kommun,Inbrott,2
2019,3,Luleå kommun,Knivlagen,2
2019,3,Luleå kommun,Olaga hot,2
2019,3,Luleå kommun,Olovlig körning,2
2019,3,Luleå kommun,Stöld,2
2019,3,Luleå kommun,Misshandel,1
2019,3,Luleå kommun,Narkotikabrott,1
2019,3,Luleå kommun,Räddningsinsats,1
2019,3,Luleå kommun,Trafikolycka,1
2019,3,Luleå kommun,Övrigt/oklassificerad,1
2019,3,"Norrbotten, okänd kommun","Trafikolycka, vilt",11
2019,3,"Norrbotten, okänd kommun",Fylleri/LOB,3
2019,3,"Norrbotten, okänd kommun",Narkotikabrott,3
2019,3,"Norrbotten, okänd kommun",Övrigt/oklassificerad,3
2019,3,"Norrbotten, okänd kommun",Rattfylleri,1
2019,3,"Norrbotten, okänd kommun",Trafikolycka,1
2019,3,Piteå kommun,Arbetsplatsolycka,1
2019,3,Piteå kommun,Misshandel,1
2019,3,Piteå kommun,Ofredande/förargelse,1
2019,3,Piteå kommun,Trafikolycka,1
2019,3,Älvsbyns kommun,Övrigt/oklassificerad,1
2019,3,Överkalix kommun,Övrigt/oklassificerad,1
2019,4,Arvidsjaurs kommun,Övrigt/oklassificerad,1
2019,4,Bodens kommun,Rattfylleri,4
2019,4,Bodens kommun,Misshandel,2
2019,4,Bodens kommun,Brand,1
2019,4,Bodens kommun,Skadegörelse,1
2019,4,Bodens kommun,Trafikbrott,1
2019,4,Bodens kommun,Vapenlagen,1
2019,4,Gällivare kommun,Trafikkontroll,2
2019,4,Gällivare kommun,Övrigt/oklassificerad,1
2019,4,Haparanda kommun,Misshandel,1
2019,4,Haparanda kommun,Narkotikabrott,1
2019,4,Haparanda kommun,Stöld,1
2019,4,Haparanda kommun,Övrigt/oklassificerad,1
2019,4,Kalix kommun,Fylleri/LOB,1
2019,4,Kalix kommun,Misshandel,1
2019,4,Kalix kommun,Rattfylleri,1
2019,4,Kiruna kommun,Misshandel,2
2019,4,Kiruna kommun,Trafikbrott,2
2019,4,Kiruna kommun,Trafikolycka,2
2019,4,Kiruna kommun,Inbrott,1
2019,4,Kiruna kommun,Rattfylleri,1
2019,4,Kiruna kommun,Skadegörelse,1
2019,4,Kiruna kommun,"Trafikolycka,  vilt",1
2019,4,Kiruna kommun,Övrigt/oklassificerad,1
2019,4,Luleå kommun,Misshandel,8
2019,4,Luleå kommun,Trafikkontroll,5
2019,4,Luleå kommun,Rattfylleri,4
2019,4,Luleå kommun,Olovlig körning,2
2019,4,Luleå kommun,Övrigt/oklassificerad,2
2019,4,Luleå kommun,Bedrägeri,1
2019,4,Luleå kommun,Brand,1
2019,4,Luleå kommun,Skadegörelse,1
2019,4,Luleå kommun,Trafikolycka,1
2019,4,Luleå kommun,Våld/hot mot tjänsteman,1
2019,4,"Norrbotten, okänd kommun","Trafikolycka, vilt",12
2019,4,"Norrbotten, okänd kommun",Övrigt/oklassificerad,7
2019,4,"Norrbotten, okänd kommun",Fylleri/LOB,2
2019,4,"Norrbotten, okänd kommun",Djur,1
2019,4,Piteå kommun,Misshandel,2
2019,4,Piteå kommun,Brand,1
2019,4,Piteå kommun,Narkotikabrott,1
2019,4,Piteå kommun,Olaga intrång/hemfridsbrott,1
2019,4,Piteå kommun,Skadegörelse,1
2019,4,Älvsbyns kommun,Misshandel,1
2019,4,Älvsbyns kommun,"Trafikolycka,  vilt",1
2019,4,Överkalix kommun,Fylleri/LOB,1
2019,4,Överkalix kommun,"Trafikolycka,  vilt",1
2019,4,Överkalix kommun,"Trafikolycka, vilt",1
2019,4,Övertorneå kommun,Inbrott,1
2019,4,Övertorneå kommun,"Trafikolycka,  vilt",1
2019,5,Arjeplogs kommun,"Trafikolycka, vilt",2
2019,5,Bodens kommun,Brand,2
2019,5,Bodens kommun,Rattfylleri,2
2019,5,Bodens kommun,"Trafikolycka, vilt",2
2019,5,Bodens kommun,Fylleri/LOB,1
2019,5,Bodens kommun,Ofredande/förargelse,1
2019,5,Bodens kommun,Olaga hot,1
2019,5,Bodens kommun,Olovlig körning,1
2019,5,Bodens kommun,Skadegörelse,1
2019,5,Bodens kommun,"Trafikolycka,  vilt",1
2019,5,Gällivare kommun,Misshandel,2
2019,5,Gällivare kommun,Trafikbrott,2
2019,5,Gällivare kommun,Rattfylleri,1
2019,5,Gällivare kommun,Trafikolycka,1
2019,5,Haparanda kommun,Olaga hot,1
2019,5,Haparanda kommun,Olovlig körning,1
2019,5,Haparanda kommun,Skadegörelse,1
2019,5,Kalix kommun,Rattfylleri,3
2019,5,Kalix kommun,Misshandel,2
2019,5,Kalix kommun,Kontroll person/fordon,1
2019,5,Kalix kommun,Trafikbrott,1
2019,5,Kiruna kommun,Misshandel,2
2019,5,Kiruna kommun,Rattfylleri,2
2019,5,Kiruna kommun,Brand,1
2019,5,Kiruna kommun,Försvunnen person,1
2019,5,Kiruna kommun,Narkotikabrott,1
2019,5,Kiruna kommun,Skadegörelse,1
2019,5,Kiruna kommun,Trafikolycka,1
2019,5,Luleå kommun,Misshandel,7
2019,5,Luleå kommun,Rattfylleri,4
2019,5,Luleå kommun,Trafikbrott,4
2019,5,Luleå kommun,Stöld,3
2019,5,Luleå kommun,"Trafikolycka,  vilt",2
2019,5,Luleå kommun,Brand,1
2019,5,Luleå kommun,Fylleri/LOB,1
2019,5,Luleå kommun,Inbrott,1
2019,5,Luleå kommun,Ofredande/förargelse,1
2019,5,Luleå kommun,Olovlig körning,1
2019,5,Luleå kommun,Skadegörelse,1
2019,5,Luleå kommun,Trafikkontroll,1
2019,5,Luleå kommun,Våld/hot mot tjänsteman,1
2019,5,Luleå kommun,Övrigt/oklassificerad,1
2019,5,"Norrbotten, okänd kommun","Trafikolycka, vilt",11
2019,5,"Norrbotten, okänd kommun",Övrigt/oklassificerad,7
2019,5,"Norrbotten, okänd kommun",Fylleri/LOB,1
2019,5,"Norrbotten, okänd kommun",Misshandel,1
2019,5,"Norrbotten, okänd kommun",Rattfylleri,1
2019,5,"Norrbotten, okänd kommun",Stöld,1
2019,5,"Norrbotten, okänd kommun",Trafikolycka,1
2019,5,Piteå kommun,Brand,2
2019,5,Piteå kommun,Djur,1
2019,5,Piteå kommun,Fylleri/LOB,1
2019,5,Piteå kommun,Inbrott,1
2019,5,Piteå kommun,Misshandel,1
2019,5,Piteå kommun,Olaga hot,1
2019,5,Piteå kommun,Rattfylleri,1
2019,5,Piteå kommun,Trafikolycka,1
2019,5,Piteå kommun,"Trafikolycka,  vilt",1
2019,5,Piteå kommun,Övrigt/oklassificerad,1
2019,5,Övertorneå kommun,Trafikbrott,1
2019,6,Arjeplogs kommun,Trafikbrott,1
2019,6,Arvidsjaurs kommun,Olaga hot,1
2019,6,Arvidsjaurs kommun,Rattfylleri,1
2019,6,Bodens kommun,Misshandel,2
2019,6,Bodens kommun,Skadegörelse,2
2019,6,Bodens kommun,Brand,1
2019,6,Bodens kommun,Inbrott,1
2019,6,Bodens kommun,Olaga hot,1
2019,6,Bodens kommun,Rattfylleri,1
2019,6,Bodens kommun,Trafikolycka,1
2019,6,Gällivare kommun,Rattfylleri,4
2019,6,Gällivare kommun,Trafikbrott,3
2019,6,Gällivare kommun,Fylleri/LOB,1
2019,6,Gällivare kommun,Misshandel,1
2019,6,Gällivare kommun,Narkotikabrott,1
2019,6,Gällivare kommun,Trafikolycka,1
2019,6,Haparanda kommun,Brand,1
2019,6,Haparanda kommun,Misshandel,1
2019,6,Haparanda kommun,Rattfylleri,1
2019,6,Jokkmokks kommun,Rattfylleri,1
2019,6,Jokkmokks kommun,Trafikolycka,1
2019,6,Kalix kommun,Inbrott,1
2019,6,Kalix kommun,Trafikbrott,1
2019,6,Kalix kommun,Övrigt/oklassificerad,1
2019,6,Kiruna kommun,Rattfylleri,2
2019,6,Kiruna kommun,Trafikolycka,2
2019,6,Kiruna kommun,Arbetsplatsolycka,1
2019,6,Kiruna kommun,Brand,1
2019,6,Kiruna kommun,Narkotikabrott,1
2019,6,Kiruna kommun,Olovlig körning,1
2019,6,Kiruna kommun,"Trafikolycka,  vilt",1
2019,6,Kiruna kommun,Övrigt/oklassificerad,1
2019,6,Luleå kommun,Rattfylleri,7
2019,6,Luleå kommun,Misshandel,5
2019,6,Luleå kommun,Skadegörelse,4
2019,6,Luleå kommun,Trafikolycka,4
2019,6,Luleå kommun,Olovlig körning,3
2019,6,Luleå kommun,Trafikbrott,3
2019,6,Luleå kommun,Fylleri/LOB,2
2019,6,Luleå kommun,Brand,1
2019,6,Luleå kommun,Ofredande/förargelse,1
2019,6,Luleå kommun,"Stöld,  ringa",1
2019,6,Luleå kommun,Våld/hot mot tjänsteman,1
2019,6,"Norrbotten, okänd kommun","Trafikolycka, vilt",9
2019,6,"Norrbotten, okänd kommun",Övrigt/oklassificerad,5
2019,6,"Norrbotten, okänd kommun","Trafikolycka,  vilt",2
2019,6,"Norrbotten, okänd kommun",Fjällräddning,1
2019,6,"Norrbotten, okänd kommun",Fylleri/LOB,1
2019,6,"Norrbotten, okänd kommun",Räddningsinsats,1
2019,6,Pajala kommun,Trafikbrott,1
2019,6,Piteå kommun,Misshandel,5
2019,6,Piteå kommun,Rattfylleri,3
2019,6,Piteå kommun,Brand,2
2019,6,Piteå kommun,Våld/hot mot tjänsteman,2
2019,6,Piteå kommun,Knivlagen,1
2019,6,Piteå kommun,Narkotikabrott,1
2019,6,Piteå kommun,Olaga hot,1
2019,6,Piteå kommun,Skadegörelse,1
2019,6,Älvsbyns kommun,Trafikolycka,2
2019,6,Övertorneå kommun,Trafikolycka,1
2019,7,Arjeplogs kommun,Fjällräddning,1
2019,7,Arjeplogs kommun,"Trafikolycka,  vilt",1
2019,7,Arjeplogs kommun,"Trafikolycka, vilt",1
2019,7,Arvidsjaurs kommun,Misshandel,1
2019,7,Arvidsjaurs kommun,Skadegörelse,1
2019,7,Arvidsjaurs kommun,Trafikkontroll,1
2019,7,Arvidsjaurs kommun,"Trafikolycka,  vilt",1
2019,7,Arvidsjaurs kommun,Övrigt/oklassificerad,1
2019,7,Bodens kommun,Misshandel,2
2019,7,Bodens kommun,Brand,1
2019,7,Bodens kommun,Fylleri/LOB,1
2019,7,Bodens kommun,Inbrott,1
2019,7,Bodens kommun,Rattfylleri,1
2019,7,Bodens kommun,Rån,1
2019,7,Bodens kommun,Övrigt/oklassificerad,1
2019,7,Gällivare kommun,Övrigt/oklassificerad,2
2019,7,Gällivare kommun,Brand,1
2019,7,Gällivare kommun,Narkotikabrott,1
2019,7,Gällivare kommun,Skadegörelse,1
2019,7,Haparanda kommun,Misshandel,2
2019,7,Haparanda kommun,Inbrott,1
2019,7,Haparanda kommun,Skadegörelse,1
2019,7,Kalix kommun,Rattfylleri,2
2019,7,Kalix kommun,Misshandel,1
2019,7,Kalix kommun,Skadegörelse,1
2019,7,Kalix kommun,Övrigt/oklassificerad,1
2019,7,Kiruna kommun,Fjällräddning,2
2019,7,Kiruna kommun,Rattfylleri,2
2019,7,Kiruna kommun,Brand,1
2019,7,Kiruna kommun,Knivlagen,1
2019,7,Kiruna kommun,Olovlig körning,1
2019,7,Kiruna kommun,Trafikkontroll,1
2019,7,Kiruna kommun,Övrigt/oklassificerad,1
2019,7,Luleå kommun,Rattfylleri,7
2019,7,Luleå kommun,Misshandel,3
2019,7,Luleå kommun,Trafikkontroll,2
2019,7,Luleå kommun,Trafikolycka,2
2019,7,Luleå kommun,Arbetsplatsolycka,1
2019,7,Luleå kommun,Brand,1
2019,7,Luleå kommun,Fylleri/LOB,1
2019,7,Luleå kommun,Knivlagen,1
2019,7,Luleå kommun,Ofredande/förargelse,1
2019,7,Luleå kommun,Olaga hot,1
2019,7,Luleå kommun,Skadegörelse,1
2019,7,Luleå kommun,Stöld,1
2019,7,Luleå kommun,"Stöld,  ringa",1
2019,7,Luleå kommun,Trafikbrott,1
2019,7,Luleå kommun,"Trafikolycka,  vilt",1
2019,7,Luleå kommun,Övrigt/oklassificerad,1
2019,7,"Norrbotten, okänd kommun","Trafikolycka, vilt",9
2019,7,"Norrbotten, okänd kommun",Trafikkontroll,2
2019,7,"Norrbotten, okänd kommun","Trafikolycka,  vilt",2
2019,7,"Norrbotten, okänd kommun",Fylleri/LOB,1
2019,7,"Norrbotten, okänd kommun",Narkotikabrott,1
2019,7,"Norrbotten, okänd kommun",Rattfylleri,1
2019,7,"Norrbotten, okänd kommun",Trafikolycka,1
2019,7,"Norrbotten, okänd kommun",Våld/hot mot tjänsteman,1
2019,7,"Norrbotten, okänd kommun",Övrigt/oklassificerad,1
2019,7,Pajala kommun,Trafikolycka,1
2019,7,Pajala kommun,"Trafikolycka,  vilt",1
2019,7,Pajala kommun,"Trafikolycka, vilt",1
2019,7,Piteå kommun,Trafikolycka,3
2019,7,Piteå kommun,Fylleri/LOB,2
2019,7,Piteå kommun,Inbrott,2
2019,7,Piteå kommun,Misshandel,2
2019,7,Piteå kommun,Narkotikabrott,2
2019,7,Piteå kommun,Rattfylleri,2
2019,7,Piteå kommun,Brand,1
2019,7,Piteå kommun,Ofredande/förargelse,1
2019,7,Piteå kommun,Olovlig körning,1
2019,7,Älvsbyns kommun,Försvunnen person,1
2019,7,Älvsbyns kommun,Trafikolycka,1
2019,7,Överkalix kommun,Inbrott,1
2019,7,Övertorneå kommun,Trafikbrott,1
2019,8,Bodens kommun,Fylleri/LOB,2
2019,8,Bodens kommun,Misshandel,2
2019,8,Bodens kommun,Rattfylleri,2
2019,8,Bodens kommun,Övrigt/oklassificerad,2
2019,8,Bodens kommun,Arbetsplatsolycka,1
2019,8,Bodens kommun,Narkotikabrott,1
2019,8,Bodens kommun,Skadegörelse,1
2019,8,Gällivare kommun,Trafikkontroll,4
2019,8,Gällivare kommun,Rattfylleri,3
2019,8,Gällivare kommun,Ofredande/förargelse,2
2019,8,Gällivare kommun,Olaga hot,1
2019,8,Gällivare kommun,Skadegörelse,1
2019,8,Gällivare kommun,Trafikbrott,1
2019,8,Gällivare kommun,Trafikolycka,1
2019,8,Haparanda kommun,Misshandel,2
2019,8,Haparanda kommun,Knivlagen,1
2019,8,Haparanda kommun,Olovlig körning,1
2019,8,Haparanda kommun,Stöld,1
2019,8,Haparanda kommun,Trafikolycka,1
2019,8,Jokkmokks kommun,Fjällräddning,1
2019,8,Kalix kommun,Inbrott,3
2019,8,Kalix kommun,Skadegörelse,1
2019,8,Kalix kommun,Övrigt/oklassificerad,1
2019,8,Kiruna kommun,Inbrott,2
2019,8,Kiruna kommun,Sexualbrott,1
2019,8,Kiruna kommun,Trafikbrott,1
2019,8,Kiruna kommun,Övrigt/oklassificerad,1
2019,8,Luleå kommun,Rattfylleri,5
2019,8,Luleå kommun,Inbrott,3
2019,8,Luleå kommun,Misshandel,2
2019,8,Luleå kommun,Olovlig körning,2
2019,8,Luleå kommun,Skadegörelse,2
2019,8,Luleå kommun,Trafikkontroll,2
2019,8,Luleå kommun,Brand,1
2019,8,Luleå kommun,Fylleri/LOB,1
2019,8,Luleå kommun,Stöld,1
2019,8,Luleå kommun,Trafikbrott,1
2019,8,Luleå kommun,"Trafikolycka,  vilt",1
2019,8,Luleå kommun,"Trafikolycka, vilt",1
2019,8,Luleå kommun,Våld/hot mot tjänsteman,1
2019,8,Luleå kommun,Övrigt/oklassificerad,1
2019,8,"Norrbotten, okänd kommun","Trafikolycka, vilt",11
2019,8,"Norrbotten, okänd kommun",Fylleri/LOB,2
2019,8,"Norrbotten, okänd kommun",Övrigt/oklassificerad,2
2019,8,"Norrbotten, okänd kommun",Narkotikabrott,1
2019,8,"Norrbotten, okänd kommun",Skadegörelse,1
2019,8,"Norrbotten, okänd kommun",Trafikolycka,1
2019,8,Piteå kommun,Inbrott,2
2019,8,Piteå kommun,Narkotikabrott,2
2019,8,Piteå kommun,Trafikolycka,2
2019,8,Piteå kommun,Misshandel,1
2019,8,Piteå kommun,Ofredande/förargelse,1
2019,8,Piteå kommun,Trafikbrott,1
2019,8,Piteå kommun,"Trafikolycka, vilt",1
2019,8,Älvsbyns kommun,Trafikbrott,1
2019,8,Överkalix kommun,Brand,1
2019,8,Överkalix kommun,Olovlig körning,1
2019,9,Arvidsjaurs kommun,Trafikolycka,1
2019,9,Bodens kommun,Knivlagen,1
2019,9,Bodens kommun,Misshandel,1
2019,9,Bodens kommun,Narkotikabrott,1
2019,9,Bodens kommun,Rattfylleri,1
2019,9,Gällivare kommun,Trafikbrott,3
2019,9,Gällivare kommun,Trafikkontroll,3
2019,9,Gällivare kommun,Stöld,2
2019,9,Gällivare kommun,Inbrott,1
2019,9,Gällivare kommun,Misshandel,1
2019,9,Gällivare kommun,Narkotikabrott,1
2019,9,Gällivare kommun,Ofredande/förargelse,1
2019,9,Gällivare kommun,Olaga intrång/hemfridsbrott,1
2019,9,Gällivare kommun,Rattfylleri,1
2019,9,Gällivare kommun,Våld/hot mot tjänsteman,1
2019,9,Haparanda kommun,Misshandel,2
2019,9,Haparanda kommun,Inbrott,1
2019,9,Haparanda kommun,Rattfylleri,1
2019,9,Jokkmokks kommun,Fylleri/LOB,1
2019,9,Jokkmokks kommun,Inbrott,1
2019,9,Jokkmokks kommun,Olaga hot,1
2019,9,Kalix kommun,Inbrott,2
2019,9,Kalix kommun,Rattfylleri,2
2019,9,Kalix kommun,Narkotikabrott,1
2019,9,Kalix kommun,Olaga intrång/hemfridsbrott,1
2019,9,Kalix kommun,Stöld,1
2019,9,Kalix kommun,Övrigt/oklassificerad,1
2019,9,Kiruna kommun,Arbetsplatsolycka,1
2019,9,Kiruna kommun,Inbrott,1
2019,9,Kiruna kommun,Misshandel,1
2019,9,Luleå kommun,Rattfylleri,4
2019,9,Luleå kommun,Misshandel,3
2019,9,Luleå kommun,Narkotikabrott,3
2019,9,Luleå kommun,Trafikbrott,2
2019,9,Luleå kommun,Brand,1
2019,9,Luleå kommun,Fylleri/LOB,1
2019,9,Luleå kommun,Försvunnen person,1
2019,9,Luleå kommun,Inbrott,1
2019,9,Luleå kommun,Olaga hot,1
2019,9,Luleå kommun,Olovlig körning,1
2019,9,Luleå kommun,Sexualbrott,1
2019,9,Luleå kommun,Skadegörelse,1
2019,9,Luleå kommun,"Trafikolycka,  vilt",1
2019,9,Luleå kommun,"Trafikolycka, vilt",1
2019,9,Luleå kommun,Övrigt/oklassificerad,1
2019,9,"Norrbotten, okänd kommun","Trafikolycka, vilt",8
2019,9,"Norrbotten, okänd kommun",Fylleri/LOB,3
2019,9,"Norrbotten, okänd kommun",Övrigt/oklassificerad,3
2019,9,"Norrbotten, okänd kommun",Fjällräddning,1
2019,9,Pajala kommun,Trafikolycka,1
2019,9,Pajala kommun,"Trafikolycka,  vilt",1
2019,9,Piteå kommun,Skadegörelse,4
2019,9,Piteå kommun,Misshandel,2
2019,9,Piteå kommun,Inbrott,1
2019,9,Piteå kommun,Rattfylleri,1
2019,9,Piteå kommun,Trafikbrott,1
2019,9,Piteå kommun,Övrigt/oklassificerad,1
2019,9,Älvsbyns kommun,Inbrott,1
2019,9,Älvsbyns kommun,Trafikolycka,1
2019,9,Överkalix kommun,Misshandel,1
2019,9,Överkalix kommun,Olovlig körning,1
2019,10,Bodens kommun,Rattfylleri,4
2019,10,Bodens kommun,Skadegörelse,3
2019,10,Bodens kommun,Brand,2
2019,10,Bodens kommun,Inbrott,1
2019,10,Bodens kommun,Trafikbrott,1
2019,10,Bodens kommun,Trafikkontroll,1
2019,10,Bodens kommun,Våld/hot mot tjänsteman,1
2019,10,Gällivare kommun,Rattfylleri,3
2019,10,Gällivare kommun,Trafikbrott,3
2019,10,Gällivare kommun,Trafikkontroll,3
2019,10,Gällivare kommun,Brand,2
2019,10,Gällivare kommun,Kontroll person/fordon,1
2019,10,Gällivare kommun,Misshandel,1
2019,10,Gällivare kommun,Ofredande/förargelse,1
2019,10,Gällivare kommun,Sexualbrott,1
2019,10,Gällivare kommun,Skadegörelse,1
2019,10,Gällivare kommun,"Trafikolycka,  vilt",1
2019,10,Gällivare kommun,"Trafikolycka, vilt",1
2019,10,Haparanda kommun,Rattfylleri,1
2019,10,Haparanda kommun,Stöld,1
2019,10,Haparanda kommun,Trafikolycka,1
2019,10,Jokkmokks kommun,Misshandel,1
2019,10,Kalix kommun,Brand,2
2019,10,Kalix kommun,Rattfylleri,2
2019,10,Kalix kommun,Narkotikabrott,1
2019,10,Kalix kommun,Olovlig körning,1
2019,10,Kiruna kommun,Brand,2
2019,10,Kiruna kommun,Våld/hot mot tjänsteman,2
2019,10,Kiruna kommun,Rattfylleri,1
2019,10,Kiruna kommun,Trafikbrott,1
2019,10,Kiruna kommun,Trafikolycka,1
2019,10,Kiruna kommun,"Trafikolycka,  vilt",1
2019,10,Luleå kommun,Misshandel,9
2019,10,Luleå kommun,Trafikbrott,6
2019,10,Luleå kommun,Fylleri/LOB,4
2019,10,Luleå kommun,Brand,3
2019,10,Luleå kommun,Trafikolycka,3
2019,10,Luleå kommun,Våld/hot mot tjänsteman,3
2019,10,Luleå kommun,Olaga intrång/hemfridsbrott,2
2019,10,Luleå kommun,Olovlig körning,2
2019,10,Luleå kommun,Rattfylleri,2
2019,10,Luleå kommun,Övrigt/oklassificerad,2
2019,10,Luleå kommun,Knivlagen,1
2019,10,Luleå kommun,Narkotikabrott,1
2019,10,Luleå kommun,Olaga hot,1
2019,10,Luleå kommun,Rån,1
2019,10,Luleå kommun,Stöld,1
2019,10,Luleå kommun,Trafikkontroll,1
2019,10,"Norrbotten, okänd kommun","Trafikolycka, vilt",29
2019,10,"Norrbotten, okänd kommun",Övrigt/oklassificerad,5
2019,10,"Norrbotten, okänd kommun",Brand,1
2019,10,"Norrbotten, okänd kommun",Fylleri/LOB,1
2019,10,"Norrbotten, okänd kommun",Rattfylleri,1
2019,10,"Norrbotten, okänd kommun",Skadegörelse,1
2019,10,"Norrbotten, okänd kommun",Trafikolycka,1
2019,10,Pajala kommun,Inbrott,1
2019,10,Pajala kommun,Rattfylleri,1
2019,10,Piteå kommun,Rattfylleri,3
2019,10,Piteå kommun,Misshandel,2
2019,10,Piteå kommun,Ofredande/förargelse,2
2019,10,Piteå kommun,Skadegörelse,2
2019,10,Piteå kommun,Trafikolycka,2
2019,10,Piteå kommun,Arbetsplatsolycka,1
2019,10,Piteå kommun,Fylleri/LOB,1
2019,10,Piteå kommun,Mord/dråp,1
2019,10,Piteå kommun,Trafikbrott,1
2019,10,Piteå kommun,Våld/hot mot tjänsteman,1
2019,10,Älvsbyns kommun,Inbrott,1
2019,10,Övertorneå kommun,Misshandel,1
2019,10,Övertorneå kommun,Rattfylleri,1
2019,11,Bodens kommun,Brand,3
2019,11,Bodens kommun,Inbrott,2
2019,11,Bodens kommun,Ofredande/förargelse,2
2019,11,Bodens kommun,Fylleri/LOB,1
2019,11,Bodens kommun,Knivlagen,1
2019,11,Bodens kommun,Misshandel,1
2019,11,Bodens kommun,Olaga hot,1
2019,11,Bodens kommun,Trafikolycka,1
2019,11,Bodens kommun,"Trafikolycka,  vilt",1
2019,11,Bodens kommun,"Trafikolycka, vilt",1
2019,11,Bodens kommun,Övrigt/oklassificerad,1
2019,11,Gällivare kommun,Rattfylleri,2
2019,11,Haparanda kommun,Rån,1
2019,11,Haparanda kommun,Övrigt/oklassificerad,1
2019,11,Jokkmokks kommun,Misshandel,1
2019,11,Kalix kommun,Skadegörelse,2
2019,11,Kalix kommun,Inbrott,1
2019,11,Kalix kommun,Misshandel,1
2019,11,Kalix kommun,Olovlig körning,1
2019,11,Kalix kommun,Rattfylleri,1
2019,11,Kalix kommun,Våld/hot mot tjänsteman,1
2019,11,Kiruna kommun,Rattfylleri,5
2019,11,Kiruna kommun,"Trafikolycka, vilt",3
2019,11,Kiruna kommun,Olovlig körning,2
2019,11,Kiruna kommun,Fylleri/LOB,1
2019,11,Kiruna kommun,Misshandel,1
2019,11,Kiruna kommun,"Trafikolycka,  vilt",1
2019,11,Luleå kommun,Rattfylleri,8
2019,11,Luleå kommun,Misshandel,6
2019,11,Luleå kommun,Stöld,4
2019,11,Luleå kommun,Trafikbrott,3
2019,11,Luleå kommun,Narkotikabrott,2
2019,11,Luleå kommun,Fylleri/LOB,1
2019,11,Luleå kommun,Försvunnen person,1
2019,11,Luleå kommun,Inbrott,1
2019,11,Luleå kommun,Knivlagen,1
2019,11,Luleå kommun,Olaga hot,1
2019,11,Luleå kommun,Olovlig körning,1
2019,11,Luleå kommun,Skadegörelse,1
2019,11,Luleå kommun,Trafikolycka,1
2019,11,Luleå kommun,Våld/hot mot tjänsteman,1
2019,11,"Norrbotten, okänd kommun","Trafikolycka, vilt",68
2019,11,"Norrbotten, okänd kommun",Övrigt/oklassificerad,5
2019,11,"Norrbotten, okänd kommun",Fylleri/LOB,2
2019,11,Pajala kommun,"Trafikolycka,  vilt",1
2019,11,Pajala kommun,"Trafikolycka, vilt",1
2019,11,Piteå kommun,Rattfylleri,2
2019,11,Piteå kommun,Våld/hot mot tjänsteman,2
2019,11,Piteå kommun,Övrigt/oklassificerad,2
2019,11,Piteå kommun,Arbetsplatsolycka,1
2019,11,Piteå kommun,Brand,1
2019,11,Piteå kommun,Inbrott,1
2019,11,Piteå kommun,Knivlagen,1
2019,11,Piteå kommun,Misshandel,1
2019,11,Älvsbyns kommun,Brand,1
2019,11,Älvsbyns kommun,Olaga hot,1
2019,11,Älvsbyns kommun,Olovlig körning,1
2019,11,Älvsbyns kommun,Rattfylleri,1
2019,11,Älvsbyns kommun,Skadegörelse,1
2019,11,Älvsbyns kommun,Trafikkontroll,1
2019,11,Övertorneå kommun,Inbrott,1
2019,12,Arjeplogs kommun,Rattfylleri,1
2019,12,Arjeplogs kommun,"Trafikolycka, vilt",1
2019,12,Bodens kommun,Trafikbrott,5
2019,12,Bodens kommun,Inbrott,2
2019,12,Bodens kommun,Rattfylleri,2
2019,12,Bodens kommun,Olaga hot,1
2019,12,Bodens kommun,Rån,1
2019,12,Bodens kommun,Våld/hot mot tjänsteman,1
2019,12,Gällivare kommun,Trafikbrott,5
2019,12,Gällivare kommun,Misshandel,1
2019,12,Gällivare kommun,Rattfylleri,1
2019,12,Gällivare kommun,Skadegörelse,1
2019,12,Gällivare kommun,Stöld,1
2019,12,Gällivare kommun,Trafikkontroll,1
2019,12,Haparanda kommun,Rattfylleri,1
2019,12,Jokkmokks kommun,Övrigt/oklassificerad,1
2019,12,Kalix kommun,Brand,2
2019,12,Kalix kommun,Skadegörelse,2
2019,12,Kalix kommun,Misshandel,1
2019,12,Kalix kommun,Rattfylleri,1
2019,12,Kalix kommun,Trafikolycka,1
2019,12,Kiruna kommun,Misshandel,3
2019,12,Kiruna kommun,Rattfylleri,2
2019,12,Kiruna kommun,Arbetsplatsolycka,1
2019,12,Kiruna kommun,"Trafikolycka, vilt",1
2019,12,Luleå kommun,Misshandel,5
2019,12,Luleå kommun,Stöld,4
2019,12,Luleå kommun,Trafikolycka,3
2019,12,Luleå kommun,Fylleri/LOB,2
2019,12,Luleå kommun,Inbrott,2
2019,12,Luleå kommun,Rattfylleri,2
2019,12,Luleå kommun,Övrigt/oklassificerad,2
2019,12,Luleå kommun,Narkotikabrott,1
2019,12,Luleå kommun,Skadegörelse,1
2019,12,Luleå kommun,Trafikbrott,1
2019,12,Luleå kommun,"Trafikolycka, vilt",1
2019,12,"Norrbotten, okänd kommun","Trafikolycka, vilt",55
2019,12,"Norrbotten, okänd kommun",Övrigt/oklassificerad,5
2019,12,"Norrbotten, okänd kommun",Fylleri/LOB,1
2019,12,"Norrbotten, okänd kommun",Narkotikabrott,1
2019,12,"Norrbotten, okänd kommun",Trafikolycka,1
2019,12,Pajala kommun,Inbrott,1
2019,12,Pajala kommun,Misshandel,1
2019,12,Pajala kommun,Stöld,1
2019,12,Pajala kommun,Trafikolycka,1
2019,12,Piteå kommun,Rattfylleri,4
2019,12,Piteå kommun,Trafikolycka,3
2019,12,Piteå kommun,Misshandel,2
2019,12,Piteå kommun,Brand,1
2019,12,Piteå kommun,Knivlagen,1
2019,12,Piteå kommun,Skadegörelse,1
2019,12,Piteå kommun,Stöld,1
2019,12,Älvsbyns kommun,Misshandel,1
2019,12,Överkalix kommun,Trafikolycka,1
2019,12,Övertorneå kommun,"Trafikolycka,  vilt",1
2019,12,Övertorneå kommun,"Trafikolycka, vilt",1
2020,1,Arvidsjaurs kommun,Stöld,1
2020,1,Bodens kommun,Misshandel,3
2020,1,Bodens kommun,Inbrott,2
2020,1,Bodens kommun,Stöld,2
2020,1,Bodens kommun,Rattfylleri,1
2020,1,Bodens kommun,Skadegörelse,1
2020,1,Bodens kommun,Våld/hot mot tjänsteman,1
2020,1,Gällivare kommun,Trafikkontroll,5
2020,1,Gällivare kommun,Trafikbrott,3
2020,1,Gällivare kommun,Misshandel,1
2020,1,Gällivare kommun,Olaga hot,1
2020,1,Gällivare kommun,Rattfylleri,1
2020,1,Gällivare kommun,Övrigt/oklassificerad,1
2020,1,Haparanda kommun,Misshandel,2
2020,1,Jokkmokks kommun,Stöld,1
2020,1,Jokkmokks kommun,"Trafikolycka,  vilt",1
2020,1,Jokkmokks kommun,"Trafikolycka, vilt",1
2020,1,Kalix kommun,Misshandel,3
2020,1,Kalix kommun,Skadegörelse,2
2020,1,Kalix kommun,Trafikbrott,1
2020,1,Kalix kommun,"Trafikolycka, vilt",1
2020,1,Kiruna kommun,Narkotikabrott,2
2020,1,Kiruna kommun,Övrigt/oklassificerad,2
2020,1,Kiruna kommun,Misshandel,1
2020,1,Kiruna kommun,Rattfylleri,1
2020,1,Kiruna kommun,Trafikbrott,1
2020,1,Kiruna kommun,Trafikkontroll,1
2020,1,Luleå kommun,Rattfylleri,7
2020,1,Luleå kommun,Inbrott,6
2020,1,Luleå kommun,Misshandel,5
2020,1,Luleå kommun,Skadegörelse,4
2020,1,Luleå kommun,Narkotikabrott,2
2020,1,Luleå kommun,Brand,1
2020,1,Luleå kommun,Knivlagen,1
2020,1,Luleå kommun,Olaga hot,1
2020,1,Luleå kommun,Olovlig körning,1
2020,1,Luleå kommun,Rån,1
2020,1,Luleå kommun,Trafikbrott,1
2020,1,Luleå kommun,Trafikolycka,1
2020,1,Luleå kommun,"Trafikolycka,  vilt",1
2020,1,Luleå kommun,"Trafikolycka, vilt",1
2020,1,"Norrbotten, okänd kommun","Trafikolycka, vilt",46
2020,1,"Norrbotten, okänd kommun",Övrigt/oklassificerad,6
2020,1,"Norrbotten, okänd kommun",Narkotikabrott,4
2020,1,"Norrbotten, okänd kommun",Inbrott,1
2020,1,"Norrbotten, okänd kommun",Misshandel,1
2020,1,"Norrbotten, okänd kommun",Trafikbrott,1
2020,1,Pajala kommun,"Trafikolycka,  vilt",1
2020,1,Pajala kommun,"Trafikolycka, vilt",1
2020,1,Piteå kommun,Rattfylleri,7
2020,1,Piteå kommun,Narkotikabrott,2
2020,1,Piteå kommun,Trafikolycka,2
2020,1,Piteå kommun,Inbrott,1
2020,1,Piteå kommun,Misshandel,1
2020,1,Piteå kommun,Skadegörelse,1
2020,1,Piteå kommun,Stöld,1
2020,1,Älvsbyns kommun,Inbrott,1
2020,1,Älvsbyns kommun,Stöld,1
2020,1,Överkalix kommun,Misshandel,1
2020,1,Överkalix kommun,"Trafikolycka, vilt",1
2020,2,Arjeplogs kommun,Rattfylleri,1
2020,2,Bodens kommun,Brand,2
2020,2,Bodens kommun,Rattfylleri,2
2020,2,Bodens kommun,Misshandel,1
2020,2,Bodens kommun,"Stöld,  ringa",1
2020,2,Bodens kommun,Trafikkontroll,1
2020,2,Gällivare kommun,Olovlig körning,1
2020,2,Gällivare kommun,Rattfylleri,1
2020,2,Gällivare kommun,Våld/hot mot tjänsteman,1
2020,2,Gällivare kommun,Övrigt/oklassificerad,1
2020,2,Haparanda kommun,Brand,1
2020,2,Haparanda kommun,Olaga hot,1
2020,2,Haparanda kommun,Olovlig körning,1
2020,2,Haparanda kommun,Övrigt/oklassificerad,1
2020,2,Jokkmokks kommun,Narkotikabrott,4
2020,2,Jokkmokks kommun,Misshandel,1
2020,2,Jokkmokks kommun,Rattfylleri,1
2020,2,Jokkmokks kommun,Trafikbrott,1
2020,2,Kalix kommun,Stöld,2
2020,2,Kalix kommun,Rattfylleri,1
2020,2,Kalix kommun,"Trafikolycka, vilt",1
2020,2,Kalix kommun,Övrigt/oklassificerad,1
2020,2,Kiruna kommun,Rattfylleri,1
2020,2,Kiruna kommun,Trafikolycka,1
2020,2,Kiruna kommun,"Trafikolycka, vilt",1
2020,2,Luleå kommun,Rattfylleri,4
2020,2,Luleå kommun,Övrigt/oklassificerad,4
2020,2,Luleå kommun,Narkotikabrott,2
2020,2,Luleå kommun,Trafikbrott,2
2020,2,Luleå kommun,Skadegörelse,1
2020,2,Luleå kommun,Trafikolycka,1
2020,2,Luleå kommun,"Trafikolycka, vilt",1
2020,2,"Norrbotten, okänd kommun","Trafikolycka, vilt",50
2020,2,"Norrbotten, okänd kommun",Övrigt/oklassificerad,8
2020,2,"Norrbotten, okänd kommun",Fylleri/LOB,1
2020,2,"Norrbotten, okänd kommun",Inbrott,1
2020,2,"Norrbotten, okänd kommun",Narkotikabrott,1
2020,2,"Norrbotten, okänd kommun",Rattfylleri,1
2020,2,"Norrbotten, okänd kommun","Trafikolycka,  vilt",1
2020,2,Pajala kommun,Misshandel,1
2020,2,Piteå kommun,Rattfylleri,3
2020,2,Piteå kommun,Misshandel,2
2020,2,Piteå kommun,Ofredande/förargelse,2
2020,2,Piteå kommun,Trafikolycka,2
2020,2,Piteå kommun,Fylleri/LOB,1
2020,2,Piteå kommun,Olovlig körning,1
2020,2,Piteå kommun,Skadegörelse,1
2020,2,Älvsbyns kommun,"Trafikolycka, vilt",1
2020,2,Överkalix kommun,"Trafikolycka,  vilt",1
2020,2,Överkalix kommun,"Trafikolycka, vilt",1
2020,3,Arvidsjaurs kommun,Rattfylleri,1
2020,3,Arvidsjaurs kommun,Övrigt/oklassificerad,1
2020,3,Bodens kommun,Rattfylleri,3
2020,3,Bodens kommun,Misshandel,2
2020,3,Bodens kommun,Olaga hot,1
2020,3,Bodens kommun,Övrigt/oklassificerad,1
2020,3,Gällivare kommun,Trafikbrott,5
2020,3,Gällivare kommun,Misshandel,2
2020,3,Gällivare kommun,Olovlig körning,2
2020,3,Gällivare kommun,"Trafikolycka,  vilt",1
2020,3,Gällivare kommun,"Trafikolycka, vilt",1
2020,3,Haparanda kommun,Övrigt/oklassificerad,2
2020,3,Haparanda kommun,Misshandel,1
2020,3,Haparanda kommun,Narkotikabrott,1
2020,3,Haparanda kommun,Trafikolycka,1
2020,3,Kalix kommun,Brand,1
2020,3,Kalix kommun,Inbrott,1
2020,3,Kalix kommun,Rattfylleri,1
2020,3,Kalix kommun,Stöld,1
2020,3,Kiruna kommun,Rattfylleri,2
2020,3,Kiruna kommun,Misshandel,1
2020,3,Kiruna kommun,Räddningsinsats,1
2020,3,Kiruna kommun,Skadegörelse,1
2020,3,Luleå kommun,Rattfylleri,8
2020,3,Luleå kommun,Misshandel,4
2020,3,Luleå kommun,Narkotikabrott,3
2020,3,Luleå kommun,Stöld,2
2020,3,Luleå kommun,Bedrägeri,1
2020,3,Luleå kommun,Inbrott,1
2020,3,Luleå kommun,Olovlig körning,1
2020,3,Luleå kommun,Sexualbrott,1
2020,3,Luleå kommun,Trafikolycka,1
2020,3,Luleå kommun,"Trafikolycka,  vilt",1
2020,3,Luleå kommun,"Trafikolycka, vilt",1
2020,3,Luleå kommun,Vapenlagen,1
2020,3,Luleå kommun,Övrigt/oklassificerad,1
2020,3,"Norrbotten, okänd kommun",Övrigt/oklassificerad,4
2020,3,"Norrbotten, okänd kommun","Trafikolycka, vilt",3
2020,3,"Norrbotten, okänd kommun",Fylleri/LOB,1
2020,3,"Norrbotten, okänd kommun",Narkotikabrott,1
2020,3,"Norrbotten, okänd kommun",Trafikbrott,1
2020,3,"Norrbotten, okänd kommun","Trafikolycka,  vilt",1
2020,3,Piteå kommun,Misshandel,2
2020,3,Piteå kommun,Skadegörelse,2
2020,3,Piteå kommun,Stöld,1
2020,3,Piteå kommun,Trafikolycka,1
2020,3,Älvsbyns kommun,Brand,1
2020,3,Älvsbyns kommun,Misshandel,1
2020,3,Övertorneå kommun,Inbrott,1
2020,4,Arjeplogs kommun,Misshandel,1
2020,4,Arvidsjaurs kommun,Misshandel,1
2020,4,Bodens kommun,Inbrott,2
2020,4,Bodens kommun,Skadegörelse,2
2020,4,Bodens kommun,Trafikolycka,2
2020,4,Bodens kommun,Misshandel,1
2020,4,Bodens kommun,Rattfylleri,1
2020,4,Bodens kommun,Trafikbrott,1
2020,4,Gällivare kommun,Brand,1
2020,4,Gällivare kommun,Misshandel,1
2020,4,Gällivare kommun,Narkotikabrott,1
2020,4,Gällivare kommun,Rattfylleri,1
2020,4,Gällivare kommun,Trafikbrott,1
2020,4,Gällivare kommun,"Trafikolycka, vilt",1
2020,4,Gällivare kommun,Övrigt/oklassificerad,1
2020,4,Haparanda kommun,Misshandel,2
2020,4,Haparanda kommun,Stöld,1
2020,4,Jokkmokks kommun,Fjällräddning,1
2020,4,Jokkmokks kommun,Rattfylleri,1
2020,4,Kalix kommun,Rattfylleri,2
2020,4,Kalix kommun,Trafikbrott,2
2020,4,Kalix kommun,Olovlig körning,1
2020,4,Kalix kommun,Skadegörelse,1
2020,4,Kalix kommun,Stöld,1
2020,4,Kiruna kommun,Misshandel,4
2020,4,Kiruna kommun,Rattfylleri,3
2020,4,Kiruna kommun,"Trafikolycka, vilt",3
2020,4,Kiruna kommun,Olovlig körning,1
2020,4,Kiruna kommun,Skadegörelse,1
2020,4,Kiruna kommun,Trafikbrott,1
2020,4,Kiruna kommun,Trafikolycka,1
2020,4,Kiruna kommun,"Trafikolycka,  vilt",1
2020,4,Kiruna kommun,Övrigt/oklassificerad,1
2020,4,Luleå kommun,Misshandel,3
2020,4,Luleå kommun,Skadegörelse,3
2020,4,Luleå kommun,Brand,2
2020,4,Luleå kommun,Olovlig körning,2
2020,4,Luleå kommun,Rattfylleri,2
2020,4,Luleå kommun,Trafikbrott,2
2020,4,Luleå kommun,Stöld,1
2020,4,Luleå kommun,Trafikolycka,1
2020,4,Luleå kommun,"Trafikolycka, vilt",1
2020,4,Luleå kommun,Övrigt/oklassificerad,1
2020,4,"Norrbotten, okänd kommun",Övrigt/oklassificerad,10
2020,4,"Norrbotten, okänd kommun","Trafikolycka, vilt",5
2020,4,"Norrbotten, okänd kommun",Fylleri/LOB,2
2020,4,"Norrbotten, okänd kommun",Narkotikabrott,2
2020,4,Piteå kommun,Misshandel,2
2020,4,Piteå kommun,Skadegörelse,2
2020,4,Piteå kommun,Olovlig körning,1
2020,4,Piteå kommun,Rattfylleri,1
2020,4,Piteå kommun,Stöld,1
2020,4,Piteå kommun,"Stöld,  ringa",1
2020,4,Piteå kommun,Trafikbrott,1
2020,4,Överkalix kommun,Misshandel,1
2020,4,Övertorneå kommun,Trafikolycka,1
2020,5,Arvidsjaurs kommun,Trafikolycka,2
2020,5,Arvidsjaurs kommun,Knivlagen,1
2020,5,Arvidsjaurs kommun,Misshandel,1
2020,5,Arvidsjaurs kommun,Skadegörelse,1
2020,5,Bodens kommun,Brand,3
2020,5,Bodens kommun,Olovlig körning,2
2020,5,Bodens kommun,Trafikbrott,2
2020,5,Bodens kommun,Trafikkontroll,2
2020,5,Bodens kommun,Skadegörelse,1
2020,5,Gällivare kommun,Rattfylleri,3
2020,5,Gällivare kommun,Trafikbrott,2
2020,5,Gällivare kommun,Trafikkontroll,2
2020,5,Gällivare kommun,Inbrott,1
2020,5,Gällivare kommun,Olovlig körning,1
2020,5,Gällivare kommun,Räddningsinsats,1
2020,5,Gällivare kommun,Trafikolycka,1
2020,5,Haparanda kommun,Brand,2
2020,5,Haparanda kommun,"Farligt föremål,  misstänkt",1
2020,5,Haparanda kommun,Misshandel,1
2020,5,Haparanda kommun,Övrigt/oklassificerad,1
2020,5,Kalix kommun,Rattfylleri,5
2020,5,Kalix kommun,Trafikbrott,5
2020,5,Kalix kommun,Misshandel,2
2020,5,Kalix kommun,"Trafikolycka, vilt",1
2020,5,Kalix kommun,Övrigt/oklassificerad,1
2020,5,Kiruna kommun,Övrigt/oklassificerad,3
2020,5,Kiruna kommun,Rattfylleri,2
2020,5,Kiruna kommun,Trafikkontroll,2
2020,5,Kiruna kommun,Misshandel,1
2020,5,Kiruna kommun,Trafikbrott,1
2020,5,Kiruna kommun,Trafikolycka,1
2020,5,Luleå kommun,Misshandel,6
2020,5,Luleå kommun,Rattfylleri,5
2020,5,Luleå kommun,Olovlig körning,2
2020,5,Luleå kommun,Skadegörelse,2
2020,5,Luleå kommun,Trafikbrott,2
2020,5,Luleå kommun,"Trafikolycka,  vilt",2
2020,5,Luleå kommun,Brand,1
2020,5,Luleå kommun,Djur,1
2020,5,Luleå kommun,Knivlagen,1
2020,5,Luleå kommun,Narkotikabrott,1
2020,5,Luleå kommun,Sexualbrott,1
2020,5,Luleå kommun,Trafikolycka,1
2020,5,Luleå kommun,Övrigt/oklassificerad,1
2020,5,"Norrbotten, okänd kommun","Trafikolycka, vilt",8
2020,5,"Norrbotten, okänd kommun",Övrigt/oklassificerad,5
2020,5,"Norrbotten, okänd kommun",Misshandel,2
2020,5,"Norrbotten, okänd kommun",Narkotikabrott,2
2020,5,"Norrbotten, okänd kommun",Stöld,2
2020,5,"Norrbotten, okänd kommun",Försvunnen person,1
2020,5,"Norrbotten, okänd kommun","Trafikolycka,  vilt",1
2020,5,Piteå kommun,Misshandel,6
2020,5,Piteå kommun,Trafikolycka,5
2020,5,Piteå kommun,Brand,3
2020,5,Piteå kommun,Skadegörelse,2
2020,5,Piteå kommun,Trafikbrott,2
2020,5,Piteå kommun,Knivlagen,1
2020,5,Piteå kommun,Rattfylleri,1
2020,5,Piteå kommun,"Trafikolycka, vilt",1
2020,5,Piteå kommun,Våld/hot mot tjänsteman,1
2020,5,Älvsbyns kommun,"Trafikolycka,  vilt",1
2020,5,Älvsbyns kommun,Övrigt/oklassificerad,1
2020,5,Övertorneå kommun,Brand,4
2020,6,Arjeplogs kommun,Misshandel,1
2020,6,Arjeplogs kommun,Olovlig körning,1
2020,6,Arvidsjaurs kommun,Rattfylleri,1
2020,6,Bodens kommun,Misshandel,4
2020,6,Bodens kommun,Skadegörelse,3
2020,6,Bodens kommun,Rattfylleri,2
2020,6,Bodens kommun,Trafikbrott,2
2020,6,Bodens kommun,Narkotikabrott,1
2020,6,Bodens kommun,Trafikolycka,1
2020,6,Gällivare kommun,Olaga hot,2
2020,6,Gällivare kommun,Misshandel,1
2020,6,Gällivare kommun,Narkotikabrott,1
2020,6,Gällivare kommun,Trafikbrott,1
2020,6,Gällivare kommun,Trafikkontroll,1
2020,6,Haparanda kommun,Misshandel,2
2020,6,Jokkmokks kommun,Olovlig körning,1
2020,6,Kalix kommun,Skadegörelse,2
2020,6,Kalix kommun,Trafikbrott,2
2020,6,Kalix kommun,Brand,1
2020,6,Kalix kommun,Inbrott,1
2020,6,Kalix kommun,Olovlig körning,1
2020,6,Kalix kommun,Rattfylleri,1
2020,6,Kalix kommun,Trafikkontroll,1
2020,6,Kalix kommun,Övrigt/oklassificerad,1
2020,6,Kiruna kommun,Fjällräddning,3
2020,6,Kiruna kommun,Rattfylleri,3
2020,6,Kiruna kommun,Misshandel,2
2020,6,Kiruna kommun,Narkotikabrott,1
2020,6,Kiruna kommun,Skadegörelse,1
2020,6,Kiruna kommun,Trafikbrott,1
2020,6,Kiruna kommun,Trafikkontroll,1
2020,6,Luleå kommun,Misshandel,10
2020,6,Luleå kommun,Olovlig körning,4
2020,6,Luleå kommun,Rattfylleri,4
2020,6,Luleå kommun,Skadegörelse,3
2020,6,Luleå kommun,Narkotikabrott,2
2020,6,Luleå kommun,Rån,2
2020,6,Luleå kommun,Stöld,2
2020,6,Luleå kommun,Trafikbrott,2
2020,6,Luleå kommun,Bedrägeri,1
2020,6,Luleå kommun,Inbrott,1
2020,6,Luleå kommun,Trafikolycka,1
2020,6,Luleå kommun,"Trafikolycka,  vilt",1
2020,6,"Norrbotten, okänd kommun","Trafikolycka, vilt",9
2020,6,"Norrbotten, okänd kommun",Inbrott,1
2020,6,"Norrbotten, okänd kommun",Rattfylleri,1
2020,6,"Norrbotten, okänd kommun",Övrigt/oklassificerad,1
2020,6,Piteå kommun,Rattfylleri,5
2020,6,Piteå kommun,Skadegörelse,2
2020,6,Piteå kommun,Inbrott,1
2020,6,Piteå kommun,Misshandel,1
2020,6,Piteå kommun,Trafikbrott,1
2020,6,Piteå kommun,Trafikolycka,1
2020,6,Piteå kommun,Våld/hot mot tjänsteman,1
2020,6,Älvsbyns kommun,Misshandel,1
2020,6,Älvsbyns kommun,Trafikbrott,1
2020,6,Älvsbyns kommun,Trafikkontroll,1
2020,6,Överkalix kommun,Misshandel,2
2020,7,Arjeplogs kommun,"Trafikolycka,  vilt",1
2020,7,Arjeplogs kommun,"Trafikolycka, vilt",1
2020,7,Bodens kommun,Trafikbrott,4
2020,7,Bodens kommun,Rattfylleri,3
2020,7,Bodens kommun,Fylleri/LOB,2
2020,7,Bodens kommun,Skadegörelse,2
2020,7,Bodens kommun,Övrigt/oklassificerad,2
2020,7,Bodens kommun,Arbetsplatsolycka,1
2020,7,Bodens kommun,Knivlagen,1
2020,7,Bodens kommun,Misshandel,1
2020,7,Bodens kommun,Narkotikabrott,1
2020,7,Bodens kommun,Trafikolycka,1
2020,7,Gällivare kommun,Trafikbrott,3
2020,7,Gällivare kommun,Olovlig körning,2
2020,7,Gällivare kommun,Olaga hot,1
2020,7,Gällivare kommun,Rattfylleri,1
2020,7,Gällivare kommun,Skadegörelse,1
2020,7,Gällivare kommun,Stöld,1
2020,7,Gällivare kommun,Trafikkontroll,1
2020,7,Haparanda kommun,Brand,4
2020,7,Haparanda kommun,Knivlagen,1
2020,7,Haparanda kommun,Misshandel,1
2020,7,Jokkmokks kommun,Fjällräddning,2
2020,7,Jokkmokks kommun,Misshandel,1
2020,7,Kalix kommun,Narkotikabrott,1
2020,7,Kalix kommun,Rattfylleri,1
2020,7,Kiruna kommun,Trafikbrott,4
2020,7,Kiruna kommun,Fjällräddning,3
2020,7,Kiruna kommun,Misshandel,3
2020,7,Kiruna kommun,Brand,1
2020,7,Kiruna kommun,Fylleri/LOB,1
2020,7,Kiruna kommun,Mord/dråp,1
2020,7,Kiruna kommun,Narkotikabrott,1
2020,7,Kiruna kommun,Rattfylleri,1
2020,7,Kiruna kommun,Skadegörelse,1
2020,7,Kiruna kommun,Stöld,1
2020,7,Luleå kommun,Misshandel,7
2020,7,Luleå kommun,Trafikbrott,4
2020,7,Luleå kommun,Inbrott,3
2020,7,Luleå kommun,Rattfylleri,2
2020,7,Luleå kommun,Skadegörelse,2
2020,7,Luleå kommun,Trafikolycka,2
2020,7,Luleå kommun,Brand,1
2020,7,Luleå kommun,Narkotikabrott,1
2020,7,Luleå kommun,Ofredande/förargelse,1
2020,7,Luleå kommun,Olovlig körning,1
2020,7,Luleå kommun,Stöld,1
2020,7,"Norrbotten, okänd kommun","Trafikolycka, vilt",7
2020,7,"Norrbotten, okänd kommun",Övrigt/oklassificerad,2
2020,7,"Norrbotten, okänd kommun",Trafikolycka,1
2020,7,Piteå kommun,Trafikbrott,4
2020,7,Piteå kommun,Rattfylleri,3
2020,7,Piteå kommun,Övrigt/oklassificerad,3
2020,7,Piteå kommun,Brand,1
2020,7,Piteå kommun,Misshandel,1
2020,7,Piteå kommun,Skadegörelse,1
2020,7,Piteå kommun,Trafikkontroll,1
2020,7,Piteå kommun,Trafikolycka,1
2020,7,Älvsbyns kommun,Rattfylleri,1
2020,7,Älvsbyns kommun,Stöld,1
2020,8,Arvidsjaurs kommun,Olovlig körning,1
2020,8,Arvidsjaurs kommun,Rattfylleri,1
2020,8,Arvidsjaurs kommun,Trafikbrott,1
2020,8,Bodens kommun,Misshandel,2
2020,8,Bodens kommun,Inbrott,1
2020,8,Bodens kommun,Rattfylleri,1
2020,8,Bodens kommun,Trafikkontroll,1
2020,8,Bodens kommun,Övrigt/oklassificerad,1
2020,8,Gällivare kommun,Trafikkontroll,4
2020,8,Gällivare kommun,Brand,1
2020,8,Gällivare kommun,Fylleri/LOB,1
2020,8,Gällivare kommun,Misshandel,1
2020,8,Gällivare kommun,Olaga hot,1
2020,8,Gällivare kommun,Rattfylleri,1
2020,8,Gällivare kommun,Trafikolycka,1
2020,8,Gällivare kommun,"Trafikolycka,  vilt",1
2020,8,Gällivare kommun,Våld/hot mot tjänsteman,1
2020,8,Jokkmokks kommun,Övrigt/oklassificerad,1
2020,8,Kalix kommun,Trafikbrott,2
2020,8,Kalix kommun,Misshandel,1
2020,8,Kiruna kommun,Trafikbrott,4
2020,8,Kiruna kommun,Misshandel,2
2020,8,Kiruna kommun,Övrigt/oklassificerad,2
2020,8,Kiruna kommun,Rattfylleri,1
2020,8,Kiruna kommun,Våld/hot mot tjänsteman,1
2020,8,Luleå kommun,Misshandel,4
2020,8,Luleå kommun,Brand,3
2020,8,Luleå kommun,Skadegörelse,3
2020,8,Luleå kommun,Stöld,3
2020,8,Luleå kommun,Olovlig körning,2
2020,8,Luleå kommun,Rattfylleri,2
2020,8,Luleå kommun,Övrigt/oklassificerad,2
2020,8,Luleå kommun,Ofredande/förargelse,1
2020,8,Luleå kommun,Olaga hot,1
2020,8,Luleå kommun,Trafikolycka,1
2020,8,Luleå kommun,"Trafikolycka,  vilt",1
2020,8,"Norrbotten, okänd kommun","Trafikolycka, vilt",9
2020,8,"Norrbotten, okänd kommun",Övrigt/oklassificerad,5
2020,8,"Norrbotten, okänd kommun",Fylleri/LOB,3
2020,8,"Norrbotten, okänd kommun",Narkotikabrott,3
2020,8,"Norrbotten, okänd kommun",Stöld,1
2020,8,Pajala kommun,Brand,1
2020,8,Piteå kommun,Brand,1
2020,8,Piteå kommun,Inbrott,1
2020,8,Piteå kommun,Misshandel,1
2020,8,Piteå kommun,Ofredande/förargelse,1
2020,8,Piteå kommun,Rattfylleri,1
2020,8,Piteå kommun,Sexualbrott,1
2020,8,Piteå kommun,Skadegörelse,1
2020,8,Piteå kommun,Stöld,1
2020,8,Piteå kommun,Övrigt/oklassificerad,1
2020,8,Överkalix kommun,Trafikolycka,1
2020,8,Övertorneå kommun,"Trafikolycka,  vilt",1
2020,8,Övertorneå kommun,Övrigt/oklassificerad,1
2020,9,Arjeplogs kommun,"Trafikolycka,  vilt",1
2020,9,Arjeplogs kommun,"Trafikolycka, vilt",1
2020,9,Arvidsjaurs kommun,Inbrott,1
2020,9,Arvidsjaurs kommun,Olovlig körning,1
2020,9,Arvidsjaurs kommun,Stöld,1
2020,9,Bodens kommun,Misshandel,4
2020,9,Bodens kommun,Rattfylleri,3
2020,9,Bodens kommun,Inbrott,1
2020,9,Bodens kommun,Olaga intrång/hemfridsbrott,1
2020,9,Bodens kommun,Övrigt/oklassificerad,1
2020,9,Gällivare kommun,Misshandel,2
2020,9,Gällivare kommun,Olovlig körning,2
2020,9,Gällivare kommun,Skadegörelse,2
2020,9,Gällivare kommun,Trafikbrott,2
2020,9,Gällivare kommun,Trafikolycka,2
2020,9,Gällivare kommun,Fylleri/LOB,1
2020,9,Gällivare kommun,Inbrott,1
2020,9,Gällivare kommun,Stöld,1
2020,9,Haparanda kommun,Brand,1
2020,9,Haparanda kommun,Olovlig körning,1
2020,9,Haparanda kommun,Trafikolycka,1
2020,9,Jokkmokks kommun,Rattfylleri,1
2020,9,Kalix kommun,Olovlig körning,2
2020,9,Kalix kommun,Trafikbrott,2
2020,9,Kalix kommun,Misshandel,1
2020,9,Kalix kommun,Rattfylleri,1
2020,9,Kalix kommun,Skadegörelse,1
2020,9,Kalix kommun,Trafikolycka,1
2020,9,Kiruna kommun,Misshandel,2
2020,9,Kiruna kommun,Fylleri/LOB,1
2020,9,Kiruna kommun,Rattfylleri,1
2020,9,Kiruna kommun,Skadegörelse,1
2020,9,Kiruna kommun,Trafikbrott,1
2020,9,Kiruna kommun,Övrigt/oklassificerad,1
2020,9,Luleå kommun,Rattfylleri,7
2020,9,Luleå kommun,Misshandel,2
2020,9,Luleå kommun,Olovlig körning,2
2020,9,Luleå kommun,Inbrott,1
2020,9,Luleå kommun,Skadegörelse,1
2020,9,Luleå kommun,Stöld,1
2020,9,Luleå kommun,Trafikolycka,1
2020,9,Luleå kommun,Våld/hot mot tjänsteman,1
2020,9,Luleå kommun,Övrigt/oklassificerad,1
2020,9,"Norrbotten, okänd kommun","Trafikolycka, vilt",14
2020,9,"Norrbotten, okänd kommun",Övrigt/oklassificerad,4
2020,9,"Norrbotten, okänd kommun",Narkotikabrott,2
2020,9,"Norrbotten, okänd kommun",Brand,1
2020,9,"Norrbotten, okänd kommun","Trafikolycka,  vilt",1
2020,9,Pajala kommun,"Trafikolycka,  vilt",1
2020,9,Pajala kommun,"Trafikolycka, vilt",1
2020,9,Piteå kommun,Inbrott,3
2020,9,Piteå kommun,Rattfylleri,2
2020,9,Piteå kommun,"Trafikolycka,  vilt",2
2020,9,Piteå kommun,"Trafikolycka, vilt",2
2020,9,Piteå kommun,Arbetsplatsolycka,1
2020,9,Piteå kommun,Fylleri/LOB,1
2020,9,Piteå kommun,Misshandel,1
2020,9,Älvsbyns kommun,Inbrott,1
2020,9,Överkalix kommun,"Trafikolycka,  vilt",1
2020,9,Överkalix kommun,"Trafikolycka, vilt",1
2020,9,Övertorneå kommun,Inbrott,1
2020,9,Övertorneå kommun,Misshandel,1
2020,9,Övertorneå kommun,Trafikbrott,1
2020,9,Övertorneå kommun,Trafikolycka,1
2020,10,Bodens kommun,"Trafikolycka, vilt",3
2020,10,Bodens kommun,Knivlagen,1
2020,10,Bodens kommun,Narkotikabrott,1
2020,10,Bodens kommun,Sexualbrott,1
2020,10,Bodens kommun,Stöld,1
2020,10,Gällivare kommun,Trafikbrott,2
2020,10,Gällivare kommun,Trafikolycka,2
2020,10,Gällivare kommun,Misshandel,1
2020,10,Gällivare kommun,Narkotikabrott,1
2020,10,Gällivare kommun,Olaga hot,1
2020,10,Gällivare kommun,"Trafikolycka,  vilt",1
2020,10,Gällivare kommun,"Trafikolycka, vilt",1
2020,10,Gällivare kommun,Övrigt/oklassificerad,1
2020,10,Haparanda kommun,Trafikolycka,4
2020,10,Haparanda kommun,Misshandel,1
2020,10,Haparanda kommun,Rattfylleri,1
2020,10,Jokkmokks kommun,Rattfylleri,1
2020,10,Jokkmokks kommun,Trafikkontroll,1
2020,10,Jokkmokks kommun,Våld/hot mot tjänsteman,1
2020,10,Jokkmokks kommun,Övrigt/oklassificerad,1
2020,10,Kalix kommun,Inbrott,2
2020,10,Kalix kommun,Narkotikabrott,1
2020,10,Kalix kommun,Rattfylleri,1
2020,10,Kalix kommun,Skadegörelse,1
2020,10,Kalix kommun,Våld/hot mot tjänsteman,1
2020,10,Kiruna kommun,Misshandel,3
2020,10,Kiruna kommun,Övrigt/oklassificerad,2
2020,10,Kiruna kommun,Skadegörelse,1
2020,10,Kiruna kommun,Trafikbrott,1
2020,10,Kiruna kommun,Trafikolycka,1
2020,10,Luleå kommun,Misshandel,5
2020,10,Luleå kommun,Inbrott,3
2020,10,Luleå kommun,Övrigt/oklassificerad,2
2020,10,Luleå kommun,Fylleri/LOB,1
2020,10,Luleå kommun,Narkotikabrott,1
2020,10,Luleå kommun,Olovlig körning,1
2020,10,Luleå kommun,Rattfylleri,1
2020,10,Luleå kommun,Stöld,1
2020,10,Luleå kommun,Trafikbrott,1
2020,10,Luleå kommun,"Trafikolycka,  vilt",1
2020,10,Luleå kommun,"Trafikolycka, vilt",1
2020,10,Luleå kommun,Våld/hot mot tjänsteman,1
2020,10,"Norrbotten, okänd kommun","Trafikolycka, vilt",15
2020,10,"Norrbotten, okänd kommun",Narkotikabrott,3
2020,10,"Norrbotten, okänd kommun",Övrigt/oklassificerad,3
2020,10,"Norrbotten, okänd kommun",Trafikbrott,1
2020,10,Pajala kommun,"Trafikolycka, vilt",1
2020,10,Piteå kommun,Rattfylleri,4
2020,10,Piteå kommun,Misshandel,2
2020,10,Piteå kommun,"Trafikolycka, vilt",2
2020,10,Piteå kommun,Fylleri/LOB,1
2020,10,Piteå kommun,"Stöld,  ringa",1
2020,10,Piteå kommun,Trafikbrott,1
2020,10,Piteå kommun,"Trafikolycka,  vilt",1
2020,10,Piteå kommun,Övrigt/oklassificerad,1
2020,10,Älvsbyns kommun,Trafikbrott,2
2020,10,Älvsbyns kommun,Rattfylleri,1
2020,10,Överkalix kommun,"Trafikolycka, vilt",3
2020,10,Överkalix kommun,Trafikolycka,2
2020,10,Överkalix kommun,"Trafikolycka,  vilt",1
2020,11,Arjeplogs kommun,Olovlig körning,1
2020,11,Bodens kommun,Inbrott,1
2020,11,Bodens kommun,Narkotikabrott,1
2020,11,Bodens kommun,Olaga hot,1
2020,11,Bodens kommun,Rattfylleri,1
2020,11,Bodens kommun,Skadegörelse,1
2020,11,Bodens kommun,Trafikbrott,1
2020,11,Bodens kommun,Trafikkontroll,1
2020,11,Bodens kommun,Övrigt/oklassificerad,1
2020,11,Gällivare kommun,Övrigt/oklassificerad,3
2020,11,Gällivare kommun,Misshandel,2
2020,11,Gällivare kommun,Brand,1
2020,11,Gällivare kommun,Trafikbrott,1
2020,11,Gällivare kommun,Trafikkontroll,1
2020,11,Gällivare kommun,Trafikolycka,1
2020,11,Haparanda kommun,Skadegörelse,1
2020,11,Jokkmokks kommun,Trafikbrott,1
2020,11,Jokkmokks kommun,Övrigt/oklassificerad,1
2020,11,Kalix kommun,Olovlig körning,1
2020,11,Kalix kommun,Rattfylleri,1
2020,11,Kalix kommun,Skadegörelse,1
2020,11,Kiruna kommun,Brand,1
2020,11,Kiruna kommun,Misshandel,1
2020,11,Kiruna kommun,Skadegörelse,1
2020,11,Kiruna kommun,"Trafikolycka, vilt",1
2020,11,Luleå kommun,Trafikbrott,3
2020,11,Luleå kommun,Trafikkontroll,3
2020,11,Luleå kommun,Övrigt/oklassificerad,3
2020,11,Luleå kommun,Inbrott,2
2020,11,Luleå kommun,Olovlig körning,2
2020,11,Luleå kommun,Rattfylleri,2
2020,11,Luleå kommun,Brand,1
2020,11,Luleå kommun,Misshandel,1
2020,11,Luleå kommun,Stöld,1
2020,11,"Norrbotten, okänd kommun","Trafikolycka, vilt",19
2020,11,"Norrbotten, okänd kommun",Övrigt/oklassificerad,9
2020,11,"Norrbotten, okänd kommun",Fylleri/LOB,3
2020,11,"Norrbotten, okänd kommun",Narkotikabrott,2
2020,11,"Norrbotten, okänd kommun",Stöld,2
2020,11,"Norrbotten, okänd kommun",Bedrägeri,1
2020,11,Pajala kommun,Rattfylleri,2
2020,11,Piteå kommun,Rattfylleri,2
2020,11,Piteå kommun,Inbrott,1
2020,11,Piteå kommun,Misshandel,1
2020,11,Piteå kommun,Olovlig körning,1
2020,11,Piteå kommun,Skadegörelse,1
2020,11,Piteå kommun,Stöld,1
2020,11,Piteå kommun,Trafikbrott,1
2020,11,Piteå kommun,"Trafikolycka, vilt",1
2020,11,Piteå kommun,Övrigt/oklassificerad,1
2020,11,Överkalix kommun,"Trafikolycka,  vilt",2
2020,11,Överkalix kommun,"Trafikolycka, vilt",1
2020,11,Övertorneå kommun,Övrigt/oklassificerad,1
2020,12,Arvidsjaurs kommun,"Trafikolycka,  vilt",1
2020,12,Arvidsjaurs kommun,"Trafikolycka, vilt",1
2020,12,Bodens kommun,Trafikkontroll,7
2020,12,Bodens kommun,Trafikbrott,6
2020,12,Bodens kommun,Misshandel,2
2020,12,Bodens kommun,Rattfylleri,2
2020,12,Bodens kommun,"Trafikolycka,  vilt",2
2020,12,Bodens kommun,Narkotikabrott,1
2020,12,Bodens kommun,"Trafikolycka, vilt",1
2020,12,Bodens kommun,Övrigt/oklassificerad,1
2020,12,Gällivare kommun,Trafikkontroll,3
2020,12,Gällivare kommun,Misshandel,2
2020,12,Gällivare kommun,Olovlig körning,2
2020,12,Gällivare kommun,Olaga hot,1
2020,12,Gällivare kommun,Trafikbrott,1
2020,12,Gällivare kommun,Trafikolycka,1
2020,12,Haparanda kommun,Stöld,1
2020,12,Haparanda kommun,Trafikkontroll,1
2020,12,Kalix kommun,Brand,4
2020,12,Kalix kommun,Olovlig körning,2
2020,12,Kalix kommun,Trafikbrott,2
2020,12,Kalix kommun,Misshandel,1
2020,12,Kalix kommun,Rattfylleri,1
2020,12,Kalix kommun,Skadegörelse,1
2020,12,Kalix kommun,Trafikolycka,1
2020,12,Kalix kommun,"Trafikolycka,  vilt",1
2020,12,Kiruna kommun,Rattfylleri,6
2020,12,Kiruna kommun,Trafikbrott,2
2020,12,Kiruna kommun,Trafikolycka,2
2020,12,Kiruna kommun,Misshandel,1
2020,12,Kiruna kommun,Trafikkontroll,1
2020,12,Luleå kommun,Trafikbrott,6
2020,12,Luleå kommun,Brand,3
2020,12,Luleå kommun,Rattfylleri,3
2020,12,Luleå kommun,Trafikolycka,3
2020,12,Luleå kommun,Trafikkontroll,2
2020,12,Luleå kommun,"Trafikolycka,  vilt",2
2020,12,Luleå kommun,Inbrott,1
2020,12,Luleå kommun,Narkotikabrott,1
2020,12,Luleå kommun,Stöld,1
2020,12,"Norrbotten, okänd kommun","Trafikolycka, vilt",15
2020,12,"Norrbotten, okänd kommun",Övrigt/oklassificerad,6
2020,12,"Norrbotten, okänd kommun",Narkotikabrott,2
2020,12,"Norrbotten, okänd kommun",Trafikkontroll,1
2020,12,Pajala kommun,"Trafikolycka,  vilt",1
2020,12,Pajala kommun,"Trafikolycka, vilt",1
2020,12,Piteå kommun,Trafikkontroll,2
2020,12,Piteå kommun,Misshandel,1
2020,12,Piteå kommun,Trafikolycka,1
2020,12,Piteå kommun,"Trafikolycka,  vilt",1
2020,12,Piteå kommun,Övrigt/oklassificerad,1
2020,12,Älvsbyns kommun,Inbrott,1
2020,12,Älvsbyns kommun,Stöld,1
2020,12,Älvsbyns kommun,Trafikbrott,1
2020,12,Älvsbyns kommun,"Trafikolycka,  vilt",1
2020,12,Överkalix kommun,Misshandel,2
2020,12,Överkalix kommun,Olovlig körning,1
2020,12,Överkalix kommun,"Trafikolycka,  vilt",1
2020,12,Överkalix kommun,Övrigt/oklassificerad,1
2020,12,Övertorneå kommun,Rattfylleri,2
2020,12,Övertorneå kommun,"Trafikolycka,  vilt",1
2021,1,Arvidsjaurs kommun,Brand,1
2021,1,Arvidsjaurs kommun,Trafikolycka,1
2021,1,Arvidsjaurs kommun,"Trafikolycka, vilt",1
2021,1,Bodens kommun,Olovlig körning,4
2021,1,Bodens kommun,Misshandel,2
2021,1,Bodens kommun,"Trafikolycka, vilt",2
2021,1,Bodens kommun,Inbrott,1
2021,1,Bodens kommun,Knivlagen,1
2021,1,Bodens kommun,Mord/dråp,1
2021,1,Bodens kommun,Rattfylleri,1
2021,1,Bodens kommun,Trafikbrott,1
2021,1,Bodens kommun,Trafikkontroll,1
2021,1,Bodens kommun,Trafikolycka,1
2021,1,Bodens kommun,Övrigt/oklassificerad,1
2021,1,Gällivare kommun,"Trafikolycka, vilt",3
2021,1,Gällivare kommun,Rattfylleri,2
2021,1,Gällivare kommun,Inbrott,1
2021,1,Gällivare kommun,Misshandel,1
2021,1,Gällivare kommun,Trafikbrott,1
2021,1,Gällivare kommun,Trafikolycka,1
2021,1,Gällivare kommun,"Trafikolycka,  vilt",1
2021,1,Haparanda kommun,Olovlig körning,1
2021,1,Haparanda kommun,Trafikbrott,1
2021,1,Jokkmokks kommun,"Trafikolycka, vilt",3
2021,1,Jokkmokks kommun,Misshandel,1
2021,1,Jokkmokks kommun,Övrigt/oklassificerad,1
2021,1,Kalix kommun,"Trafikolycka, vilt",3
2021,1,Kalix kommun,Olovlig körning,2
2021,1,Kalix kommun,Brand,1
2021,1,Kalix kommun,Misshandel,1
2021,1,Kalix kommun,Narkotikabrott,1
2021,1,Kalix kommun,Rattfylleri,1
2021,1,Kalix kommun,Skadegörelse,1
2021,1,Kalix kommun,"Trafikolycka,  vilt",1
2021,1,Kiruna kommun,Trafikbrott,3
2021,1,Kiruna kommun,Arbetsplatsolycka,1
2021,1,Kiruna kommun,Brand,1
2021,1,Kiruna kommun,Rattfylleri,1
2021,1,Kiruna kommun,Trafikolycka,1
2021,1,Kiruna kommun,Övrigt/oklassificerad,1
2021,1,Luleå kommun,Rattfylleri,4
2021,1,Luleå kommun,Brand,3
2021,1,Luleå kommun,Misshandel,3
2021,1,Luleå kommun,Narkotikabrott,2
2021,1,Luleå kommun,Trafikkontroll,2
2021,1,Luleå kommun,Fylleri/LOB,1
2021,1,Luleå kommun,Inbrott,1
2021,1,Luleå kommun,Skadegörelse,1
2021,1,Luleå kommun,Stöld,1
2021,1,Luleå kommun,"Trafikolycka,  vilt",1
2021,1,"Norrbotten, okänd kommun","Trafikolycka, vilt",43
2021,1,"Norrbotten, okänd kommun",Övrigt/oklassificerad,13
2021,1,"Norrbotten, okänd kommun",Fylleri/LOB,2
2021,1,"Norrbotten, okänd kommun",Brand,1
2021,1,"Norrbotten, okänd kommun",Rattfylleri,1
2021,1,"Norrbotten, okänd kommun",Trafikbrott,1
2021,1,Pajala kommun,Trafikolycka,1
2021,1,Pajala kommun,"Trafikolycka,  vilt",1
2021,1,Pajala kommun,"Trafikolycka, vilt",1
2021,1,Piteå kommun,Skadegörelse,3
2021,1,Piteå kommun,Trafikolycka,3
2021,1,Piteå kommun,Brand,1
2021,1,Piteå kommun,Misshandel,1
2021,1,Piteå kommun,Rattfylleri,1
2021,1,Piteå kommun,Stöld,1
2021,1,Piteå kommun,Trafikkontroll,1
2021,1,Älvsbyns kommun,"Trafikolycka, vilt",2
2021,1,Älvsbyns kommun,Trafikolycka,1
2021,1,Överkalix kommun,Misshandel,1
2021,1,Överkalix kommun,Olovlig körning,1
2021,1,Överkalix kommun,"Trafikolycka, vilt",1
2021,1,Övertorneå kommun,Brand,1
2021,1,Övertorneå kommun,Olovlig körning,1
2021,2,Bodens kommun,"Trafikolycka, vilt",2
2021,2,Bodens kommun,Misshandel,1
2021,2,Bodens kommun,Rattfylleri,1
2021,2,Bodens kommun,Stöld,1
2021,2,Bodens kommun,Trafikolycka,1
2021,2,Bodens kommun,"Trafikolycka,  vilt",1
2021,2,Gällivare kommun,Trafikbrott,5
2021,2,Gällivare kommun,Brand,4
2021,2,Gällivare kommun,Stöld,2
2021,2,Gällivare kommun,Rattfylleri,1
2021,2,Gällivare kommun,Trafikkontroll,1
2021,2,Gällivare kommun,"Trafikolycka, vilt",1
2021,2,Haparanda kommun,Övrigt/oklassificerad,1
2021,2,Jokkmokks kommun,"Trafikolycka, vilt",1
2021,2,Kalix kommun,Inbrott,1
2021,2,Kalix kommun,Misshandel,1
2021,2,Kalix kommun,Övrigt/oklassificerad,1
2021,2,Kiruna kommun,Rattfylleri,2
2021,2,Kiruna kommun,Stöld,1
2021,2,Kiruna kommun,Trafikbrott,1
2021,2,Luleå kommun,Skadegörelse,3
2021,2,Luleå kommun,Stöld,3
2021,2,Luleå kommun,Trafikbrott,3
2021,2,Luleå kommun,Rattfylleri,2
2021,2,Luleå kommun,Arbetsplatsolycka,1
2021,2,Luleå kommun,Brand,1
2021,2,Luleå kommun,Misshandel,1
2021,2,Luleå kommun,Olovlig körning,1
2021,2,Luleå kommun,Trafikolycka,1
2021,2,Luleå kommun,"Trafikolycka, vilt",1
2021,2,"Norrbotten, okänd kommun","Trafikolycka, vilt",26
2021,2,"Norrbotten, okänd kommun",Övrigt/oklassificerad,9
2021,2,"Norrbotten, okänd kommun",Fylleri/LOB,1
2021,2,"Norrbotten, okänd kommun",Trafikbrott,1
2021,2,Pajala kommun,"Trafikolycka, vilt",2
2021,2,Älvsbyns kommun,Brand,1
2021,2,Älvsbyns kommun,Trafikkontroll,1
2021,2,Överkalix kommun,"Trafikolycka, vilt",1
2021,3,Arjeplogs kommun,Fjällräddning,1
2021,3,Bodens kommun,Trafikbrott,2
2021,3,Bodens kommun,Misshandel,1
2021,3,Bodens kommun,Olovlig körning,1
2021,3,Bodens kommun,Skadegörelse,1
2021,3,Gällivare kommun,Trafikbrott,5
2021,3,Gällivare kommun,Trafikkontroll,2
2021,3,Gällivare kommun,Inbrott,1
2021,3,Gällivare kommun,Rattfylleri,1
2021,3,Gällivare kommun,Trafikolycka,1
2021,3,Gällivare kommun,"Trafikolycka,  vilt",1
2021,3,Haparanda kommun,Brand,1
2021,3,Haparanda kommun,Narkotikabrott,1
2021,3,Kalix kommun,Brand,2
2021,3,Kalix kommun,Inbrott,1
2021,3,Kalix kommun,Misshandel,1
2021,3,Kalix kommun,Rån,1
2021,3,Kalix kommun,Trafikbrott,1
2021,3,Kiruna kommun,Trafikbrott,3
2021,3,Kiruna kommun,Narkotikabrott,1
2021,3,Kiruna kommun,Trafikkontroll,1
2021,3,Kiruna kommun,Trafikolycka,1
2021,3,Luleå kommun,Rattfylleri,4
2021,3,Luleå kommun,Narkotikabrott,3
2021,3,Luleå kommun,Inbrott,2
2021,3,Luleå kommun,Trafikbrott,2
2021,3,Luleå kommun,Misshandel,1
2021,3,Luleå kommun,Olaga intrång/hemfridsbrott,1
2021,3,Luleå kommun,Stöld,1
2021,3,Luleå kommun,Trafikkontroll,1
2021,3,Luleå kommun,"Trafikolycka,  vilt",1
2021,3,Luleå kommun,"Trafikolycka, vilt",1
2021,3,Luleå kommun,Övrigt/oklassificerad,1
2021,3,"Norrbotten, okänd kommun","Trafikolycka, vilt",11
2021,3,"Norrbotten, okänd kommun",Övrigt/oklassificerad,4
2021,3,"Norrbotten, okänd kommun",Fylleri/LOB,1
2021,3,"Norrbotten, okänd kommun",Narkotikabrott,1
2021,3,Pajala kommun,Misshandel,1
2021,3,Piteå kommun,Trafikkontroll,4
2021,3,Piteå kommun,Trafikhinder,1
2021,3,Piteå kommun,"Trafikolycka,  vilt",1
2021,3,Piteå kommun,"Trafikolycka, vilt",1
2021,3,Älvsbyns kommun,"Trafikolycka,  vilt",2
2021,3,Älvsbyns kommun,Misshandel,1
2021,3,Älvsbyns kommun,Övrigt/oklassificerad,1
2021,3,Överkalix kommun,"Trafikolycka,  vilt",1
2021,3,Överkalix kommun,"Trafikolycka, vilt",1
2021,4,Bodens kommun,Rattfylleri,4
2021,4,Bodens kommun,Trafikkontroll,4
2021,4,Bodens kommun,Olovlig körning,1
2021,4,Bodens kommun,Trafikbrott,1
2021,4,Bodens kommun,Övrigt/oklassificerad,1
2021,4,Gällivare kommun,Trafikbrott,2
2021,4,Gällivare kommun,Trafikkontroll,2
2021,4,Gällivare kommun,Övrigt/oklassificerad,2
2021,4,Gällivare kommun,Brand,1
2021,4,Haparanda kommun,Misshandel,1
2021,4,Haparanda kommun,Rattfylleri,1
2021,4,Jokkmokks kommun,Trafikolycka,1
2021,4,Kalix kommun,Trafikbrott,1
2021,4,Kalix kommun,"Trafikolycka,  vilt",1
2021,4,Kalix kommun,Övrigt/oklassificerad,1
2021,4,Kiruna kommun,Trafikbrott,1
2021,4,Kiruna kommun,"Trafikolycka,  vilt",1
2021,4,Kiruna kommun,Övrigt/oklassificerad,1
2021,4,Luleå kommun,Rattfylleri,5
2021,4,Luleå kommun,Skadegörelse,3
2021,4,Luleå kommun,Inbrott,2
2021,4,Luleå kommun,Misshandel,2
2021,4,Luleå kommun,Stöld,2
2021,4,Luleå kommun,Olaga hot,1
2021,4,Luleå kommun,"Trafikolycka,  vilt",1
2021,4,Luleå kommun,"Trafikolycka, vilt",1
2021,4,Luleå kommun,Övrigt/oklassificerad,1
2021,4,"Norrbotten, okänd kommun","Trafikolycka, vilt",7
2021,4,"Norrbotten, okänd kommun",Övrigt/oklassificerad,6
2021,4,"Norrbotten, okänd kommun",Skadegörelse,2
2021,4,"Norrbotten, okänd kommun","Trafikolycka,  vilt",2
2021,4,"Norrbotten, okänd kommun",Trafikbrott,1
2021,4,"Norrbotten, okänd kommun",Trafikkontroll,1
2021,4,Piteå kommun,Stöld,2
2021,4,Piteå kommun,Trafikbrott,2
2021,4,Piteå kommun,Rattfylleri,1
2021,4,Övertorneå kommun,"Farligt föremål,  misstänkt",1
2021,5,Arvidsjaurs kommun,Inbrott,1
2021,5,Arvidsjaurs kommun,"Trafikolycka,  vilt",1
2021,5,Bodens kommun,Misshandel,6
2021,5,Bodens kommun,Trafikbrott,3
2021,5,Bodens kommun,Brand,2
2021,5,Bodens kommun,Rattfylleri,2
2021,5,Bodens kommun,Trafikkontroll,1
2021,5,Bodens kommun,Trafikolycka,1
2021,5,Bodens kommun,Övrigt/oklassificerad,1
2021,5,Gällivare kommun,"Trafikolycka, vilt",2
2021,5,Gällivare kommun,Misshandel,1
2021,5,Gällivare kommun,Skadegörelse,1
2021,5,Gällivare kommun,Trafikbrott,1
2021,5,Gällivare kommun,"Trafikolycka,  vilt",1
2021,5,Gällivare kommun,Övrigt/oklassificerad,1
2021,5,Haparanda kommun,Misshandel,1
2021,5,Haparanda kommun,Olovlig körning,1
2021,5,Haparanda kommun,Stöld,1
2021,5,Jokkmokks kommun,Fjällräddning,1
2021,5,Jokkmokks kommun,Misshandel,1
2021,5,Jokkmokks kommun,"Trafikolycka,  vilt",1
2021,5,Jokkmokks kommun,"Trafikolycka, vilt",1
2021,5,Kalix kommun,Brand,3
2021,5,Kalix kommun,Rattfylleri,2
2021,5,Kalix kommun,Misshandel,1
2021,5,Kalix kommun,Olovlig körning,1
2021,5,Kalix kommun,Trafikbrott,1
2021,5,Kalix kommun,Trafikkontroll,1
2021,5,Kalix kommun,"Trafikolycka,  vilt",1
2021,5,Kalix kommun,Övrigt/oklassificerad,1
2021,5,Kiruna kommun,"Trafikolycka, vilt",4
2021,5,Kiruna kommun,Fjällräddning,1
2021,5,Kiruna kommun,Narkotikabrott,1
2021,5,Kiruna kommun,Rattfylleri,1
2021,5,Kiruna kommun,Sexualbrott,1
2021,5,Kiruna kommun,Trafikbrott,1
2021,5,Kiruna kommun,"Trafikolycka,  vilt",1
2021,5,Luleå kommun,Rattfylleri,3
2021,5,Luleå kommun,Stöld,3
2021,5,Luleå kommun,Trafikbrott,3
2021,5,Luleå kommun,Trafikkontroll,3
2021,5,Luleå kommun,Inbrott,2
2021,5,Luleå kommun,Misshandel,2
2021,5,Luleå kommun,"Trafikolycka,  vilt",2
2021,5,Luleå kommun,Brand,1
2021,5,Luleå kommun,Knivlagen,1
2021,5,Luleå kommun,Narkotikabrott,1
2021,5,Luleå kommun,Sexualbrott,1
2021,5,"Norrbotten, okänd kommun","Trafikolycka, vilt",7
2021,5,"Norrbotten, okänd kommun",Övrigt/oklassificerad,2
2021,5,"Norrbotten, okänd kommun",Narkotikabrott,1
2021,5,"Norrbotten, okänd kommun",Rattfylleri,1
2021,5,"Norrbotten, okänd kommun",Trafikolycka,1
2021,5,Piteå kommun,Misshandel,4
2021,5,Piteå kommun,Olovlig körning,1
2021,5,Piteå kommun,Stöld,1
2021,5,Piteå kommun,Trafikolycka,1
2021,5,Piteå kommun,"Trafikolycka,  vilt",1
2021,5,Piteå kommun,"Trafikolycka, vilt",1
2021,5,Piteå kommun,Övrigt/oklassificerad,1
2021,5,Älvsbyns kommun,Olaga hot,1
2021,5,Älvsbyns kommun,Trafikbrott,1
2021,5,Älvsbyns kommun,Trafikolycka,1
2021,5,Älvsbyns kommun,"Trafikolycka, vilt",1
2021,5,Överkalix kommun,Rattfylleri,1
2021,6,Arjeplogs kommun,Trafikbrott,1
2021,6,Arvidsjaurs kommun,"Trafikolycka, vilt",1
2021,6,Bodens kommun,Trafikkontroll,4
2021,6,Bodens kommun,Misshandel,2
2021,6,Bodens kommun,Trafikbrott,2
2021,6,Bodens kommun,Knivlagen,1
2021,6,Bodens kommun,Olaga hot,1
2021,6,Bodens kommun,Olaga intrång/hemfridsbrott,1
2021,6,Bodens kommun,Olovlig körning,1
2021,6,Bodens kommun,Rattfylleri,1
2021,6,Bodens kommun,Skadegörelse,1
2021,6,Bodens kommun,Trafikolycka,1
2021,6,Bodens kommun,"Trafikolycka,  vilt",1
2021,6,Gällivare kommun,Misshandel,4
2021,6,Gällivare kommun,Brand,2
2021,6,Gällivare kommun,Trafikbrott,2
2021,6,Gällivare kommun,Narkotikabrott,1
2021,6,Gällivare kommun,Trafikkontroll,1
2021,6,Gällivare kommun,Trafikolycka,1
2021,6,Gällivare kommun,Övrigt/oklassificerad,1
2021,6,Haparanda kommun,Misshandel,1
2021,6,Haparanda kommun,Rattfylleri,1
2021,6,Haparanda kommun,Skadegörelse,1
2021,6,Jokkmokks kommun,"Trafikolycka,  vilt",1
2021,6,Jokkmokks kommun,"Trafikolycka, vilt",1
2021,6,Kalix kommun,Trafikbrott,3
2021,6,Kalix kommun,Olovlig körning,2
2021,6,Kalix kommun,Rattfylleri,2
2021,6,Kalix kommun,"Trafikolycka,  vilt",2
2021,6,Kalix kommun,Brand,1
2021,6,Kalix kommun,Inbrott,1
2021,6,Kalix kommun,Misshandel,1
2021,6,Kiruna kommun,Trafikbrott,7
2021,6,Kiruna kommun,Misshandel,2
2021,6,Kiruna kommun,Fjällräddning,1
2021,6,Kiruna kommun,Olovlig körning,1
2021,6,Kiruna kommun,Rattfylleri,1
2021,6,Kiruna kommun,Trafikkontroll,1
2021,6,Kiruna kommun,"Trafikolycka,  vilt",1
2021,6,Kiruna kommun,"Trafikolycka, vilt",1
2021,6,Kiruna kommun,Övrigt/oklassificerad,1
2021,6,Luleå kommun,Trafikbrott,5
2021,6,Luleå kommun,"Trafikolycka,  vilt",4
2021,6,Luleå kommun,Skadegörelse,3
2021,6,Luleå kommun,Stöld,3
2021,6,Luleå kommun,Trafikolycka,3
2021,6,Luleå kommun,"Trafikolycka, vilt",3
2021,6,Luleå kommun,Brand,2
2021,6,Luleå kommun,Misshandel,2
2021,6,Luleå kommun,Olovlig körning,2
2021,6,Luleå kommun,Övrigt/oklassificerad,2
2021,6,Luleå kommun,Fylleri/LOB,1
2021,6,Luleå kommun,Narkotikabrott,1
2021,6,Luleå kommun,Rattfylleri,1
2021,6,"Norrbotten, okänd kommun",Narkotikabrott,2
2021,6,"Norrbotten, okänd kommun","Trafikolycka, vilt",2
2021,6,"Norrbotten, okänd kommun",Fylleri/LOB,1
2021,6,"Norrbotten, okänd kommun",Trafikbrott,1
2021,6,"Norrbotten, okänd kommun",Övrigt/oklassificerad,1
2021,6,Pajala kommun,Brand,1
2021,6,Pajala kommun,Rattfylleri,1
2021,6,Pajala kommun,Trafikbrott,1
2021,6,Piteå kommun,Misshandel,6
2021,6,Piteå kommun,Stöld,2
2021,6,Piteå kommun,"Trafikolycka, vilt",2
2021,6,Piteå kommun,Brand,1
2021,6,Piteå kommun,Olaga hot,1
2021,6,Piteå kommun,Rattfylleri,1
2021,6,Piteå kommun,Sexualbrott,1
2021,6,Piteå kommun,Trafikkontroll,1
2021,6,Piteå kommun,"Trafikolycka,  vilt",1
2021,6,Piteå kommun,Övrigt/oklassificerad,1
2021,6,Älvsbyns kommun,Brand,1
2021,6,Älvsbyns kommun,Ofredande/förargelse,1
2021,6,Älvsbyns kommun,Olovlig körning,1
2021,6,Älvsbyns kommun,Rattfylleri,1
2021,6,Älvsbyns kommun,Trafikbrott,1
2021,6,Älvsbyns kommun,Trafikolycka,1
2021,6,Älvsbyns kommun,Övrigt/oklassificerad,1
2021,7,Arvidsjaurs kommun,Misshandel,1
2021,7,Arvidsjaurs kommun,Trafikolycka,1
2021,7,Bodens kommun,Misshandel,3
2021,7,Bodens kommun,Trafikbrott,2
2021,7,Bodens kommun,Rattfylleri,1
2021,7,Bodens kommun,Skadegörelse,1
2021,7,Bodens kommun,Trafikkontroll,1
2021,7,Bodens kommun,Övrigt/oklassificerad,1
2021,7,Gällivare kommun,Misshandel,3
2021,7,Gällivare kommun,Trafikbrott,3
2021,7,Gällivare kommun,Brand,2
2021,7,Gällivare kommun,Skadegörelse,1
2021,7,Haparanda kommun,Brand,1
2021,7,Haparanda kommun,Misshandel,1
2021,7,Haparanda kommun,Skadegörelse,1
2021,7,Haparanda kommun,"Trafikolycka,  vilt",1
2021,7,Haparanda kommun,"Trafikolycka, vilt",1
2021,7,Haparanda kommun,Övrigt/oklassificerad,1
2021,7,Jokkmokks kommun,Övrigt/oklassificerad,1
2021,7,Kalix kommun,Rattfylleri,2
2021,7,Kalix kommun,Brand,1
2021,7,Kalix kommun,Misshandel,1
2021,7,Kalix kommun,Skadegörelse,1
2021,7,Kalix kommun,Övrigt/oklassificerad,1
2021,7,Kiruna kommun,Trafikbrott,3
2021,7,Kiruna kommun,Trafikolycka,2
2021,7,Kiruna kommun,Övrigt/oklassificerad,2
2021,7,Kiruna kommun,Misshandel,1
2021,7,Kiruna kommun,Rattfylleri,1
2021,7,Kiruna kommun,"Trafikolycka,  vilt",1
2021,7,Kiruna kommun,Vapenlagen,1
2021,7,Luleå kommun,Rattfylleri,8
2021,7,Luleå kommun,Misshandel,5
2021,7,Luleå kommun,Inbrott,4
2021,7,Luleå kommun,Olovlig körning,2
2021,7,Luleå kommun,Skadegörelse,2
2021,7,Luleå kommun,Stöld,1
2021,7,Luleå kommun,Trafikbrott,1
2021,7,Luleå kommun,Trafikkontroll,1
2021,7,Luleå kommun,"Trafikolycka,  vilt",1
2021,7,Luleå kommun,"Trafikolycka, vilt",1
2021,7,Luleå kommun,Våld/hot mot tjänsteman,1
2021,7,"Norrbotten, okänd kommun","Trafikolycka, vilt",12
2021,7,"Norrbotten, okänd kommun",Övrigt/oklassificerad,3
2021,7,"Norrbotten, okänd kommun",Fylleri/LOB,2
2021,7,"Norrbotten, okänd kommun",Narkotikabrott,2
2021,7,"Norrbotten, okänd kommun",Misshandel,1
2021,7,Piteå kommun,Misshandel,7
2021,7,Piteå kommun,Rattfylleri,2
2021,7,Piteå kommun,Brand,1
2021,7,Piteå kommun,Inbrott,1
2021,7,Piteå kommun,Knivlagen,1
2021,7,Piteå kommun,Narkotikabrott,1
2021,7,Piteå kommun,Ofredande/förargelse,1
2021,7,Piteå kommun,Skadegörelse,1
2021,7,Piteå kommun,Trafikbrott,1
2021,7,Piteå kommun,Övrigt/oklassificerad,1
2021,7,Älvsbyns kommun,"Trafikolycka,  vilt",1
2021,7,Älvsbyns kommun,"Trafikolycka, vilt",1
2021,7,Överkalix kommun,Brand,1
2021,7,Överkalix kommun,"Trafikolycka,  vilt",1
2021,7,Överkalix kommun,"Trafikolycka, vilt",1
2021,7,Övertorneå kommun,"Trafikolycka, vilt",1
2021,8,Arvidsjaurs kommun,"Trafikolycka,  vilt",2
2021,8,Arvidsjaurs kommun,Trafikbrott,1
2021,8,Arvidsjaurs kommun,"Trafikolycka, vilt",1
2021,8,Bodens kommun,Trafikbrott,3
2021,8,Bodens kommun,Misshandel,2
2021,8,Bodens kommun,Olovlig körning,2
2021,8,Bodens kommun,Trafikkontroll,2
2021,8,Bodens kommun,Inbrott,1
2021,8,Bodens kommun,Stöld,1
2021,8,Bodens kommun,"Trafikolycka,  vilt",1
2021,8,Bodens kommun,"Trafikolycka, vilt",1
2021,8,Gällivare kommun,Misshandel,4
2021,8,Gällivare kommun,"Trafikolycka,  vilt",3
2021,8,Gällivare kommun,Skadegörelse,1
2021,8,Gällivare kommun,Trafikkontroll,1
2021,8,Gällivare kommun,Trafikolycka,1
2021,8,Gällivare kommun,"Trafikolycka, vilt",1
2021,8,Haparanda kommun,Brand,1
2021,8,Jokkmokks kommun,Fjällräddning,1
2021,8,Jokkmokks kommun,Rattfylleri,1
2021,8,Jokkmokks kommun,Skadegörelse,1
2021,8,Kalix kommun,Inbrott,1
2021,8,Kalix kommun,Misshandel,1
2021,8,Kalix kommun,Ofredande/förargelse,1
2021,8,Kalix kommun,Trafikolycka,1
2021,8,Kiruna kommun,Trafikbrott,8
2021,8,Kiruna kommun,Misshandel,3
2021,8,Kiruna kommun,Skadegörelse,2
2021,8,Kiruna kommun,Trafikolycka,2
2021,8,Kiruna kommun,"Trafikolycka,  vilt",2
2021,8,Kiruna kommun,Övrigt/oklassificerad,2
2021,8,Kiruna kommun,Ofredande/förargelse,1
2021,8,Kiruna kommun,Trafikkontroll,1
2021,8,Luleå kommun,Trafikbrott,9
2021,8,Luleå kommun,Inbrott,2
2021,8,Luleå kommun,Rattfylleri,2
2021,8,Luleå kommun,Skadegörelse,2
2021,8,Luleå kommun,Bedrägeri,1
2021,8,Luleå kommun,Fylleri/LOB,1
2021,8,Luleå kommun,Misshandel,1
2021,8,Luleå kommun,Narkotikabrott,1
2021,8,Luleå kommun,Ofredande/förargelse,1
2021,8,Luleå kommun,Olovlig körning,1
2021,8,Luleå kommun,Trafikkontroll,1
2021,8,Luleå kommun,Övrigt/oklassificerad,1
2021,8,"Norrbotten, okänd kommun","Trafikolycka, vilt",4
2021,8,"Norrbotten, okänd kommun",Övrigt/oklassificerad,2
2021,8,"Norrbotten, okänd kommun",Fylleri/LOB,1
2021,8,"Norrbotten, okänd kommun",Narkotikabrott,1
2021,8,"Norrbotten, okänd kommun",Olovlig körning,1
2021,8,Pajala kommun,"Trafikolycka,  vilt",2
2021,8,Pajala kommun,"Trafikolycka, vilt",2
2021,8,Piteå kommun,Misshandel,4
2021,8,Piteå kommun,Ofredande/förargelse,1
2021,8,Piteå kommun,Skadegörelse,1
2021,8,Piteå kommun,Trafikbrott,1
2021,8,Piteå kommun,Trafikolycka,1
2021,8,Piteå kommun,"Trafikolycka,  vilt",1
2021,8,Piteå kommun,Övrigt/oklassificerad,1
2021,8,Älvsbyns kommun,"Trafikolycka,  vilt",1
2021,8,Övertorneå kommun,Trafikolycka,1
2021,9,Arjeplogs kommun,Brand,1
2021,9,Bodens kommun,Trafikkontroll,5
2021,9,Bodens kommun,Trafikbrott,3
2021,9,Bodens kommun,Brand,1
2021,9,Bodens kommun,Misshandel,1
2021,9,Bodens kommun,Narkotikabrott,1
2021,9,Bodens kommun,Olovlig körning,1
2021,9,Bodens kommun,Rattfylleri,1
2021,9,Gällivare kommun,"Trafikolycka,  vilt",2
2021,9,Gällivare kommun,Inbrott,1
2021,9,Gällivare kommun,Misshandel,1
2021,9,Gällivare kommun,Skadegörelse,1
2021,9,Gällivare kommun,Trafikkontroll,1
2021,9,Gällivare kommun,"Trafikolycka, vilt",1
2021,9,Gällivare kommun,Övrigt/oklassificerad,1
2021,9,Haparanda kommun,"Trafikolycka,  vilt",2
2021,9,Haparanda kommun,"Trafikolycka, vilt",2
2021,9,Haparanda kommun,Narkotikabrott,1
2021,9,Haparanda kommun,Rattfylleri,1
2021,9,Haparanda kommun,Stöld,1
2021,9,Kalix kommun,Olovlig körning,2
2021,9,Kalix kommun,Rattfylleri,2
2021,9,Kalix kommun,Misshandel,1
2021,9,Kiruna kommun,Trafikbrott,10
2021,9,Kiruna kommun,Rattfylleri,3
2021,9,Kiruna kommun,Trafikkontroll,3
2021,9,Kiruna kommun,Trafikolycka,3
2021,9,Kiruna kommun,Olovlig körning,2
2021,9,Kiruna kommun,Misshandel,1
2021,9,Kiruna kommun,Skadegörelse,1
2021,9,Kiruna kommun,"Trafikolycka, vilt",1
2021,9,Luleå kommun,Misshandel,4
2021,9,Luleå kommun,Stöld,4
2021,9,Luleå kommun,Rattfylleri,3
2021,9,Luleå kommun,Trafikbrott,3
2021,9,Luleå kommun,Olovlig körning,2
2021,9,Luleå kommun,Trafikolycka,2
2021,9,Luleå kommun,Inbrott,1
2021,9,Luleå kommun,Knivlagen,1
2021,9,Luleå kommun,Narkotikabrott,1
2021,9,Luleå kommun,"Trafikolycka, vilt",1
2021,9,"Norrbotten, okänd kommun","Trafikolycka, vilt",8
2021,9,"Norrbotten, okänd kommun",Fylleri/LOB,1
2021,9,"Norrbotten, okänd kommun",Narkotikabrott,1
2021,9,"Norrbotten, okänd kommun",Övrigt/oklassificerad,1
2021,9,Pajala kommun,"Trafikolycka,  vilt",1
2021,9,Piteå kommun,Misshandel,6
2021,9,Piteå kommun,Övrigt/oklassificerad,3
2021,9,Piteå kommun,Skadegörelse,2
2021,9,Piteå kommun,Ofredande/förargelse,1
2021,9,Piteå kommun,Olaga hot,1
2021,9,Piteå kommun,Rattfylleri,1
2021,9,Piteå kommun,Rån,1
2021,9,Piteå kommun,Trafikolycka,1
2021,9,Älvsbyns kommun,Rattfylleri,1
2021,9,Älvsbyns kommun,"Trafikolycka,  vilt",1
2021,9,Överkalix kommun,"Trafikolycka, vilt",1
2021,9,Övertorneå kommun,Rattfylleri,1
2021,10,Arjeplogs kommun,Trafikkontroll,2
2021,10,Arvidsjaurs kommun,"Trafikolycka,  vilt",2
2021,10,Arvidsjaurs kommun,Trafikkontroll,1
2021,10,Arvidsjaurs kommun,"Trafikolycka, vilt",1
2021,10,Bodens kommun,Trafikbrott,3
2021,10,Bodens kommun,Misshandel,2
2021,10,Bodens kommun,Trafikkontroll,2
2021,10,Bodens kommun,Rattfylleri,1
2021,10,Bodens kommun,Skadegörelse,1
2021,10,Bodens kommun,Stöld,1
2021,10,Gällivare kommun,Ofredande/förargelse,2
2021,10,Gällivare kommun,"Trafikolycka, vilt",2
2021,10,Gällivare kommun,Arbetsplatsolycka,1
2021,10,Gällivare kommun,Brand,1
2021,10,Gällivare kommun,Trafikbrott,1
2021,10,Gällivare kommun,Trafikolycka,1
2021,10,Gällivare kommun,"Trafikolycka,  vilt",1
2021,10,Gällivare kommun,Övrigt/oklassificerad,1
2021,10,Haparanda kommun,Narkotikabrott,1
2021,10,Haparanda kommun,Övrigt/oklassificerad,1
2021,10,Jokkmokks kommun,Trafikkontroll,1
2021,10,Jokkmokks kommun,Trafikolycka,1
2021,10,Kalix kommun,Olovlig körning,3
2021,10,Kalix kommun,Skadegörelse,2
2021,10,Kalix kommun,Misshandel,1
2021,10,Kalix kommun,Rattfylleri,1
2021,10,Kiruna kommun,Trafikbrott,3
2021,10,Kiruna kommun,"Trafikolycka, vilt",3
2021,10,Kiruna kommun,Rattfylleri,2
2021,10,Kiruna kommun,Trafikolycka,2
2021,10,Kiruna kommun,"Trafikolycka,  vilt",2
2021,10,Kiruna kommun,Ofredande/förargelse,1
2021,10,Kiruna kommun,Våld/hot mot tjänsteman,1
2021,10,Kiruna kommun,Övrigt/oklassificerad,1
2021,10,Luleå kommun,Misshandel,5
2021,10,Luleå kommun,Trafikbrott,3
2021,10,Luleå kommun,Rattfylleri,2
2021,10,Luleå kommun,Skadegörelse,2
2021,10,Luleå kommun,Trafikolycka,2
2021,10,Luleå kommun,Narkotikabrott,1
2021,10,Luleå kommun,Rån,1
2021,10,Luleå kommun,"Trafikolycka, vilt",1
2021,10,"Norrbotten, okänd kommun","Trafikolycka, vilt",33
2021,10,"Norrbotten, okänd kommun",Övrigt/oklassificerad,1
2021,10,Pajala kommun,"Trafikolycka,  vilt",1
2021,10,Piteå kommun,Misshandel,2
2021,10,Piteå kommun,Trafikbrott,2
2021,10,Piteå kommun,Trafikkontroll,2
2021,10,Piteå kommun,Rattfylleri,1
2021,10,Piteå kommun,Stöld,1
2021,10,Piteå kommun,Trafikolycka,1
2021,10,Älvsbyns kommun,Rattfylleri,1
2021,11,Arvidsjaurs kommun,Misshandel,1
2021,11,Arvidsjaurs kommun,"Trafikolycka, vilt",1
2021,11,Bodens kommun,Trafikkontroll,11
2021,11,Bodens kommun,Trafikbrott,3
2021,11,Bodens kommun,Misshandel,1
2021,11,Bodens kommun,Rattfylleri,1
2021,11,Bodens kommun,Sexualbrott,1
2021,11,Bodens kommun,"Trafikolycka,  vilt",1
2021,11,Gällivare kommun,"Trafikolycka, vilt",3
2021,11,Gällivare kommun,"Trafikolycka,  vilt",2
2021,11,Gällivare kommun,Misshandel,1
2021,11,Gällivare kommun,Olovlig körning,1
2021,11,Gällivare kommun,Trafikkontroll,1
2021,11,Gällivare kommun,Trafikolycka,1
2021,11,Haparanda kommun,Rattfylleri,2
2021,11,Haparanda kommun,Stöld,1
2021,11,Haparanda kommun,"Trafikolycka,  vilt",1
2021,11,Haparanda kommun,"Trafikolycka, vilt",1
2021,11,Jokkmokks kommun,Trafikolycka,1
2021,11,Kalix kommun,"Trafikolycka,  vilt",2
2021,11,Kalix kommun,Inbrott,1
2021,11,Kalix kommun,Rattfylleri,1
2021,11,Kalix kommun,Skadegörelse,1
2021,11,Kalix kommun,Stöld,1
2021,11,Kalix kommun,Trafikkontroll,1
2021,11,Kalix kommun,Trafikolycka,1
2021,11,Kiruna kommun,Rattfylleri,6
2021,11,Kiruna kommun,"Trafikolycka,  vilt",3
2021,11,Kiruna kommun,"Trafikolycka, vilt",3
2021,11,Kiruna kommun,Misshandel,2
2021,11,Kiruna kommun,Trafikbrott,2
2021,11,Kiruna kommun,Narkotikabrott,1
2021,11,Kiruna kommun,Våld/hot mot tjänsteman,1
2021,11,Luleå kommun,Rattfylleri,3
2021,11,Luleå kommun,Narkotikabrott,2
2021,11,Luleå kommun,Skadegörelse,2
2021,11,Luleå kommun,Misshandel,1
2021,11,Luleå kommun,Ofredande/förargelse,1
2021,11,Luleå kommun,"Stöld,  ringa",1
2021,11,Luleå kommun,Trafikbrott,1
2021,11,Luleå kommun,Trafikkontroll,1
2021,11,Luleå kommun,"Trafikolycka,  vilt",1
2021,11,Luleå kommun,Våld/hot mot tjänsteman,1
2021,11,"Norrbotten, okänd kommun","Trafikolycka, vilt",25
2021,11,"Norrbotten, okänd kommun","Trafikolycka,  vilt",1
2021,11,"Norrbotten, okänd kommun",Övrigt/oklassificerad,1
2021,11,Pajala kommun,"Trafikolycka, vilt",4
2021,11,Pajala kommun,"Trafikolycka,  vilt",2
2021,11,Pajala kommun,Misshandel,1
2021,11,Piteå kommun,Trafikkontroll,4
2021,11,Piteå kommun,Misshandel,3
2021,11,Piteå kommun,Rattfylleri,3
2021,11,Piteå kommun,Inbrott,2
2021,11,Piteå kommun,Olovlig körning,1
2021,11,Piteå kommun,Trafikbrott,1
2021,11,Piteå kommun,"Trafikolycka,  vilt",1
2021,11,Älvsbyns kommun,"Trafikolycka,  vilt",2
2021,11,Älvsbyns kommun,Rån,1
2021,11,Älvsbyns kommun,Stöld,1
2021,11,Älvsbyns kommun,"Trafikolycka, vilt",1
2021,11,Överkalix kommun,"Trafikolycka,  vilt",1
2021,12,Arvidsjaurs kommun,Misshandel,1
2021,12,Bodens kommun,Brand,2
2021,12,Bodens kommun,Olaga intrång/hemfridsbrott,1
2021,12,Bodens kommun,Trafikbrott,1
2021,12,Bodens kommun,Trafikkontroll,1
2021,12,Gällivare kommun,Trafikkontroll,4
2021,12,Gällivare kommun,"Trafikolycka, vilt",4
2021,12,Gällivare kommun,Misshandel,2
2021,12,Gällivare kommun,Trafikbrott,2
2021,12,Gällivare kommun,"Trafikolycka,  vilt",1
2021,12,Haparanda kommun,Misshandel,1
2021,12,Haparanda kommun,Rattfylleri,1
2021,12,Haparanda kommun,"Trafikolycka, vilt",1
2021,12,Jokkmokks kommun,Trafikkontroll,1
2021,12,Kalix kommun,Brand,2
2021,12,Kalix kommun,Misshandel,1
2021,12,Kalix kommun,Olovlig körning,1
2021,12,Kalix kommun,Rattfylleri,1
2021,12,Kalix kommun,Skadegörelse,1
2021,12,Kalix kommun,Trafikbrott,1
2021,12,Kalix kommun,"Trafikolycka,  vilt",1
2021,12,Kalix kommun,"Trafikolycka, vilt",1
2021,12,Kiruna kommun,Ofredande/förargelse,2
2021,12,Kiruna kommun,Trafikolycka,2
2021,12,Kiruna kommun,Fjällräddning,1
2021,12,Kiruna kommun,Rattfylleri,1
2021,12,Kiruna kommun,Trafikbrott,1
2021,12,Kiruna kommun,Trafikkontroll,1
2021,12,Kiruna kommun,"Trafikolycka,  vilt",1
2021,12,Kiruna kommun,"Trafikolycka, vilt",1
2021,12,Luleå kommun,Trafikkontroll,7
2021,12,Luleå kommun,Misshandel,4
2021,12,Luleå kommun,Trafikbrott,4
2021,12,Luleå kommun,Narkotikabrott,3
2021,12,Luleå kommun,Trafikolycka,3
2021,12,Luleå kommun,Fylleri/LOB,2
2021,12,Luleå kommun,Övrigt/oklassificerad,2
2021,12,Luleå kommun,Inbrott,1
2021,12,Luleå kommun,Knivlagen,1
2021,12,Luleå kommun,Olovlig körning,1
2021,12,Luleå kommun,Skadegörelse,1
2021,12,Luleå kommun,"Trafikolycka, vilt",1
2021,12,"Norrbotten, okänd kommun","Trafikolycka, vilt",44
2021,12,"Norrbotten, okänd kommun",Misshandel,1
2021,12,Pajala kommun,"Trafikolycka, vilt",2
2021,12,Pajala kommun,"Trafikolycka,  vilt",1
2021,12,Piteå kommun,Trafikkontroll,3
2021,12,Piteå kommun,Brand,1
2021,12,Piteå kommun,Rattfylleri,1
2021,12,Piteå kommun,Skadegörelse,1
2021,12,Piteå kommun,Trafikbrott,1
2021,12,Piteå kommun,Trafikolycka,1
2021,12,Piteå kommun,"Trafikolycka, vilt",1
2021,12,Älvsbyns kommun,Rattfylleri,1
2021,12,Älvsbyns kommun,"Trafikolycka,  vilt",1
2021,12,Älvsbyns kommun,"Trafikolycka, vilt",1
2021,12,Övertorneå kommun,"Trafikolycka, vilt",1
2022,1,Arjeplogs kommun,Trafikbrott,2
2022,1,Arvidsjaurs kommun,Misshandel,1
2022,1,Arvidsjaurs kommun,Trafikbrott,1
2022,1,Bodens kommun,Misshandel,2
2022,1,Bodens kommun,Rattfylleri,2
2022,1,Bodens kommun,Trafikbrott,1
2022,1,Bodens kommun,Trafikkontroll,1
2022,1,Bodens kommun,"Trafikolycka,  vilt",1
2022,1,Bodens kommun,"Trafikolycka, vilt",1
2022,1,Gällivare kommun,Brand,2
2022,1,Gällivare kommun,Rattfylleri,2
2022,1,Gällivare kommun,Trafikbrott,2
2022,1,Gällivare kommun,Olovlig körning,1
2022,1,Gällivare kommun,"Trafikolycka,  vilt",1
2022,1,Gällivare kommun,"Trafikolycka, vilt",1
2022,1,Haparanda kommun,Olaga hot,1
2022,1,Haparanda kommun,Olovlig körning,1
2022,1,Haparanda kommun,"Trafikolycka,  vilt",1
2022,1,Jokkmokks kommun,"Trafikolycka,  vilt",2
2022,1,Jokkmokks kommun,Trafikkontroll,1
2022,1,Kalix kommun,"Trafikolycka,  vilt",2
2022,1,Kalix kommun,Brand,1
2022,1,Kalix kommun,Misshandel,1
2022,1,Kalix kommun,Narkotikabrott,1
2022,1,Kalix kommun,Olovlig körning,1
2022,1,Kalix kommun,Rattfylleri,1
2022,1,Kiruna kommun,Trafikbrott,8
2022,1,Kiruna kommun,"Trafikolycka,  vilt",3
2022,1,Kiruna kommun,Trafikkontroll,2
2022,1,Kiruna kommun,Fjällräddning,1
2022,1,Kiruna kommun,Misshandel,1
2022,1,Kiruna kommun,Ofredande/förargelse,1
2022,1,Kiruna kommun,Olovlig körning,1
2022,1,Kiruna kommun,Rattfylleri,1
2022,1,Kiruna kommun,"Trafikolycka, vilt",1
2022,1,Luleå kommun,Rattfylleri,4
2022,1,Luleå kommun,Skadegörelse,4
2022,1,Luleå kommun,Trafikbrott,3
2022,1,Luleå kommun,Trafikkontroll,3
2022,1,Luleå kommun,Narkotikabrott,2
2022,1,Luleå kommun,Olovlig körning,2
2022,1,Luleå kommun,Trafikolycka,2
2022,1,Luleå kommun,Misshandel,1
2022,1,Luleå kommun,"Trafikolycka, vilt",1
2022,1,"Norrbotten, okänd kommun","Trafikolycka, vilt",18
2022,1,Pajala kommun,"Trafikolycka, vilt",2
2022,1,Pajala kommun,"Trafikolycka,  vilt",1
2022,1,Piteå kommun,Misshandel,2
2022,1,Piteå kommun,Brand,1
2022,1,Piteå kommun,Olovlig körning,1
2022,1,Piteå kommun,Rattfylleri,1
2022,1,Piteå kommun,Skadegörelse,1
2022,1,Piteå kommun,Trafikbrott,1
2022,1,Piteå kommun,"Trafikolycka,  vilt",1
2022,2,Arjeplogs kommun,Trafikkontroll,1
2022,2,Arvidsjaurs kommun,Rattfylleri,1
2022,2,Arvidsjaurs kommun,"Trafikolycka,  vilt",1
2022,2,Bodens kommun,"Trafikolycka,  vilt",4
2022,2,Bodens kommun,"Trafikolycka, vilt",4
2022,2,Bodens kommun,Övrigt/oklassificerad,3
2022,2,Bodens kommun,Narkotikabrott,1
2022,2,Bodens kommun,Rattfylleri,1
2022,2,Bodens kommun,Trafikbrott,1
2022,2,Bodens kommun,Trafikkontroll,1
2022,2,Gällivare kommun,Trafikbrott,3
2022,2,Gällivare kommun,Rattfylleri,2
2022,2,Gällivare kommun,Misshandel,1
2022,2,Gällivare kommun,Övrigt/oklassificerad,1
2022,2,Haparanda kommun,Brand,1
2022,2,Haparanda kommun,Trafikbrott,1
2022,2,Jokkmokks kommun,Misshandel,2
2022,2,Kalix kommun,"Trafikolycka,  vilt",2
2022,2,Kalix kommun,Misshandel,1
2022,2,Kalix kommun,"Trafikolycka, vilt",1
2022,2,Kalix kommun,Övrigt/oklassificerad,1
2022,2,Kiruna kommun,"Trafikolycka, vilt",3
2022,2,Kiruna kommun,"Trafikolycka,  vilt",2
2022,2,Kiruna kommun,Rattfylleri,1
2022,2,Kiruna kommun,Trafikbrott,1
2022,2,Kiruna kommun,Trafikkontroll,1
2022,2,Kiruna kommun,Övrigt/oklassificerad,1
2022,2,Luleå kommun,Misshandel,6
2022,2,Luleå kommun,Trafikbrott,2
2022,2,Luleå kommun,Inbrott,1
2022,2,Luleå kommun,Narkotikabrott,1
2022,2,Luleå kommun,Skadegörelse,1
2022,2,Luleå kommun,Stöld,1
2022,2,Luleå kommun,Trafikkontroll,1
2022,2,Luleå kommun,Övrigt/oklassificerad,1
2022,2,"Norrbotten, okänd kommun","Trafikolycka, vilt",7
2022,2,Pajala kommun,Brand,1
2022,2,Piteå kommun,Misshandel,3
2022,2,Piteå kommun,Trafikbrott,1
2022,2,Piteå kommun,Trafikolycka,1
2022,2,Älvsbyns kommun,"Trafikolycka, vilt",2
2022,2,Älvsbyns kommun,"Trafikolycka,  vilt",1
2022,2,Överkalix kommun,"Trafikolycka,  vilt",3
2022,2,Övertorneå kommun,"Trafikolycka,  vilt",1
2022,2,Övertorneå kommun,"Trafikolycka, vilt",1
2022,3,Bodens kommun,Rattfylleri,2
2022,3,Bodens kommun,Övrigt/oklassificerad,2
2022,3,Bodens kommun,Misshandel,1
2022,3,Bodens kommun,Narkotikabrott,1
2022,3,Bodens kommun,Skadegörelse,1
2022,3,Bodens kommun,Trafikbrott,1
2022,3,Bodens kommun,Trafikkontroll,1
2022,3,Gällivare kommun,Trafikkontroll,2
2022,3,Gällivare kommun,Fjällräddning,1
2022,3,Gällivare kommun,Stöld,1
2022,3,Gällivare kommun,Trafikbrott,1
2022,3,Gällivare kommun,"Trafikolycka, vilt",1
2022,3,Haparanda kommun,Narkotikabrott,1
2022,3,Haparanda kommun,"Trafikolycka, vilt",1
2022,3,Kalix kommun,Knivlagen,1
2022,3,Kalix kommun,Narkotikabrott,1
2022,3,Kalix kommun,Rattfylleri,1
2022,3,Kalix kommun,Trafikbrott,1
2022,3,Kalix kommun,"Trafikolycka, vilt",1
2022,3,Kiruna kommun,Misshandel,1
2022,3,Kiruna kommun,Narkotikabrott,1
2022,3,Kiruna kommun,Olovlig körning,1
2022,3,Kiruna kommun,Trafikbrott,1
2022,3,Kiruna kommun,Trafikolycka,1
2022,3,Kiruna kommun,"Trafikolycka,  vilt",1
2022,3,Kiruna kommun,"Trafikolycka, vilt",1
2022,3,Kiruna kommun,Övrigt/oklassificerad,1
2022,3,Luleå kommun,Misshandel,4
2022,3,Luleå kommun,Rattfylleri,3
2022,3,Luleå kommun,"Trafikolycka, vilt",3
2022,3,Luleå kommun,Brand,2
2022,3,Luleå kommun,Narkotikabrott,2
2022,3,Luleå kommun,"Trafikolycka,  vilt",2
2022,3,Luleå kommun,Skadegörelse,1
2022,3,Luleå kommun,Vapenlagen,1
2022,3,"Norrbotten, okänd kommun","Trafikolycka, vilt",3
2022,3,"Norrbotten, okänd kommun",Misshandel,1
2022,3,"Norrbotten, okänd kommun",Narkotikabrott,1
2022,3,Pajala kommun,"Trafikolycka, vilt",2
2022,3,Pajala kommun,Fylleri/LOB,1
2022,3,Pajala kommun,"Trafikolycka,  vilt",1
2022,3,Piteå kommun,Misshandel,2
2022,3,Piteå kommun,Ofredande/förargelse,1
2022,3,Piteå kommun,Rattfylleri,1
2022,3,Piteå kommun,"Trafikolycka,  vilt",1
2022,3,Älvsbyns kommun,Inbrott,1
2022,4,Arvidsjaurs kommun,Misshandel,1
2022,4,Arvidsjaurs kommun,"Trafikolycka,  vilt",1
2022,4,Bodens kommun,Övrigt/oklassificerad,2
2022,4,Bodens kommun,Misshandel,1
2022,4,Bodens kommun,Ofredande/förargelse,1
2022,4,Bodens kommun,Olovlig körning,1
2022,4,Bodens kommun,Trafikkontroll,1
2022,4,Gällivare kommun,Trafikbrott,4
2022,4,Gällivare kommun,Misshandel,2
2022,4,Gällivare kommun,Rattfylleri,2
2022,4,Gällivare kommun,Skadegörelse,1
2022,4,Gällivare kommun,Trafikkontroll,1
2022,4,Haparanda kommun,Knivlagen,1
2022,4,Haparanda kommun,Trafikbrott,1
2022,4,Jokkmokks kommun,Misshandel,1
2022,4,Jokkmokks kommun,Trafikolycka,1
2022,4,Jokkmokks kommun,"Trafikolycka,  vilt",1
2022,4,Kalix kommun,Misshandel,2
2022,4,Kalix kommun,Trafikbrott,2
2022,4,Kalix kommun,Övrigt/oklassificerad,2
2022,4,Kalix kommun,Inbrott,1
2022,4,Kalix kommun,Ofredande/förargelse,1
2022,4,Kiruna kommun,Misshandel,1
2022,4,Kiruna kommun,Rattfylleri,1
2022,4,Kiruna kommun,Trafikbrott,1
2022,4,Luleå kommun,Misshandel,5
2022,4,Luleå kommun,Trafikbrott,5
2022,4,Luleå kommun,Rattfylleri,3
2022,4,Luleå kommun,Brand,2
2022,4,Luleå kommun,Skadegörelse,2
2022,4,Luleå kommun,Trafikolycka,2
2022,4,Luleå kommun,Ofredande/förargelse,1
2022,4,Luleå kommun,Trafikkontroll,1
2022,4,Luleå kommun,Våld/hot mot tjänsteman,1
2022,4,"Norrbotten, okänd kommun","Trafikolycka, vilt",2
2022,4,"Norrbotten, okänd kommun","Trafikolycka,  vilt",1
2022,4,"Norrbotten, okänd kommun",Övrigt/oklassificerad,1
2022,4,Pajala kommun,"Trafikolycka,  vilt",1
2022,4,Piteå kommun,Rattfylleri,2
2022,4,Piteå kommun,Trafikolycka,2
2022,4,Piteå kommun,Ofredande/förargelse,1
2022,4,Piteå kommun,Stöld,1
2022,4,Älvsbyns kommun,Stöld,1
2022,5,Bodens kommun,Trafikkontroll,8
2022,5,Bodens kommun,Rattfylleri,2
2022,5,Bodens kommun,"Trafikolycka,  vilt",2
2022,5,Bodens kommun,Övrigt/oklassificerad,2
2022,5,Bodens kommun,Brand,1
2022,5,Bodens kommun,Misshandel,1
2022,5,Bodens kommun,Olaga hot,1
2022,5,Bodens kommun,Skadegörelse,1
2022,5,Bodens kommun,Trafikbrott,1
2022,5,Bodens kommun,"Trafikolycka, vilt",1
2022,5,Gällivare kommun,Övrigt/oklassificerad,3
2022,5,Gällivare kommun,Misshandel,2
2022,5,Gällivare kommun,Trafikkontroll,2
2022,5,Gällivare kommun,Arbetsplatsolycka,1
2022,5,Gällivare kommun,Rattfylleri,1
2022,5,Gällivare kommun,Trafikbrott,1
2022,5,Gällivare kommun,"Trafikolycka, vilt",1
2022,5,Haparanda kommun,Brand,1
2022,5,Haparanda kommun,"Trafikolycka,  vilt",1
2022,5,Haparanda kommun,"Trafikolycka, vilt",1
2022,5,Jokkmokks kommun,Trafikbrott,1
2022,5,Kalix kommun,Rattfylleri,3
2022,5,Kalix kommun,Brand,1
2022,5,Kiruna kommun,Inbrott,2
2022,5,Kiruna kommun,Misshandel,2
2022,5,Kiruna kommun,"Trafikolycka,  vilt",2
2022,5,Kiruna kommun,Övrigt/oklassificerad,2
2022,5,Kiruna kommun,Trafikbrott,1
2022,5,Kiruna kommun,Trafikkontroll,1
2022,5,Kiruna kommun,"Trafikolycka, vilt",1
2022,5,Luleå kommun,Misshandel,5
2022,5,Luleå kommun,Rattfylleri,4
2022,5,Luleå kommun,Trafikkontroll,3
2022,5,Luleå kommun,"Trafikolycka, vilt",3
2022,5,Luleå kommun,Fylleri/LOB,2
2022,5,Luleå kommun,Inbrott,2
2022,5,Luleå kommun,Skadegörelse,2
2022,5,Luleå kommun,Trafikolycka,2
2022,5,Luleå kommun,Våld/hot mot tjänsteman,2
2022,5,Luleå kommun,Övrigt/oklassificerad,2
2022,5,Luleå kommun,Knivlagen,1
2022,5,Luleå kommun,Ofredande/förargelse,1
2022,5,Luleå kommun,Sexualbrott,1
2022,5,Luleå kommun,Trafikbrott,1
2022,5,Luleå kommun,"Trafikolycka,  vilt",1
2022,5,"Norrbotten, okänd kommun","Trafikolycka, vilt",3
2022,5,"Norrbotten, okänd kommun",Fylleri/LOB,2
2022,5,"Norrbotten, okänd kommun",Narkotikabrott,1
2022,5,Pajala kommun,Trafikolycka,1
2022,5,Piteå kommun,Rattfylleri,3
2022,5,Piteå kommun,"Trafikolycka,  vilt",3
2022,5,Piteå kommun,Inbrott,2
2022,5,Piteå kommun,Misshandel,2
2022,5,Piteå kommun,Skadegörelse,2
2022,5,Piteå kommun,Trafikbrott,2
2022,5,Piteå kommun,Trafikkontroll,2
2022,5,Piteå kommun,Fylleri/LOB,1
2022,5,Piteå kommun,"Trafikolycka, vilt",1
2022,5,Älvsbyns kommun,Rattfylleri,2
2022,5,Älvsbyns kommun,"Trafikolycka,  vilt",1
2022,5,Överkalix kommun,"Trafikolycka,  vilt",2
2022,5,Överkalix kommun,Narkotikabrott,1
2022,5,Överkalix kommun,"Trafikolycka, vilt",1
2022,6,Arjeplogs kommun,Trafikbrott,1
2022,6,Arjeplogs kommun,"Trafikolycka,  vilt",1
2022,6,Arjeplogs kommun,"Trafikolycka, vilt",1
2022,6,Arvidsjaurs kommun,Ofredande/förargelse,1
2022,6,Arvidsjaurs kommun,"Trafikolycka,  vilt",1
2022,6,Bodens kommun,Brand,2
2022,6,Bodens kommun,Trafikkontroll,2
2022,6,Bodens kommun,Knivlagen,1
2022,6,Bodens kommun,Olaga hot,1
2022,6,Bodens kommun,Rattfylleri,1
2022,6,Bodens kommun,Skadegörelse,1
2022,6,Bodens kommun,Trafikbrott,1
2022,6,Bodens kommun,Trafikolycka,1
2022,6,Bodens kommun,"Trafikolycka,  vilt",1
2022,6,Bodens kommun,"Trafikolycka, vilt",1
2022,6,Gällivare kommun,Trafikkontroll,5
2022,6,Gällivare kommun,Misshandel,2
2022,6,Gällivare kommun,Rattfylleri,2
2022,6,Gällivare kommun,Fylleri/LOB,1
2022,6,Gällivare kommun,Stöld,1
2022,6,Gällivare kommun,Trafikbrott,1
2022,6,Gällivare kommun,Övrigt/oklassificerad,1
2022,6,Haparanda kommun,Trafikbrott,1
2022,6,Haparanda kommun,"Trafikolycka,  vilt",1
2022,6,Jokkmokks kommun,Fylleri/LOB,1
2022,6,Jokkmokks kommun,Misshandel,1
2022,6,Jokkmokks kommun,Trafikkontroll,1
2022,6,Jokkmokks kommun,Trafikolycka,1
2022,6,Kalix kommun,Misshandel,2
2022,6,Kalix kommun,Olaga intrång/hemfridsbrott,1
2022,6,Kalix kommun,Rattfylleri,1
2022,6,Kalix kommun,Trafikbrott,1
2022,6,Kalix kommun,Trafikkontroll,1
2022,6,Kalix kommun,Trafikolycka,1
2022,6,Kalix kommun,"Trafikolycka, vilt",1
2022,6,Kalix kommun,Övrigt/oklassificerad,1
2022,6,Kiruna kommun,Trafikbrott,2
2022,6,Kiruna kommun,"Trafikolycka,  vilt",2
2022,6,Kiruna kommun,Rattfylleri,1
2022,6,Kiruna kommun,Skadegörelse,1
2022,6,Kiruna kommun,Trafikkontroll,1
2022,6,Kiruna kommun,"Trafikolycka, vilt",1
2022,6,Luleå kommun,Misshandel,7
2022,6,Luleå kommun,Skadegörelse,4
2022,6,Luleå kommun,"Trafikolycka,  vilt",4
2022,6,Luleå kommun,"Trafikolycka, vilt",4
2022,6,Luleå kommun,Trafikbrott,3
2022,6,Luleå kommun,Inbrott,1
2022,6,Luleå kommun,Rattfylleri,1
2022,6,Luleå kommun,Rån,1
2022,6,Luleå kommun,Trafikkontroll,1
2022,6,Luleå kommun,Trafikolycka,1
2022,6,Luleå kommun,Våld/hot mot tjänsteman,1
2022,6,Piteå kommun,Misshandel,4
2022,6,Piteå kommun,Rattfylleri,3
2022,6,Piteå kommun,Olaga intrång/hemfridsbrott,1
2022,6,Piteå kommun,Trafikkontroll,1
2022,6,Piteå kommun,"Trafikolycka, vilt",1
2022,6,Älvsbyns kommun,Brand,1
2022,6,Älvsbyns kommun,Rattfylleri,1
2022,7,Arvidsjaurs kommun,"Trafikolycka,  vilt",2
2022,7,Arvidsjaurs kommun,Inbrott,1
2022,7,Arvidsjaurs kommun,Trafikbrott,1
2022,7,Bodens kommun,Misshandel,3
2022,7,Bodens kommun,Trafikbrott,3
2022,7,Bodens kommun,Brand,2
2022,7,Bodens kommun,Rattfylleri,2
2022,7,Bodens kommun,Bedrägeri,1
2022,7,Bodens kommun,Inbrott,1
2022,7,Bodens kommun,Trafikkontroll,1
2022,7,Bodens kommun,Trafikolycka,1
2022,7,Bodens kommun,"Trafikolycka,  vilt",1
2022,7,Bodens kommun,Våld/hot mot tjänsteman,1
2022,7,Gällivare kommun,Misshandel,2
2022,7,Gällivare kommun,Olovlig körning,2
2022,7,Gällivare kommun,Trafikkontroll,2
2022,7,Gällivare kommun,"Trafikolycka,  vilt",2
2022,7,Gällivare kommun,Brand,1
2022,7,Gällivare kommun,Skadegörelse,1
2022,7,Gällivare kommun,Trafikbrott,1
2022,7,Gällivare kommun,"Trafikolycka, vilt",1
2022,7,Haparanda kommun,Misshandel,1
2022,7,Haparanda kommun,Olovlig körning,1
2022,7,Haparanda kommun,Trafikbrott,1
2022,7,Jokkmokks kommun,Inbrott,1
2022,7,Jokkmokks kommun,Misshandel,1
2022,7,Jokkmokks kommun,Trafikolycka,1
2022,7,Jokkmokks kommun,"Trafikolycka,  vilt",1
2022,7,Jokkmokks kommun,Övrigt/oklassificerad,1
2022,7,Kalix kommun,Rattfylleri,2
2022,7,Kalix kommun,Misshandel,1
2022,7,Kalix kommun,Olovlig körning,1
2022,7,Kalix kommun,Stöld,1
2022,7,Kalix kommun,Trafikkontroll,1
2022,7,Kalix kommun,"Trafikolycka,  vilt",1
2022,7,Kiruna kommun,Misshandel,5
2022,7,Kiruna kommun,Rattfylleri,2
2022,7,Kiruna kommun,Skadegörelse,2
2022,7,Kiruna kommun,Stöld,2
2022,7,Kiruna kommun,Ofredande/förargelse,1
2022,7,Kiruna kommun,Trafikbrott,1
2022,7,Kiruna kommun,Trafikolycka,1
2022,7,Kiruna kommun,"Trafikolycka, vilt",1
2022,7,Luleå kommun,Rattfylleri,4
2022,7,Luleå kommun,Inbrott,3
2022,7,Luleå kommun,Misshandel,2
2022,7,Luleå kommun,Olaga intrång/hemfridsbrott,2
2022,7,Luleå kommun,Skadegörelse,2
2022,7,Luleå kommun,Stöld,2
2022,7,Luleå kommun,Övrigt/oklassificerad,2
2022,7,Luleå kommun,Brand,1
2022,7,Luleå kommun,Häleri,1
2022,7,Luleå kommun,Knivlagen,1
2022,7,Luleå kommun,Olovlig körning,1
2022,7,Luleå kommun,Rån,1
2022,7,Luleå kommun,Trafikolycka,1
2022,7,Luleå kommun,"Trafikolycka,  vilt",1
2022,7,Luleå kommun,Våld/hot mot tjänsteman,1
2022,7,"Norrbotten, okänd kommun",Narkotikabrott,2
2022,7,Pajala kommun,Trafikolycka,1
2022,7,Pajala kommun,"Trafikolycka,  vilt",1
2022,7,Piteå kommun,Misshandel,3
2022,7,Piteå kommun,Trafikbrott,2
2022,7,Piteå kommun,Trafikkontroll,2
2022,7,Piteå kommun,Inbrott,1
2022,7,Piteå kommun,Ofredande/förargelse,1
2022,7,Piteå kommun,Räddningsinsats,1
2022,7,Piteå kommun,Sexualbrott,1
2022,7,Älvsbyns kommun,Trafikolycka,2
2022,7,Älvsbyns kommun,Trafikkontroll,1
2022,7,Överkalix kommun,"Trafikolycka,  vilt",2
2022,7,Överkalix kommun,Fylleri/LOB,1
2022,7,Överkalix kommun,"Trafikolycka, vilt",1
2022,7,Övertorneå kommun,Rattfylleri,2
2022,8,Arjeplogs kommun,Stöld,1
2022,8,Arvidsjaurs kommun,Trafikolycka,1
2022,8,Arvidsjaurs kommun,"Trafikolycka,  vilt",1
2022,8,Bodens kommun,Trafikbrott,3
2022,8,Bodens kommun,Trafikkontroll,2
2022,8,Bodens kommun,Misshandel,1
2022,8,Bodens kommun,Skadegörelse,1
2022,8,Gällivare kommun,Rattfylleri,3
2022,8,Gällivare kommun,Trafikolycka,3
2022,8,Gällivare kommun,Misshandel,2
2022,8,Gällivare kommun,Trafikbrott,2
2022,8,Gällivare kommun,Brand,1
2022,8,Gällivare kommun,Ofredande/förargelse,1
2022,8,Gällivare kommun,Skadegörelse,1
2022,8,Gällivare kommun,Trafikkontroll,1
2022,8,Gällivare kommun,"Trafikolycka, vilt",1
2022,8,Gällivare kommun,Vapenlagen,1
2022,8,Haparanda kommun,Rattfylleri,2
2022,8,Jokkmokks kommun,Övrigt/oklassificerad,2
2022,8,Jokkmokks kommun,Trafikolycka,1
2022,8,Kalix kommun,Misshandel,2
2022,8,Kalix kommun,Rattfylleri,1
2022,8,Kalix kommun,Trafikkontroll,1
2022,8,Kiruna kommun,Inbrott,2
2022,8,Kiruna kommun,Misshandel,2
2022,8,Kiruna kommun,Brand,1
2022,8,Kiruna kommun,Fjällräddning,1
2022,8,Kiruna kommun,Fylleri/LOB,1
2022,8,Kiruna kommun,Knivlagen,1
2022,8,Kiruna kommun,Olaga hot,1
2022,8,Kiruna kommun,Trafikbrott,1
2022,8,Kiruna kommun,Trafikkontroll,1
2022,8,Kiruna kommun,Våld/hot mot tjänsteman,1
2022,8,Kiruna kommun,Övrigt/oklassificerad,1
2022,8,Luleå kommun,Misshandel,4
2022,8,Luleå kommun,Rattfylleri,2
2022,8,Luleå kommun,Skadegörelse,2
2022,8,Luleå kommun,Trafikbrott,2
2022,8,Luleå kommun,Brand,1
2022,8,Luleå kommun,Narkotikabrott,1
2022,8,Luleå kommun,Ofredande/förargelse,1
2022,8,Luleå kommun,Olaga hot,1
2022,8,Luleå kommun,Trafikkontroll,1
2022,8,Luleå kommun,"Trafikolycka,  vilt",1
2022,8,"Norrbotten, okänd kommun","Trafikolycka, vilt",8
2022,8,"Norrbotten, okänd kommun",Övrigt/oklassificerad,4
2022,8,"Norrbotten, okänd kommun",Fylleri/LOB,1
2022,8,"Norrbotten, okänd kommun",Stöld,1
2022,8,"Norrbotten, okänd kommun",Trafikbrott,1
2022,8,"Norrbotten, okänd kommun",Trafikkontroll,1
2022,8,Pajala kommun,Brand,1
2022,8,Pajala kommun,"Trafikolycka,  vilt",1
2022,8,Pajala kommun,"Trafikolycka, vilt",1
2022,8,Piteå kommun,Trafikkontroll,3
2022,8,Piteå kommun,Skadegörelse,2
2022,8,Piteå kommun,"Trafikolycka, vilt",2
2022,8,Piteå kommun,Övrigt/oklassificerad,2
2022,8,Piteå kommun,"Trafikolycka,  vilt",1
2022,8,Älvsbyns kommun,Olaga hot,1
2022,9,Arvidsjaurs kommun,Rattfylleri,3
2022,9,Arvidsjaurs kommun,Trafikbrott,2
2022,9,Arvidsjaurs kommun,Olovlig körning,1
2022,9,Arvidsjaurs kommun,Trafikkontroll,1
2022,9,Bodens kommun,Brand,1
2022,9,Bodens kommun,Inbrott,1
2022,9,Bodens kommun,Misshandel,1
2022,9,Bodens kommun,Trafikkontroll,1
2022,9,Gällivare kommun,"Trafikolycka, vilt",2
2022,9,Gällivare kommun,Arbetsplatsolycka,1
2022,9,Gällivare kommun,Brand,1
2022,9,Gällivare kommun,Misshandel,1
2022,9,Gällivare kommun,Trafikkontroll,1
2022,9,Gällivare kommun,"Trafikolycka,  vilt",1
2022,9,Kalix kommun,Misshandel,2
2022,9,Kalix kommun,Brand,1
2022,9,Kalix kommun,Mord/dråp,1
2022,9,Kalix kommun,Rattfylleri,1
2022,9,Kalix kommun,Stöld,1
2022,9,Kalix kommun,Trafikbrott,1
2022,9,Kalix kommun,Trafikolycka,1
2022,9,Kiruna kommun,Rattfylleri,2
2022,9,Kiruna kommun,Brand,1
2022,9,Kiruna kommun,Fjällräddning,1
2022,9,Kiruna kommun,Olovlig körning,1
2022,9,Kiruna kommun,Stöld,1
2022,9,Kiruna kommun,Trafikbrott,1
2022,9,Kiruna kommun,Trafikkontroll,1
2022,9,Luleå kommun,Misshandel,4
2022,9,Luleå kommun,Ofredande/förargelse,3
2022,9,Luleå kommun,Trafikkontroll,3
2022,9,Luleå kommun,"Trafikolycka,  vilt",3
2022,9,Luleå kommun,Brand,2
2022,9,Luleå kommun,Knivlagen,2
2022,9,Luleå kommun,Trafikbrott,2
2022,9,Luleå kommun,Trafikolycka,2
2022,9,Luleå kommun,"Trafikolycka, vilt",2
2022,9,Luleå kommun,Inbrott,1
2022,9,Luleå kommun,Olaga hot,1
2022,9,Luleå kommun,Skadegörelse,1
2022,9,"Norrbotten, okänd kommun",Övrigt/oklassificerad,4
2022,9,"Norrbotten, okänd kommun",Trafikbrott,1
2022,9,"Norrbotten, okänd kommun","Trafikolycka, vilt",1
2022,9,Pajala kommun,"Trafikolycka, vilt",1
2022,9,Piteå kommun,Trafikkontroll,5
2022,9,Piteå kommun,Inbrott,4
2022,9,Piteå kommun,Arbetsplatsolycka,3
2022,9,Piteå kommun,"Trafikolycka,  vilt",2
2022,9,Piteå kommun,Försvunnen person,1
2022,9,Piteå kommun,Trafikolycka,1
2022,9,Älvsbyns kommun,Trafikkontroll,1
2022,9,Övertorneå kommun,Brand,1
2022,10,Arjeplogs kommun,Trafikkontroll,1
2022,10,Bodens kommun,Inbrott,2
2022,10,Bodens kommun,Misshandel,2
2022,10,Bodens kommun,Trafikkontroll,2
2022,10,Bodens kommun,Rattfylleri,1
2022,10,Bodens kommun,Skadegörelse,1
2022,10,Bodens kommun,Trafikolycka,1
2022,10,Gällivare kommun,"Trafikolycka, vilt",3
2022,10,Gällivare kommun,Trafikkontroll,2
2022,10,Gällivare kommun,Trafikolycka,2
2022,10,Gällivare kommun,Ofredande/förargelse,1
2022,10,Gällivare kommun,Rattfylleri,1
2022,10,Gällivare kommun,"Trafikolycka,  vilt",1
2022,10,Haparanda kommun,Rattfylleri,1
2022,10,Haparanda kommun,Trafikkontroll,1
2022,10,Haparanda kommun,"Trafikolycka, vilt",1
2022,10,Jokkmokks kommun,Misshandel,1
2022,10,Kalix kommun,Skadegörelse,2
2022,10,Kalix kommun,Brand,1
2022,10,Kiruna kommun,Övrigt/oklassificerad,3
2022,10,Kiruna kommun,Brand,2
2022,10,Kiruna kommun,Misshandel,2
2022,10,Kiruna kommun,Trafikolycka,2
2022,10,Kiruna kommun,Trafikbrott,1
2022,10,Kiruna kommun,"Trafikolycka,  vilt",1
2022,10,Kiruna kommun,"Trafikolycka, vilt",1
2022,10,Luleå kommun,Misshandel,6
2022,10,Luleå kommun,Skadegörelse,4
2022,10,Luleå kommun,"Trafikolycka,  vilt",3
2022,10,Luleå kommun,Brand,2
2022,10,Luleå kommun,Trafikbrott,2
2022,10,Luleå kommun,Trafikkontroll,2
2022,10,Luleå kommun,Övrigt/oklassificerad,2
2022,10,Luleå kommun,Fylleri/LOB,1
2022,10,Luleå kommun,Rattfylleri,1
2022,10,Luleå kommun,Trafikolycka,1
2022,10,"Norrbotten, okänd kommun",Fylleri/LOB,4
2022,10,"Norrbotten, okänd kommun",Misshandel,1
2022,10,"Norrbotten, okänd kommun","Trafikolycka, vilt",1
2022,10,Piteå kommun,Trafikolycka,3
2022,10,Piteå kommun,Misshandel,2
2022,10,Piteå kommun,"Trafikolycka,  vilt",2
2022,10,Piteå kommun,Inbrott,1
2022,10,Piteå kommun,Olaga hot,1
2022,10,Piteå kommun,Skadegörelse,1
2022,10,Älvsbyns kommun,Trafikolycka,2
2022,10,Överkalix kommun,Trafikolycka,1
2022,10,Övertorneå kommun,"Trafikolycka, vilt",1
2022,11,Arjeplogs kommun,Övrigt/oklassificerad,2
2022,11,Arvidsjaurs kommun,"Trafikolycka,  vilt",2
2022,11,Arvidsjaurs kommun,Brand,1
2022,11,Arvidsjaurs kommun,Misshandel,1
2022,11,Bodens kommun,"Trafikolycka,  vilt",2
2022,11,Bodens kommun,Trafikkontroll,1
2022,11,Bodens kommun,"Trafikolycka, vilt",1
2022,11,Bodens kommun,Övrigt/oklassificerad,1
2022,11,Gällivare kommun,Trafikbrott,2
2022,11,Gällivare kommun,Rattfylleri,1
2022,11,Gällivare kommun,Trafikkontroll,1
2022,11,Gällivare kommun,"Trafikolycka,  vilt",1
2022,11,Haparanda kommun,Försvunnen person,1
2022,11,Haparanda kommun,Övrigt/oklassificerad,1
2022,11,Kalix kommun,Trafikolycka,3
2022,11,Kalix kommun,Rattfylleri,2
2022,11,Kalix kommun,"Trafikolycka, vilt",2
2022,11,Kalix kommun,Inbrott,1
2022,11,Kalix kommun,Olovlig körning,1
2022,11,Kalix kommun,Trafikbrott,1
2022,11,Kalix kommun,"Trafikolycka,  vilt",1
2022,11,Kiruna kommun,Rattfylleri,5
2022,11,Kiruna kommun,Knivlagen,1
2022,11,Kiruna kommun,Misshandel,1
2022,11,Kiruna kommun,Trafikkontroll,1
2022,11,Kiruna kommun,Trafikolycka,1
2022,11,Luleå kommun,Misshandel,7
2022,11,Luleå kommun,"Trafikolycka, vilt",4
2022,11,Luleå kommun,"Trafikolycka,  vilt",3
2022,11,Luleå kommun,Rattfylleri,2
2022,11,Luleå kommun,Stöld,2
2022,11,Luleå kommun,Trafikolycka,2
2022,11,Luleå kommun,Arbetsplatsolycka,1
2022,11,Luleå kommun,Inbrott,1
2022,11,Luleå kommun,Olovlig körning,1
2022,11,Luleå kommun,Skadegörelse,1
2022,11,Luleå kommun,Trafikkontroll,1
2022,11,"Norrbotten, okänd kommun",Narkotikabrott,1
2022,11,"Norrbotten, okänd kommun","Trafikolycka, vilt",1
2022,11,"Norrbotten, okänd kommun",Övrigt/oklassificerad,1
2022,11,Pajala kommun,"Trafikolycka,  vilt",2
2022,11,Piteå kommun,Rattfylleri,2
2022,11,Piteå kommun,Inbrott,1
2022,11,Piteå kommun,Misshandel,1
2022,11,Piteå kommun,Narkotikabrott,1
2022,11,Piteå kommun,Trafikbrott,1
2022,11,Piteå kommun,Trafikkontroll,1
2022,11,Piteå kommun,"Trafikolycka,  vilt",1
2022,11,Piteå kommun,"Trafikolycka, vilt",1
2022,11,Överkalix kommun,Övrigt/oklassificerad,1
2022,11,Övertorneå kommun,"Trafikolycka,  vilt",1
2022,11,Övertorneå kommun,"Trafikolycka, vilt",1
2022,11,Övertorneå kommun,Övrigt/oklassificerad,1
2022,12,Arvidsjaurs kommun,Trafikkontroll,1
2022,12,Arvidsjaurs kommun,Övrigt/oklassificerad,1
2022,12,Bodens kommun,Misshandel,2
2022,12,Bodens kommun,Olaga intrång/hemfridsbrott,2
2022,12,Bodens kommun,Ofredande/förargelse,1
2022,12,Bodens kommun,Olaga hot,1
2022,12,Bodens kommun,Olovlig körning,1
2022,12,Bodens kommun,Rattfylleri,1
2022,12,Bodens kommun,Trafikolycka,1
2022,12,Bodens kommun,"Trafikolycka,  vilt",1
2022,12,Gällivare kommun,Trafikkontroll,4
2022,12,Gällivare kommun,Trafikbrott,2
2022,12,Gällivare kommun,"Trafikolycka,  vilt",2
2022,12,Gällivare kommun,Olovlig körning,1
2022,12,Gällivare kommun,Rattfylleri,1
2022,12,Gällivare kommun,Stöld,1
2022,12,Gällivare kommun,Trafikolycka,1
2022,12,Gällivare kommun,"Trafikolycka, vilt",1
2022,12,Haparanda kommun,Trafikolycka,2
2022,12,Haparanda kommun,Knivlagen,1
2022,12,Haparanda kommun,Narkotikabrott,1
2022,12,Jokkmokks kommun,Misshandel,1
2022,12,Jokkmokks kommun,Rattfylleri,1
2022,12,Kalix kommun,Övrigt/oklassificerad,2
2022,12,Kalix kommun,Fylleri/LOB,1
2022,12,Kalix kommun,Inbrott,1
2022,12,Kalix kommun,Misshandel,1
2022,12,Kalix kommun,Olovlig körning,1
2022,12,Kalix kommun,Rattfylleri,1
2022,12,Kalix kommun,"Trafikolycka,  vilt",1
2022,12,Kiruna kommun,Rattfylleri,2
2022,12,Kiruna kommun,Brand,1
2022,12,Kiruna kommun,Knivlagen,1
2022,12,Kiruna kommun,Ofredande/förargelse,1
2022,12,Kiruna kommun,Skadegörelse,1
2022,12,Kiruna kommun,Trafikbrott,1
2022,12,Kiruna kommun,Trafikkontroll,1
2022,12,Kiruna kommun,"Trafikolycka,  vilt",1
2022,12,Kiruna kommun,"Trafikolycka, vilt",1
2022,12,Luleå kommun,Trafikkontroll,5
2022,12,Luleå kommun,Misshandel,4
2022,12,Luleå kommun,Övrigt/oklassificerad,4
2022,12,Luleå kommun,Olovlig körning,3
2022,12,Luleå kommun,Rattfylleri,2
2022,12,Luleå kommun,Fylleri/LOB,1
2022,12,Luleå kommun,Skadegörelse,1
2022,12,Luleå kommun,Trafikbrott,1
2022,12,Luleå kommun,Trafikolycka,1
2022,12,Luleå kommun,Våld/hot mot tjänsteman,1
2022,12,"Norrbotten, okänd kommun","Trafikolycka, vilt",15
2022,12,"Norrbotten, okänd kommun",Narkotikabrott,2
2022,12,"Norrbotten, okänd kommun",Misshandel,1
2022,12,Pajala kommun,"Trafikolycka,  vilt",3
2022,12,Pajala kommun,Övrigt/oklassificerad,2
2022,12,Pajala kommun,Stöld,1
2022,12,Piteå kommun,Trafikolycka,3
2022,12,Piteå kommun,Brand,2
2022,12,Piteå kommun,Olovlig körning,2
2022,12,Piteå kommun,Övrigt/oklassificerad,2
2022,12,Piteå kommun,Inbrott,1
2022,12,Piteå kommun,Ofredande/förargelse,1
2022,12,Piteå kommun,Trafikkontroll,1
2022,12,Älvsbyns kommun,Rattfylleri,1
2022,12,Överkalix kommun,"Trafikolycka,  vilt",2
2022,12,Övertorneå kommun,Brand,1
2023,1,Arjeplogs kommun,Rattfylleri,1
2023,1,Arjeplogs kommun,Trafikkontroll,1
2023,1,Arvidsjaurs kommun,Rattfylleri,1
2023,1,Arvidsjaurs kommun,Trafikkontroll,1
2023,1,Arvidsjaurs kommun,"Trafikolycka,  vilt",1
2023,1,Bodens kommun,"Trafikolycka,  vilt",3
2023,1,Bodens kommun,Misshandel,1
2023,1,Bodens kommun,Narkotikabrott,1
2023,1,Bodens kommun,Olovlig körning,1
2023,1,Bodens kommun,Trafikkontroll,1
2023,1,Bodens kommun,"Trafikolycka, vilt",1
2023,1,Gällivare kommun,Misshandel,2
2023,1,Gällivare kommun,"Trafikolycka,  vilt",2
2023,1,Gällivare kommun,Stöld,1
2023,1,Gällivare kommun,"Trafikolycka, vilt",1
2023,1,Gällivare kommun,Våld/hot mot tjänsteman,1
2023,1,Gällivare kommun,Övrigt/oklassificerad,1
2023,1,Haparanda kommun,Olovlig körning,1
2023,1,Haparanda kommun,Trafikbrott,1
2023,1,Haparanda kommun,"Trafikolycka, vilt",1
2023,1,Jokkmokks kommun,"Trafikolycka,  vilt",2
2023,1,Kalix kommun,"Trafikolycka,  vilt",4
2023,1,Kalix kommun,Inbrott,1
2023,1,Kalix kommun,Misshandel,1
2023,1,Kalix kommun,Rattfylleri,1
2023,1,Kalix kommun,Skadegörelse,1
2023,1,Kalix kommun,Trafikbrott,1
2023,1,Kiruna kommun,"Trafikolycka,  vilt",3
2023,1,Kiruna kommun,Misshandel,2
2023,1,Kiruna kommun,Trafikkontroll,1
2023,1,Kiruna kommun,Trafikolycka,1
2023,1,Kiruna kommun,Övrigt/oklassificerad,1
2023,1,Luleå kommun,Misshandel,4
2023,1,Luleå kommun,Rattfylleri,2
2023,1,Luleå kommun,Skadegörelse,2
2023,1,Luleå kommun,Trafikkontroll,2
2023,1,Luleå kommun,Övrigt/oklassificerad,2
2023,1,Luleå kommun,Olaga hot,1
2023,1,Luleå kommun,Stöld,1
2023,1,Luleå kommun,Trafikolycka,1
2023,1,Luleå kommun,"Trafikolycka,  vilt",1
2023,1,"Norrbotten, okänd kommun","Trafikolycka, vilt",17
2023,1,Pajala kommun,"Trafikolycka,  vilt",1
2023,1,Piteå kommun,Misshandel,3
2023,1,Piteå kommun,Rattfylleri,2
2023,1,Piteå kommun,Brand,1
2023,1,Piteå kommun,Ofredande/förargelse,1
2023,1,Piteå kommun,Skadegörelse,1
2023,1,Piteå kommun,Trafikkontroll,1
2023,1,Piteå kommun,Övrigt/oklassificerad,1
2023,1,Älvsbyns kommun,"Trafikolycka,  vilt",1
2023,1,Älvsbyns kommun,"Trafikolycka, vilt",1
2023,1,Överkalix kommun,"Trafikolycka, vilt",6
2023,1,Överkalix kommun,"Trafikolycka,  vilt",1
2023,1,Överkalix kommun,Övrigt/oklassificerad,1
2023,1,Övertorneå kommun,"Trafikolycka, vilt",1
2023,2,Arjeplogs kommun,Rattfylleri,1
2023,2,Bodens kommun,Trafikkontroll,4
2023,2,Bodens kommun,Misshandel,1
2023,2,Bodens kommun,"Trafikolycka, vilt",1
2023,2,Gällivare kommun,Misshandel,1
2023,2,Gällivare kommun,Rattfylleri,1
2023,2,Gällivare kommun,Trafikolycka,1
2023,2,Gällivare kommun,"Trafikolycka, vilt",1
2023,2,Jokkmokks kommun,"Trafikolycka, vilt",1
2023,2,Kalix kommun,Ofredande/förargelse,1
2023,2,Kalix kommun,"Trafikolycka,  vilt",1
2023,2,Kiruna kommun,Rattfylleri,3
2023,2,Kiruna kommun,Olovlig körning,1
2023,2,Kiruna kommun,Trafikolycka,1
2023,2,Kiruna kommun,"Trafikolycka, vilt",1
2023,2,Kiruna kommun,Övrigt/oklassificerad,1
2023,2,Luleå kommun,"Trafikolycka, vilt",5
2023,2,Luleå kommun,Misshandel,3
2023,2,Luleå kommun,Rattfylleri,2
2023,2,Luleå kommun,Stöld,2
2023,2,Luleå kommun,Narkotikabrott,1
2023,2,Luleå kommun,Trafikbrott,1
2023,2,Luleå kommun,Trafikkontroll,1
2023,2,Luleå kommun,"Trafikolycka,  vilt",1
2023,2,"Norrbotten, okänd kommun","Trafikolycka, vilt",11
2023,2,"Norrbotten, okänd kommun",Misshandel,1
2023,2,"Norrbotten, okänd kommun",Narkotikabrott,1
2023,2,Pajala kommun,"Trafikolycka,  vilt",1
2023,2,Pajala kommun,"Trafikolycka, vilt",1
2023,2,Piteå kommun,Misshandel,3
2023,2,Piteå kommun,Brand,1
2023,2,Piteå kommun,Narkotikabrott,1
2023,2,Piteå kommun,Rattfylleri,1
2023,2,Piteå kommun,Trafikolycka,1
2023,2,Älvsbyns kommun,Skadegörelse,1
2023,2,Älvsbyns kommun,"Trafikolycka,  vilt",1
2023,2,Älvsbyns kommun,"Trafikolycka, vilt",1
2023,2,Överkalix kommun,Trafikolycka,1
2023,2,Överkalix kommun,"Trafikolycka, vilt",1
2023,3,Arjeplogs kommun,"Trafikolycka,  vilt",1
2023,3,Arjeplogs kommun,"Trafikolycka, vilt",1
2023,3,Bodens kommun,Misshandel,5
2023,3,Bodens kommun,Inbrott,2
2023,3,Bodens kommun,Rattfylleri,2
2023,3,Bodens kommun,Trafikkontroll,2
2023,3,Bodens kommun,Stöld,1
2023,3,Gällivare kommun,Fjällräddning,1
2023,3,Gällivare kommun,Misshandel,1
2023,3,Gällivare kommun,Ofredande/förargelse,1
2023,3,Gällivare kommun,Olovlig körning,1
2023,3,Gällivare kommun,Rattfylleri,1
2023,3,Gällivare kommun,Skadegörelse,1
2023,3,Gällivare kommun,Trafikolycka,1
2023,3,Gällivare kommun,Övrigt/oklassificerad,1
2023,3,Haparanda kommun,Olovlig körning,1
2023,3,Haparanda kommun,Rattfylleri,1
2023,3,Haparanda kommun,Skadegörelse,1
2023,3,Haparanda kommun,"Stöld,  ringa",1
2023,3,Haparanda kommun,Trafikbrott,1
2023,3,Haparanda kommun,Övrigt/oklassificerad,1
2023,3,Kalix kommun,Brand,1
2023,3,Kiruna kommun,Bedrägeri,1
2023,3,Kiruna kommun,Fjällräddning,1
2023,3,Kiruna kommun,Misshandel,1
2023,3,Kiruna kommun,Trafikbrott,1
2023,3,Kiruna kommun,Övrigt/oklassificerad,1
2023,3,Luleå kommun,Brand,5
2023,3,Luleå kommun,Trafikkontroll,3
2023,3,Luleå kommun,Trafikolycka,2
2023,3,Luleå kommun,Övrigt/oklassificerad,2
2023,3,Luleå kommun,Inbrott,1
2023,3,Luleå kommun,Misshandel,1
2023,3,Luleå kommun,Rattfylleri,1
2023,3,Luleå kommun,Trafikbrott,1
2023,3,Luleå kommun,Våld/hot mot tjänsteman,1
2023,3,"Norrbotten, okänd kommun",Narkotikabrott,3
2023,3,"Norrbotten, okänd kommun","Trafikolycka, vilt",3
2023,3,"Norrbotten, okänd kommun",Övrigt/oklassificerad,2
2023,3,"Norrbotten, okänd kommun",Fylleri/LOB,1
2023,3,"Norrbotten, okänd kommun",Misshandel,1
2023,3,Piteå kommun,Brand,1
2023,3,Piteå kommun,Misshandel,1
2023,3,Piteå kommun,Rattfylleri,1
2023,3,Piteå kommun,Skadegörelse,1
2023,3,Älvsbyns kommun,Trafikolycka,1
2023,3,Överkalix kommun,Trafikolycka,1
2023,3,Överkalix kommun,"Trafikolycka, vilt",1
2023,4,Arjeplogs kommun,"Trafikolycka,  vilt",1
2023,4,Bodens kommun,Trafikkontroll,3
2023,4,Bodens kommun,Inbrott,1
2023,4,Bodens kommun,Olaga intrång/hemfridsbrott,1
2023,4,Bodens kommun,Rattfylleri,1
2023,4,Bodens kommun,Skadegörelse,1
2023,4,Bodens kommun,"Trafikolycka,  vilt",1
2023,4,Gällivare kommun,Trafikkontroll,3
2023,4,Gällivare kommun,Rattfylleri,2
2023,4,Gällivare kommun,Olaga hot,1
2023,4,Gällivare kommun,Olovlig körning,1
2023,4,Gällivare kommun,Trafikbrott,1
2023,4,Haparanda kommun,"Trafikolycka,  vilt",2
2023,4,Haparanda kommun,Brand,1
2023,4,Haparanda kommun,Stöld,1
2023,4,Haparanda kommun,Trafikkontroll,1
2023,4,Jokkmokks kommun,Rattfylleri,1
2023,4,Kalix kommun,Brand,2
2023,4,Kalix kommun,Olovlig körning,1
2023,4,Kalix kommun,Trafikolycka,1
2023,4,Kiruna kommun,Misshandel,3
2023,4,Kiruna kommun,"Trafikolycka,  vilt",2
2023,4,Kiruna kommun,Övrigt/oklassificerad,2
2023,4,Kiruna kommun,Brand,1
2023,4,Kiruna kommun,Stöld,1
2023,4,Kiruna kommun,Trafikolycka,1
2023,4,Luleå kommun,Trafikkontroll,5
2023,4,Luleå kommun,Misshandel,3
2023,4,Luleå kommun,Rattfylleri,3
2023,4,Luleå kommun,Brand,1
2023,4,Luleå kommun,Narkotikabrott,1
2023,4,Luleå kommun,Olovlig körning,1
2023,4,Luleå kommun,Skadegörelse,1
2023,4,Luleå kommun,Trafikolycka,1
2023,4,Luleå kommun,"Trafikolycka,  vilt",1
2023,4,Luleå kommun,Våld/hot mot tjänsteman,1
2023,4,"Norrbotten, okänd kommun",Narkotikabrott,2
2023,4,"Norrbotten, okänd kommun",Trafikbrott,1
2023,4,"Norrbotten, okänd kommun",Övrigt/oklassificerad,1
2023,4,Pajala kommun,Skadegörelse,1
2023,4,Piteå kommun,Brand,1
2023,4,Piteå kommun,Rattfylleri,1
2023,4,Piteå kommun,Skadegörelse,1
2023,4,Älvsbyns kommun,Misshandel,1
2023,4,Älvsbyns kommun,Rattfylleri,1
2023,4,Överkalix kommun,"Trafikolycka, vilt",1
2023,5,Arvidsjaurs kommun,"Trafikolycka,  vilt",1
2023,5,Bodens kommun,"Trafikolycka,  vilt",3
2023,5,Bodens kommun,Trafikkontroll,2
2023,5,Bodens kommun,Inbrott,1
2023,5,Bodens kommun,Misshandel,1
2023,5,Bodens kommun,Narkotikabrott,1
2023,5,Bodens kommun,Olaga hot,1
2023,5,Bodens kommun,Olovlig körning,1
2023,5,Bodens kommun,Rattfylleri,1
2023,5,Bodens kommun,"Trafikolycka, vilt",1
2023,5,Gällivare kommun,Misshandel,2
2023,5,Gällivare kommun,Rattfylleri,2
2023,5,Gällivare kommun,Trafikkontroll,2
2023,5,Gällivare kommun,Brand,1
2023,5,Gällivare kommun,Inbrott,1
2023,5,Gällivare kommun,Olaga intrång/hemfridsbrott,1
2023,5,Gällivare kommun,Rån,1
2023,5,Gällivare kommun,"Trafikolycka,  vilt",1
2023,5,Gällivare kommun,Våld/hot mot tjänsteman,1
2023,5,Haparanda kommun,Skadegörelse,3
2023,5,Haparanda kommun,Olovlig körning,1
2023,5,Jokkmokks kommun,"Trafikolycka,  vilt",1
2023,5,Kalix kommun,Trafikbrott,2
2023,5,Kalix kommun,Anträffat gods,1
2023,5,Kalix kommun,Brand,1
2023,5,Kalix kommun,Misshandel,1
2023,5,Kiruna kommun,Trafikkontroll,5
2023,5,Kiruna kommun,"Trafikolycka,  vilt",2
2023,5,Kiruna kommun,"Trafikolycka, vilt",2
2023,5,Kiruna kommun,Brand,1
2023,5,Kiruna kommun,Trafikolycka,1
2023,5,Luleå kommun,Misshandel,9
2023,5,Luleå kommun,Trafikolycka,4
2023,5,Luleå kommun,Rattfylleri,3
2023,5,Luleå kommun,Brand,2
2023,5,Luleå kommun,Ofredande/förargelse,2
2023,5,Luleå kommun,Trafikkontroll,2
2023,5,Luleå kommun,Narkotikabrott,1
2023,5,Luleå kommun,"Trafikolycka,  vilt",1
2023,5,Luleå kommun,"Trafikolycka, vilt",1
2023,5,"Norrbotten, okänd kommun","Trafikolycka, vilt",7
2023,5,"Norrbotten, okänd kommun",Fylleri/LOB,1
2023,5,"Norrbotten, okänd kommun",Misshandel,1
2023,5,"Norrbotten, okänd kommun",Narkotikabrott,1
2023,5,"Norrbotten, okänd kommun",Övrigt/oklassificerad,1
2023,5,Pajala kommun,Trafikolycka,1
2023,5,Pajala kommun,"Trafikolycka, vilt",1
2023,5,Piteå kommun,"Trafikolycka,  vilt",4
2023,5,Piteå kommun,Misshandel,3
2023,5,Piteå kommun,"Trafikolycka, vilt",3
2023,5,Piteå kommun,Rattfylleri,2
2023,5,Piteå kommun,Trafikkontroll,2
2023,5,Piteå kommun,Bedrägeri,1
2023,5,Piteå kommun,Skadegörelse,1
2023,5,Piteå kommun,Trafikbrott,1
2023,5,Piteå kommun,Trafikolycka,1
2023,5,Älvsbyns kommun,"Trafikolycka,  vilt",2
2023,5,Älvsbyns kommun,Arbetsplatsolycka,1
2023,5,Älvsbyns kommun,"Trafikolycka, vilt",1
2023,5,Övertorneå kommun,Misshandel,1
2023,6,Arjeplogs kommun,Olovlig körning,1
2023,6,Arvidsjaurs kommun,"Trafikolycka,  vilt",3
2023,6,Arvidsjaurs kommun,"Trafikolycka, vilt",1
2023,6,Bodens kommun,Inbrott,3
2023,6,Bodens kommun,Brand,2
2023,6,Bodens kommun,Misshandel,2
2023,6,Bodens kommun,Skadegörelse,2
2023,6,Bodens kommun,Trafikkontroll,2
2023,6,Bodens kommun,Trafikolycka,1
2023,6,Bodens kommun,Övrigt/oklassificerad,1
2023,6,Gällivare kommun,Trafikbrott,3
2023,6,Gällivare kommun,Övrigt/oklassificerad,2
2023,6,Gällivare kommun,Inbrott,1
2023,6,Gällivare kommun,Misshandel,1
2023,6,Gällivare kommun,Ofredande/förargelse,1
2023,6,Gällivare kommun,Olaga intrång/hemfridsbrott,1
2023,6,Gällivare kommun,Rattfylleri,1
2023,6,Gällivare kommun,Trafikkontroll,1
2023,6,Haparanda kommun,Skadegörelse,2
2023,6,Haparanda kommun,Brand,1
2023,6,Haparanda kommun,Rattfylleri,1
2023,6,Haparanda kommun,Trafikbrott,1
2023,6,Jokkmokks kommun,Misshandel,3
2023,6,Jokkmokks kommun,Rån,1
2023,6,Jokkmokks kommun,Trafikbrott,1
2023,6,Jokkmokks kommun,Trafikolycka,1
2023,6,Jokkmokks kommun,"Trafikolycka, vilt",1
2023,6,Jokkmokks kommun,Våld/hot mot tjänsteman,1
2023,6,Kalix kommun,Brand,1
2023,6,Kalix kommun,Misshandel,1
2023,6,Kalix kommun,Ofredande/förargelse,1
2023,6,Kalix kommun,Rattfylleri,1
2023,6,Kalix kommun,Skadegörelse,1
2023,6,Kalix kommun,Trafikbrott,1
2023,6,Kalix kommun,Trafikolycka,1
2023,6,Kiruna kommun,Brand,2
2023,6,Kiruna kommun,Inbrott,1
2023,6,Kiruna kommun,Trafikkontroll,1
2023,6,Kiruna kommun,Övrigt/oklassificerad,1
2023,6,Luleå kommun,Misshandel,5
2023,6,Luleå kommun,Brand,3
2023,6,Luleå kommun,Narkotikabrott,3
2023,6,Luleå kommun,Stöld,3
2023,6,Luleå kommun,Trafikkontroll,3
2023,6,Luleå kommun,Rattfylleri,2
2023,6,Luleå kommun,Trafikbrott,2
2023,6,Luleå kommun,Övrigt/oklassificerad,2
2023,6,Luleå kommun,Fylleri/LOB,1
2023,6,Luleå kommun,Inbrott,1
2023,6,Luleå kommun,Knivlagen,1
2023,6,Luleå kommun,Olovlig körning,1
2023,6,Luleå kommun,Skadegörelse,1
2023,6,Luleå kommun,"Trafikolycka,  vilt",1
2023,6,"Norrbotten, okänd kommun","Trafikolycka, vilt",6
2023,6,"Norrbotten, okänd kommun",Narkotikabrott,3
2023,6,"Norrbotten, okänd kommun",Fylleri/LOB,1
2023,6,Piteå kommun,Trafikkontroll,4
2023,6,Piteå kommun,"Trafikolycka, vilt",4
2023,6,Piteå kommun,Misshandel,2
2023,6,Piteå kommun,Övrigt/oklassificerad,2
2023,6,Piteå kommun,Olovlig körning,1
2023,6,Piteå kommun,Trafikbrott,1
2023,6,Piteå kommun,Trafikolycka,1
2023,6,Piteå kommun,"Trafikolycka,  vilt",1
2023,6,Piteå kommun,Våld/hot mot tjänsteman,1
2023,6,Älvsbyns kommun,"Trafikolycka,  vilt",1
2023,7,Arjeplogs kommun,Misshandel,1
2023,7,Arvidsjaurs kommun,Misshandel,1
2023,7,Arvidsjaurs kommun,Stöld,1
2023,7,Arvidsjaurs kommun,"Trafikolycka, vilt",1
2023,7,Bodens kommun,Misshandel,2
2023,7,Bodens kommun,Narkotikabrott,1
2023,7,Bodens kommun,Rattfylleri,1
2023,7,Bodens kommun,Trafikolycka,1
2023,7,Gällivare kommun,Misshandel,2
2023,7,Gällivare kommun,Stöld,2
2023,7,Gällivare kommun,Övrigt/oklassificerad,2
2023,7,Gällivare kommun,Arbetsplatsolycka,1
2023,7,Gällivare kommun,Mord/dråp,1
2023,7,Gällivare kommun,Ofredande/förargelse,1
2023,7,Gällivare kommun,Skadegörelse,1
2023,7,Haparanda kommun,Olovlig körning,2
2023,7,Haparanda kommun,Misshandel,1
2023,7,Haparanda kommun,Rattfylleri,1
2023,7,Haparanda kommun,Trafikbrott,1
2023,7,Haparanda kommun,Trafikolycka,1
2023,7,Jokkmokks kommun,Trafikbrott,1
2023,7,Kalix kommun,Narkotikabrott,1
2023,7,Kalix kommun,Stöld,1
2023,7,Kiruna kommun,Fjällräddning,1
2023,7,Kiruna kommun,Rattfylleri,1
2023,7,Luleå kommun,Misshandel,7
2023,7,Luleå kommun,Trafikbrott,3
2023,7,Luleå kommun,Övrigt/oklassificerad,3
2023,7,Luleå kommun,Olaga intrång/hemfridsbrott,2
2023,7,Luleå kommun,Stöld,2
2023,7,Luleå kommun,"Trafikolycka,  vilt",2
2023,7,Luleå kommun,Olovlig körning,1
2023,7,Luleå kommun,Rattfylleri,1
2023,7,Luleå kommun,Trafikkontroll,1
2023,7,Luleå kommun,Trafikolycka,1
2023,7,Luleå kommun,"Trafikolycka, vilt",1
2023,7,"Norrbotten, okänd kommun","Trafikolycka, vilt",10
2023,7,"Norrbotten, okänd kommun",Fylleri/LOB,2
2023,7,"Norrbotten, okänd kommun",Misshandel,1
2023,7,Pajala kommun,Inbrott,1
2023,7,Pajala kommun,"Trafikolycka,  vilt",1
2023,7,Pajala kommun,"Trafikolycka, vilt",1
2023,7,Pajala kommun,Övrigt/oklassificerad,1
2023,7,Piteå kommun,Misshandel,2
2023,7,Piteå kommun,Rattfylleri,2
2023,7,Piteå kommun,Skadegörelse,2
2023,7,Piteå kommun,"Trafikolycka,  vilt",2
2023,7,Piteå kommun,"Trafikolycka, vilt",2
2023,7,Piteå kommun,Brand,1
2023,7,Piteå kommun,Narkotikabrott,1
2023,7,Piteå kommun,Trafikbrott,1
2023,7,Piteå kommun,Trafikolycka,1
2023,7,Älvsbyns kommun,Misshandel,2
2023,7,Överkalix kommun,Trafikbrott,1
2023,7,Överkalix kommun,"Trafikolycka,  vilt",1
2023,7,Överkalix kommun,"Trafikolycka, vilt",1
2023,7,Övertorneå kommun,Trafikbrott,1
2023,8,Arjeplogs kommun,"Trafikolycka,  vilt",2
2023,8,Arvidsjaurs kommun,Trafikbrott,1
2023,8,Bodens kommun,Misshandel,5
2023,8,Bodens kommun,Narkotikabrott,1
2023,8,Bodens kommun,Olovlig körning,1
2023,8,Bodens kommun,Rattfylleri,1
2023,8,Bodens kommun,Skadegörelse,1
2023,8,Bodens kommun,Trafikkontroll,1
2023,8,Bodens kommun,Trafikolycka,1
2023,8,Gällivare kommun,Skadegörelse,3
2023,8,Gällivare kommun,Trafikbrott,2
2023,8,Gällivare kommun,Arbetsplatsolycka,1
2023,8,Gällivare kommun,Bedrägeri,1
2023,8,Gällivare kommun,Olaga intrång/hemfridsbrott,1
2023,8,Gällivare kommun,Rattfylleri,1
2023,8,Gällivare kommun,Stöld,1
2023,8,Gällivare kommun,Övrigt/oklassificerad,1
2023,8,Haparanda kommun,Brand,1
2023,8,Haparanda kommun,Trafikolycka,1
2023,8,Kalix kommun,Inbrott,2
2023,8,Kalix kommun,Rattfylleri,1
2023,8,Kalix kommun,Trafikbrott,1
2023,8,Kiruna kommun,Skadegörelse,4
2023,8,Kiruna kommun,Trafikbrott,3
2023,8,Kiruna kommun,Narkotikabrott,1
2023,8,Kiruna kommun,Olovlig körning,1
2023,8,Kiruna kommun,Rattfylleri,1
2023,8,Kiruna kommun,"Trafikolycka,  vilt",1
2023,8,Luleå kommun,Misshandel,5
2023,8,Luleå kommun,Brand,2
2023,8,Luleå kommun,Olaga intrång/hemfridsbrott,2
2023,8,Luleå kommun,Olovlig körning,2
2023,8,Luleå kommun,Skadegörelse,2
2023,8,Luleå kommun,Trafikkontroll,2
2023,8,Luleå kommun,Inbrott,1
2023,8,Luleå kommun,Narkotikabrott,1
2023,8,Luleå kommun,Rattfylleri,1
2023,8,Luleå kommun,Trafikbrott,1
2023,8,Luleå kommun,Vapenlagen,1
2023,8,"Norrbotten, okänd kommun",Fylleri/LOB,1
2023,8,"Norrbotten, okänd kommun",Narkotikabrott,1
2023,8,"Norrbotten, okänd kommun","Trafikolycka, vilt",1
2023,8,Pajala kommun,"Trafikolycka, vilt",1
2023,8,Piteå kommun,Rattfylleri,4
2023,8,Piteå kommun,Trafikkontroll,4
2023,8,Piteå kommun,Narkotikabrott,2
2023,8,Piteå kommun,"Trafikolycka,  vilt",2
2023,8,Piteå kommun,Brand,1
2023,8,Piteå kommun,Misshandel,1
2023,8,Piteå kommun,Trafikolycka,1
2023,8,Piteå kommun,"Trafikolycka, vilt",1
2023,8,Piteå kommun,Våld/hot mot tjänsteman,1
2023,8,Älvsbyns kommun,"Trafikolycka,  vilt",1
2023,8,Älvsbyns kommun,"Trafikolycka, vilt",1
2023,8,Överkalix kommun,"Trafikolycka, vilt",1
2023,8,Övertorneå kommun,Trafikolycka,1
2023,8,Övertorneå kommun,"Trafikolycka,  vilt",1
2023,8,Övertorneå kommun,"Trafikolycka, vilt",1
2023,9,Arjeplogs kommun,"Trafikolycka,  vilt",2
2023,9,Arvidsjaurs kommun,Trafikbrott,2
2023,9,Arvidsjaurs kommun,Ofredande/förargelse,1
2023,9,Bodens kommun,Knivlagen,1
2023,9,Bodens kommun,Olovlig körning,1
2023,9,Bodens kommun,Rattfylleri,1
2023,9,Gällivare kommun,Inbrott,2
2023,9,Gällivare kommun,Skadegörelse,2
2023,9,Gällivare kommun,Misshandel,1
2023,9,Gällivare kommun,Olovlig körning,1
2023,9,Gällivare kommun,Stöld,1
2023,9,Gällivare kommun,Trafikhinder,1
2023,9,Gällivare kommun,Trafikolycka,1
2023,9,Gällivare kommun,"Trafikolycka,  vilt",1
2023,9,Gällivare kommun,Övrigt/oklassificerad,1
2023,9,Haparanda kommun,Misshandel,1
2023,9,Haparanda kommun,Ofredande/förargelse,1
2023,9,Haparanda kommun,Trafikkontroll,1
2023,9,Kalix kommun,Brand,1
2023,9,Kalix kommun,Ofredande/förargelse,1
2023,9,Kalix kommun,Trafikbrott,1
2023,9,Kalix kommun,Trafikolycka,1
2023,9,Kiruna kommun,Narkotikabrott,1
2023,9,Kiruna kommun,Olovlig körning,1
2023,9,Luleå kommun,Trafikolycka,4
2023,9,Luleå kommun,Trafikkontroll,3
2023,9,Luleå kommun,Misshandel,2
2023,9,Luleå kommun,Stöld,2
2023,9,Luleå kommun,"Trafikolycka,  vilt",2
2023,9,Luleå kommun,Arbetsplatsolycka,1
2023,9,Luleå kommun,Narkotikabrott,1
2023,9,Luleå kommun,Rattfylleri,1
2023,9,Luleå kommun,Skadegörelse,1
2023,9,Luleå kommun,Trafikbrott,1
2023,9,Luleå kommun,Våld/hot mot tjänsteman,1
2023,9,Luleå kommun,Övrigt/oklassificerad,1
2023,9,"Norrbotten, okänd kommun",Fylleri/LOB,2
2023,9,"Norrbotten, okänd kommun",Narkotikabrott,2
2023,9,"Norrbotten, okänd kommun","Trafikolycka, vilt",2
2023,9,"Norrbotten, okänd kommun","Trafikolycka,  vilt",1
2023,9,"Norrbotten, okänd kommun",Övrigt/oklassificerad,1
2023,9,Pajala kommun,Övrigt/oklassificerad,1
2023,9,Piteå kommun,Rattfylleri,4
2023,9,Piteå kommun,Trafikkontroll,3
2023,9,Piteå kommun,Narkotikabrott,2
2023,9,Piteå kommun,Anträffat gods,1
2023,9,Piteå kommun,Ofredande/förargelse,1
2023,9,Piteå kommun,Rån,1
2023,9,Piteå kommun,Skadegörelse,1
2023,9,Piteå kommun,Övrigt/oklassificerad,1
2023,9,Övertorneå kommun,Brand,1
2023,10,Arvidsjaurs kommun,Rattfylleri,1
2023,10,Arvidsjaurs kommun,"Trafikolycka, vilt",1
2023,10,Bodens kommun,Misshandel,1
2023,10,Bodens kommun,Narkotikabrott,1
2023,10,Bodens kommun,Skadegörelse,1
2023,10,Bodens kommun,Stöld,1
2023,10,Bodens kommun,Trafikolycka,1
2023,10,Bodens kommun,"Trafikolycka,  vilt",1
2023,10,Gällivare kommun,Brand,1
2023,10,Gällivare kommun,Fylleri/LOB,1
2023,10,Gällivare kommun,Rattfylleri,1
2023,10,Gällivare kommun,Trafikolycka,1
2023,10,Gällivare kommun,"Trafikolycka, vilt",1
2023,10,Gällivare kommun,Våld/hot mot tjänsteman,1
2023,10,Haparanda kommun,"Trafikolycka, vilt",3
2023,10,Haparanda kommun,"Trafikolycka,  vilt",2
2023,10,Haparanda kommun,Inbrott,1
2023,10,Haparanda kommun,Narkotikabrott,1
2023,10,Haparanda kommun,Trafikkontroll,1
2023,10,Haparanda kommun,Övrigt/oklassificerad,1
2023,10,Kalix kommun,"Trafikolycka, vilt",1
2023,10,Kiruna kommun,Trafikbrott,2
2023,10,Kiruna kommun,"Trafikolycka, vilt",2
2023,10,Kiruna kommun,Misshandel,1
2023,10,Kiruna kommun,Narkotikabrott,1
2023,10,Kiruna kommun,Ofredande/förargelse,1
2023,10,Kiruna kommun,Stöld,1
2023,10,Kiruna kommun,"Trafikolycka,  vilt",1
2023,10,Luleå kommun,Rattfylleri,5
2023,10,Luleå kommun,Misshandel,4
2023,10,Luleå kommun,"Trafikolycka,  vilt",3
2023,10,Luleå kommun,Bedrägeri,1
2023,10,Luleå kommun,Brand,1
2023,10,Luleå kommun,Fylleri/LOB,1
2023,10,Luleå kommun,Narkotikabrott,1
2023,10,Luleå kommun,Olovlig körning,1
2023,10,Luleå kommun,Skadegörelse,1
2023,10,Luleå kommun,"Trafikolycka, vilt",1
2023,10,Luleå kommun,Övrigt/oklassificerad,1
2023,10,"Norrbotten, okänd kommun","Trafikolycka, vilt",7
2023,10,"Norrbotten, okänd kommun",Fylleri/LOB,1
2023,10,"Norrbotten, okänd kommun",Narkotikabrott,1
2023,10,"Norrbotten, okänd kommun",Övrigt/oklassificerad,1
2023,10,Pajala kommun,"Trafikolycka,  vilt",2
2023,10,Pajala kommun,"Trafikolycka, vilt",2
2023,10,Pajala kommun,Trafikolycka,1
2023,10,Piteå kommun,Rattfylleri,4
2023,10,Piteå kommun,Skadegörelse,2
2023,10,Piteå kommun,Trafikkontroll,2
2023,10,Piteå kommun,Inbrott,1
2023,10,Piteå kommun,Trafikolycka,1
2023,10,Piteå kommun,"Trafikolycka,  vilt",1
2023,10,Älvsbyns kommun,Olovlig körning,1
2023,10,Överkalix kommun,"Trafikolycka,  vilt",2
2023,10,Överkalix kommun,Trafikolycka,1
2023,10,Övertorneå kommun,"Trafikolycka, vilt",1
2023,11,Arjeplogs kommun,"Trafikolycka, vilt",1
2023,11,Arvidsjaurs kommun,Misshandel,1
2023,11,Arvidsjaurs kommun,Skadegörelse,1
2023,11,Arvidsjaurs kommun,"Trafikolycka, vilt",1
2023,11,Bodens kommun,Misshandel,3
2023,11,Bodens kommun,Trafikolycka,2
2023,11,Bodens kommun,"Trafikolycka, vilt",2
2023,11,Bodens kommun,Rattfylleri,1
2023,11,Bodens kommun,Trafikkontroll,1
2023,11,Gällivare kommun,"Trafikolycka,  vilt",3
2023,11,Gällivare kommun,Trafikolycka,2
2023,11,Gällivare kommun,Knivlagen,1
2023,11,Gällivare kommun,Trafikkontroll,1
2023,11,Gällivare kommun,"Trafikolycka, vilt",1
2023,11,Haparanda kommun,Brand,2
2023,11,Haparanda kommun,Rattfylleri,1
2023,11,Haparanda kommun,"Trafikolycka,  vilt",1
2023,11,Jokkmokks kommun,Olaga hot,1
2023,11,Jokkmokks kommun,"Trafikolycka,  vilt",1
2023,11,Kalix kommun,Trafikkontroll,2
2023,11,Kalix kommun,Brand,1
2023,11,Kalix kommun,Olovlig körning,1
2023,11,Kalix kommun,Rattfylleri,1
2023,11,Kalix kommun,"Trafikolycka,  vilt",1
2023,11,Kalix kommun,"Trafikolycka, vilt",1
2023,11,Kiruna kommun,Brand,2
2023,11,Kiruna kommun,Misshandel,2
2023,11,Kiruna kommun,"Trafikolycka,  vilt",2
2023,11,Kiruna kommun,Arbetsplatsolycka,1
2023,11,Kiruna kommun,Olaga intrång/hemfridsbrott,1
2023,11,Kiruna kommun,Rattfylleri,1
2023,11,Kiruna kommun,"Trafikolycka, vilt",1
2023,11,Kiruna kommun,Våld/hot mot tjänsteman,1
2023,11,Kiruna kommun,Övrigt/oklassificerad,1
2023,11,Luleå kommun,"Trafikolycka,  vilt",4
2023,11,Luleå kommun,Rattfylleri,3
2023,11,Luleå kommun,Trafikbrott,3
2023,11,Luleå kommun,"Trafikolycka, vilt",3
2023,11,Luleå kommun,Fylleri/LOB,2
2023,11,Luleå kommun,Misshandel,2
2023,11,Luleå kommun,Narkotikabrott,2
2023,11,Luleå kommun,Olovlig körning,2
2023,11,Luleå kommun,Brand,1
2023,11,"Norrbotten, okänd kommun","Trafikolycka, vilt",19
2023,11,"Norrbotten, okänd kommun",Narkotikabrott,2
2023,11,Pajala kommun,"Trafikolycka, vilt",5
2023,11,Pajala kommun,"Trafikolycka,  vilt",2
2023,11,Piteå kommun,Trafikolycka,5
2023,11,Piteå kommun,Övrigt/oklassificerad,2
2023,11,Piteå kommun,Bedrägeri,1
2023,11,Piteå kommun,Brand,1
2023,11,Piteå kommun,Rattfylleri,1
2023,11,Piteå kommun,"Trafikolycka, vilt",1
2023,11,Älvsbyns kommun,Misshandel,1
2023,11,Älvsbyns kommun,Narkotikabrott,1
2023,11,Älvsbyns kommun,"Trafikolycka,  vilt",1
2023,11,Överkalix kommun,"Trafikolycka, vilt",2
2023,11,Överkalix kommun,Övrigt/oklassificerad,2
2023,11,Övertorneå kommun,"Trafikolycka, vilt",2
2023,11,Övertorneå kommun,"Trafikolycka,  vilt",1
2023,12,Arjeplogs kommun,Narkotikabrott,1
2023,12,Arvidsjaurs kommun,Olovlig körning,1
2023,12,Arvidsjaurs kommun,Trafikbrott,1
2023,12,Arvidsjaurs kommun,"Trafikolycka,  vilt",1
2023,12,Bodens kommun,"Trafikolycka,  vilt",2
2023,12,Bodens kommun,Rattfylleri,1
2023,12,Bodens kommun,Skadegörelse,1
2023,12,Bodens kommun,Stöld,1
2023,12,Bodens kommun,Trafikolycka,1
2023,12,Gällivare kommun,"Trafikolycka, vilt",6
2023,12,Gällivare kommun,Olovlig körning,1
2023,12,Gällivare kommun,Rattfylleri,1
2023,12,Gällivare kommun,Skadegörelse,1
2023,12,Gällivare kommun,Trafikolycka,1
2023,12,Gällivare kommun,"Trafikolycka,  vilt",1
2023,12,Haparanda kommun,Trafikolycka,1
2023,12,Haparanda kommun,"Trafikolycka,  vilt",1
2023,12,Haparanda kommun,"Trafikolycka, vilt",1
2023,12,Haparanda kommun,Vapenlagen,1
2023,12,Jokkmokks kommun,"Trafikolycka,  vilt",4
2023,12,Jokkmokks kommun,Trafikolycka,1
2023,12,Kalix kommun,"Trafikolycka, vilt",2
2023,12,Kalix kommun,Olovlig körning,1
2023,12,Kalix kommun,Rattfylleri,1
2023,12,Kalix kommun,Trafikbrott,1
2023,12,Kalix kommun,"Trafikolycka,  vilt",1
2023,12,Kiruna kommun,"Trafikolycka, vilt",2
2023,12,Kiruna kommun,Misshandel,1
2023,12,Kiruna kommun,Olovlig körning,1
2023,12,Kiruna kommun,Rattfylleri,1
2023,12,Kiruna kommun,Skadegörelse,1
2023,12,Luleå kommun,Misshandel,5
2023,12,Luleå kommun,Narkotikabrott,3
2023,12,Luleå kommun,Olovlig körning,3
2023,12,Luleå kommun,Rattfylleri,3
2023,12,Luleå kommun,"Trafikolycka,  vilt",2
2023,12,Luleå kommun,Fylleri/LOB,1
2023,12,Luleå kommun,Knivlagen,1
2023,12,Luleå kommun,Ofredande/förargelse,1
2023,12,Luleå kommun,Trafikolycka,1
2023,12,Luleå kommun,Övrigt/oklassificerad,1
2023,12,"Norrbotten, okänd kommun","Trafikolycka, vilt",19
2023,12,Pajala kommun,"Trafikolycka, vilt",3
2023,12,Pajala kommun,Misshandel,1
2023,12,Piteå kommun,Olovlig körning,2
2023,12,Piteå kommun,"Trafikolycka,  vilt",2
2023,12,Piteå kommun,"Trafikolycka, vilt",2
2023,12,Piteå kommun,Brand,1
2023,12,Piteå kommun,Fylleri/LOB,1
2023,12,Piteå kommun,Misshandel,1
2023,12,Piteå kommun,Trafikolycka,1
2023,12,Piteå kommun,Övrigt/oklassificerad,1
2023,12,Älvsbyns kommun,"Trafikolycka,  vilt",1
2023,12,Överkalix kommun,Misshandel,1
2023,12,Överkalix kommun,"Trafikolycka, vilt",1
2023,12,Övertorneå kommun,"Trafikolycka, vilt",2
2024,1,Arjeplogs kommun,Rattfylleri,3
2024,1,Arvidsjaurs kommun,Misshandel,1
2024,1,Arvidsjaurs kommun,"Trafikolycka, vilt",1
2024,1,Bodens kommun,Misshandel,2
2024,1,Bodens kommun,Trafikbrott,2
2024,1,Bodens kommun,Brand,1
2024,1,Bodens kommun,Mord/dråp,1
2024,1,Bodens kommun,Trafikolycka,1
2024,1,Bodens kommun,"Trafikolycka,  vilt",1
2024,1,Bodens kommun,"Trafikolycka, vilt",1
2024,1,Gällivare kommun,Misshandel,2
2024,1,Gällivare kommun,"Trafikolycka,  vilt",2
2024,1,Gällivare kommun,Brand,1
2024,1,Gällivare kommun,Mord/dråp,1
2024,1,Gällivare kommun,Rattfylleri,1
2024,1,Gällivare kommun,Trafikkontroll,1
2024,1,Gällivare kommun,"Trafikolycka, vilt",1
2024,1,Gällivare kommun,Övrigt/oklassificerad,1
2024,1,Haparanda kommun,Brand,2
2024,1,Haparanda kommun,Skadegörelse,1
2024,1,Haparanda kommun,Stöld,1
2024,1,Jokkmokks kommun,Brand,1
2024,1,Jokkmokks kommun,Stöld,1
2024,1,Kalix kommun,Misshandel,1
2024,1,Kalix kommun,Trafikolycka,1
2024,1,Kiruna kommun,Skadegörelse,2
2024,1,Kiruna kommun,Brand,1
2024,1,Kiruna kommun,Misshandel,1
2024,1,Kiruna kommun,Narkotikabrott,1
2024,1,Kiruna kommun,Ofredande/förargelse,1
2024,1,Kiruna kommun,Rattfylleri,1
2024,1,Kiruna kommun,"Trafikolycka,  vilt",1
2024,1,Luleå kommun,Trafikolycka,3
2024,1,Luleå kommun,Knivlagen,2
2024,1,Luleå kommun,Rattfylleri,2
2024,1,Luleå kommun,Trafikbrott,2
2024,1,Luleå kommun,Våld/hot mot tjänsteman,2
2024,1,Luleå kommun,Brand,1
2024,1,Luleå kommun,Misshandel,1
2024,1,Luleå kommun,Narkotikabrott,1
2024,1,Luleå kommun,Olaga hot,1
2024,1,Luleå kommun,Rån,1
2024,1,Luleå kommun,Skadegörelse,1
2024,1,Luleå kommun,"Trafikolycka, vilt",1
2024,1,"Norrbotten, okänd kommun","Trafikolycka, vilt",26
2024,1,"Norrbotten, okänd kommun",Fylleri/LOB,1
2024,1,Pajala kommun,Övrigt/oklassificerad,1
2024,1,Piteå kommun,Misshandel,3
2024,1,Piteå kommun,"Trafikolycka,  vilt",3
2024,1,Piteå kommun,Rattfylleri,2
2024,1,Piteå kommun,"Trafikolycka, vilt",2
2024,1,Piteå kommun,Inbrott,1
2024,1,Piteå kommun,Skadegörelse,1
2024,1,Piteå kommun,Trafikkontroll,1
2024,1,Älvsbyns kommun,"Trafikolycka,  vilt",2
2024,1,Älvsbyns kommun,"Trafikolycka, vilt",2
2024,1,Älvsbyns kommun,Trafikkontroll,1
2024,1,Älvsbyns kommun,Trafikolycka,1
2024,1,Övertorneå kommun,"Trafikolycka,  vilt",1
2024,1,Övertorneå kommun,"Trafikolycka, vilt",1
2024,2,Arjeplogs kommun,Rattfylleri,1
2024,2,Bodens kommun,Knivlagen,1
2024,2,Bodens kommun,Misshandel,1
2024,2,Gällivare kommun,"Trafikolycka,  vilt",3
2024,2,Gällivare kommun,"Trafikolycka, vilt",3
2024,2,Gällivare kommun,Inbrott,1
2024,2,Gällivare kommun,Våld/hot mot tjänsteman,1
2024,2,Haparanda kommun,Misshandel,1
2024,2,Haparanda kommun,Narkotikabrott,1
2024,2,Jokkmokks kommun,"Trafikolycka,  vilt",3
2024,2,Jokkmokks kommun,Ofredande/förargelse,1
2024,2,Jokkmokks kommun,Rattfylleri,1
2024,2,Jokkmokks kommun,"Trafikolycka, vilt",1
2024,2,Jokkmokks kommun,Övrigt/oklassificerad,1
2024,2,Kalix kommun,Rattfylleri,1
2024,2,Kalix kommun,Stöld,1
2024,2,Kiruna kommun,"Trafikolycka,  vilt",3
2024,2,Kiruna kommun,Misshandel,2
2024,2,Kiruna kommun,Narkotikabrott,1
2024,2,Kiruna kommun,Ofredande/förargelse,1
2024,2,Kiruna kommun,Rattfylleri,1
2024,2,Kiruna kommun,"Trafikolycka, vilt",1
2024,2,Kiruna kommun,Övrigt/oklassificerad,1
2024,2,Luleå kommun,Misshandel,5
2024,2,Luleå kommun,Fylleri/LOB,2
2024,2,Luleå kommun,Övrigt/oklassificerad,2
2024,2,Luleå kommun,Bedrägeri,1
2024,2,Luleå kommun,Narkotikabrott,1
2024,2,Luleå kommun,Rattfylleri,1
2024,2,Luleå kommun,Skadegörelse,1
2024,2,Luleå kommun,Trafikbrott,1
2024,2,Luleå kommun,Trafikolycka,1
2024,2,Luleå kommun,"Trafikolycka, vilt",1
2024,2,Luleå kommun,Våld/hot mot tjänsteman,1
2024,2,"Norrbotten, okänd kommun","Trafikolycka, vilt",11
2024,2,"Norrbotten, okänd kommun",Narkotikabrott,2
2024,2,Pajala kommun,Övrigt/oklassificerad,1
2024,2,Piteå kommun,Misshandel,2
2024,2,Piteå kommun,Brand,1
2024,2,Piteå kommun,Narkotikabrott,1
2024,2,Piteå kommun,Trafikbrott,1
2024,2,Piteå kommun,Trafikkontroll,1
2024,2,Piteå kommun,"Trafikolycka,  vilt",1
2024,2,Älvsbyns kommun,Skadegörelse,1
2024,2,Älvsbyns kommun,"Trafikolycka,  vilt",1
2024,2,Överkalix kommun,"Trafikolycka,  vilt",1
2024,2,Övertorneå kommun,"Trafikolycka, vilt",1
2024,3,Arjeplogs kommun,Rattfylleri,1
2024,3,Bodens kommun,Bedrägeri,1
2024,3,Bodens kommun,Brand,1
2024,3,Bodens kommun,Olovlig körning,1
2024,3,Bodens kommun,Övrigt/oklassificerad,1
2024,3,Gällivare kommun,Narkotikabrott,1
2024,3,Gällivare kommun,Trafikbrott,1
2024,3,Haparanda kommun,Brand,1
2024,3,Haparanda kommun,Olovlig körning,1
2024,3,Haparanda kommun,Rattfylleri,1
2024,3,Kalix kommun,Misshandel,1
2024,3,Kalix kommun,Rattfylleri,1
2024,3,Kiruna kommun,"Trafikolycka, vilt",2
2024,3,Kiruna kommun,Brand,1
2024,3,Kiruna kommun,Knivlagen,1
2024,3,Kiruna kommun,Misshandel,1
2024,3,Kiruna kommun,Narkotikabrott,1
2024,3,Kiruna kommun,Olaga hot,1
2024,3,Kiruna kommun,Trafikolycka,1
2024,3,Kiruna kommun,Övrigt/oklassificerad,1
2024,3,Luleå kommun,Misshandel,2
2024,3,Luleå kommun,Narkotikabrott,2
2024,3,Luleå kommun,Rattfylleri,2
2024,3,Luleå kommun,Stöld,2
2024,3,Luleå kommun,Trafikkontroll,2
2024,3,Luleå kommun,Trafikolycka,2
2024,3,Luleå kommun,Olaga hot,1
2024,3,Luleå kommun,Trafikbrott,1
2024,3,Luleå kommun,"Trafikolycka,  vilt",1
2024,3,Luleå kommun,"Trafikolycka, vilt",1
2024,3,Luleå kommun,Våld/hot mot tjänsteman,1
2024,3,Luleå kommun,Övrigt/oklassificerad,1
2024,3,"Norrbotten, okänd kommun",Fylleri/LOB,1
2024,3,"Norrbotten, okänd kommun",Narkotikabrott,1
2024,3,"Norrbotten, okänd kommun","Trafikolycka, vilt",1
2024,3,Piteå kommun,Rattfylleri,2
2024,3,Piteå kommun,Skadegörelse,2
2024,3,Piteå kommun,Inbrott,1
2024,3,Piteå kommun,Misshandel,1
2024,3,Piteå kommun,Trafikbrott,1
2024,3,Piteå kommun,Övrigt/oklassificerad,1
2024,3,Älvsbyns kommun,"Trafikolycka, vilt",1
2024,3,Överkalix kommun,Skadegörelse,1
2024,4,Arvidsjaurs kommun,Narkotikabrott,1
2024,4,Bodens kommun,Rattfylleri,2
2024,4,Bodens kommun,Misshandel,1
2024,4,Bodens kommun,Stöld,1
2024,4,Bodens kommun,Trafikbrott,1
2024,4,Gällivare kommun,Trafikkontroll,2
2024,4,Gällivare kommun,Misshandel,1
2024,4,Gällivare kommun,Olovlig körning,1
2024,4,Gällivare kommun,"Trafikolycka,  vilt",1
2024,4,Haparanda kommun,Olovlig körning,1
2024,4,Haparanda kommun,Trafikkontroll,1
2024,4,Jokkmokks kommun,"Trafikolycka, vilt",2
2024,4,Kalix kommun,Rattfylleri,3
2024,4,Kalix kommun,"Trafikolycka,  vilt",2
2024,4,Kalix kommun,Narkotikabrott,1
2024,4,Kiruna kommun,Rattfylleri,2
2024,4,Kiruna kommun,"Trafikolycka,  vilt",2
2024,4,Kiruna kommun,Övrigt/oklassificerad,1
2024,4,Luleå kommun,"Trafikolycka, vilt",4
2024,4,Luleå kommun,Trafikolycka,3
2024,4,Luleå kommun,Misshandel,2
2024,4,Luleå kommun,Olaga hot,2
2024,4,Luleå kommun,Brand,1
2024,4,Luleå kommun,Fylleri/LOB,1
2024,4,Luleå kommun,Knivlagen,1
2024,4,Luleå kommun,Ofredande/förargelse,1
2024,4,Luleå kommun,Rattfylleri,1
2024,4,Luleå kommun,Skadegörelse,1
2024,4,Luleå kommun,"Trafikolycka,  vilt",1
2024,4,Luleå kommun,Våld/hot mot tjänsteman,1
2024,4,Luleå kommun,Övrigt/oklassificerad,1
2024,4,"Norrbotten, okänd kommun","Trafikolycka, vilt",2
2024,4,Pajala kommun,Misshandel,1
2024,4,Piteå kommun,Misshandel,3
2024,4,Piteå kommun,Övrigt/oklassificerad,2
2024,4,Piteå kommun,Brand,1
2024,4,Piteå kommun,Rattfylleri,1
2024,4,Piteå kommun,Trafikolycka,1
2024,4,Överkalix kommun,"Trafikolycka,  vilt",1
2024,4,Överkalix kommun,"Trafikolycka, vilt",1
2024,5,Arjeplogs kommun,Trafikkontroll,1
2024,5,Bodens kommun,Trafikbrott,3
2024,5,Bodens kommun,Trafikkontroll,3
2024,5,Bodens kommun,Olaga intrång/hemfridsbrott,1
2024,5,Bodens kommun,Trafikolycka,1
2024,5,Gällivare kommun,Trafikkontroll,5
2024,5,Gällivare kommun,Trafikbrott,3
2024,5,Gällivare kommun,Misshandel,2
2024,5,Gällivare kommun,Ofredande/förargelse,2
2024,5,Gällivare kommun,Övrigt/oklassificerad,2
2024,5,Gällivare kommun,Inbrott,1
2024,5,Gällivare kommun,Olaga hot,1
2024,5,Gällivare kommun,Skadegörelse,1
2024,5,Gällivare kommun,Trafikolycka,1
2024,5,Gällivare kommun,"Trafikolycka, vilt",1
2024,5,Haparanda kommun,Skadegörelse,1
2024,5,Haparanda kommun,Stöld,1
2024,5,Haparanda kommun,Trafikkontroll,1
2024,5,Haparanda kommun,Övrigt/oklassificerad,1
2024,5,Jokkmokks kommun,"Trafikolycka,  vilt",2
2024,5,Kalix kommun,Trafikkontroll,2
2024,5,Kalix kommun,Olovlig körning,1
2024,5,Kalix kommun,Rån,1
2024,5,Kalix kommun,Stöld,1
2024,5,Kalix kommun,Trafikbrott,1
2024,5,Kalix kommun,Trafikolycka,1
2024,5,Kalix kommun,"Trafikolycka,  vilt",1
2024,5,Kalix kommun,"Trafikolycka, vilt",1
2024,5,Kalix kommun,Övrigt/oklassificerad,1
2024,5,Kiruna kommun,Brand,1
2024,5,Kiruna kommun,Fylleri/LOB,1
2024,5,Kiruna kommun,Knivlagen,1
2024,5,Kiruna kommun,Övrigt/oklassificerad,1
2024,5,Luleå kommun,Misshandel,5
2024,5,Luleå kommun,Brand,4
2024,5,Luleå kommun,Rattfylleri,2
2024,5,Luleå kommun,Stöld,2
2024,5,Luleå kommun,Våld/hot mot tjänsteman,2
2024,5,Luleå kommun,Narkotikabrott,1
2024,5,Luleå kommun,Olaga intrång/hemfridsbrott,1
2024,5,Luleå kommun,"Stöld,  ringa",1
2024,5,Luleå kommun,Trafikbrott,1
2024,5,Luleå kommun,Trafikkontroll,1
2024,5,Luleå kommun,"Trafikolycka, vilt",1
2024,5,Luleå kommun,Övrigt/oklassificerad,1
2024,5,"Norrbotten, okänd kommun","Trafikolycka, vilt",2
2024,5,"Norrbotten, okänd kommun",Fylleri/LOB,1
2024,5,"Norrbotten, okänd kommun",Övrigt/oklassificerad,1
2024,5,Pajala kommun,Trafikbrott,1
2024,5,Pajala kommun,"Trafikolycka,  vilt",1
2024,5,Piteå kommun,Misshandel,4
2024,5,Piteå kommun,Rattfylleri,3
2024,5,Piteå kommun,Arbetsplatsolycka,1
2024,5,Piteå kommun,Olovlig körning,1
2024,5,Piteå kommun,"Trafikolycka,  vilt",1
2024,5,Piteå kommun,"Trafikolycka, vilt",1
2024,5,Piteå kommun,Våld/hot mot tjänsteman,1
2024,5,Älvsbyns kommun,"Trafikolycka,  vilt",2
2024,5,Älvsbyns kommun,"Trafikolycka, vilt",2
2024,5,Älvsbyns kommun,Fylleri/LOB,1
2024,5,Älvsbyns kommun,Trafikkontroll,1
2024,5,Älvsbyns kommun,Övrigt/oklassificerad,1
2024,5,Överkalix kommun,"Trafikolycka,  vilt",1
2024,6,Arvidsjaurs kommun,"Trafikolycka, vilt",2
2024,6,Arvidsjaurs kommun,Rattfylleri,1
2024,6,Arvidsjaurs kommun,Övrigt/oklassificerad,1
2024,6,Bodens kommun,Skadegörelse,4
2024,6,Bodens kommun,Misshandel,2
2024,6,Bodens kommun,Stöld,1
2024,6,Bodens kommun,Trafikkontroll,1
2024,6,Bodens kommun,"Trafikolycka,  vilt",1
2024,6,Bodens kommun,"Trafikolycka, vilt",1
2024,6,Bodens kommun,Övrigt/oklassificerad,1
2024,6,Gällivare kommun,Övrigt/oklassificerad,3
2024,6,Gällivare kommun,Misshandel,1
2024,6,Gällivare kommun,Narkotikabrott,1
2024,6,Gällivare kommun,Trafikbrott,1
2024,6,Gällivare kommun,"Trafikolycka,  vilt",1
2024,6,Haparanda kommun,Misshandel,1
2024,6,Haparanda kommun,Rattfylleri,1
2024,6,Haparanda kommun,Rån,1
2024,6,Jokkmokks kommun,Trafikolycka,1
2024,6,Kalix kommun,Ofredande/förargelse,2
2024,6,Kalix kommun,Brand,1
2024,6,Kalix kommun,Olaga intrång/hemfridsbrott,1
2024,6,Kalix kommun,Övrigt/oklassificerad,1
2024,6,Kiruna kommun,Övrigt/oklassificerad,2
2024,6,Kiruna kommun,Anträffat gods,1
2024,6,Kiruna kommun,Fjällräddning,1
2024,6,Kiruna kommun,Rattfylleri,1
2024,6,Kiruna kommun,Trafikkontroll,1
2024,6,Luleå kommun,Misshandel,9
2024,6,Luleå kommun,Brand,5
2024,6,Luleå kommun,Rattfylleri,3
2024,6,Luleå kommun,Övrigt/oklassificerad,3
2024,6,Luleå kommun,Inbrott,2
2024,6,Luleå kommun,Olaga intrång/hemfridsbrott,2
2024,6,Luleå kommun,Trafikbrott,2
2024,6,Luleå kommun,Trafikolycka,2
2024,6,Luleå kommun,Anträffat gods,1
2024,6,Luleå kommun,Bedrägeri,1
2024,6,Luleå kommun,Narkotikabrott,1
2024,6,Luleå kommun,Ofredande/förargelse,1
2024,6,Luleå kommun,Olovlig körning,1
2024,6,Luleå kommun,Sexualbrott,1
2024,6,Luleå kommun,Stöld,1
2024,6,Luleå kommun,Trafikkontroll,1
2024,6,"Norrbotten, okänd kommun","Trafikolycka, vilt",4
2024,6,"Norrbotten, okänd kommun",Misshandel,1
2024,6,Pajala kommun,"Trafikolycka,  vilt",2
2024,6,Pajala kommun,"Trafikolycka, vilt",2
2024,6,Piteå kommun,Misshandel,3
2024,6,Piteå kommun,Rattfylleri,2
2024,6,Piteå kommun,Trafikkontroll,2
2024,6,Piteå kommun,Inbrott,1
2024,6,Piteå kommun,Ofredande/förargelse,1
2024,6,Piteå kommun,Trafikbrott,1
2024,6,Piteå kommun,Trafikolycka,1
2024,6,Piteå kommun,Övrigt/oklassificerad,1
2024,6,Älvsbyns kommun,"Trafikolycka, vilt",1
2024,6,Överkalix kommun,Trafikolycka,2
2024,6,Överkalix kommun,Misshandel,1
2024,6,Överkalix kommun,Skadegörelse,1
2024,6,Överkalix kommun,"Trafikolycka, vilt",1
2024,6,Överkalix kommun,Övrigt/oklassificerad,1
2024,7,Arjeplogs kommun,"Trafikolycka, vilt",2
2024,7,Arjeplogs kommun,"Trafikolycka,  vilt",1
2024,7,Arvidsjaurs kommun,"Trafikolycka, vilt",2
2024,7,Arvidsjaurs kommun,Trafikolycka,1
2024,7,Arvidsjaurs kommun,"Trafikolycka,  vilt",1
2024,7,Bodens kommun,Trafikkontroll,5
2024,7,Bodens kommun,Misshandel,3
2024,7,Bodens kommun,Övrigt/oklassificerad,2
2024,7,Bodens kommun,Fylleri/LOB,1
2024,7,Bodens kommun,Knivlagen,1
2024,7,Bodens kommun,Olaga hot,1
2024,7,Bodens kommun,Rattfylleri,1
2024,7,Bodens kommun,Stöld,1
2024,7,Bodens kommun,Trafikbrott,1
2024,7,Bodens kommun,"Trafikolycka, vilt",1
2024,7,Gällivare kommun,Ofredande/förargelse,1
2024,7,Gällivare kommun,Stöld,1
2024,7,Gällivare kommun,"Trafikolycka, vilt",1
2024,7,Gällivare kommun,Övrigt/oklassificerad,1
2024,7,Haparanda kommun,Misshandel,2
2024,7,Haparanda kommun,Trafikbrott,1
2024,7,Haparanda kommun,Trafikolycka,1
2024,7,Jokkmokks kommun,Misshandel,1
2024,7,Kalix kommun,Misshandel,2
2024,7,Kalix kommun,Ofredande/förargelse,1
2024,7,Kalix kommun,Trafikkontroll,1
2024,7,Kiruna kommun,Skadegörelse,2
2024,7,Kiruna kommun,Fjällräddning,1
2024,7,Kiruna kommun,Olaga hot,1
2024,7,Kiruna kommun,Rattfylleri,1
2024,7,Kiruna kommun,Trafikkontroll,1
2024,7,Luleå kommun,Misshandel,7
2024,7,Luleå kommun,Rattfylleri,4
2024,7,Luleå kommun,Trafikolycka,4
2024,7,Luleå kommun,Skadegörelse,3
2024,7,Luleå kommun,Trafikkontroll,3
2024,7,Luleå kommun,Bedrägeri,2
2024,7,Luleå kommun,"Trafikolycka, vilt",2
2024,7,Luleå kommun,Brand,1
2024,7,Luleå kommun,Narkotikabrott,1
2024,7,Luleå kommun,Olovlig körning,1
2024,7,Luleå kommun,Stöld,1
2024,7,Luleå kommun,"Trafikolycka,  vilt",1
2024,7,Luleå kommun,Våld/hot mot tjänsteman,1
2024,7,Luleå kommun,Övrigt/oklassificerad,1
2024,7,"Norrbotten, okänd kommun",Misshandel,3
2024,7,"Norrbotten, okänd kommun",Narkotikabrott,1
2024,7,"Norrbotten, okänd kommun",Olovlig körning,1
2024,7,"Norrbotten, okänd kommun","Trafikolycka,  vilt",1
2024,7,"Norrbotten, okänd kommun","Trafikolycka, vilt",1
2024,7,"Norrbotten, okänd kommun",Övrigt/oklassificerad,1
2024,7,Pajala kommun,Rattfylleri,1
2024,7,Pajala kommun,"Trafikolycka,  vilt",1
2024,7,Pajala kommun,"Trafikolycka, vilt",1
2024,7,Piteå kommun,Misshandel,6
2024,7,Piteå kommun,Fylleri/LOB,2
2024,7,Piteå kommun,Brand,1
2024,7,Piteå kommun,Ofredande/förargelse,1
2024,7,Piteå kommun,Stöld,1
2024,7,Piteå kommun,Trafikbrott,1
2024,7,Piteå kommun,Trafikkontroll,1
2024,7,Piteå kommun,Trafikolycka,1
2024,7,Älvsbyns kommun,Misshandel,1
2024,7,Älvsbyns kommun,Narkotikabrott,1
2024,7,Älvsbyns kommun,Övrigt/oklassificerad,1
2024,7,Överkalix kommun,"Trafikolycka,  vilt",1
2024,7,Övertorneå kommun,Brand,1
2024,7,Övertorneå kommun,Trafikolycka,1
2024,8,Arjeplogs kommun,Olovlig körning,1
2024,8,Arjeplogs kommun,Trafikolycka,1
2024,8,Arvidsjaurs kommun,"Trafikolycka,  vilt",1
2024,8,Arvidsjaurs kommun,"Trafikolycka, vilt",1
2024,8,Bodens kommun,Misshandel,3
2024,8,Bodens kommun,Rattfylleri,2
2024,8,Bodens kommun,Stöld,1
2024,8,Gällivare kommun,Övrigt/oklassificerad,3
2024,8,Gällivare kommun,Ofredande/förargelse,2
2024,8,Gällivare kommun,Fylleri/LOB,1
2024,8,Gällivare kommun,Misshandel,1
2024,8,Gällivare kommun,Narkotikabrott,1
2024,8,Gällivare kommun,Olovlig körning,1
2024,8,Gällivare kommun,Skadegörelse,1
2024,8,Gällivare kommun,"Trafikolycka,  vilt",1
2024,8,Gällivare kommun,"Trafikolycka, vilt",1
2024,8,Haparanda kommun,Brand,1
2024,8,Haparanda kommun,Inbrott,1
2024,8,Haparanda kommun,Olovlig körning,1
2024,8,Jokkmokks kommun,Misshandel,1
2024,8,Jokkmokks kommun,Olaga intrång/hemfridsbrott,1
2024,8,Kalix kommun,Misshandel,1
2024,8,Kalix kommun,Ofredande/förargelse,1
2024,8,Kalix kommun,Rattfylleri,1
2024,8,Kalix kommun,Trafikolycka,1
2024,8,Kalix kommun,Övrigt/oklassificerad,1
2024,8,Kiruna kommun,Övrigt/oklassificerad,4
2024,8,Kiruna kommun,Misshandel,2
2024,8,Kiruna kommun,Rattfylleri,1
2024,8,Kiruna kommun,Skadegörelse,1
2024,8,Kiruna kommun,Trafikkontroll,1
2024,8,Luleå kommun,Trafikolycka,4
2024,8,Luleå kommun,Misshandel,3
2024,8,Luleå kommun,Stöld,3
2024,8,Luleå kommun,Narkotikabrott,2
2024,8,Luleå kommun,Övrigt/oklassificerad,2
2024,8,Luleå kommun,Arbetsplatsolycka,1
2024,8,Luleå kommun,Brand,1
2024,8,Luleå kommun,Fylleri/LOB,1
2024,8,Luleå kommun,Inbrott,1
2024,8,Luleå kommun,Olovlig körning,1
2024,8,Luleå kommun,Rattfylleri,1
2024,8,Luleå kommun,Skadegörelse,1
2024,8,Luleå kommun,Trafikbrott,1
2024,8,"Norrbotten, okänd kommun",Misshandel,3
2024,8,"Norrbotten, okänd kommun","Trafikolycka, vilt",3
2024,8,"Norrbotten, okänd kommun",Narkotikabrott,2
2024,8,"Norrbotten, okänd kommun",Trafikolycka,1
2024,8,"Norrbotten, okänd kommun",Övrigt/oklassificerad,1
2024,8,Pajala kommun,Övrigt/oklassificerad,1
2024,8,Piteå kommun,Övrigt/oklassificerad,3
2024,8,Piteå kommun,Misshandel,2
2024,8,Piteå kommun,Trafikolycka,2
2024,8,Piteå kommun,Narkotikabrott,1
2024,8,Piteå kommun,Olovlig körning,1
2024,8,Piteå kommun,Rattfylleri,1
2024,8,Piteå kommun,Skadegörelse,1
2024,8,Piteå kommun,Trafikkontroll,1
2024,8,Älvsbyns kommun,Skadegörelse,3
2024,8,Älvsbyns kommun,Brand,1
2024,8,Älvsbyns kommun,Rattfylleri,1
2024,8,Älvsbyns kommun,"Trafikolycka,  vilt",1
2024,8,Älvsbyns kommun,"Trafikolycka, vilt",1
2024,8,Överkalix kommun,Rattfylleri,1
2024,8,Överkalix kommun,Trafikolycka,1
2024,8,Överkalix kommun,"Trafikolycka,  vilt",1
2024,8,Övertorneå kommun,Misshandel,1
2024,8,Övertorneå kommun,"Trafikolycka,  vilt",1
2024,9,Arjeplogs kommun,"Trafikolycka,  vilt",1
2024,9,Arvidsjaurs kommun,"Trafikolycka,  vilt",2
2024,9,Arvidsjaurs kommun,Inbrott,1
2024,9,Arvidsjaurs kommun,Ofredande/förargelse,1
2024,9,Arvidsjaurs kommun,Rattfylleri,1
2024,9,Bodens kommun,Misshandel,3
2024,9,Bodens kommun,Trafikbrott,2
2024,9,Bodens kommun,Olovlig körning,1
2024,9,Bodens kommun,Rattfylleri,1
2024,9,Bodens kommun,Övrigt/oklassificerad,1
2024,9,Gällivare kommun,Rattfylleri,2
2024,9,Gällivare kommun,Skadegörelse,2
2024,9,Gällivare kommun,Misshandel,1
2024,9,Gällivare kommun,Narkotikabrott,1
2024,9,Gällivare kommun,Trafikkontroll,1
2024,9,Gällivare kommun,Trafikolycka,1
2024,9,Haparanda kommun,Inbrott,1
2024,9,Haparanda kommun,Misshandel,1
2024,9,Haparanda kommun,Rattfylleri,1
2024,9,Haparanda kommun,Trafikbrott,1
2024,9,Jokkmokks kommun,Narkotikabrott,1
2024,9,Kalix kommun,Brand,1
2024,9,Kalix kommun,Trafikolycka,1
2024,9,Kiruna kommun,Misshandel,2
2024,9,Kiruna kommun,Brand,1
2024,9,Kiruna kommun,Narkotikabrott,1
2024,9,Kiruna kommun,Olaga intrång/hemfridsbrott,1
2024,9,Kiruna kommun,Trafikolycka,1
2024,9,Luleå kommun,Misshandel,7
2024,9,Luleå kommun,Rattfylleri,3
2024,9,Luleå kommun,Övrigt/oklassificerad,2
2024,9,Luleå kommun,Fylleri/LOB,1
2024,9,Luleå kommun,Narkotikabrott,1
2024,9,Luleå kommun,Ofredande/förargelse,1
2024,9,Luleå kommun,Olovlig körning,1
2024,9,Luleå kommun,Rån,1
2024,9,Luleå kommun,Trafikolycka,1
2024,9,"Norrbotten, okänd kommun","Trafikolycka, vilt",2
2024,9,"Norrbotten, okänd kommun",Misshandel,1
2024,9,Piteå kommun,Rattfylleri,3
2024,9,Piteå kommun,Skadegörelse,3
2024,9,Piteå kommun,Knivlagen,1
2024,9,Piteå kommun,Narkotikabrott,1
2024,9,Piteå kommun,Trafikkontroll,1
2024,9,Piteå kommun,Trafikolycka,1
2024,9,Älvsbyns kommun,Misshandel,1
2024,9,Älvsbyns kommun,Rattfylleri,1
2024,9,Älvsbyns kommun,"Trafikolycka,  vilt",1
2024,9,Älvsbyns kommun,Våld/hot mot tjänsteman,1
2024,9,Övertorneå kommun,"Trafikolycka,  vilt",1
2024,9,Övertorneå kommun,"Trafikolycka, vilt",1
2024,10,Arjeplogs kommun,Trafikolycka,1
2024,10,Arvidsjaurs kommun,Olovlig körning,1
2024,10,Arvidsjaurs kommun,"Trafikolycka,  vilt",1
2024,10,Bodens kommun,Misshandel,2
2024,10,Bodens kommun,Rattfylleri,2
2024,10,Bodens kommun,Narkotikabrott,1
2024,10,Bodens kommun,Trafikolycka,1
2024,10,Gällivare kommun,"Trafikolycka, vilt",2
2024,10,Gällivare kommun,Misshandel,1
2024,10,Gällivare kommun,Trafikbrott,1
2024,10,Gällivare kommun,Trafikolycka,1
2024,10,Haparanda kommun,Stöld,1
2024,10,Haparanda kommun,"Trafikolycka,  vilt",1
2024,10,Jokkmokks kommun,Rattfylleri,1
2024,10,Jokkmokks kommun,"Trafikolycka,  vilt",1
2024,10,Jokkmokks kommun,"Trafikolycka, vilt",1
2024,10,Kalix kommun,Rattfylleri,3
2024,10,Kalix kommun,"Trafikolycka, vilt",2
2024,10,Kalix kommun,Knivlagen,1
2024,10,Kalix kommun,Misshandel,1
2024,10,Kalix kommun,Trafikolycka,1
2024,10,Kalix kommun,"Trafikolycka,  vilt",1
2024,10,Kiruna kommun,Stöld,1
2024,10,Kiruna kommun,Trafikbrott,1
2024,10,Kiruna kommun,"Trafikolycka, vilt",1
2024,10,Luleå kommun,Misshandel,4
2024,10,Luleå kommun,Rattfylleri,2
2024,10,Luleå kommun,Trafikolycka,2
2024,10,Luleå kommun,Brand,1
2024,10,Luleå kommun,Fylleri/LOB,1
2024,10,Luleå kommun,Ofredande/förargelse,1
2024,10,Luleå kommun,Olaga hot,1
2024,10,Luleå kommun,"Trafikolycka,  vilt",1
2024,10,Luleå kommun,Övrigt/oklassificerad,1
2024,10,"Norrbotten, okänd kommun","Trafikolycka, vilt",2
2024,10,"Norrbotten, okänd kommun",Misshandel,1
2024,10,"Norrbotten, okänd kommun",Narkotikabrott,1
2024,10,Pajala kommun,"Trafikolycka, vilt",1
2024,10,Pajala kommun,Övrigt/oklassificerad,1
2024,10,Piteå kommun,Narkotikabrott,3
2024,10,Piteå kommun,Trafikolycka,3
2024,10,Piteå kommun,Brand,2
2024,10,Piteå kommun,Rattfylleri,2
2024,10,Piteå kommun,Skadegörelse,1
2024,10,Piteå kommun,Stöld,1
2024,10,Piteå kommun,"Trafikolycka,  vilt",1
2024,10,Piteå kommun,"Trafikolycka, vilt",1
2024,10,Älvsbyns kommun,Bedrägeri,1
2024,10,Älvsbyns kommun,Stöld,1
2024,10,Älvsbyns kommun,"Trafikolycka, vilt",1
2024,10,Överkalix kommun,"Trafikolycka,  vilt",2
2024,10,Övertorneå kommun,Olovlig körning,1
2024,10,Övertorneå kommun,"Trafikolycka, vilt",1
2024,10,Övertorneå kommun,Övrigt/oklassificerad,1
2024,11,Arjeplogs kommun,Övrigt/oklassificerad,1
2024,11,Arvidsjaurs kommun,Misshandel,1
2024,11,Arvidsjaurs kommun,Trafikbrott,1
2024,11,Arvidsjaurs kommun,"Trafikolycka,  vilt",1
2024,11,Bodens kommun,Misshandel,2
2024,11,Bodens kommun,Narkotikabrott,1
2024,11,Bodens kommun,Trafikbrott,1
2024,11,Bodens kommun,Trafikkontroll,1
2024,11,Bodens kommun,"Trafikolycka,  vilt",1
2024,11,Gällivare kommun,Trafikkontroll,6
2024,11,Gällivare kommun,"Trafikolycka, vilt",3
2024,11,Gällivare kommun,Narkotikabrott,1
2024,11,Gällivare kommun,Skadegörelse,1
2024,11,Gällivare kommun,"Trafikolycka,  vilt",1
2024,11,Haparanda kommun,Trafikkontroll,1
2024,11,Kalix kommun,Narkotikabrott,1
2024,11,Kalix kommun,Olaga hot,1
2024,11,Kalix kommun,"Trafikolycka, vilt",1
2024,11,Kiruna kommun,Misshandel,2
2024,11,Kiruna kommun,Inbrott,1
2024,11,Kiruna kommun,Olovlig körning,1
2024,11,Kiruna kommun,Rattfylleri,1
2024,11,Kiruna kommun,Skadegörelse,1
2024,11,Kiruna kommun,Våld/hot mot tjänsteman,1
2024,11,Luleå kommun,Misshandel,7
2024,11,Luleå kommun,Rattfylleri,6
2024,11,Luleå kommun,Narkotikabrott,2
2024,11,Luleå kommun,Trafikbrott,2
2024,11,Luleå kommun,Olovlig körning,1
2024,11,Luleå kommun,Skadegörelse,1
2024,11,Luleå kommun,Trafikolycka,1
2024,11,Luleå kommun,"Trafikolycka,  vilt",1
2024,11,Luleå kommun,Våld/hot mot tjänsteman,1
2024,11,"Norrbotten, okänd kommun",Fylleri/LOB,1
2024,11,Pajala kommun,Brand,1
2024,11,Piteå kommun,Rattfylleri,7
2024,11,Piteå kommun,Misshandel,2
2024,11,Piteå kommun,"Trafikolycka,  vilt",2
2024,11,Piteå kommun,"Trafikolycka, vilt",2
2024,11,Piteå kommun,Stöld,1
2024,11,Piteå kommun,Trafikkontroll,1
2024,11,Älvsbyns kommun,"Trafikolycka,  vilt",1
2024,11,Överkalix kommun,Övrigt/oklassificerad,1
2024,11,Övertorneå kommun,"Trafikolycka,  vilt",1
2024,12,Arjeplogs kommun,"Trafikolycka,  vilt",1
2024,12,Arvidsjaurs kommun,"Trafikolycka,  vilt",2
2024,12,Arvidsjaurs kommun,"Trafikolycka, vilt",1
2024,12,Bodens kommun,Misshandel,1
2024,12,Bodens kommun,Olovlig körning,1
2024,12,Bodens kommun,Stöld,1
2024,12,Bodens kommun,Trafikbrott,1
2024,12,Bodens kommun,"Trafikolycka,  vilt",1
2024,12,Bodens kommun,Våld/hot mot tjänsteman,1
2024,12,Gällivare kommun,"Trafikolycka,  vilt",5
2024,12,Gällivare kommun,Narkotikabrott,3
2024,12,Gällivare kommun,Misshandel,2
2024,12,Gällivare kommun,Skadegörelse,1
2024,12,Gällivare kommun,Trafikkontroll,1
2024,12,Gällivare kommun,"Trafikolycka, vilt",1
2024,12,Haparanda kommun,Inbrott,1
2024,12,Haparanda kommun,Stöld,1
2024,12,Jokkmokks kommun,Trafikolycka,1
2024,12,Kalix kommun,Olaga intrång/hemfridsbrott,2
2024,12,Kalix kommun,Misshandel,1
2024,12,Kalix kommun,Trafikolycka,1
2024,12,Kiruna kommun,Misshandel,2
2024,12,Kiruna kommun,"Trafikolycka,  vilt",2
2024,12,Kiruna kommun,Narkotikabrott,1
2024,12,Kiruna kommun,Ofredande/förargelse,1
2024,12,Kiruna kommun,Rattfylleri,1
2024,12,Kiruna kommun,Trafikbrott,1
2024,12,Kiruna kommun,Trafikolycka,1
2024,12,Kiruna kommun,"Trafikolycka, vilt",1
2024,12,Luleå kommun,Brand,3
2024,12,Luleå kommun,Misshandel,2
2024,12,Luleå kommun,Narkotikabrott,2
2024,12,Luleå kommun,Olovlig körning,2
2024,12,Luleå kommun,Bedrägeri,1
2024,12,Luleå kommun,Fylleri/LOB,1
2024,12,Luleå kommun,Ofredande/förargelse,1
2024,12,Luleå kommun,Trafikbrott,1
2024,12,Luleå kommun,Trafikolycka,1
2024,12,Luleå kommun,"Trafikolycka,  vilt",1
2024,12,Luleå kommun,"Trafikolycka, vilt",1
2024,12,Luleå kommun,Övrigt/oklassificerad,1
2024,12,"Norrbotten, okänd kommun","Trafikolycka, vilt",3
2024,12,"Norrbotten, okänd kommun",Misshandel,1
2024,12,Pajala kommun,"Trafikolycka,  vilt",1
2024,12,Pajala kommun,"Trafikolycka, vilt",1
2024,12,Piteå kommun,Ofredande/förargelse,3
2024,12,Piteå kommun,Misshandel,2
2024,12,Piteå kommun,"Trafikolycka,  vilt",2
2024,12,Piteå kommun,"Trafikolycka, vilt",2
2024,12,Piteå kommun,Inbrott,1
2024,12,Älvsbyns kommun,Trafikolycka,1
2024,12,Älvsbyns kommun,"Trafikolycka, vilt",1
2024,12,Överkalix kommun,Rattfylleri,1
2024,12,Övertorneå kommun,Rattfylleri,1
2025,1,Arvidsjaurs kommun,Rattfylleri,1
2025,1,Arvidsjaurs kommun,Trafikolycka,1
2025,1,Arvidsjaurs kommun,Övrigt/oklassificerad,1
2025,1,Bodens kommun,Brand,2
2025,1,Bodens kommun,Ofredande/förargelse,1
2025,1,Bodens kommun,Stöld,1
2025,1,Bodens kommun,"Trafikolycka,  vilt",1
2025,1,Gällivare kommun,"Trafikolycka,  vilt",3
2025,1,Gällivare kommun,Arbetsplatsolycka,1
2025,1,Gällivare kommun,Misshandel,1
2025,1,Gällivare kommun,Narkotikabrott,1
2025,1,Gällivare kommun,Trafikbrott,1
2025,1,Gällivare kommun,Trafikolycka,1
2025,1,Gällivare kommun,"Trafikolycka, vilt",1
2025,1,Haparanda kommun,Misshandel,1
2025,1,Jokkmokks kommun,Trafikkontroll,1
2025,1,Jokkmokks kommun,"Trafikolycka, vilt",1
2025,1,Kalix kommun,Rattfylleri,2
2025,1,Kalix kommun,Fylleri/LOB,1
2025,1,Kalix kommun,Narkotikabrott,1
2025,1,Kalix kommun,Våld/hot mot tjänsteman,1
2025,1,Kiruna kommun,Misshandel,2
2025,1,Kiruna kommun,Brand,1
2025,1,Kiruna kommun,Fylleri/LOB,1
2025,1,Kiruna kommun,Rattfylleri,1
2025,1,Kiruna kommun,Trafikolycka,1
2025,1,Kiruna kommun,"Trafikolycka,  vilt",1
2025,1,Kiruna kommun,"Trafikolycka, vilt",1
2025,1,Kiruna kommun,Övrigt/oklassificerad,1
2025,1,Luleå kommun,Misshandel,3
2025,1,Luleå kommun,Rattfylleri,3
2025,1,Luleå kommun,Narkotikabrott,2
2025,1,Luleå kommun,Trafikkontroll,2
2025,1,Luleå kommun,"Trafikolycka, vilt",2
2025,1,Luleå kommun,Fylleri/LOB,1
2025,1,"Norrbotten, okänd kommun",Narkotikabrott,2
2025,1,"Norrbotten, okänd kommun","Trafikolycka, vilt",2
2025,1,"Norrbotten, okänd kommun",Fylleri/LOB,1
2025,1,"Norrbotten, okänd kommun",Övrigt/oklassificerad,1
2025,1,Pajala kommun,"Trafikolycka,  vilt",2
2025,1,Pajala kommun,"Trafikolycka, vilt",1
2025,1,Piteå kommun,Misshandel,3
2025,1,Piteå kommun,"Trafikolycka,  vilt",2
2025,1,Piteå kommun,"Trafikolycka, vilt",2
2025,1,Piteå kommun,Narkotikabrott,1
2025,1,Piteå kommun,Ofredande/förargelse,1
2025,1,Piteå kommun,Rattfylleri,1
2025,1,Älvsbyns kommun,Trafikolycka,1
2025,1,Älvsbyns kommun,"Trafikolycka,  vilt",1
2025,1,Överkalix kommun,"Trafikolycka, vilt",2
2025,1,Övertorneå kommun,Trafikolycka,1
2025,1,Övertorneå kommun,"Trafikolycka,  vilt",1
2025,2,Arjeplogs kommun,Fjällräddning,1
2025,2,Arvidsjaurs kommun,"Trafikolycka,  vilt",2
2025,2,Arvidsjaurs kommun,"Trafikolycka, vilt",2
2025,2,Bodens kommun,Brand,1
2025,2,Bodens kommun,Misshandel,1
2025,2,Bodens kommun,Skadegörelse,1
2025,2,Gällivare kommun,Fylleri/LOB,1
2025,2,Gällivare kommun,Misshandel,1
2025,2,Haparanda kommun,Rattfylleri,2
2025,2,Jokkmokks kommun,"Trafikolycka,  vilt",2
2025,2,Jokkmokks kommun,Bedrägeri,1
2025,2,Jokkmokks kommun,"Trafikolycka, vilt",1
2025,2,Kalix kommun,Misshandel,2
2025,2,Kalix kommun,Rattfylleri,1
2025,2,Kalix kommun,Trafikbrott,1
2025,2,Kalix kommun,"Trafikolycka, vilt",1
2025,2,Kiruna kommun,"Trafikolycka,  vilt",3
2025,2,Kiruna kommun,Rattfylleri,2
2025,2,Kiruna kommun,Brand,1
2025,2,Kiruna kommun,Misshandel,1
2025,2,Kiruna kommun,Trafikbrott,1
2025,2,Kiruna kommun,"Trafikolycka, vilt",1
2025,2,Luleå kommun,Misshandel,4
2025,2,Luleå kommun,Trafikkontroll,3
2025,2,Luleå kommun,Inbrott,1
2025,2,Luleå kommun,Ofredande/förargelse,1
2025,2,Luleå kommun,Olaga hot,1
2025,2,Luleå kommun,Rattfylleri,1
2025,2,Luleå kommun,Trafikolycka,1
2025,2,Luleå kommun,"Trafikolycka,  vilt",1
2025,2,Luleå kommun,"Trafikolycka, vilt",1
2025,2,Luleå kommun,Övrigt/oklassificerad,1
2025,2,"Norrbotten, okänd kommun","Trafikolycka, vilt",3
2025,2,"Norrbotten, okänd kommun",Misshandel,2
2025,2,"Norrbotten, okänd kommun",Övrigt/oklassificerad,1
2025,2,Piteå kommun,Trafikkontroll,2
2025,2,Piteå kommun,Knivlagen,1
2025,2,Piteå kommun,Misshandel,1
2025,2,Piteå kommun,Rattfylleri,1
2025,2,Piteå kommun,Skadegörelse,1
2025,2,Piteå kommun,Trafikbrott,1
2025,2,Piteå kommun,Trafikolycka,1
2025,2,Piteå kommun,"Trafikolycka,  vilt",1
2025,2,Älvsbyns kommun,Rattfylleri,1
2025,3,Arjeplogs kommun,Rattfylleri,2
2025,3,Arvidsjaurs kommun,Trafikolycka,1
2025,3,Bodens kommun,Trafikkontroll,4
2025,3,Bodens kommun,Olovlig körning,1
2025,3,Bodens kommun,Rattfylleri,1
2025,3,Bodens kommun,Skadegörelse,1
2025,3,Bodens kommun,Övrigt/oklassificerad,1
2025,3,Gällivare kommun,Trafikkontroll,1
2025,3,Gällivare kommun,Trafikolycka,1
2025,3,Gällivare kommun,"Trafikolycka,  vilt",1
2025,3,Gällivare kommun,Övrigt/oklassificerad,1
2025,3,Haparanda kommun,Brand,1
2025,3,Haparanda kommun,Narkotikabrott,1
2025,3,Haparanda kommun,Trafikolycka,1
2025,3,Jokkmokks kommun,Inbrott,1
2025,3,Jokkmokks kommun,Rattfylleri,1
2025,3,Kalix kommun,Trafikolycka,2
2025,3,Kalix kommun,Brand,1
2025,3,Kalix kommun,Skadegörelse,1
2025,3,Kalix kommun,Trafikkontroll,1
2025,3,Kalix kommun,Övrigt/oklassificerad,1
2025,3,Kiruna kommun,Rattfylleri,2
2025,3,Kiruna kommun,Misshandel,1
2025,3,Kiruna kommun,Trafikbrott,1
2025,3,Kiruna kommun,Trafikkontroll,1
2025,3,Kiruna kommun,"Trafikolycka,  vilt",1
2025,3,Kiruna kommun,Övrigt/oklassificerad,1
2025,3,Luleå kommun,Misshandel,4
2025,3,Luleå kommun,Trafikkontroll,3
2025,3,Luleå kommun,Narkotikabrott,2
2025,3,Luleå kommun,Övrigt/oklassificerad,2
2025,3,Luleå kommun,Bedrägeri,1
2025,3,Luleå kommun,Brand,1
2025,3,Luleå kommun,Fylleri/LOB,1
2025,3,Luleå kommun,Inbrott,1
2025,3,Luleå kommun,Olaga hot,1
2025,3,Luleå kommun,Rattfylleri,1
2025,3,Luleå kommun,Rån,1
2025,3,Luleå kommun,"Trafikolycka, vilt",1
2025,3,Luleå kommun,Våld/hot mot tjänsteman,1
2025,3,"Norrbotten, okänd kommun",Narkotikabrott,4
2025,3,"Norrbotten, okänd kommun",Misshandel,3
2025,3,"Norrbotten, okänd kommun","Trafikolycka, vilt",1
2025,3,Pajala kommun,"Trafikolycka, vilt",1
2025,3,Piteå kommun,Trafikkontroll,3
2025,3,Piteå kommun,Rattfylleri,2
2025,3,Piteå kommun,Misshandel,1
2025,3,Piteå kommun,Ofredande/förargelse,1
2025,3,Piteå kommun,Trafikolycka,1
2025,3,Piteå kommun,"Trafikolycka,  vilt",1
2025,3,Älvsbyns kommun,Trafikolycka,1
2025,3,Överkalix kommun,"Trafikolycka,  vilt",1
2025,4,Arvidsjaurs kommun,Skadegörelse,1
2025,4,Bodens kommun,Trafikkontroll,2
2025,4,Bodens kommun,Brand,1
2025,4,Bodens kommun,Misshandel,1
2025,4,Bodens kommun,Narkotikabrott,1
2025,4,Bodens kommun,Trafikbrott,1
2025,4,Bodens kommun,Trafikolycka,1
2025,4,Gällivare kommun,Narkotikabrott,2
2025,4,Gällivare kommun,Trafikkontroll,2
2025,4,Gällivare kommun,Misshandel,1
2025,4,Gällivare kommun,"Trafikolycka,  vilt",1
2025,4,Haparanda kommun,Misshandel,1
2025,4,Haparanda kommun,Olovlig körning,1
2025,4,Haparanda kommun,Rattfylleri,1
2025,4,Haparanda kommun,Trafikolycka,1
2025,4,Haparanda kommun,"Trafikolycka,  vilt",1
2025,4,Jokkmokks kommun,Trafikolycka,2
2025,4,Jokkmokks kommun,"Trafikolycka,  vilt",1
2025,4,Kalix kommun,Misshandel,1
2025,4,Kalix kommun,Olaga intrång/hemfridsbrott,1
2025,4,Kalix kommun,Rattfylleri,1
2025,4,Kalix kommun,Skadegörelse,1
2025,4,Kalix kommun,Våld/hot mot tjänsteman,1
2025,4,Kalix kommun,Övrigt/oklassificerad,1
2025,4,Kiruna kommun,Brand,1
2025,4,Kiruna kommun,Ofredande/förargelse,1
2025,4,Kiruna kommun,Rattfylleri,1
2025,4,Kiruna kommun,Trafikkontroll,1
2025,4,Kiruna kommun,Övrigt/oklassificerad,1
2025,4,Luleå kommun,Narkotikabrott,2
2025,4,Luleå kommun,Ofredande/förargelse,2
2025,4,Luleå kommun,Trafikbrott,2
2025,4,Luleå kommun,Bedrägeri,1
2025,4,Luleå kommun,Fylleri/LOB,1
2025,4,Luleå kommun,Knivlagen,1
2025,4,Luleå kommun,Misshandel,1
2025,4,Luleå kommun,Skadegörelse,1
2025,4,Luleå kommun,Trafikkontroll,1
2025,4,Luleå kommun,Trafikolycka,1
2025,4,Luleå kommun,"Trafikolycka,  vilt",1
2025,4,"Norrbotten, okänd kommun","Trafikolycka, vilt",2
2025,4,"Norrbotten, okänd kommun",Misshandel,1
2025,4,"Norrbotten, okänd kommun",Olovlig körning,1
2025,4,"Norrbotten, okänd kommun","Stöld,  ringa",1
2025,4,Pajala kommun,Trafikolycka,1
2025,4,Piteå kommun,Brand,1
2025,4,Piteå kommun,Misshandel,1
2025,4,Piteå kommun,Ofredande/förargelse,1
2025,4,Piteå kommun,"Trafikolycka,  vilt",1
2025,4,Älvsbyns kommun,Misshandel,1
2025,5,Arjeplogs kommun,"Trafikolycka,  vilt",1
2025,5,Arvidsjaurs kommun,"Trafikolycka,  vilt",1
2025,5,Bodens kommun,Trafikkontroll,2
2025,5,Bodens kommun,Våld/hot mot tjänsteman,2
2025,5,Bodens kommun,Knivlagen,1
2025,5,Bodens kommun,Misshandel,1
2025,5,Bodens kommun,Rattfylleri,1
2025,5,Bodens kommun,Trafikbrott,1
2025,5,Bodens kommun,"Trafikolycka, vilt",1
2025,5,Gällivare kommun,Misshandel,3
2025,5,Gällivare kommun,Brand,1
2025,5,Gällivare kommun,Ofredande/förargelse,1
2025,5,Gällivare kommun,Olaga intrång/hemfridsbrott,1
2025,5,Gällivare kommun,Rattfylleri,1
2025,5,Gällivare kommun,Stöld,1
2025,5,Gällivare kommun,Trafikbrott,1
2025,5,Gällivare kommun,Trafikkontroll,1
2025,5,Gällivare kommun,"Trafikolycka,  vilt",1
2025,5,Gällivare kommun,Övrigt/oklassificerad,1
2025,5,Haparanda kommun,Skadegörelse,2
2025,5,Haparanda kommun,"Trafikolycka,  vilt",2
2025,5,Haparanda kommun,"Trafikolycka, vilt",2
2025,5,Haparanda kommun,Trafikbrott,1
2025,5,Jokkmokks kommun,"Trafikolycka,  vilt",1
2025,5,Kalix kommun,Trafikkontroll,3
2025,5,Kalix kommun,Rattfylleri,2
2025,5,Kalix kommun,Brand,1
2025,5,Kalix kommun,Skadegörelse,1
2025,5,Kiruna kommun,Misshandel,2
2025,5,Kiruna kommun,Trafikkontroll,2
2025,5,Kiruna kommun,"Trafikolycka,  vilt",2
2025,5,Kiruna kommun,Fylleri/LOB,1
2025,5,Kiruna kommun,Ofredande/förargelse,1
2025,5,Kiruna kommun,Rattfylleri,1
2025,5,Kiruna kommun,"Trafikolycka, vilt",1
2025,5,Luleå kommun,Misshandel,5
2025,5,Luleå kommun,Rattfylleri,4
2025,5,Luleå kommun,Skadegörelse,4
2025,5,Luleå kommun,Trafikbrott,2
2025,5,Luleå kommun,Trafikkontroll,2
2025,5,Luleå kommun,Våld/hot mot tjänsteman,2
2025,5,Luleå kommun,Kontroll person/fordon,1
2025,5,Luleå kommun,Narkotikabrott,1
2025,5,Luleå kommun,Stöld,1
2025,5,Luleå kommun,"Trafikolycka,  vilt",1
2025,5,Luleå kommun,"Trafikolycka, vilt",1
2025,5,Luleå kommun,Övrigt/oklassificerad,1
2025,5,"Norrbotten, okänd kommun","Trafikolycka, vilt",4
2025,5,"Norrbotten, okänd kommun",Misshandel,1
2025,5,Piteå kommun,Ofredande/förargelse,3
2025,5,Piteå kommun,"Trafikolycka,  vilt",3
2025,5,Piteå kommun,Trafikkontroll,2
2025,5,Piteå kommun,Brand,1
2025,5,Piteå kommun,Misshandel,1
2025,5,Piteå kommun,Olovlig körning,1
2025,5,Piteå kommun,Trafikbrott,1
2025,5,Piteå kommun,Trafikolycka,1
2025,5,Piteå kommun,"Trafikolycka, vilt",1
2025,5,Älvsbyns kommun,"Trafikolycka,  vilt",2
2025,5,Älvsbyns kommun,Brand,1
2025,5,Älvsbyns kommun,"Trafikolycka, vilt",1
2025,5,Överkalix kommun,Trafikolycka,1
2025,5,Övertorneå kommun,Misshandel,1
2025,6,Arjeplogs kommun,Trafikkontroll,1
2025,6,Arvidsjaurs kommun,Trafikbrott,1
2025,6,Arvidsjaurs kommun,Trafikolycka,1
2025,6,Arvidsjaurs kommun,"Trafikolycka,  vilt",1
2025,6,Bodens kommun,Misshandel,5
2025,6,Bodens kommun,Trafikkontroll,4
2025,6,Bodens kommun,Ofredande/förargelse,3
2025,6,Bodens kommun,Olaga hot,2
2025,6,Bodens kommun,Knivlagen,1
2025,6,Bodens kommun,Rattfylleri,1
2025,6,Bodens kommun,Stöld,1
2025,6,Gällivare kommun,Narkotikabrott,2
2025,6,Gällivare kommun,Misshandel,1
2025,6,Gällivare kommun,Ofredande/förargelse,1
2025,6,Gällivare kommun,Trafikbrott,1
2025,6,Gällivare kommun,Trafikolycka,1
2025,6,Haparanda kommun,Rattfylleri,2
2025,6,Haparanda kommun,Brand,1
2025,6,Haparanda kommun,Misshandel,1
2025,6,Haparanda kommun,Olovlig körning,1
2025,6,Haparanda kommun,Skadegörelse,1
2025,6,Haparanda kommun,Trafikbrott,1
2025,6,Haparanda kommun,Övrigt/oklassificerad,1
2025,6,Jokkmokks kommun,Misshandel,2
2025,6,Jokkmokks kommun,Rattfylleri,1
2025,6,Kalix kommun,Misshandel,2
2025,6,Kalix kommun,Narkotikabrott,2
2025,6,Kalix kommun,Skadegörelse,2
2025,6,Kalix kommun,Brand,1
2025,6,Kalix kommun,Rattfylleri,1
2025,6,Kiruna kommun,Misshandel,3
2025,6,Kiruna kommun,Rattfylleri,2
2025,6,Kiruna kommun,Trafikbrott,2
2025,6,Kiruna kommun,Övrigt/oklassificerad,2
2025,6,Kiruna kommun,Narkotikabrott,1
2025,6,Kiruna kommun,Olaga intrång/hemfridsbrott,1
2025,6,Kiruna kommun,Trafikkontroll,1
2025,6,Kiruna kommun,Trafikolycka,1
2025,6,Luleå kommun,Stöld,5
2025,6,Luleå kommun,Misshandel,4
2025,6,Luleå kommun,Ofredande/förargelse,4
2025,6,Luleå kommun,Trafikkontroll,3
2025,6,Luleå kommun,Narkotikabrott,1
2025,6,Luleå kommun,Rattfylleri,1
2025,6,Luleå kommun,Trafikbrott,1
2025,6,Luleå kommun,"Trafikolycka,  vilt",1
2025,6,Luleå kommun,Vapenlagen,1
2025,6,Luleå kommun,Våld/hot mot tjänsteman,1
2025,6,"Norrbotten, okänd kommun","Trafikolycka, vilt",3
2025,6,"Norrbotten, okänd kommun",Misshandel,1
2025,6,Pajala kommun,"Trafikolycka,  vilt",1
2025,6,Piteå kommun,Misshandel,5
2025,6,Piteå kommun,Rattfylleri,3
2025,6,Piteå kommun,Trafikbrott,2
2025,6,Piteå kommun,Brand,1
2025,6,Piteå kommun,Fylleri/LOB,1
2025,6,Piteå kommun,Ofredande/förargelse,1
2025,6,Piteå kommun,Skadegörelse,1
2025,6,Älvsbyns kommun,Rattfylleri,1
2025,7,Arvidsjaurs kommun,Brand,2
2025,7,Arvidsjaurs kommun,"Trafikolycka,  vilt",2
2025,7,Arvidsjaurs kommun,Misshandel,1
2025,7,Arvidsjaurs kommun,"Trafikolycka, vilt",1
2025,7,Bodens kommun,Trafikkontroll,4
2025,7,Bodens kommun,Övrigt/oklassificerad,3
2025,7,Bodens kommun,Trafikbrott,2
2025,7,Bodens kommun,Brand,1
2025,7,Bodens kommun,Fylleri/LOB,1
2025,7,Bodens kommun,Misshandel,1
2025,7,Bodens kommun,Rattfylleri,1
2025,7,Bodens kommun,Trafikolycka,1
2025,7,Bodens kommun,"Trafikolycka, vilt",1
2025,7,Gällivare kommun,Trafikkontroll,2
2025,7,Gällivare kommun,Knivlagen,1
2025,7,Gällivare kommun,"Trafikolycka,  vilt",1
2025,7,Haparanda kommun,Rattfylleri,1
2025,7,Jokkmokks kommun,Trafikkontroll,1
2025,7,Jokkmokks kommun,"Trafikolycka, vilt",1
2025,7,Kalix kommun,Trafikbrott,2
2025,7,Kalix kommun,Knivlagen,1
2025,7,Kalix kommun,Narkotikabrott,1
2025,7,Kalix kommun,Stöld,1
2025,7,Kiruna kommun,Fjällräddning,4
2025,7,Kiruna kommun,Trafikolycka,2
2025,7,Kiruna kommun,Rattfylleri,1
2025,7,Kiruna kommun,Trafikbrott,1
2025,7,Kiruna kommun,Trafikkontroll,1
2025,7,Luleå kommun,Misshandel,8
2025,7,Luleå kommun,Brand,3
2025,7,Luleå kommun,Rattfylleri,3
2025,7,Luleå kommun,Olovlig körning,2
2025,7,Luleå kommun,Trafikbrott,2
2025,7,Luleå kommun,Trafikolycka,2
2025,7,Luleå kommun,"Trafikolycka,  vilt",2
2025,7,Luleå kommun,Fylleri/LOB,1
2025,7,Luleå kommun,Inbrott,1
2025,7,Luleå kommun,Olaga intrång/hemfridsbrott,1
2025,7,Luleå kommun,Räddningsinsats,1
2025,7,Luleå kommun,Stöld,1
2025,7,Luleå kommun,"Trafikolycka, vilt",1
2025,7,Luleå kommun,Våld/hot mot tjänsteman,1
2025,7,"Norrbotten, okänd kommun","Trafikolycka, vilt",6
2025,7,"Norrbotten, okänd kommun",Fylleri/LOB,3
2025,7,"Norrbotten, okänd kommun",Misshandel,1
2025,7,"Norrbotten, okänd kommun",Övrigt/oklassificerad,1
2025,7,Piteå kommun,Misshandel,5
2025,7,Piteå kommun,Ofredande/förargelse,3
2025,7,Piteå kommun,Våld/hot mot tjänsteman,2
2025,7,Piteå kommun,Inbrott,1
2025,7,Piteå kommun,Olaga hot,1
2025,7,Piteå kommun,Olovlig körning,1
2025,7,Piteå kommun,Rattfylleri,1
2025,7,Piteå kommun,Rån,1
2025,7,Piteå kommun,Trafikolycka,1
2025,7,Älvsbyns kommun,"Trafikolycka,  vilt",2
2025,7,Älvsbyns kommun,"Trafikolycka, vilt",2
2025,7,Överkalix kommun,Trafikolycka,1
2025,7,Övertorneå kommun,"Trafikolycka,  vilt",1
2025,7,Övertorneå kommun,"Trafikolycka, vilt",1
2025,8,Arjeplogs kommun,"Trafikolycka,  vilt",1
2025,8,Arjeplogs kommun,"Trafikolycka, vilt",1
2025,8,Arvidsjaurs kommun,Brand,2
2025,8,Arvidsjaurs kommun,Trafikolycka,2
2025,8,Arvidsjaurs kommun,"Trafikolycka, vilt",2
2025,8,Arvidsjaurs kommun,Bedrägeri,1
2025,8,Arvidsjaurs kommun,Olaga hot,1
2025,8,Arvidsjaurs kommun,"Trafikolycka,  vilt",1
2025,8,Bodens kommun,Trafikkontroll,4
2025,8,Bodens kommun,Misshandel,2
2025,8,Bodens kommun,Narkotikabrott,1
2025,8,Bodens kommun,Olaga intrång/hemfridsbrott,1
2025,8,Bodens kommun,Rattfylleri,1
2025,8,Bodens kommun,Trafikolycka,1
2025,8,Bodens kommun,"Trafikolycka,  vilt",1
2025,8,Bodens kommun,"Trafikolycka, vilt",1
2025,8,Gällivare kommun,Skadegörelse,2
2025,8,Gällivare kommun,Övrigt/oklassificerad,2
2025,8,Gällivare kommun,Knivlagen,1
2025,8,Gällivare kommun,Misshandel,1
2025,8,Gällivare kommun,Rattfylleri,1
2025,8,Gällivare kommun,"Trafikolycka,  vilt",1
2025,8,Gällivare kommun,"Trafikolycka, vilt",1
2025,8,Haparanda kommun,Brand,1
2025,8,Haparanda kommun,Skadegörelse,1
2025,8,Haparanda kommun,"Trafikolycka,  vilt",1
2025,8,Jokkmokks kommun,"Trafikolycka,  vilt",3
2025,8,Jokkmokks kommun,Olaga intrång/hemfridsbrott,1
2025,8,Jokkmokks kommun,Trafikkontroll,1
2025,8,Kalix kommun,Inbrott,1
2025,8,Kalix kommun,Misshandel,1
2025,8,Kalix kommun,Rattfylleri,1
2025,8,Kiruna kommun,Trafikbrott,7
2025,8,Kiruna kommun,Ofredande/förargelse,4
2025,8,Kiruna kommun,Misshandel,3
2025,8,Kiruna kommun,"Trafikolycka,  vilt",3
2025,8,Kiruna kommun,Rattfylleri,2
2025,8,Kiruna kommun,"Trafikolycka, vilt",2
2025,8,Kiruna kommun,Övrigt/oklassificerad,2
2025,8,Kiruna kommun,Fjällräddning,1
2025,8,Kiruna kommun,Trafikkontroll,1
2025,8,Kiruna kommun,Trafikolycka,1
2025,8,Luleå kommun,Misshandel,8
2025,8,Luleå kommun,Olovlig körning,3
2025,8,Luleå kommun,Fylleri/LOB,2
2025,8,Luleå kommun,Ofredande/förargelse,2
2025,8,Luleå kommun,Skadegörelse,2
2025,8,Luleå kommun,Trafikkontroll,2
2025,8,Luleå kommun,Brand,1
2025,8,Luleå kommun,Rattfylleri,1
2025,8,Luleå kommun,Rån,1
2025,8,Luleå kommun,Stöld,1
2025,8,Luleå kommun,"Stöld,  ringa",1
2025,8,Luleå kommun,Trafikbrott,1
2025,8,Luleå kommun,Trafikolycka,1
2025,8,Luleå kommun,"Trafikolycka,  vilt",1
2025,8,Luleå kommun,"Trafikolycka, vilt",1
2025,8,Luleå kommun,Våld/hot mot tjänsteman,1
2025,8,"Norrbotten, okänd kommun","Trafikolycka, vilt",2
2025,8,Pajala kommun,"Trafikolycka,  vilt",1
2025,8,Pajala kommun,"Trafikolycka, vilt",1
2025,8,Piteå kommun,Misshandel,2
2025,8,Piteå kommun,Rattfylleri,2
2025,8,Piteå kommun,Trafikbrott,2
2025,8,Piteå kommun,"Trafikolycka,  vilt",2
2025,8,Piteå kommun,Olovlig körning,1
2025,8,Piteå kommun,Skadegörelse,1
2025,8,Piteå kommun,Trafikkontroll,1
2025,8,Piteå kommun,Trafikolycka,1
2025,8,Piteå kommun,"Trafikolycka, vilt",1
2025,8,Piteå kommun,Övrigt/oklassificerad,1
2025,8,Älvsbyns kommun,Brand,1
2025,8,Älvsbyns kommun,Rattfylleri,1
2025,8,Älvsbyns kommun,Stöld,1
2025,8,Överkalix kommun,"Trafikolycka,  vilt",2
2025,8,Överkalix kommun,Misshandel,1
2025,8,Överkalix kommun,"Trafikolycka, vilt",1
2025,8,Övertorneå kommun,Trafikolycka,1
2025,8,Övertorneå kommun,"Trafikolycka, vilt",1
2025,9,Arvidsjaurs kommun,Misshandel,1
2025,9,Arvidsjaurs kommun,"Trafikolycka,  vilt",1
2025,9,Arvidsjaurs kommun,"Trafikolycka, vilt",1
2025,9,Bodens kommun,Misshandel,2
2025,9,Bodens kommun,Narkotikabrott,2
2025,9,Bodens kommun,Olaga hot,1
2025,9,Bodens kommun,Trafikkontroll,1
2025,9,Bodens kommun,"Trafikolycka,  vilt",1
2025,9,Bodens kommun,Övrigt/oklassificerad,1
2025,9,Gällivare kommun,Trafikkontroll,2
2025,9,Gällivare kommun,Brand,1
2025,9,Gällivare kommun,Skadegörelse,1
2025,9,Gällivare kommun,"Trafikolycka,  vilt",1
2025,9,Haparanda kommun,Misshandel,2
2025,9,Haparanda kommun,Skadegörelse,1
2025,9,Haparanda kommun,"Trafikolycka,  vilt",1
2025,9,Haparanda kommun,"Trafikolycka, vilt",1
2025,9,Jokkmokks kommun,"Trafikolycka, vilt",1
2025,9,Kalix kommun,Knivlagen,1
2025,9,Kalix kommun,Olaga hot,1
2025,9,Kalix kommun,Olovlig körning,1
2025,9,Kalix kommun,Rattfylleri,1
2025,9,Kalix kommun,Trafikolycka,1
2025,9,Kalix kommun,"Trafikolycka,  vilt",1
2025,9,Kiruna kommun,Trafikkontroll,2
2025,9,Kiruna kommun,Mord/dråp,1
2025,9,Kiruna kommun,Ofredande/förargelse,1
2025,9,Kiruna kommun,Rattfylleri,1
2025,9,Kiruna kommun,Våld/hot mot tjänsteman,1
2025,9,Kiruna kommun,Övrigt/oklassificerad,1
2025,9,Luleå kommun,Misshandel,2
2025,9,Luleå kommun,Rattfylleri,2
2025,9,Luleå kommun,Skadegörelse,2
2025,9,Luleå kommun,Trafikkontroll,2
2025,9,Luleå kommun,"Trafikolycka,  vilt",2
2025,9,Luleå kommun,"Trafikolycka, vilt",2
2025,9,Luleå kommun,Brand,1
2025,9,Luleå kommun,Narkotikabrott,1
2025,9,Luleå kommun,Olaga intrång/hemfridsbrott,1
2025,9,Luleå kommun,Trafikbrott,1
2025,9,Luleå kommun,Trafikolycka,1
2025,9,"Norrbotten, okänd kommun",Fylleri/LOB,1
2025,9,"Norrbotten, okänd kommun",Misshandel,1
2025,9,"Norrbotten, okänd kommun","Trafikolycka, vilt",1
2025,9,Pajala kommun,Ofredande/förargelse,1
2025,9,Pajala kommun,"Trafikolycka,  vilt",1
2025,9,Piteå kommun,"Trafikolycka,  vilt",4
2025,9,Piteå kommun,Brand,2
2025,9,Piteå kommun,Fylleri/LOB,2
2025,9,Piteå kommun,Trafikkontroll,2
2025,9,Piteå kommun,"Trafikolycka, vilt",2
2025,9,Piteå kommun,Narkotikabrott,1
2025,9,Piteå kommun,Stöld,1
2025,9,Piteå kommun,Övrigt/oklassificerad,1
2025,9,Älvsbyns kommun,Narkotikabrott,1
2025,9,Älvsbyns kommun,Skadegörelse,1
2025,9,Älvsbyns kommun,"Trafikolycka,  vilt",1
2025,9,Älvsbyns kommun,Övrigt/oklassificerad,1
2025,9,Överkalix kommun,"Trafikolycka, vilt",1
2025,9,Övertorneå kommun,"Trafikolycka, vilt",1
2025,10,Arvidsjaurs kommun,Trafikbrott,1
2025,10,Bodens kommun,Trafikkontroll,3
2025,10,Bodens kommun,Knivlagen,1
2025,10,Bodens kommun,Misshandel,1
2025,10,Bodens kommun,Ofredande/förargelse,1
2025,10,Bodens kommun,Rattfylleri,1
2025,10,Gällivare kommun,"Trafikolycka,  vilt",3
2025,10,Gällivare kommun,Rån,1
2025,10,Gällivare kommun,Skottlossning/explosion,1
2025,10,Haparanda kommun,"Trafikolycka,  vilt",2
2025,10,Haparanda kommun,Misshandel,1
2025,10,Haparanda kommun,Skadegörelse,1
2025,10,Haparanda kommun,Stöld,1
2025,10,Haparanda kommun,Trafikbrott,1
2025,10,Haparanda kommun,Trafikolycka,1
2025,10,Haparanda kommun,"Trafikolycka, vilt",1
2025,10,Jokkmokks kommun,Trafikkontroll,1
2025,10,Jokkmokks kommun,Övrigt/oklassificerad,1
2025,10,Kalix kommun,Bedrägeri,1
2025,10,Kalix kommun,Fylleri/LOB,1
2025,10,Kalix kommun,Rattfylleri,1
2025,10,Kiruna kommun,Trafikbrott,7
2025,10,Kiruna kommun,Trafikkontroll,5
2025,10,Kiruna kommun,Misshandel,3
2025,10,Kiruna kommun,Ofredande/förargelse,1
2025,10,Kiruna kommun,Rattfylleri,1
2025,10,Kiruna kommun,Trafikolycka,1
2025,10,Kiruna kommun,Övrigt/oklassificerad,1
2025,10,Luleå kommun,Misshandel,5
2025,10,Luleå kommun,"Trafikolycka,  vilt",4
2025,10,Luleå kommun,Arbetsplatsolycka,2
2025,10,Luleå kommun,Brand,2
2025,10,Luleå kommun,Fylleri/LOB,1
2025,10,Luleå kommun,Inbrott,1
2025,10,Luleå kommun,Ofredande/förargelse,1
2025,10,Luleå kommun,Olaga intrång/hemfridsbrott,1
2025,10,Luleå kommun,Olovlig körning,1
2025,10,Luleå kommun,Rattfylleri,1
2025,10,Luleå kommun,Stöld,1
2025,10,Luleå kommun,Trafikkontroll,1
2025,10,Luleå kommun,Trafikolycka,1
2025,10,Luleå kommun,"Trafikolycka, vilt",1
2025,10,Luleå kommun,Våld/hot mot tjänsteman,1
2025,10,Luleå kommun,Övrigt/oklassificerad,1
2025,10,"Norrbotten, okänd kommun","Trafikolycka, vilt",4
2025,10,"Norrbotten, okänd kommun",Narkotikabrott,2
2025,10,"Norrbotten, okänd kommun",Övrigt/oklassificerad,2
2025,10,Piteå kommun,"Trafikolycka, vilt",2
2025,10,Piteå kommun,Brand,1
2025,10,Piteå kommun,Narkotikabrott,1
2025,10,Piteå kommun,Trafikkontroll,1
2025,10,Piteå kommun,Trafikolycka,1
2025,10,Piteå kommun,"Trafikolycka,  vilt",1
2025,10,Älvsbyns kommun,Brand,1
2025,10,Älvsbyns kommun,Sexualbrott,1
2025,10,Älvsbyns kommun,Trafikolycka,1
2025,10,Älvsbyns kommun,"Trafikolycka, vilt",1
2025,10,Övertorneå kommun,Trafikolycka,1
2025,10,Övertorneå kommun,Övrigt/oklassificerad,1
2025,11,Arvidsjaurs kommun,"Trafikolycka,  vilt",2
2025,11,Arvidsjaurs kommun,Trafikbrott,1
2025,11,Bodens kommun,Trafikkontroll,4
2025,11,Bodens kommun,Misshandel,3
2025,11,Bodens kommun,"Trafikolycka,  vilt",2
2025,11,Bodens kommun,"Trafikolycka, vilt",2
2025,11,Bodens kommun,Narkotikabrott,1
2025,11,Bodens kommun,Rattfylleri,1
2025,11,Bodens kommun,Trafikolycka,1
2025,11,Bodens kommun,Övrigt/oklassificerad,1
2025,11,Gällivare kommun,"Trafikolycka,  vilt",3
2025,11,Gällivare kommun,Arbetsplatsolycka,1
2025,11,Gällivare kommun,Olovlig körning,1
2025,11,Gällivare kommun,Trafikkontroll,1
2025,11,Gällivare kommun,"Trafikolycka, vilt",1
2025,11,Haparanda kommun,"Trafikolycka,  vilt",1
2025,11,Jokkmokks kommun,Misshandel,1
2025,11,Jokkmokks kommun,Övrigt/oklassificerad,1
2025,11,Kalix kommun,Olovlig körning,2
2025,11,Kalix kommun,Narkotikabrott,1
2025,11,Kalix kommun,Trafikkontroll,1
2025,11,Kalix kommun,"Trafikolycka,  vilt",1
2025,11,Kiruna kommun,Trafikbrott,2
2025,11,Kiruna kommun,"Trafikolycka,  vilt",2
2025,11,Kiruna kommun,Övrigt/oklassificerad,2
2025,11,Kiruna kommun,Rattfylleri,1
2025,11,Kiruna kommun,Trafikkontroll,1
2025,11,Kiruna kommun,Trafikolycka,1
2025,11,Kiruna kommun,"Trafikolycka, vilt",1
2025,11,Luleå kommun,"Trafikolycka, vilt",41
2025,11,Luleå kommun,Misshandel,14
2025,11,Luleå kommun,Narkotikabrott,2
2025,11,Luleå kommun,Skadegörelse,2
2025,11,Luleå kommun,Stöld,2
2025,11,Luleå kommun,"Trafikolycka,  vilt",2
2025,11,Luleå kommun,Inbrott,1
2025,11,Luleå kommun,Olovlig körning,1
2025,11,Luleå kommun,Rattfylleri,1
2025,11,Luleå kommun,Trafikkontroll,1
2025,11,"Norrbotten, okänd kommun",Fylleri/LOB,1
2025,11,"Norrbotten, okänd kommun",Misshandel,1
2025,11,Pajala kommun,"Trafikolycka,  vilt",1
2025,11,Piteå kommun,"Trafikolycka,  vilt",6
2025,11,Piteå kommun,"Trafikolycka, vilt",2
2025,11,Piteå kommun,Brand,1
2025,11,Piteå kommun,Narkotikabrott,1
2025,11,Piteå kommun,Ofredande/förargelse,1
2025,11,Piteå kommun,Trafikbrott,1
2025,11,Älvsbyns kommun,"Trafikolycka,  vilt",2
2025,11,Älvsbyns kommun,Misshandel,1
2025,11,Älvsbyns kommun,"Trafikolycka, vilt",1
2025,11,Överkalix kommun,"Trafikolycka, vilt",1
2025,11,Övertorneå kommun,"Trafikolycka,  vilt",2
2025,11,Övertorneå kommun,Trafikbrott,1
2025,12,Arjeplogs kommun,"Trafikolycka, vilt",2
2025,12,Arjeplogs kommun,Trafikolycka,1
2025,12,Arjeplogs kommun,"Trafikolycka,  vilt",1
2025,12,Arvidsjaurs kommun,Rattfylleri,1
2025,12,Bodens kommun,Misshandel,3
2025,12,Bodens kommun,Rattfylleri,2
2025,12,Bodens kommun,"Trafikolycka, vilt",2
2025,12,Bodens kommun,Övrigt/oklassificerad,2
2025,12,Bodens kommun,Trafikkontroll,1
2025,12,Bodens kommun,Trafikolycka,1
2025,12,Bodens kommun,"Trafikolycka,  vilt",1
2025,12,Bodens kommun,Våld/hot mot tjänsteman,1
2025,12,Gällivare kommun,Skadegörelse,2
2025,12,Gällivare kommun,Trafikkontroll,2
2025,12,Gällivare kommun,"Trafikolycka, vilt",2
2025,12,Gällivare kommun,Fylleri/LOB,1
2025,12,Gällivare kommun,Rattfylleri,1
2025,12,Gällivare kommun,Våld/hot mot tjänsteman,1
2025,12,Haparanda kommun,Misshandel,2
2025,12,Jokkmokks kommun,Rattfylleri,1
2025,12,Jokkmokks kommun,Trafikolycka,1
2025,12,Jokkmokks kommun,"Trafikolycka,  vilt",1
2025,12,Kalix kommun,Olaga intrång/hemfridsbrott,1
2025,12,Kalix kommun,Olovlig körning,1
2025,12,Kalix kommun,Skadegörelse,1
2025,12,Kalix kommun,Trafikbrott,1
2025,12,Kalix kommun,"Trafikolycka, vilt",1
2025,12,Kalix kommun,Övrigt/oklassificerad,1
2025,12,Kiruna kommun,"Trafikolycka, vilt",4
2025,12,Kiruna kommun,Misshandel,3
2025,12,Kiruna kommun,Skadegörelse,2
2025,12,Kiruna kommun,Trafikbrott,2
2025,12,Kiruna kommun,Övrigt/oklassificerad,2
2025,12,Kiruna kommun,Brand,1
2025,12,Kiruna kommun,Rattfylleri,1
2025,12,Kiruna kommun,Trafikkontroll,1
2025,12,Kiruna kommun,"Trafikolycka,  vilt",1
2025,12,Luleå kommun,"Trafikolycka, vilt",5
2025,12,Luleå kommun,Rattfylleri,3
2025,12,Luleå kommun,Misshandel,2
2025,12,Luleå kommun,Trafikkontroll,2
2025,12,Luleå kommun,"Trafikolycka,  vilt",2
2025,12,Luleå kommun,Narkotikabrott,1
2025,12,Luleå kommun,Olaga intrång/hemfridsbrott,1
2025,12,Luleå kommun,Rån,1
2025,12,Luleå kommun,Trafikolycka,1
2025,12,Luleå kommun,Övrigt/oklassificerad,1
2025,12,"Norrbotten, okänd kommun","Trafikolycka, vilt",12
2025,12,"Norrbotten, okänd kommun",Narkotikabrott,2
2025,12,"Norrbotten, okänd kommun",Fylleri/LOB,1
2025,12,"Norrbotten, okänd kommun",Misshandel,1
2025,12,"Norrbotten, okänd kommun","Trafikolycka,  vilt",1
2025,12,"Norrbotten, okänd kommun",Övrigt/oklassificerad,1
2025,12,Pajala kommun,"Trafikolycka,  vilt",2
2025,12,Pajala kommun,Trafikolycka,1
2025,12,Pajala kommun,"Trafikolycka, vilt",1
2025,12,Piteå kommun,Rattfylleri,3
2025,12,Piteå kommun,Trafikkontroll,2
2025,12,Piteå kommun,"Trafikolycka, vilt",2
2025,12,Piteå kommun,Övrigt/oklassificerad,2
2025,12,Piteå kommun,Misshandel,1
2025,12,Piteå kommun,Olaga hot,1
2025,12,Älvsbyns kommun,"Trafikolycka, vilt",2
2025,12,Älvsbyns kommun,Olaga hot,1
2025,12,Älvsbyns kommun,Övrigt/oklassificerad,1
2025,12,Överkalix kommun,"Trafikolycka,  vilt",1
2025,12,Övertorneå kommun,"Trafikolycka,  vilt",1
2025,12,Övertorneå kommun,Övrigt/oklassificerad,1
2026,1,Arjeplogs kommun,Fjällräddning,1
2026,1,Arjeplogs kommun,Rattfylleri,1
2026,1,Arjeplogs kommun,"Trafikolycka,  vilt",1
2026,1,Arvidsjaurs kommun,Misshandel,1
2026,1,Bodens kommun,"Trafikolycka,  vilt",3
2026,1,Bodens kommun,"Trafikolycka, vilt",2
2026,1,Bodens kommun,Brand,1
2026,1,Bodens kommun,Rattfylleri,1
2026,1,Bodens kommun,Skadegörelse,1
2026,1,Bodens kommun,Trafikkontroll,1
2026,1,Bodens kommun,Trafikolycka,1
2026,1,Gällivare kommun,"Trafikolycka,  vilt",3
2026,1,Gällivare kommun,"Trafikolycka, vilt",2
2026,1,Gällivare kommun,Trafikolycka,1
2026,1,Haparanda kommun,Misshandel,1
2026,1,Haparanda kommun,Trafikbrott,1
2026,1,Jokkmokks kommun,Olovlig körning,1
2026,1,Jokkmokks kommun,Trafikbrott,1
2026,1,Jokkmokks kommun,"Trafikolycka,  vilt",1
2026,1,Kalix kommun,"Trafikolycka, vilt",3
2026,1,Kalix kommun,Trafikkontroll,2
2026,1,Kalix kommun,Brand,1
2026,1,Kiruna kommun,Trafikbrott,7
2026,1,Kiruna kommun,"Trafikolycka,  vilt",4
2026,1,Kiruna kommun,Misshandel,2
2026,1,Kiruna kommun,Brand,1
2026,1,Kiruna kommun,Ofredande/förargelse,1
2026,1,Kiruna kommun,Rattfylleri,1
2026,1,Kiruna kommun,Trafikolycka,1
2026,1,Kiruna kommun,"Trafikolycka, vilt",1
2026,1,Kiruna kommun,Övrigt/oklassificerad,1
2026,1,Luleå kommun,Rattfylleri,6
2026,1,Luleå kommun,Misshandel,4
2026,1,Luleå kommun,Trafikkontroll,4
2026,1,Luleå kommun,Trafikolycka,3
2026,1,Luleå kommun,Brand,2
2026,1,Luleå kommun,"Trafikolycka,  vilt",1
2026,1,Luleå kommun,"Trafikolycka, vilt",1
2026,1,Luleå kommun,Vapenlagen,1
2026,1,"Norrbotten, okänd kommun","Trafikolycka, vilt",40
2026,1,"Norrbotten, okänd kommun",Övrigt/oklassificerad,2
2026,1,"Norrbotten, okänd kommun",Fylleri/LOB,1
2026,1,Pajala kommun,"Trafikolycka, vilt",1
2026,1,Piteå kommun,Rattfylleri,3
2026,1,Piteå kommun,Misshandel,2
2026,1,Piteå kommun,Skadegörelse,2
2026,1,Piteå kommun,Bedrägeri,1
2026,1,Piteå kommun,Brand,1
2026,1,Piteå kommun,Fylleri/LOB,1
2026,1,Piteå kommun,Trafikbrott,1
2026,1,Älvsbyns kommun,Rattfylleri,2
2026,1,Älvsbyns kommun,"Trafikolycka,  vilt",2
2026,1,Älvsbyns kommun,"Trafikolycka, vilt",1
2026,1,Överkalix kommun,"Trafikolycka,  vilt",2
2026,1,Överkalix kommun,Olovlig körning,1
2026,1,Övertorneå kommun,"Trafikolycka, vilt",1
2026,2,Arvidsjaurs kommun,Rattfylleri,1
2026,2,Bodens kommun,"Trafikolycka,  vilt",2
2026,2,Bodens kommun,Knivlagen,1
2026,2,Bodens kommun,Misshandel,1
2026,2,Bodens kommun,Trafikkontroll,1
2026,2,Bodens kommun,"Trafikolycka, vilt",1
2026,2,Gällivare kommun,"Trafikolycka, vilt",2
2026,2,Gällivare kommun,Fylleri/LOB,1
2026,2,Gällivare kommun,Inbrott,1
2026,2,Gällivare kommun,Rattfylleri,1
2026,2,Gällivare kommun,Stöld,1
2026,2,Gällivare kommun,Trafikkontroll,1
2026,2,Gällivare kommun,"Trafikolycka,  vilt",1
2026,2,Haparanda kommun,Olaga intrång/hemfridsbrott,1
2026,2,Haparanda kommun,Trafikkontroll,1
2026,2,Haparanda kommun,"Trafikolycka,  vilt",1
2026,2,Haparanda kommun,"Trafikolycka, vilt",1
2026,2,Jokkmokks kommun,Ofredande/förargelse,2
2026,2,Jokkmokks kommun,Fjällräddning,1
2026,2,Jokkmokks kommun,Misshandel,1
2026,2,Jokkmokks kommun,"Trafikolycka,  vilt",1
2026,2,Jokkmokks kommun,Övrigt/oklassificerad,1
2026,2,Kalix kommun,"Trafikolycka,  vilt",2
2026,2,Kalix kommun,Misshandel,1
2026,2,Kiruna kommun,"Trafikolycka,  vilt",5
2026,2,Kiruna kommun,Trafikbrott,4
2026,2,Kiruna kommun,"Trafikolycka, vilt",2
2026,2,Kiruna kommun,Misshandel,1
2026,2,Kiruna kommun,Ofredande/förargelse,1
2026,2,Kiruna kommun,Olovlig körning,1
2026,2,Kiruna kommun,Trafikkontroll,1
2026,2,Kiruna kommun,Övrigt/oklassificerad,1
2026,2,Luleå kommun,Trafikkontroll,6
2026,2,Luleå kommun,Misshandel,3
2026,2,Luleå kommun,"Trafikolycka,  vilt",2
2026,2,Luleå kommun,Bedrägeri,1
2026,2,Luleå kommun,Brand,1
2026,2,Luleå kommun,Knivlagen,1
2026,2,Luleå kommun,Skadegörelse,1
2026,2,Luleå kommun,Trafikbrott,1
2026,2,"Norrbotten, okänd kommun","Trafikolycka, vilt",7
2026,2,"Norrbotten, okänd kommun",Övrigt/oklassificerad,2
2026,2,Pajala kommun,Stöld,1
2026,2,Pajala kommun,"Trafikolycka, vilt",1
2026,2,Piteå kommun,Trafikkontroll,4
2026,2,Piteå kommun,Brand,2
2026,2,Piteå kommun,Misshandel,2
2026,2,Piteå kommun,Rattfylleri,2
2026,2,Piteå kommun,Trafikolycka,2
2026,2,Piteå kommun,Fylleri/LOB,1
2026,2,Piteå kommun,Narkotikabrott,1
2026,2,Piteå kommun,Skadegörelse,1
2026,2,Piteå kommun,Stöld,1
2026,2,Piteå kommun,"Trafikolycka, vilt",1
2026,2,Piteå kommun,Övrigt/oklassificerad,1
2026,2,Älvsbyns kommun,"Trafikolycka,  vilt",2
2026,2,Älvsbyns kommun,Misshandel,1
2026,2,Älvsbyns kommun,Övrigt/oklassificerad,1
2026,3,Arjeplogs kommun,Olaga intrång/hemfridsbrott,1
2026,3,Arjeplogs kommun,Trafikkontroll,1
2026,3,Arjeplogs kommun,"Trafikolycka,  vilt",1
2026,3,Arjeplogs kommun,"Trafikolycka, vilt",1
2026,3,Arvidsjaurs kommun,Misshandel,1
2026,3,Arvidsjaurs kommun,"Trafikolycka,  vilt",1
2026,3,Arvidsjaurs kommun,Övrigt/oklassificerad,1
2026,3,Bodens kommun,Ofredande/förargelse,1
2026,3,Bodens kommun,Olaga intrång/hemfridsbrott,1
2026,3,Bodens kommun,Trafikbrott,1
2026,3,Bodens kommun,Trafikkontroll,1
2026,3,Bodens kommun,Trafikolycka,1
2026,3,Gällivare kommun,Olovlig körning,2
2026,3,Gällivare kommun,Misshandel,1
2026,3,Gällivare kommun,Skadegörelse,1
2026,3,Gällivare kommun,Trafikkontroll,1
2026,3,Jokkmokks kommun,"Trafikolycka,  vilt",1
2026,3,Jokkmokks kommun,Övrigt/oklassificerad,1
2026,3,Kalix kommun,Olovlig körning,1
2026,3,Kiruna kommun,Övrigt/oklassificerad,7
2026,3,Kiruna kommun,Trafikolycka,4
2026,3,Kiruna kommun,Trafikbrott,3
2026,3,Kiruna kommun,Trafikkontroll,3
2026,3,Kiruna kommun,Ofredande/förargelse,2
2026,3,Kiruna kommun,Olovlig körning,2
2026,3,Kiruna kommun,"Trafikolycka, vilt",2
2026,3,Kiruna kommun,Brand,1
2026,3,Kiruna kommun,Fjällräddning,1
2026,3,Kiruna kommun,Misshandel,1
2026,3,Kiruna kommun,Rattfylleri,1
2026,3,Kiruna kommun,"Trafikolycka,  vilt",1
2026,3,Luleå kommun,Misshandel,6
2026,3,Luleå kommun,Trafikkontroll,5
2026,3,Luleå kommun,Inbrott,3
2026,3,Luleå kommun,Fylleri/LOB,2
2026,3,Luleå kommun,Skadegörelse,2
2026,3,Luleå kommun,Övrigt/oklassificerad,2
2026,3,Luleå kommun,Knivlagen,1
2026,3,Luleå kommun,Olovlig körning,1
2026,3,Luleå kommun,Trafikbrott,1
2026,3,"Norrbotten, okänd kommun","Trafikolycka, vilt",3
2026,3,"Norrbotten, okänd kommun",Fylleri/LOB,1
2026,3,"Norrbotten, okänd kommun",Misshandel,1
2026,3,"Norrbotten, okänd kommun",Övrigt/oklassificerad,1
2026,3,Piteå kommun,Trafikkontroll,8
2026,3,Piteå kommun,Trafikbrott,3
2026,3,Piteå kommun,Ofredande/förargelse,2
2026,3,Piteå kommun,Misshandel,1
2026,3,Piteå kommun,Rattfylleri,1
2026,3,Piteå kommun,Övrigt/oklassificerad,1
2026,3,Älvsbyns kommun,Inbrott,1
2026,3,Älvsbyns kommun,Trafikolycka,1
2026,3,Älvsbyns kommun,"Trafikolycka,  vilt",1
2026,3,Överkalix kommun,Stöld,1
2026,3,Överkalix kommun,"Trafikolycka,  vilt",1
2026,3,Övertorneå kommun,"Trafikolycka,  vilt",1
2026,4,Arjeplogs kommun,"Trafikolycka,  vilt",2
2026,4,Arjeplogs kommun,Trafikkontroll,1
2026,4,Arjeplogs kommun,Trafikolycka,1
2026,4,Bodens kommun,Trafikkontroll,3
2026,4,Bodens kommun,Knivlagen,1
2026,4,Bodens kommun,Olaga hot,1
2026,4,Gällivare kommun,Trafikkontroll,2
2026,4,Gällivare kommun,Inbrott,1
2026,4,Gällivare kommun,Misshandel,1
2026,4,Gällivare kommun,Mord/dråp,1
2026,4,Gällivare kommun,Trafikbrott,1
2026,4,Gällivare kommun,Trafikolycka,1
2026,4,Gällivare kommun,"Trafikolycka, vilt",1
2026,4,Haparanda kommun,Skadegörelse,1
2026,4,Kalix kommun,Trafikbrott,2
2026,4,Kalix kommun,Olovlig körning,1
2026,4,Kalix kommun,Skadegörelse,1
2026,4,Kalix kommun,Trafikolycka,1
2026,4,Kalix kommun,"Trafikolycka,  vilt",1
2026,4,Kalix kommun,Övrigt/oklassificerad,1
2026,4,Kiruna kommun,Trafikbrott,2
2026,4,Kiruna kommun,Fjällräddning,1
2026,4,Kiruna kommun,Misshandel,1
2026,4,Kiruna kommun,Rattfylleri,1
2026,4,Kiruna kommun,Trafikkontroll,1
2026,4,Kiruna kommun,"Trafikolycka,  vilt",1
2026,4,Luleå kommun,Trafikkontroll,8
2026,4,Luleå kommun,Misshandel,4
2026,4,Luleå kommun,Trafikbrott,4
2026,4,Luleå kommun,Ofredande/förargelse,3
2026,4,Luleå kommun,Brand,2
2026,4,Luleå kommun,Narkotikabrott,2
2026,4,Luleå kommun,"Trafikolycka, vilt",2
2026,4,Luleå kommun,Fylleri/LOB,1
2026,4,Luleå kommun,Rattfylleri,1
2026,4,Luleå kommun,"Stöld,  ringa",1
2026,4,Luleå kommun,Trafikolycka,1
2026,4,Luleå kommun,"Trafikolycka,  vilt",1
2026,4,"Norrbotten, okänd kommun",Misshandel,3
2026,4,"Norrbotten, okänd kommun",Fylleri/LOB,1
2026,4,"Norrbotten, okänd kommun",Narkotikabrott,1
2026,4,"Norrbotten, okänd kommun","Trafikolycka, vilt",1
2026,4,Pajala kommun,"Trafikolycka, vilt",1
2026,4,Piteå kommun,Trafikkontroll,3
2026,4,Piteå kommun,Rattfylleri,2
2026,4,Piteå kommun,Brand,1
2026,4,Piteå kommun,Misshandel,1
2026,4,Piteå kommun,Narkotikabrott,1
2026,4,Piteå kommun,Övrigt/oklassificerad,1
2026,4,Älvsbyns kommun,"Trafikolycka,  vilt",1
2026,4,Älvsbyns kommun,"Trafikolycka, vilt",1
2026,5,Arvidsjaurs kommun,Rattfylleri,1
2026,5,Arvidsjaurs kommun,"Trafikolycka,  vilt",1
2026,5,Bodens kommun,Rattfylleri,3
2026,5,Bodens kommun,Misshandel,2
2026,5,Bodens kommun,Trafikkontroll,2
2026,5,Bodens kommun,Bedrägeri,1
2026,5,Bodens kommun,Fylleri/LOB,1
2026,5,Bodens kommun,Inbrott,1
2026,5,Bodens kommun,Trafikbrott,1
2026,5,Gällivare kommun,Ofredande/förargelse,2
2026,5,Gällivare kommun,Misshandel,1
2026,5,Gällivare kommun,Skadegörelse,1
2026,5,Gällivare kommun,Stöld,1
2026,5,Gällivare kommun,Trafikkontroll,1
2026,5,Gällivare kommun,"Trafikolycka, vilt",1
2026,5,Haparanda kommun,Stöld,2
2026,5,Haparanda kommun,Trafikkontroll,1
2026,5,Jokkmokks kommun,"Trafikolycka, vilt",1
2026,5,Kalix kommun,Trafikkontroll,2
2026,5,Kalix kommun,Misshandel,1
2026,5,Kalix kommun,Skadegörelse,1
2026,5,Kiruna kommun,Trafikbrott,6
2026,5,Kiruna kommun,Ofredande/förargelse,2
2026,5,Kiruna kommun,Skadegörelse,2
2026,5,Kiruna kommun,Misshandel,1
2026,5,Kiruna kommun,Narkotikabrott,1
2026,5,Kiruna kommun,Olovlig körning,1
2026,5,Kiruna kommun,Vapenlagen,1
2026,5,Luleå kommun,Misshandel,9
2026,5,Luleå kommun,Trafikkontroll,6
2026,5,Luleå kommun,Trafikolycka,4
2026,5,Luleå kommun,"Trafikolycka,  vilt",4
2026,5,Luleå kommun,Trafikbrott,3
2026,5,Luleå kommun,Narkotikabrott,2
2026,5,Luleå kommun,Rattfylleri,2
2026,5,Luleå kommun,Rån,2
2026,5,Luleå kommun,"Trafikolycka, vilt",2
2026,5,Luleå kommun,Brand,1
2026,5,Luleå kommun,Fylleri/LOB,1
2026,5,Luleå kommun,Inbrott,1
2026,5,Luleå kommun,Knivlagen,1
2026,5,Luleå kommun,Ofredande/förargelse,1
2026,5,Luleå kommun,Skadegörelse,1
2026,5,Luleå kommun,Stöld,1
2026,5,Luleå kommun,Övrigt/oklassificerad,1
2026,5,"Norrbotten, okänd kommun","Trafikolycka, vilt",4
2026,5,Pajala kommun,Skadegörelse,1
2026,5,Piteå kommun,Misshandel,2
2026,5,Piteå kommun,Narkotikabrott,2
2026,5,Piteå kommun,Bedrägeri,1
2026,5,Piteå kommun,Brand,1
2026,5,Piteå kommun,Fylleri/LOB,1
2026,5,Piteå kommun,Ofredande/förargelse,1
2026,5,Piteå kommun,Rattfylleri,1
2026,5,Piteå kommun,Trafikkontroll,1
2026,5,Piteå kommun,Trafikolycka,1
2026,5,Piteå kommun,"Trafikolycka,  vilt",1
2026,5,Älvsbyns kommun,Övrigt/oklassificerad,1
2026,5,Överkalix kommun,Trafikolycka,1
2026,5,Övertorneå kommun,Övrigt/oklassificerad,1
2026,6,Arvidsjaurs kommun,Misshandel,1
2026,6,Arvidsjaurs kommun,"Trafikolycka,  vilt",1
2026,6,Bodens kommun,Rattfylleri,3
2026,6,Bodens kommun,Trafikbrott,2
2026,6,Bodens kommun,Misshandel,1
2026,6,Bodens kommun,Olovlig körning,1
2026,6,Bodens kommun,Trafikkontroll,1
2026,6,Bodens kommun,"Trafikolycka,  vilt",1
2026,6,Bodens kommun,"Trafikolycka, vilt",1
2026,6,Gällivare kommun,Övrigt/oklassificerad,2
2026,6,Gällivare kommun,Misshandel,1
2026,6,Gällivare kommun,Ofredande/förargelse,1
2026,6,Gällivare kommun,Skadegörelse,1
2026,6,Gällivare kommun,Trafikkontroll,1
2026,6,Gällivare kommun,"Trafikolycka,  vilt",1
2026,6,Gällivare kommun,"Trafikolycka, vilt",1
2026,6,Haparanda kommun,Misshandel,1
2026,6,Haparanda kommun,Olovlig körning,1
2026,6,Haparanda kommun,Skadegörelse,1
2026,6,Jokkmokks kommun,Misshandel,2
2026,6,Jokkmokks kommun,Skadegörelse,1
2026,6,Kalix kommun,Rattfylleri,3
2026,6,Kalix kommun,Trafikkontroll,2
2026,6,Kalix kommun,Misshandel,1
2026,6,Kalix kommun,Skadegörelse,1
2026,6,Kalix kommun,"Trafikolycka,  vilt",1
2026,6,Kiruna kommun,Misshandel,2
2026,6,Kiruna kommun,Trafikkontroll,2
2026,6,Kiruna kommun,Trafikolycka,2
2026,6,Kiruna kommun,Brand,1
2026,6,Kiruna kommun,Fjällräddning,1
2026,6,Kiruna kommun,Knivlagen,1
2026,6,Kiruna kommun,Skadegörelse,1
2026,6,Kiruna kommun,Trafikbrott,1
2026,6,Kiruna kommun,Övrigt/oklassificerad,1
2026,6,Luleå kommun,Misshandel,6
2026,6,Luleå kommun,Trafikkontroll,3
2026,6,Luleå kommun,Fylleri/LOB,2
2026,6,Luleå kommun,Inbrott,2
2026,6,Luleå kommun,Skadegörelse,2
2026,6,Luleå kommun,Trafikolycka,2
2026,6,Luleå kommun,Bedrägeri,1
2026,6,Luleå kommun,Brand,1
2026,6,Luleå kommun,Knivlagen,1
2026,6,Luleå kommun,Narkotikabrott,1
2026,6,Luleå kommun,Ofredande/förargelse,1
2026,6,Luleå kommun,Olovlig körning,1
2026,6,Luleå kommun,Rattfylleri,1
2026,6,"Norrbotten, okänd kommun","Trafikolycka, vilt",2
2026,6,"Norrbotten, okänd kommun",Fylleri/LOB,1
2026,6,"Norrbotten, okänd kommun",Misshandel,1
2026,6,Piteå kommun,Rattfylleri,4
2026,6,Piteå kommun,Misshandel,3
2026,6,Piteå kommun,Narkotikabrott,1
2026,6,Piteå kommun,Ofredande/förargelse,1
2026,6,Piteå kommun,Skadegörelse,1
2026,6,Piteå kommun,Trafikbrott,1
2026,6,Piteå kommun,Trafikkontroll,1
2026,6,Älvsbyns kommun,Inbrott,1
2026,6,Älvsbyns kommun,Rattfylleri,1
2026,6,Överkalix kommun,Misshandel,1
2026,7,Arjeplogs kommun,"Trafikolycka,  vilt",2
2026,7,Arvidsjaurs kommun,Olaga intrång/hemfridsbrott,1
2026,7,Arvidsjaurs kommun,"Trafikolycka,  vilt",1
2026,7,Arvidsjaurs kommun,"Trafikolycka, vilt",1
2026,7,Bodens kommun,Trafikkontroll,7
2026,7,Bodens kommun,Misshandel,2
2026,7,Bodens kommun,Olovlig körning,2
2026,7,Bodens kommun,Rattfylleri,2
2026,7,Bodens kommun,Trafikolycka,2
2026,7,Bodens kommun,Inbrott,1
2026,7,Gällivare kommun,Trafikkontroll,3
2026,7,Gällivare kommun,"Trafikolycka, vilt",2
2026,7,Gällivare kommun,Inbrott,1
2026,7,Gällivare kommun,Misshandel,1
2026,7,Gällivare kommun,Ofredande/förargelse,1
2026,7,Gällivare kommun,Olovlig körning,1
2026,7,Gällivare kommun,Skadegörelse,1
2026,7,Gällivare kommun,Trafikbrott,1
2026,7,Gällivare kommun,"Trafikolycka,  vilt",1
2026,7,Haparanda kommun,Rattfylleri,2
2026,7,Haparanda kommun,Misshandel,1
2026,7,Haparanda kommun,Narkotikabrott,1
2026,7,Haparanda kommun,Olovlig körning,1
2026,7,Haparanda kommun,Trafikolycka,1
2026,7,Jokkmokks kommun,Misshandel,1
2026,7,Jokkmokks kommun,"Trafikolycka,  vilt",1
2026,7,Jokkmokks kommun,Övrigt/oklassificerad,1
2026,7,Kalix kommun,Misshandel,1
2026,7,Kalix kommun,Trafikbrott,1
2026,7,Kalix kommun,"Trafikolycka,  vilt",1
2026,7,Kalix kommun,"Trafikolycka, vilt",1
2026,7,Kiruna kommun,Misshandel,2
2026,7,Kiruna kommun,Trafikbrott,2
2026,7,Kiruna kommun,Trafikkontroll,2
2026,7,Kiruna kommun,Fjällräddning,1
2026,7,Kiruna kommun,Skadegörelse,1
2026,7,Kiruna kommun,"Trafikolycka,  vilt",1
2026,7,Kiruna kommun,Övrigt/oklassificerad,1
2026,7,Luleå kommun,Trafikkontroll,5
2026,7,Luleå kommun,Trafikolycka,3
2026,7,Luleå kommun,Knivlagen,2
2026,7,Luleå kommun,Skadegörelse,2
2026,7,Luleå kommun,Stöld,2
2026,7,Luleå kommun,Arbetsplatsolycka,1
2026,7,Luleå kommun,Inbrott,1
2026,7,Luleå kommun,Misshandel,1
2026,7,Luleå kommun,Olovlig körning,1
2026,7,Luleå kommun,Rattfylleri,1
2026,7,Luleå kommun,Trafikbrott,1
2026,7,Luleå kommun,"Trafikolycka,  vilt",1
2026,7,"Norrbotten, okänd kommun",Misshandel,2
2026,7,"Norrbotten, okänd kommun","Trafikolycka, vilt",1
2026,7,Pajala kommun,Olaga hot,1
2026,7,Pajala kommun,"Trafikolycka,  vilt",1
2026,7,Pajala kommun,"Trafikolycka, vilt",1
2026,7,Piteå kommun,Misshandel,4
2026,7,Piteå kommun,Trafikbrott,4
2026,7,Piteå kommun,Ofredande/förargelse,3
2026,7,Piteå kommun,Brand,1
2026,7,Piteå kommun,Fylleri/LOB,1
2026,7,Piteå kommun,Narkotikabrott,1
2026,7,Piteå kommun,Olaga intrång/hemfridsbrott,1
2026,7,Piteå kommun,Olovlig körning,1
2026,7,Piteå kommun,Rattfylleri,1
2026,7,Piteå kommun,Trafikkontroll,1
2026,7,Piteå kommun,Våld/hot mot tjänsteman,1
2026,7,Överkalix kommun,Misshandel,1
2026,7,Överkalix kommun,"Trafikolycka, vilt",1
2026,7,Övertorneå kommun,Trafikolycka,2
2026,7,Övertorneå kommun,Våld/hot mot tjänsteman,1
2026,8,Arjeplogs kommun,"Trafikolycka,  vilt",3
2026,8,Arvidsjaurs kommun,Misshandel,2
2026,8,Arvidsjaurs kommun,"Trafikolycka,  vilt",1
2026,8,Arvidsjaurs kommun,Övrigt/oklassificerad,1
2026,8,Bodens kommun,Trafikkontroll,5
2026,8,Bodens kommun,Misshandel,3
2026,8,Bodens kommun,Fylleri/LOB,1
2026,8,Bodens kommun,Narkotikabrott,1
2026,8,Bodens kommun,Rattfylleri,1
2026,8,Gällivare kommun,Fjällräddning,1
2026,8,Gällivare kommun,Fylleri/LOB,1
2026,8,Gällivare kommun,Trafikbrott,1
2026,8,Gällivare kommun,Trafikolycka,1
2026,8,Jokkmokks kommun,Rattfylleri,2
2026,8,Jokkmokks kommun,"Trafikolycka, vilt",2
2026,8,Jokkmokks kommun,Misshandel,1
2026,8,Jokkmokks kommun,"Trafikolycka,  vilt",1
2026,8,Jokkmokks kommun,Övrigt/oklassificerad,1
2026,8,Kalix kommun,Trafikkontroll,4
2026,8,Kalix kommun,Fylleri/LOB,1
2026,8,Kalix kommun,Skadegörelse,1
2026,8,Kalix kommun,Våld/hot mot tjänsteman,1
2026,8,Kiruna kommun,Rattfylleri,4
2026,8,Kiruna kommun,Ofredande/förargelse,2
2026,8,Kiruna kommun,Skadegörelse,2
2026,8,Kiruna kommun,Trafikbrott,2
2026,8,Kiruna kommun,Övrigt/oklassificerad,2
2026,8,Kiruna kommun,Brand,1
2026,8,Kiruna kommun,Fjällräddning,1
2026,8,Kiruna kommun,Misshandel,1
2026,8,Kiruna kommun,Trafikolycka,1
2026,8,Luleå kommun,Misshandel,7
2026,8,Luleå kommun,Trafikkontroll,7
2026,8,Luleå kommun,"Trafikolycka,  vilt",3
2026,8,Luleå kommun,Fylleri/LOB,2
2026,8,Luleå kommun,Ofredande/förargelse,2
2026,8,Luleå kommun,Trafikolycka,2
2026,8,Luleå kommun,Knivlagen,1
2026,8,Luleå kommun,Olovlig körning,1
2026,8,Luleå kommun,Rattfylleri,1
2026,8,Luleå kommun,Stöld,1
2026,8,Luleå kommun,"Trafikolycka, vilt",1
2026,8,"Norrbotten, okänd kommun","Trafikolycka, vilt",5
2026,8,"Norrbotten, okänd kommun",Misshandel,1
2026,8,Pajala kommun,Trafikbrott,1
2026,8,Piteå kommun,Trafikolycka,3
2026,8,Piteå kommun,Rattfylleri,2
2026,8,Piteå kommun,Arbetsplatsolycka,1
2026,8,Piteå kommun,Bedrägeri,1
2026,8,Piteå kommun,Brand,1
2026,8,Älvsbyns kommun,"Trafikolycka,  vilt",2
2026,8,Älvsbyns kommun,Brand,1
2026,8,Älvsbyns kommun,Rattfylleri,1
2026,9,Arvidsjaurs kommun,Rattfylleri,1
2026,9,Bodens kommun,Trafikkontroll,2
2026,9,Bodens kommun,"Trafikolycka, vilt",2
2026,9,Bodens kommun,Fylleri/LOB,1
2026,9,Bodens kommun,Misshandel,1
2026,9,Bodens kommun,Rattfylleri,1
2026,9,Bodens kommun,"Trafikolycka,  vilt",1
2026,9,Gällivare kommun,Rattfylleri,1
2026,9,Gällivare kommun,Skadegörelse,1
2026,9,Gällivare kommun,Trafikbrott,1
2026,9,Gällivare kommun,Trafikkontroll,1
2026,9,Gällivare kommun,Trafikolycka,1
2026,9,Gällivare kommun,Våld/hot mot tjänsteman,1
2026,9,Gällivare kommun,Övrigt/oklassificerad,1
2026,9,Haparanda kommun,Brand,1
2026,9,Haparanda kommun,Inbrott,1
2026,9,Haparanda kommun,Stöld,1
2026,9,Jokkmokks kommun,Trafikkontroll,1
2026,9,Kalix kommun,Brand,3
2026,9,Kalix kommun,Narkotikabrott,2
2026,9,Kalix kommun,Misshandel,1
2026,9,Kalix kommun,Olovlig körning,1
2026,9,Kalix kommun,"Trafikolycka, vilt",1
2026,9,Kiruna kommun,Trafikkontroll,2
2026,9,Kiruna kommun,Bedrägeri,1
2026,9,Kiruna kommun,Brand,1
2026,9,Kiruna kommun,Narkotikabrott,1
2026,9,Kiruna kommun,Rattfylleri,1
2026,9,Kiruna kommun,Trafikbrott,1
2026,9,Kiruna kommun,"Trafikolycka, vilt",1
2026,9,Luleå kommun,Misshandel,4
2026,9,Luleå kommun,Trafikkontroll,4
2026,9,Luleå kommun,Rattfylleri,3
2026,9,Luleå kommun,Trafikolycka,2
2026,9,Luleå kommun,Brand,1
2026,9,Luleå kommun,Inbrott,1
2026,9,Luleå kommun,Narkotikabrott,1
2026,9,Luleå kommun,Ofredande/förargelse,1
2026,9,Luleå kommun,Rån,1
2026,9,Luleå kommun,Skadegörelse,1
2026,9,Luleå kommun,Trafikbrott,1
2026,9,"Norrbotten, okänd kommun","Trafikolycka, vilt",17
2026,9,"Norrbotten, okänd kommun",Misshandel,2
2026,9,"Norrbotten, okänd kommun",Fylleri/LOB,1
2026,9,Pajala kommun,Trafikolycka,1
2026,9,Piteå kommun,Misshandel,2
2026,9,Piteå kommun,Trafikkontroll,2
2026,9,Piteå kommun,Ofredande/förargelse,1
2026,9,Piteå kommun,Skadegörelse,1
2026,9,Piteå kommun,Övrigt/oklassificerad,1
2026,9,Älvsbyns kommun,Rattfylleri,1
2026,9,Älvsbyns kommun,Trafikolycka,1
2026,9,Älvsbyns kommun,"Trafikolycka, vilt",1
2026,9,Överkalix kommun,Stöld,1
2026,9,Överkalix kommun,"Trafikolycka, vilt",1
2026,9,Övertorneå kommun,Trafikolycka,1
2026,10,Arjeplogs kommun,Narkotikabrott,1
2026,10,Bodens kommun,Brand,1
2026,10,Bodens kommun,Trafikbrott,1
2026,10,Bodens kommun,Trafikkontroll,1
2026,10,Gällivare kommun,Brand,1
2026,10,Gällivare kommun,Misshandel,1
2026,10,Gällivare kommun,Trafikkontroll,1
2026,10,Gällivare kommun,"Trafikolycka,  vilt",1
2026,10,Gällivare kommun,Övrigt/oklassificerad,1
2026,10,Haparanda kommun,Rattfylleri,1
2026,10,Kalix kommun,Trafikolycka,1
2026,10,Kiruna kommun,Misshandel,1
2026,10,Kiruna kommun,Rattfylleri,1
2026,10,Kiruna kommun,Skadegörelse,1
2026,10,Luleå kommun,Misshandel,2
2026,10,Luleå kommun,Fylleri/LOB,1
2026,10,Luleå kommun,Olovlig körning,1
2026,10,Luleå kommun,Trafikkontroll,1
2026,10,Luleå kommun,"Trafikolycka,  vilt",1
2026,10,Luleå kommun,"Trafikolycka, vilt",1
2026,10,"Norrbotten, okänd kommun","Trafikolycka, vilt",2
2026,10,Piteå kommun,Ofredande/förargelse,5
2026,10,Piteå kommun,Trafikkontroll,1
2026,10,Övertorneå kommun,Övrigt/oklassificerad,1
