parent_event_id,date,year,month,summary_type,time,event_type_extracted,place_text,municipality,geography_group,description,source_link,confidence
17169,2017-02-18,2017,2,Sammanfattning natt,00:23,Bensbyvägen,"Luleå, rattfylleri, brov olovlig körning och narkotikabrott innehav på misstänkt personbilsförare",,"Norrbotten, okänd kommun","Kl 00:41 , Terassgatan, Kiruna, anmälan om misshandel på adressen. När polis kommer till platsen är alla på plats på berusade att det inte går att fastställa vad som hänt. Den som uppger sig vara misshandlad, en man i 16-års åldern, ska återkomma under dagen med ev anmälan.",http://polisen.se/Stockholms_lan/Aktuellt/Handelser/Norrbotten/2017-02-18-0655-Sammanfattning-natt-Norrbotten/,medium
17169,2017-02-18,2017,2,Sammanfattning natt,01:50,Mörtbergsvägen,"Älvsbyn, rattfylleri man i 20-års åldern",Älvsbyn,Övriga Norrbotten,"Förutom dessa ärenden den vanliga blandningen av bråk som inte föranlett åtgärd från polisen, fyllerier, kontroller av personer/fordon, personer med psykisk ohälsa och trafikolyckor.

Polisen Norrbotten
En natt med normal belastning, inga akuta händelser
En natt med normal belastning, inga akuta händelser",http://polisen.se/Stockholms_lan/Aktuellt/Handelser/Norrbotten/2017-02-18-0655-Sammanfattning-natt-Norrbotten/,high
24664,2017-04-14,2017,4,Sammanfattning kväll och natt,19:00,E10 Räktforsen,Överkalix,Överkalix,Övriga Norrbotten,"Drograttfylleri
En personbil kontrolleras på E10. Föraren och en passagerare uppvisar tydliga tecken på att vara påverkad av narkotika och för följa med patrullen för provtagning och förhör. De misstänkta är båda i 20-årsåldern.
Polisen Norrbotten
Här presenteras löpande ett urval av händelser från länet.
Här presenteras löpande ett urval av händelser från länet.",http://polisen.se/Stockholms_lan/Aktuellt/Handelser/Norrbotten/2017-04-14-2029-Sammanfattning-kvall-och-natt-Norrbotten/,high
24905,2017-04-17,2017,4,Sammanfattning natt,03:30,Luleå,Timmermansgatan,,"Norrbotten, okänd kommun","Misshandel
Samtal kommer in till polisen om en misshandel vid Max. Patrull anländer snabbt till platsen men gärningsmännen har då lämnat. Patrull samtalar med målsägande och lyckas sedan genom idogt arbete lokalisera två misstänkta gärningsmän. Dessa två omhändertas då de är kraftigt berusade.

Polisen Norrbotten
Ett axplock av nattens händelser i Norrbotten
Ett axplock av nattens händelser i Norrbotten",http://polisen.se/Stockholms_lan/Aktuellt/Handelser/Norrbotten/2017-04-16-2300-Sammanfattning-natt-Norrbotten/,medium
26458,2017-04-29,2017,4,Sammanfattning natt,00:22,Luleå,Storgatan,Kiruna,Övriga Norrbotten,"Skadegörelse
En person sparkar omkull en motorcykel i ett parkeringsgarage. Anmälaren jagar efter gärningmannen utan att hinna ikapp. Patrull åker till platsen för att ta upp en anmälan samt dokumentera skadorna på motorcykeln.
01:00, Kiruna Bishop Arms
Fylleri
En person omhändertas för berusning av ordningsvakt, personen är ganska agiterad och patrull beslutar att den omhändertagne skall sova på polisstationen.
Polisen Norrbotten
Nattens händelser i Norrbotten
Nattens händelser i Norrbotten",http://polisen.se/Stockholms_lan/Aktuellt/Handelser/Norrbotten/2017-04-30-0014-Sammanfattning-natt-Norrbotten/,high
26692,2017-05-02,2017,5,Sammanfattning kväll och natt,00:57,fylleri. En person omhändertas enligt LOB,lagen om omhändertagande av berusade personer i centrala Luleå,,"Norrbotten, okänd kommun","Kl 19.07 inbrott, Boden. En person anmäler att förrådet blivit uppbrutet och att sommardäck och poleringsmaskin är stulna.
Kl 06.30 inbrott, Pajala. En person upptäcker att fönstret är uppbrutet på morgonen. Oklart vad som är stulet. Teknisk undersökning kommer att genomföras under dagen.
Polisen Norrbotten
Kort sammanfattning med urval av händelser i Norrbotten.
Kort sammanfattning med urval av händelser i Norrbotten.",http://polisen.se/Stockholms_lan/Aktuellt/Handelser/Norrbotten/2017-05-02-0811-Sammanfattning-kvall-och-natt-Norrbotten/,medium
31980,2017-06-15,2017,6,Sammanfattning kväll och natt,02:48,Gammelstadsvägen,"Luleå, rattfylleri. En man i 35-års åldern blir vid kontroll misstänkt för drograttfylleri",,"Norrbotten, okänd kommun","Kl 03:10 Kalixfors, Kiruna. Tre örnar påkörda och dödade av tåget. Fåglarna har uppehållit sig intill järnvägsspåret vid tidigare påkörd ren. Fåglarna är sk statens vilt och lämnas in till polisen för vidare befordran till Naturhistoriska Muséet.
Polisen Norrbotten
En natt utan större händelser att rapportera om, urval visas
En natt utan större händelser att rapportera om, urval visas",http://polisen.se/Stockholms_lan/Aktuellt/Handelser/Norrbotten/2017-06-15-0729-Sammanfattning-kvall-och-natt-Norrbotten/,medium
33151,2017-06-25,2017,6,Sammanfattning kväll,16:25,Luleå,Lantmätarvägen,,"Norrbotten, okänd kommun","Överfallslarm
Personal på ett boende har tryckt på överfallslarm, operatör som tar emot larmet kan höra att det är ""stökigt"" på platsen. Flertalet polispatruller skickas till platsen. Patrull är fortfarande kvar för att reda ut vad som hänt men det skall vara två stycken män som bråkat med varandra.
Polisen Norrbotten
Kvällen i Norrbotten
Kvällen i Norrbotten",http://polisen.se/Stockholms_lan/Aktuellt/Handelser/Norrbotten/2017-06-25-1714-Sammanfattning-kvall-Norrbotten/,medium
34365,2017-07-06,2017,7,Sammanfattning kväll,22:05,Pajala,LV 395,,"Norrbotten, okänd kommun","Hastighetsöverträdelse
Patrull har hastighetskontroll längs LV 395. Ettt fordon stoppas efter att ha framförts i 152 km/h på skyltad 60 km/h. Mannen som är i 25 års åldern blev 4000 kronor fattigare och körkortslös.",http://polisen.se/Stockholms_lan/Aktuellt/Handelser/Norrbotten/2017-07-07-0017-Sammanfattning-kvall-Norrbotten/,medium
34365,2017-07-06,2017,7,Sammanfattning kväll,22:30,Pajala,LV 395,,"Norrbotten, okänd kommun","Drograttfylleri
En man i 20 års åldern stoppades längs ovan väg då han framförde en personbil. Han blev misstänkt för drograttfylleri då han misstänks vara påverkad av narkotika. Mannen fick följa med patrullen för provtagning",http://polisen.se/Stockholms_lan/Aktuellt/Handelser/Norrbotten/2017-07-07-0017-Sammanfattning-kvall-Norrbotten/,medium
34365,2017-07-06,2017,7,Sammanfattning kväll,22:55,Luleå,Storgatan,,"Norrbotten, okänd kommun","Stöld i butik
En man i 20 års åldern tas av butikskontrollanter då han snattat. Mannen som väldigt berusad blir misstänkt för snatteri och får följa med polispatrull till stationen för att sova i LOB cell.
Polisen Norrbotten
Natten i Norrbotten
Natten i Norrbotten",http://polisen.se/Stockholms_lan/Aktuellt/Handelser/Norrbotten/2017-07-07-0017-Sammanfattning-kvall-Norrbotten/,medium
38001,2017-08-11,2017,8,Sammanfattning kväll,12:55,stöld/inbrott,"Nedre Harads samt Krokfors, Boden",Boden,Övriga Norrbotten,"På eftermiddagen upptäcktes inbrott i ca 5 stugor. Det har tillgripits bl.a. verktyg, maskiner och en cross. Patrull har varit på plats och sökt spår under kvällen. Ingen misstänkt i nuläget.
Polisen Norrbotten
Följande händelser finns att rapportera.
Följande händelser finns att rapportera.",http://polisen.se/Stockholms_lan/Aktuellt/Handelser/Norrbotten/2017-08-11-2221-Sammanfattning-kvall-Norrbotten/,high
38002,2017-08-11,2017,8,Sammanfattning kväll,12:55,stöld/inbrott,"Nedre Harads, Boden",Boden,Övriga Norrbotten,"På eftermiddagen upptäcktes inbrott i tre stugor. Det har tillgripits bl.a. verktyg, maskiner och en cross. Patrull har varit på plats och sökt spår under kvällen. Ingen misstänkt i nuläget.
Polisen Norrbotten
Följande händelser finns att rapportera.
Följande händelser finns att rapportera.",http://polisen.se/Stockholms_lan/Aktuellt/Handelser/Norrbotten/2017-08-11-2221-Sammanfattning-kvall-Norrbotten1/,high
40307,2017-09-02,2017,9,Sammanfattning kväll och natt,00:42,Luleå,Centrala stan,,"Norrbotten, okänd kommun","Rattfylleri
Patrull stoppar en bil i centrala Luleå och föraren, en man i 20 års åldern blir misstänkt för rattfylleri. Mannen får följa med till polisstationen för provtagning.
01:34; Kiruna, Föreningsgatan
Misshandel
Ett bråk uppstod på Royal Diner och en person grips av ordningsvakt. Patrull åker till platsen och tar upp en anmälan och håller förhör samt tar med sig den misstänkte till stationen.",http://polisen.se/Stockholms_lan/Aktuellt/Handelser/Norrbotten/2017-09-01-2209-Sammanfattning-kvall-och-natt-Norrbotten/,medium
40307,2017-09-02,2017,9,Sammanfattning kväll och natt,01:39,Luleå,Smedjegatan,,"Norrbotten, okänd kommun","Misshandel
En patrull observerar ett bråk som de avbryter. De omhändertar en person och det blir en anmälan angående misshandel.

Polisen Norrbotten
Kvällens/nattens händelser
Kvällens/nattens händelser",http://polisen.se/Stockholms_lan/Aktuellt/Handelser/Norrbotten/2017-09-01-2209-Sammanfattning-kvall-och-natt-Norrbotten/,medium
42016,2017-09-15,2017,9,Sammanfattning natt,22:10,Luleå,Hertsön,,"Norrbotten, okänd kommun","Grov olovlig körning
Patrull stoppar en personbil och kvinnan som framför bilen har inget körkort och misstänks för grov olovlig körning. Kvinnan är i 30 års åldern.

Polisen Norrbotten
Natten i Norrbotten
Natten i Norrbotten",http://polisen.se/Stockholms_lan/Aktuellt/Handelser/Norrbotten/2017-09-15-1823-Sammanfattning-natt-Norrbotten/,medium
42092,2017-09-16,2017,9,Sammanfattning kväll och natt,15:15,Luleå,ICA Maxi,,"Norrbotten, okänd kommun","Stöld och brott mot knivlagen
En person grips av väktare misstänkt för stöld. I samband med att patrull kommer till platsen hittas ett tillhygge på kvinnan som är i 40 års åldern.

Polisen Norrbotten
Kväll och natt i Norrbotten
Kväll och natt i Norrbotten",http://polisen.se/Stockholms_lan/Aktuellt/Handelser/Norrbotten/2017-09-16-1819-Sammanfattning-kvall-och-natt-Norrbotten/,medium
51222,2017-11-29,2017,11,Sammanfattning kväll,14:49,Väderleden,Luleå,,"Norrbotten, okänd kommun","Trafikolycka
Flera fordon har varit inblandad i en trafikolycka. Det var inga allvarliga skador på någon av de inblandade enligt de uppgifter som inkommit. En person rapporteras för att ha orakat denna olycka.
16:30, Kiruna
Djur
En röd irländsk setter skall finns på polsstationen i Kiruna. Den saknar sin ägare och önskar att bli hämtad.
19:31 hämntade en glad ägare sin hund",http://polisen.se/Stockholms_lan/Aktuellt/Handelser/Norrbotten/2017-11-29-1653-Sammanfattning-kvall-Norrbotten/,medium
51222,2017-11-29,2017,11,Sammanfattning kväll,20:30,Gamla Lulevägen,Boden,Boden,Övriga Norrbotten,"Trafikolycka
Två personbilar har kolliderat i korsningen Gamla Lulevägen / Svartbyleden. En person är förd med ambulans till Sunderbyns sjukhus för vård. Skadebilden är än så länge okänd.

Polisen Norrbotten
Kvällen i Norrbotten
Kvällen i Norrbotten",http://polisen.se/Stockholms_lan/Aktuellt/Handelser/Norrbotten/2017-11-29-1653-Sammanfattning-kvall-Norrbotten/,high
51715,2017-12-04,2017,12,Sammanfattning natt,02:03,Öjebyn,Piteå,Piteå,Övriga Norrbotten,"Polisen kontrollerade hastigheten i trafiken under natten, utan några anmärkningar.
Kl 02:53, E4 Råneå
Samtal till polisen om att cirka 12 rådjur står under viadukten vid norra infarten på E4:an.",http://polisen.se/Stockholms_lan/Aktuellt/Handelser/Norrbotten/2017-12-04-0700-Sammanfattning-natt-Norrbotten/,high
51715,2017-12-04,2017,12,Sammanfattning natt,03:23,riksväg 97 Sanden,Boden,Boden,Övriga Norrbotten,"En polispatrull påträffar två döda rådjur på vägen. Patrullen drar djuren till sidan av vägen för att förhindra ytterligare olyckor.
Ingen trafikant har ännu hört av sig och meddelat trafikolyckan. Det kan därför komma att rubriceras som en smitning från trafikolycka.
Kl 03:31 E4 Vånafjärden, Kalix
Många renar längs E4 mellan Kalix och Sangis. Dels vid Motorstadion och sedan en mil därifrån.
Var uppmärksam och kör försiktigt om du passerar på sträckan.
Kl 04:46 riksväg 97 Storsand, Boden
Bilist har kolliderat med en älgkalv strax norr om Storsand. Inga personskador. Älgen skadades och blev liggandes mitt på vägen. En eftersöksjägare kallas ut.
Kl 05:07 Rörbäcksvägen, Jämtön, Luleå
Bilist kolliderade med älg. Inga personskador, älgen sprang vidare in i skogen.
Kl 05:42 Lv 580 Kallax
Bilist kolliderade med två renar. Inga personskador, oklart hur det gick för renarna. Samebyn informeras.
Kl 06:37 Riksväg 97, Storsand, Boden
Två älgar har setts på riksvägen mellan Storsand och Harads. Var uppmärksam och kör försiktigt om du passerar på sträckan.

Polisen Norrbotten
Norrbotten, ett urval av händelser under natten.
Norrbotten, ett urval av händelser under natten.",http://polisen.se/Stockholms_lan/Aktuellt/Handelser/Norrbotten/2017-12-04-0700-Sammanfattning-natt-Norrbotten/,high
52363,2017-12-08,2017,12,Sammanfattning natt,22:26,fylleri,Sunderbyn sjukhus,,"Norrbotten, okänd kommun","Polis kallades till platsen med anledning av att en berusad kvinna gick omkring inne på sjukhuset. Det misstänktes att hon stal handsprit för att blanda det med vatten för att sedan dricka det. Ordningsvakt anträffade kvinnan och höll kvar henne tills polis kom till platsen. Polispatrullen omhändertog kvinnan för fylleri. Inget brott kunde konstateras.
06:22, uppdatering
Fortsatt lugnt. Inget att rapportera.

Polisen Norrbotten
Följande händelser finns att rapportera.
Hittills en lugn natt med mestadels viltolyckor. Utöver det finns följande händelser att rapportera.",http://polisen.se/Stockholms_lan/Aktuellt/Handelser/Norrbotten/2017-12-08-0147-Sammanfattning-natt-Norrbotten/,medium
52502,2017-12-09,2017,12,Sammanfattning natt,03:40,fylleri,Kiruna,Kiruna,Övriga Norrbotten,"Samtal till polisen angående en ung man som ligger i snön i centrala Kiruna. Polis till platsen. Den unge mannen, en 18-åring, omhändertas enligt LOB.

Polisen Norrbotten
Ett urval av nattens händelser 22:00-03:00:
Ett urval av nattens händelser 22:00-06:00:",http://polisen.se/Stockholms_lan/Aktuellt/Handelser/Norrbotten/2017-12-09-0225-Sammanfattning-natt-Norrbotten/,high
53950,2017-12-19,2017,12,Sammanfattning natt,03:21,trafikbrott samt narkotikabrott,Luleå,Luleå,Luleå kommun,"Polispatrull stoppade en bil i centrala stan. Bilen var avställd, hade brukandeförbud, körförbud och kunde avskyltas. I bilen var det en förare och tre passagerare. Föraren, en 27-årig man, misstänktes för grovt rattfylleri, grov olovlig körning samt ringa narkotikabrott eget bruk. Han medtogs till polisstationen för kroppsbesiktning och förhör. Bilen togs i beslag.
Uppdatering kl 06:55 (av Börje Öhman, kommunikatör)
Inga akuta händelser under tidig morgon. Kör försiktigt!!
Polisen Norrbotten
Följande händelser finns att rapportera från natten.
Följande händelser finns att rapportera från natten.",http://polisen.se/Stockholms_lan/Aktuellt/Handelser/Norrbotten/2017-12-19-0024-Sammanfattning-natt-Norrbotten/,high
54728,2017-12-25,2017,12,Sammanfattning dag,11:56,skadegörelse,Piteå,Piteå,Övriga Norrbotten,"Polis larmades efter att en person sparkat sönder ett fönster vid en entré till Piteå sjukhus. Den misstänkte, som var upprörd över att han ej fått ut medicin från LARO, är känd och anmälan är upprättad.

Polisen Norrbotten
En lugn dag i Norrbotten. Följande händelser kan nämnas.
En lugn dag i Norrbotten. Följande händelser kan nämnas.",http://polisen.se/Stockholms_lan/Aktuellt/Handelser/Norrbotten/2017-12-25-1046-Sammanfattning-dag-Norrbotten/,high
61379,2018-02-18,2018,2,Sammanfattning natt,00:49,hödljuddd fest,Luleå,Luleå,Luleå kommun,"Patrull kallades till en adress i Gammelstad, Luleå, med anledning av en högljudd fest. Patrullen bad dem dämpa sig och därefter lugnade det sig.
Polisen Norrbotten
Natten har vid skrivandets stund varit lugn i Norrbotten. Följande händelser finns att rapportera.
Natten har vid skrivandets stund varit lugn i Norrbotten. Följande händelser finns att rapportera.",http://polisen.se/Stockholms_lan/Aktuellt/Handelser/Norrbotten/2018-02-18-0025-Sammanfattning-natt-Norrbotten/,high
61379,2018-02-18,2018,2,Sammanfattning natt,23:05,stökig gäst,Piteå,Piteå,Övriga Norrbotten,"Patrull kallades till en restaurang i centrala Piteå med anledning av en stökig gäst. Personen, en kille i 30-års åldern, avlägsnades av från platsen.",http://polisen.se/Stockholms_lan/Aktuellt/Handelser/Norrbotten/2018-02-18-0025-Sammanfattning-natt-Norrbotten/,high
64991,2018-03-11,2018,3,Sammanfattning kväll,16:52,trafikolycka två bilar,Ersnäs Luleå,Luleå,Luleå kommun,Polis och räddningstjänst larmades då två personbilar krockat. Ena bilen ska ha kört in i sidan i den andra. Det var både barn och vuxna i en eller ibåda bilar. Inga personskador. Räddningstjänst och ambulans kunde lämna platsen men polispatrull stannade kvar och tog upp en anmälan. Oklart om någon är misstänkt för något brott i skrivandets stund.,https://polisen.se/aktuellt/handelser/2018/mars/11/11-mars-15.59-sammanfattning-kvall-norrbottens-lan/,high
64991,2018-03-11,2018,3,Sammanfattning kväll,19:03,trafikbrott,Älvsbyn,Älvsbyn,Övriga Norrbotten,"Patrull stoppade en bil och kontrollerade föraren i området Kyrkmalmen i Älvsbyn. Föraren, en man i 30-års åldern, saknade körkort och rapporterades för olovlig körning.

Följande händelser finns att rapportera.
Följande händelser finns att rapportera.",https://polisen.se/aktuellt/handelser/2018/mars/11/11-mars-15.59-sammanfattning-kvall-norrbottens-lan/,high
80573,2018-07-29,2018,7,Sammanfattning kväll,19:29,trafikolycka flera fordon,E10 Gällivare,Gällivare,Övriga Norrbotten,"Polis och räddningstjänst larmades till E10, vid Hakkas i Gällivare, med anledning av en trafikolycka med 3 st bilar. Totalt färdades 9 personer i bilarna. Enligt de uppgifter vi fått så är det ingen som är allvarligt skadad, men det är åtminstone två barn som har fått skador. Föraren av den ena bilen är nu misstänkt för vållande till kroppsskada då denne inte har anpassat avståndet till framförvarande fordon.

Följande händelser finns att rapportera.
Följande händelser finns att rapportera.",https://polisen.se/aktuellt/handelser/2018/juli/29/29-juli-19.58-sammanfattning-kvall-norrbottens-lan/,high
80807,2018-08-01,2018,8,Sammanfattning natt,21:17,fjällräddning,Kurravaara,,"Norrbotten, okänd kommun","Polis larmades med anledning av att en man i 55-års åldern ramlat och skadat nacken i terrängen norr om Kurravaara. Ambulanshelikopter kunde inte landa i området så fjällräddare larmades ut och de kunde landsättas av privat helikopter i närheten av den skadade mannen. Fjällräddaren överlämnade mannen till ambulanspersonal under natten.

Uppdatering av Peder Jonsson klockan 07:30

00:04 Rattfylleri Luleå. Patrullen stoppar och kontrollerar ett fordon på Bergnäset. Föraren uppvisar tecken på att vara påverkad av narkotika, han tas med för provtagning och förhör. Mannen är misstänkt för drograttfylleri samt grov olovlig körning.

01:25 Skadegörelse Kalix. Bil som brunnit längs väg 398. Polis har varit på plats, anmälan skadegörelse genom brand.

06:13 Trafikolycka Luleå. Två bilar i olycka på E4 vid södra Gäddvik. Oklart skadeläge. Ena bilen har åkt i diket och den andra bilen står kvar på vägbanan. Den ena bilen ska ha kört in i den andra bilen bakifrån. Polis har hållit förhör. Föraren i den påkörande bilen delgiven misstanke om vårdslöshet i trafik. Vid 07:20 var vägen åter framkomlig.

Följande händelser finns att rapportera.
Följande händelser finns att rapportera.",https://polisen.se/aktuellt/handelser/2018/augusti/1/01-augusti-02.06-sammanfattning-natt-norrbottens-lan/,medium
83109,2018-08-21,2018,8,Sammanfattning kväll,17:59,rattfylleri,"Sörbyn, Boden",Boden,Övriga Norrbotten,"Polispatrull stoppade en bil och gjorde en kontroll av föraren som var i 25-års åldern. Misstanke om drograttfylleri uppstod och mannen fick följa med till stationen för provtagning samt förhör. Bilen var även avställd och belags med körförbud.

Följande händelser finns att rapportera.
Följande händelser finns att rapportera.",https://polisen.se/aktuellt/handelser/2018/augusti/21/21-augusti-21.05-sammanfattning-kvall-norrbottens-lan/,high
83376,2018-08-23,2018,8,Sammanfattning kväll,16:17,ringa stöld,Älvsbyn,Älvsbyn,Övriga Norrbotten,Patrull beordrades till en matbutik i Älvsbyn med anledning av att personal envarsgripit en kvinna misstänkt för ringa stöld av 3 chokladkakor. Kvinnan som var i 30-års åldern släpptes av patrullen på plats. Anmälan upprättad.,https://polisen.se/aktuellt/handelser/2018/augusti/23/23-augusti-19.36-sammanfattning-kvall-norrbottens-lan/,high
83376,2018-08-23,2018,8,Sammanfattning kväll,17:05,narkotikabrott,Boden,Boden,Övriga Norrbotten,Patrull stoppade en bil med tre personer i. Föraren visade sig vara efterlyst och fick följa med på förhör. En av passagerna hade narkotika på sig som togs i beslag. Anmälan upprättad.,https://polisen.se/aktuellt/handelser/2018/augusti/23/23-augusti-19.36-sammanfattning-kvall-norrbottens-lan/,high
83376,2018-08-23,2018,8,Sammanfattning kväll,18:49,trafikbrott,Kalix,Kalix,Övriga Norrbotten,"Patrull stoppade en epatraktor i Kalix centrum eftersom flera personer åkte på flaket. Stoppet resulterade i en anmälan.

Följande händelser finns att rapportera.
Följande händelser finns att rapportera.",https://polisen.se/aktuellt/handelser/2018/augusti/23/23-augusti-19.36-sammanfattning-kvall-norrbottens-lan/,high
89789,2018-10-13,2018,10,Sammanfattning natt,00:52,Västermalm,Älvsbyn,,"Norrbotten, okänd kommun","Inbrott i bostad. Inbrottet har skett någon gång under de senaste timmarna. Inga uppgifter om att något saknas.

Patrull ska genomföra en brottsplatsundersökning.

Kl 01:13 Centrum Gällivare

Ordningsvakt har gripit en man med kniv. Polis till platsen. Kniven tas i beslag och mannen avlägsnas från platsen.

En anmälan upprättas.

Kl 01:40 Centrala Överkalix

Inbrott i butik. Varor från butiken uppges ligga ute på gatan och föremål saknas. Ingen misstänkt är kvar på platsen.

Polis har under natten gjort en brottsplatsundersökning.

En anmälan upprättas.

Kl 01:45 Innerstaden, Luleå

Polis till en restaurang för att kontrollera en person. Personen, en ung man, misstänks för narkotikabrott (innehav).

Förhör hålls och en anmälan upprättas.

Kl 02:05 Innerstaden, Luleå

Samtal till polisen gällande bråk på en restaurang. När polis kommer till platsen omhändertas en person med stöd av LOB, lagen om omhändertagande av berusade personer.

Förhör hålls och en anmälan gällande hot mot tjänsteman upprättas.

Kl 02:22 Inbyn, Boden

En bil har voltat av vägen. Tre personer uppges ha färdats i bilen.

En person förd med ambulans till sjukvården. För eventuella frågor om skador, kontakta sjukvården.

Polis på plats misstänker inget brott i samband med olyckan.

Kl 03:57 Boden

Man gripen av polis, misstänkt för misshandel.

Mannen misstänks ha misshandlat en kvinna på en adress tidigare under natten.

Under morgonen har åklagare beslutat att anhålla mannen.

Kl 04:19 Centrum, Piteå

En trafikant har omhändertagit en vit liten lösspringande hund vid Haraholmen. Upphittaren, en privatperson, åkte till polisstationen för att kontrollera ifall hunden hade chip och om det på det viset gick att avläsa vem ägaren är, dock utan resultat.

Privatpersonen har omhändertagit hunden tills ägaren hittats.

Norrbotten, ett urval av händelser under natten
Norrbotten, ett urval av händelser under natten",https://polisen.se/aktuellt/handelser/2018/oktober/13/13-oktober-06.54-sammanfattning-natt-norrbottens-lan/,medium
99819,2018-12-21,2018,12,Sammanfattning natt,00:22,Trafikbrott,Gällivare centrum,Gällivare,Övriga Norrbotten,Patrull stoppar en personbil och utfärdar en ordningsbot till föraren. Denne har lämnat bilen olåst och på tomgång utan att någon satt kvar i bilen.,https://polisen.se/aktuellt/handelser/2018/december/21/21-december-07.28-sammanfattning-natt-norrbottens-lan/,high
99819,2018-12-21,2018,12,Sammanfattning natt,00:38,Trafikolycka vilt,"riksväg 97 Bredåker, Boden",Boden,Övriga Norrbotten,Eftersöksjägare kallas till platsen där ett rådjur blivit skadat efter en påkörningsolycka med personbil. Inga personskador.,https://polisen.se/aktuellt/handelser/2018/december/21/21-december-07.28-sammanfattning-natt-norrbottens-lan/,high
99819,2018-12-21,2018,12,Sammanfattning natt,00:40,Trafikbrott,Vittangi,,"Norrbotten, okänd kommun",Föraren av en personbil får ta emot en ordningsbot eftersom denne har tonade sidorutor fram på sin bil.,https://polisen.se/aktuellt/handelser/2018/december/21/21-december-07.28-sammanfattning-natt-norrbottens-lan/,medium
99819,2018-12-21,2018,12,Sammanfattning natt,05:15,Trafikkontroll Nuolajärvivägen,Gällivare,Gällivare,Övriga Norrbotten,Polis upprättar en nykterhetskontroll. Alla förare var nyktra.,https://polisen.se/aktuellt/handelser/2018/december/21/21-december-07.28-sammanfattning-natt-norrbottens-lan/,high
99819,2018-12-21,2018,12,Sammanfattning natt,05:34,Trafikkontroll,Gällivare centrum,Gällivare,Övriga Norrbotten,Polis upprättar en trafikkontroll. Alla förare var nyktra. En rapporteras för bilbältesförseelse.,https://polisen.se/aktuellt/handelser/2018/december/21/21-december-07.28-sammanfattning-natt-norrbottens-lan/,high
99819,2018-12-21,2018,12,Sammanfattning natt,06:00,Trafikolycka vilt,"Torpgärdsleden, Boden",Boden,Övriga Norrbotten,"Föraren av en personbil kolliderar med ett rådjur. Inga personskador. Rådjuret skadas och eftersöksjägare kallas till platsen för att ta hand om djuret.

Ett urval av nattens händelser.
Ett urval av nattens händelser.",https://polisen.se/aktuellt/handelser/2018/december/21/21-december-07.28-sammanfattning-natt-norrbottens-lan/,high
99819,2018-12-21,2018,12,Sammanfattning natt,23:15,Fylleri,Boden centrum,Boden,Övriga Norrbotten,"Patrull beordras till Bodens centrum där det finns en berusad man. Mannen omhändertas enligt Lob, lagen om omhändertagande av berusade personer.",https://polisen.se/aktuellt/handelser/2018/december/21/21-december-07.28-sammanfattning-natt-norrbottens-lan/,high
99819,2018-12-21,2018,12,Sammanfattning natt,23:31,Trafikolycka vilt,"riksväg 95, Arjeplog",Arjeplog,Övriga Norrbotten,Föraren av en personbil ringer in och anmäler att han har kört på en ren. Inga personskador. Renen lever men är skadad. Samebyn underrättas.,https://polisen.se/aktuellt/handelser/2018/december/21/21-december-07.28-sammanfattning-natt-norrbottens-lan/,high
106335,2019-02-06,2019,2,Sammanfattning natt,03:46,Innerstaden,Luleå,,"Norrbotten, okänd kommun","Samtal till polisen gällande ett pågående inbrott på en restaurang.

Polis griper den misstänkte, en man. Han ska höras och därefter ska åklagare fatta beslut om mannen ska anhållas eller inte.

Kl 04:40 E10/Flygfältsvägen, Kiruna

Det uppges forsa ut vatten på E10 och en bilist har kört av vägen på grund av detta. Inga personskador.

Polis beordras till platsen för att bland annat leda om trafiken, samtidigt som kommunen jobbar med läckaget.

Vid 05:40-tiden är det helt stopp i trafiken, i båda riktningarna. Efter kl 06:00 flyter trafiken på som vanligt igen. Dock råder begränsad hastighet på aktuell sträcka.

Kl 06:13 Blåsmark, Piteå

Trafikolycka med tre bilister inblandade. Två uppges ha frontalkolliderat och en bil har voltat.

Kl 06:48 är det stopp i trafiken.

En person förs till Sunderby sjukhus och två till Piteå sjukhus. Uppdatering kl 08:14. Två av bilarna har bärgats, den tredje ska bärgas senare. Trafiken flyter på förbi olycksplatsen.

Natten i Norrbotten
Natten i Norrbotten",https://polisen.se/aktuellt/handelser/2019/februari/7/07-februari-00.51-sammanfattning-natt-norrbottens-lan/,medium
120872,2019-05-27,2019,5,Sammanfattning natt,23:09,Stöld,Luleås innerstad,,"Norrbotten, okänd kommun","Polisen kontaktas gällande att två personer setts stjäla en motorcykel på Norra strandgatan i Luleå tidigare under kvällen. Polisens kontaktcenter tar upp en anmälan.

01:00 Trafikbrott, Gällivare centrum.
Polisen stoppar och kontrollerar en personbil. Föraren, en man, får en ordningsbot då han använt mobiltelefon under färd.

06:01 Trafikolycka på E4, Rutvik.
En personbil har kört in i mitträcket och voltat på E4. Det råder helt stopp i trafiken efter olyckan. Det mesta tyder på att föraren, en kvinna som var ensam i bilen, är oskadd. Hon får dock följa med ambulans till sjukhus för en kontroll. Bärgare beställs. Klockan 06.49 rapporterar polispatrullen på plats att trafiken flyter på igen.

Ett urval av nattens polisverksamhet från klockan 22.00 till 07.00.
Ett urval av nattens polisverksamhet från klockan 22.00 till 07.00.",https://polisen.se/aktuellt/handelser/2019/maj/27/27-maj-0738-sammanfattning-natt-norrbottens-lan/,medium
121588,2019-06-02,2019,6,Sammanfattning natt,00:22,Rattfylleri,Boden,Boden,Övriga Norrbotten,En person misstänks för rattfylleri och medtogs för vidare provtagning.,https://polisen.se/aktuellt/handelser/2019/juni/2/02-juni-0716-sammanfattning-natt-norrbottens-lan/,high
121588,2019-06-02,2019,6,Sammanfattning natt,00:24,LOB,Luleå,Luleå,Luleå kommun,"En person omhändertagen med stöd av LOB, lagen om omhändertagande av berusade personer.",https://polisen.se/aktuellt/handelser/2019/juni/2/02-juni-0716-sammanfattning-natt-norrbottens-lan/,high
121588,2019-06-02,2019,6,Sammanfattning natt,00:40,LOB,Luleå,Luleå,Luleå kommun,"En person omhändertagen med stöd av LOB, lagen om omhändertagande av berusade personer. En anmälan om skadegörelse har upprättats efter att personen slagit sönder en glasruta vid en busskur.",https://polisen.se/aktuellt/handelser/2019/juni/2/02-juni-0716-sammanfattning-natt-norrbottens-lan/,high
121588,2019-06-02,2019,6,Sammanfattning natt,01:47,Ratfylleri och grov olovlig körning,Kiruna,Kiruna,Övriga Norrbotten,"En person misstänks för grov olovlig körning och rattfylleri. Medtogs för vidare provtagning.

Polisen har även utfört ett flertal kontroller av personer och fordon som inte resulterat i någon brottsmisstanke.

Ett urval av nattens polisverksamhet (kl. 22.00 till 07.00).
Ett urval av nattens polisverksamhet (kl. 22.00 till 07.00).",https://polisen.se/aktuellt/handelser/2019/juni/2/02-juni-0716-sammanfattning-natt-norrbottens-lan/,high
121588,2019-06-02,2019,6,Sammanfattning natt,22:34,Viltolycka,Harads,,"Norrbotten, okänd kommun",En personbil har kolliderat med en älg. Inga personskador.,https://polisen.se/aktuellt/handelser/2019/juni/2/02-juni-0716-sammanfattning-natt-norrbottens-lan/,medium
125231,2019-07-03,2019,7,Sammanfattning natt,00:42,Luleå,Gårdsvägen,,"Norrbotten, okänd kommun","Drograttfylleri samt grov olovlig körning

Patrull försöker genomföra ett rutinstopp på en personbil då föraren väljer att inte stanna. Ett kortare förföljande inleds som slutar med att föraren försöker springa från patrullen till fots. Poliserna vinner språngmarschen och en man i 30 års åldern omhändertas och tas med för kroppsbesiktning. Han innehar inget körkort och misstänks även grov olovlig körning

Uppdatering 06:50 av Peder Jonsson

En mycket lugn natt och morgon med få händelser i länet.

Natten i Norrbotten
Natten i Norrbotten",https://polisen.se/aktuellt/handelser/2019/juli/4/04-juli-0101-sammanfattning-natt-norrbottens-lan/,medium
131840,2019-09-05,2019,9,Sammanfattning natt,22:53,Misshandel,Luleå,Luleå,Luleå kommun,"Polisen beordras till Sunderby sjukhus med anledning av ett bråk där tre personer ska vara inblandade.
En kvinna och en man i 40 respektive 30-årsåldern misstänks för brott. Mannen misstänks för narkotikabrott, innehav samt våldsamt motstånd och kvinnan misstänks för hot mot tjänsteman och våldsamt motstånd. Detta efter att de ska ha gjort motstånd mot ordningsvakter.

01:28 Drograttfylleri, Luleå
Polisen beordras till E4 vid Börjeslandet i Luleå med anledning av att en bil har kört av vägen och voltat. Misstanke uppstår om att föraren, en man i 40-årsåldern, är påverkad av narkotika, han tas med för provtagning.

En anmälan upprättas gällande bland annat drograttfylleri, narkotikabrott - eget bruk, samt även olovlig körning då mannen kört utan behörighet.

01:45 Drograttfylleri, Haparanda
Polisen stoppar och kontrollerar en personbil i centrala Haparanda. Misstanke uppstår om att föraren, en kvinna i 20-årsåldern, är påverkad av narkotika. Hon tas med för provtagning. Kvinnan misstänks för drograttfylleri. Passageraren, en man, misstänks för narkotikabrott eget bruk samt brott mot knivlagen.

Ett urval av nattens polisverksamhet i Norrbotten.
Ett urval av nattens polisverksamhet i Norrbotten.",https://polisen.se/aktuellt/handelser/2019/september/5/05-september-0709-sammanfattning-natt-norrbottens-lan/,high
132955,2019-09-14,2019,9,Sammanfattning natt,02:50,Malmberget,Gällivare,Gällivare,Övriga Norrbotten,"En person har tagit sig in i ett hus som ägs av ett företag.

När polis kommer till adressen några minuter senare så har personen lämnat platsen.

En anmälan gällande hemfridsbrott upprättas.

Senare under natten kontaktas polis igen med anledning av att någon obehörig tagit sig in i en annan fastighet i Malmberget. Patrull söker igenom fastigheten, men någon person påträffas inte.

Kl 06:44, Älvsbyn

Singelolycka med personbil i en korsning i Korsträsk. Två personer färdades i bilen, ingen behövde föras med ambulans till sjukhus.

Polis misstänker inget brott i samband med olyckan.

Norrbotten, ett urval av nattens polisverksamhet
Norrbotten, ett urval av nattens polisverksamhet",https://polisen.se/aktuellt/handelser/2019/september/14/14-september-0702-sammanfattning-natt-norrbottens-lan/,high
135486,2019-10-04,2019,10,Sammanfattning natt,04:04,centrum,Boden,Boden,Övriga Norrbotten,"En man och en kvinna påträffas av polispatrull. En entrédörr har slagits sönder på en adress och mannen misstänks för skadegörelse. Han misstänks också för brott mot knivlagen.

Anmälningar upprättas.

Norrbotten, ett urval av nattens polisverksamhet
Norrbotten, ett urval av nattens polisverksamhet",https://polisen.se/aktuellt/handelser/2019/oktober/4/04-oktober-0700-sammanfattning-natt-norrbottens-lan/,high
148766,2020-01-28,2020,1,Sammanfattning natt,01:44,skadegörelse,Boden,Boden,Övriga Norrbotten,"En man misstänks ha krossat en ruta. Han får följa med för förhör.

En anmälan upprättas.

Norrbotten, ett urval av nattens händelser
Norrbotten, ett urval av nattens händelser",https://polisen.se/aktuellt/handelser/2020/januari/28/28-januari-0700-sammanfattning-natt-norrbottens-lan/,high
160526,2020-05-15,2020,5,Sammanfattning natt,01:08,Lerbäcken,Luleå,Luleå,Luleå kommun,"Grov olovlig körning

En man i 50 års åldern misstänks för grov olovlig körning efter att ha stoppats av polispatrull. Rubriceringen blir grov då mannen tidigare framfört fordon utan att inneha behörighet.

Natten i Norrbotten
Natten i Norrbotten",https://polisen.se/aktuellt/handelser/2020/maj/15/15-maj-0346-sammanfattning-natt-norrbottens-lan/,high
161502,2020-05-24,2020,5,Sammanfattning natt,01:09,Notviken,Luleå,Luleå,Luleå kommun,"Polis kontrollerar en bil. En man som sitter i bilen blir misstänkt för dopningsbrott och brott mot knivlagen.

Förhör hålls och anmälningar upprättas.

Norrbotten, ett urval av nattens polisverksamhet
Norrbotten, ett urval av nattens polisverksamhet",https://polisen.se/aktuellt/handelser/2020/maj/24/24-maj-0700-sammanfattning-natt-norrbottens-lan/,high
176278,2020-10-17,2020,10,Sammanfattning kväll,14:46,Ringa Stöld och Olaga hot,Piteå,Piteå,Övriga Norrbotten,"Ung man stal cigaretter på Coop, hotade personal på Clas Ohlson samt hotade en väktare. Polispatrullen anträffade gärningsmannen.

Sammanfattning kväll
Sammanfattning kväll",https://polisen.se/aktuellt/handelser/2020/oktober/17/17-oktober-1539-sammanfattning-kvall-norrbottens-lan/,high
182672,2020-12-16,2020,12,Sammanfattning natt,05:41,Trafikbrott,"Luleå: Bilförare på riksväg 97, Mjölkudden, får ordningsbot för hastighetsöverträdelse",,"Norrbotten, okänd kommun","05:49 Trafikkontroll, Gällivare: Trafikkontroll på Cellulosavägen, Vuosko industriområde. Samtliga förare/fordon som kontrolleras är utan anmärkning.

Ett urval av nattens polisverksamhet 22:00–07:00.
Ett urval av nattens polisverksamhet 22:00–07:00.",https://polisen.se/aktuellt/handelser/2020/december/16/16-december-0704-sammanfattning-natt-norrbottens-lan/,medium
190220,2021-02-27,2021,2,Sammanfattning natt,03:37,Notviken,Luleå,Luleå,Luleå kommun,"En bil har körts in i en mack och tobak uppges ha stulits.

När polis kommer till platsen är ingen misstänkt kvar.

En brottsplatsundersökning genomförs och en anmälan gällande stöld genom inbrott upprättas.

Norrbotten, ett urval av nattens polisverksamhet
Norrbotten, ett urval av nattens polisverksamhet",https://polisen.se/aktuellt/handelser/2021/februari/27/27-februari-0700-sammanfattning-natt-norrbottens-lan/,high
240406,2022-07-20,2022,7,Sammanfattning natt,02:34,Luleå,häleri,,"Norrbotten, okänd kommun",Polis kontrollerar en person som har verktyg och ett batteri till en elsparkcykel med sig. Det finns misstanke om att batteriet är stulet och en anmälan gällande häleri upprättas.,https://polisen.se/aktuellt/handelser/2022/juli/20/20-juli-0730-sammanfattning-natt-norrbottens-lan/,medium
240406,2022-07-20,2022,7,Sammanfattning natt,04:32,Luleå,stöld/inbrott,,"Norrbotten, okänd kommun","Polis kontaktas gällande inbrott på ett företag. När polis kommer till platsen är ingen misstänkt kvar. Initialt oklart om något är stulet.

En anmälan gällande stöld genom inbrott upprättas.

Norrbotten, ett urval av nattens polisverksamhet
Norrbotten, ett urval av nattens polisverksamhet",https://polisen.se/aktuellt/handelser/2022/juli/20/20-juli-0730-sammanfattning-natt-norrbottens-lan/,medium
272717,2023-09-06,2023,9,Sammanfattning natt,22:00,Lerbäcken,Luleå,Luleå,Luleå kommun,"Polisen kallas till platsen på grund av ett bråk. Enligt initiala uppgifter har en man blivit slagen och hot uttalats. Händelsen utreds som misshandel och olaga hot, anmälan ska upprättas.

01:29, Storheden Luleå

Polisen stoppar en personbil. Föraren misstänks för olovlig körning, narkotikabrott och brott mot knivlagen. Anmälan upprättas. Bilen tas i beslag för att förebygga framtida trafikbrott.

Övrigt

En viltolycka har anmälts till polisen under natten. Det finns inga rapporter om personskador.

Ett urval av nattens polisverksamhet i länet
Ett urval av nattens polisverksamhet i länet",https://polisen.se/aktuellt/handelser/2023/september/6/06-september-0755-sammanfattning-natt-norrbottens-lan/,high
273748,2023-09-20,2023,9,Sammanfattning natt,04:09,Trafikhinder,"Länsväg 825, Gällivare",Gällivare,Övriga Norrbotten,En lastbil har fastnat och blockerar vägen. Polisen åker till platsen och dirigerar om trafiken. Bärgare kallas också till platsen. 06:19 är lastbilen bärgad och trafiken flyter på igen.,https://polisen.se/aktuellt/handelser/2023/september/20/20-september-0732-sammanfattning-natt-norrbottens-lan/,high
273748,2023-09-20,2023,9,Sammanfattning natt,05:10,Trafikolycka,"E4 Storheden, Luleå",Luleå,Luleå kommun,"Singelolycka, en personbil har kört in i vajerräcket. Inga personskador rapporteras. Polisen åker till platsen och kontrollerar förarens nykterhet. Det finns ingen misstanke om brott.

Ett urval av nattens händelser
Ett urval av nattens händelser",https://polisen.se/aktuellt/handelser/2023/september/20/20-september-0732-sammanfattning-natt-norrbottens-lan/,high
275493,2023-10-13,2023,10,Sammanfattning natt,05:30,Nybyn,"Överkalix, trafikolycka",Överkalix,Övriga Norrbotten,"En personbil har kolliderat med två renar, inga personskador finns rapporterade. Det ska ha varit mycket halt på platsen. Sameby kontaktas, eftersöksjägare kallas till platsen.

Ett urval av nattens polisverksamhet
Ett urval av nattens polisverksamhet",https://polisen.se/aktuellt/handelser/2023/oktober/13/13-oktober-0729-sammanfattning-natt-norrbottens-lan/,high
275661,2023-10-16,2023,10,Sammanfattning natt,00:16,Centrala Boden,ringa narkotikabrott,,"Norrbotten, okänd kommun","Polisen stoppar en man i 20-årsåldern. Mannen misstänks för ringa narkotikabrott. Han förs till polisstationen för provtagning, anmälan upprättas.

Polisen har även kontrollerat ett antal personer och fordon som inte resulterat i någon brottsmisstanke.

Ett urval av nattens polisverksamhet
Ett urval av nattens polisverksamhet",https://polisen.se/aktuellt/handelser/2023/oktober/16/16-oktober-0741-sammanfattning-natt-norrbottens-lan/,medium
275661,2023-10-16,2023,10,Sammanfattning natt,22:09,E10 Hakkas,"Gällivare, trafikolycka",Gällivare,Övriga Norrbotten,En personbil har kolliderat med en ren. Inga personskador finns rapporterade. Sameby kontaktas.,https://polisen.se/aktuellt/handelser/2023/oktober/16/16-oktober-0741-sammanfattning-natt-norrbottens-lan/,high
275661,2023-10-16,2023,10,Sammanfattning natt,23:30,Gällivare,fylleri,,"Norrbotten, okänd kommun","Ordningsvakter uppmärksammar polisen på en berusad man. Polisen åker till platsen. Mannen, som är i 70-årsåldern, omhändertas enligt LOB (Lag om omhändertagande av berusade personer m.m.) och förs till sjukvård för tillnyktring.",https://polisen.se/aktuellt/handelser/2023/oktober/16/16-oktober-0741-sammanfattning-natt-norrbottens-lan/,medium
275730,2023-10-17,2023,10,Sammanfattning natt,02:26,Öjebyn,"Piteå, rattfylleri",Piteå,Övriga Norrbotten,"Polisen stoppar en personbil. Föraren, en man i 20-årsåldern, misstänks för drograttfylleri. Anmälan upprättas.

Polisen har även kontrollerat ett antal personer och fordon som inte resulterat i någon brottsmisstanke.

Ett urval av nattens polisverksamhet
Ett urval av nattens polisverksamhet",https://polisen.se/aktuellt/handelser/2023/oktober/17/17-oktober-0737-sammanfattning-natt-norrbottens-lan/,high
275730,2023-10-17,2023,10,Sammanfattning natt,23:47,Saarisuanto,"Pajala, trafikolycka",Pajala,Övriga Norrbotten,"En personbil har kolliderat med en ren. Det ska ha varit halt väglag på platsen. Inga personskador finns rapporterade. Renen dog vid krocken, samebyn har informerats.",https://polisen.se/aktuellt/handelser/2023/oktober/17/17-oktober-0737-sammanfattning-natt-norrbottens-lan/,high
275816,2023-10-18,2023,10,Sammanfattning natt,00:00,07:00,polisen har kontrollerat ett antal personer och fordon som inte resulterat i någon brottsmisstanke,,"Norrbotten, okänd kommun","Två viltolyckor har rapporterats till polisen under natten (i Kiruna och Haparanda). Inga personskador har rapporterats.

I övrigt:

Kl 02:59, Luleå

En bilist stoppas för kontroll på E4. Misstanke uppstår om att föraren är påverkad av narkotika, han får medfölja för provtagning och förhör. Anmälan gällande drograttfylleri upprättas. Provsvar får senare visa om brott begåtts.

Norrbotten, ett urval av nattens polisverksamhet
Norrbotten, ett urval av nattens polisverksamhet",https://polisen.se/aktuellt/handelser/2023/oktober/18/18-oktober-0700-sammanfattning-natt-norrbottens-lan/,medium
275966,2023-10-21,2023,10,Sammanfattning natt,00:17,skadegörelse,Luleå,Luleå,Luleå kommun,Polisen kallas till en restaurang i centrala Luleå. En restauranggäst har slagit sönder en kaffeautomat och sedan lämnat platsen. Anmälan gällande skadegörelse upprättas.,https://polisen.se/aktuellt/handelser/2023/oktober/21/21-oktober-0748-sammanfattning-natt-norrbottens-lan/,high
275966,2023-10-21,2023,10,Sammanfattning natt,01:22,fylleri,Boden,Boden,Övriga Norrbotten,Allmänheten uppmärksammar polisen på en berusad och upprörd man. Polisen åker till platsen och gör bedömningen att mannen är för berusad för att kunna ta hand om sig. Han omhändertas enligt LOB (Lag om omhändertagande av berusade personer m.m.).,https://polisen.se/aktuellt/handelser/2023/oktober/21/21-oktober-0748-sammanfattning-natt-norrbottens-lan/,high
275966,2023-10-21,2023,10,Sammanfattning natt,01:27,fylleri/våldsamt motstånd,Luleå,Luleå,Luleå kommun,"Polisen kallas till en restaurang i centrala Luleå. På plats påträffas en man som är så berusad att polisen gör bedömningen att han inte kan ta hand om sig själv. Mannen omhändertas enligt LOB (Lag om omhändertagande av berusade personer m.m.). Under omhändertagandet blir mannen stökig, han misstänks därför för våldsamt motstånd. Anmälan upprättas.

Polisen har också utfört kontroller av personer och fordon som inte resulterat i någon brottsmisstanke.

Ett urval av nattens polisverksamhet 00:00-07:00
Ett urval av nattens polisverksamhet 00:00-07:00",https://polisen.se/aktuellt/handelser/2023/oktober/21/21-oktober-0748-sammanfattning-natt-norrbottens-lan/,high
275903,2023-10-22,2023,10,Sammanfattning natt,00:51,Luleå,bedrägeri,,"Norrbotten, okänd kommun","En taxichaufför kontaktar polisen efter att ha kört två män i 30-årsåldern som inte vill betala för resan. Polisen åker till platsen. Man håller förhör med de två männen. De båda misstänks för bedrägeri, anmälan upprättas.",https://polisen.se/aktuellt/handelser/2023/oktober/22/22-oktober-0755-sammanfattning-natt-norrbottens-lan/,medium
275903,2023-10-22,2023,10,Sammanfattning natt,01:05,Centrala Kiruna,ofredande,,"Norrbotten, okänd kommun",Polisen påträffar en man som urinerar på offentlig plats. Han tilldelas böter.,https://polisen.se/aktuellt/handelser/2023/oktober/22/22-oktober-0755-sammanfattning-natt-norrbottens-lan/,medium
275903,2023-10-22,2023,10,Sammanfattning natt,01:47,Gällivare,våldsamt motstånd m.m,,"Norrbotten, okänd kommun","Polisen kallas till en restaurang. På plats påträffas en berusad man. Mannen är upprörd och misstänks för ringa narkotikabrott, hot mot tjänsteman och våldsamt motstånd. Anmälan upprättas. Han omhändertas sedan enligt LOB (Lag om omhändertagande av berusade personer m.m.).

Övrigt

Polisen har också utfört kontroller av personer och fordon som inte resulterat i någon brottsmisstanke.

Ett urval av nattens polisverksamhet 00:00-07:00
Ett urval av nattens polisverksamhet 00:00-07:00",https://polisen.se/aktuellt/handelser/2023/oktober/22/22-oktober-0755-sammanfattning-natt-norrbottens-lan/,medium
276466,2023-10-30,2023,10,Sammanfattning natt,01:02,Rattfylleri,"Sinksundet, Luleå",Luleå,Luleå kommun,"Polisen stoppar en personbil. Föraren, en man i 25-årsåldern, misstänks för rattfylleri. Han får följa med till polisstationen för provtagning. Anmälan gällande rattfylleri upprättas.",https://polisen.se/aktuellt/handelser/2023/oktober/30/30-oktober-0752-sammanfattning-natt-norrbottens-lan/,high
276466,2023-10-30,2023,10,Sammanfattning natt,03:27,Viltolycka,"Bälingevägen, Luleå",Luleå,Luleå kommun,"En personbil har kolliderat med ett rådjur. Inga personskador finns rapporterade. Rådjuret överlevde krocken, eftersöksjägare kallas till platsen för att lokalisera djuret.

Polisen har även utfört kontroller av personer och fordon som inte resulterat i någon brottsmisstanke.

Ett urval av nattens polisverksamhet 00:00-07:00
Ett urval av nattens polisverksamhet 00:00-07:00",https://polisen.se/aktuellt/handelser/2023/oktober/30/30-oktober-0752-sammanfattning-natt-norrbottens-lan/,high
277002,2023-11-06,2023,11,Sammanfattning natt,02:29,Olaga hot,Jokkmokk,Jokkmokk,Övriga Norrbotten,"En kvinna i 20-årsåldern uppger att en man har hotat hennes partner. Polisen åker till platsen och pratar med kvinnan. Mannen, som är i 50-årsåldern, misstänks för olaga hot. Anmälan upprättas.",https://polisen.se/aktuellt/handelser/2023/november/6/06-november-0730-sammanfattning-natt-norrbottens-lan/,high
277002,2023-11-06,2023,11,Sammanfattning natt,05:14,Viltolycka,"E45/Länsväg 828, Gällivare",Gällivare,Övriga Norrbotten,"En lastbil har kolliderat med ett rådjur. Inga personskador finns rapporterade. Rådjuret överlevde krocken, eftersöksjägare kallas till platsen för att hantera djuret.

Polisen har även utfört kontroller av personer och fordon som inte resulterat i någon brottsmisstanke.

Ett urval av nattens polisverksamhet
Ett urval av nattens polisverksamhet",https://polisen.se/aktuellt/handelser/2023/november/6/06-november-0730-sammanfattning-natt-norrbottens-lan/,high
277075,2023-11-07,2023,11,Sammanfattning natt,01:05,Olovlig körning,"Innerstaden, Luleå",Luleå,Luleå kommun,"Polisen stoppar en personbil. Föraren, en man i 30-årsåldern, har inte behörighet att framföra fordonet. Han misstänks därför för olovlig körning. Han misstänks också för missbruk av falsk urkund. Anmälan upprättas.

Övrigt

Sju viltolyckor har rapporterats in till polisen under natten. Inga personskador finns rapporterade.

Polisen har även utfört kontroller av personer och fordon som inte resulterat i någon brottsmisstanke.

Ett urval av nattens polisverksamhet
Ett urval av nattens polisverksamhet",https://polisen.se/aktuellt/handelser/2023/november/7/07-november-0722-sammanfattning-natt-norrbottens-lan/,high
277748,2023-11-17,2023,11,Sammanfattning natt,03:12,Rattfylleri,Luleå,Luleå,Luleå kommun,"Polisen stoppar en personbil. Föraren misstänks köra påverkad, han får följa med polisen för provtagning. En anmälan gällande drograttfylleri upprättas.

Övrigt

Polisen har även utfört ett flertal kontroller av personer och fordon som inte resulterat i någon brottsmisstanke.

Ett urval av nattens polisverksamhet klockan 22-07
Ett urval av nattens polisverksamhet klockan 22-07",https://polisen.se/aktuellt/handelser/2023/november/17/17-november-07.44-sammanfattning-natt-norrbottens-lan/,high
277748,2023-11-17,2023,11,Sammanfattning natt,23:51,Fylleri,"Bergnäset, Luleå",Luleå,Luleå kommun,"Allmänheten uppmärksammar polisen på en man som uppträder berusat. Polisen åket till platsen och påträffar mannen. Man gör bedömningen att han är för berusad för att kunna ta hand om sig själv, han omhändertas därför enligt LOB (Lag om omhändertagande av berusade personer m.m.).",https://polisen.se/aktuellt/handelser/2023/november/17/17-november-07.44-sammanfattning-natt-norrbottens-lan/,high
277916,2023-11-20,2023,11,Sammanfattning natt,01:29,Olovlig körning,Luleå,Luleå,Luleå kommun,"Polisen stoppar en personbil. Föraren, en man i 55-årsåldern, saknar behörighet att framföra fordonet. Han misstänks för olovligkörning, alternativt grov olovlig körning. Anmälan upprättas. Ärendet hanteras enligt arbetsmetoden ”snabbare lagföring”.

Övrigt

Under natten har sju viltolyckor rapporterats in till polisen. Inga personskador finns rapporterade.

Polisen har även kontrollerat ett antal personer och fordon som inte resulterat i någon brottsmisstanke

Ett urval av nattens polisverksamhet 22-07
Ett urval av nattens polisverksamhet 22-07",https://polisen.se/aktuellt/handelser/2023/november/20/20-november-07.34-sammanfattning-natt-norrbottens-lan/,high
278270,2023-11-25,2023,11,Sammanfattning natt,00:57,Misshandel,Älvsbyn,Älvsbyn,Övriga Norrbotten,"Polis och räddningstjänst kallas till en adress där en man ska ha misshandlat en kvinna som han har en relation med. Polisen håller förhör, kvinnan kontrolleras av sjukvård. Anmälan gällande misshandel och barnfridsbrott upprättas.",https://polisen.se/aktuellt/handelser/2023/november/25/25-november-07.53-sammanfattning-natt-norrbottens-lan/,high
278270,2023-11-25,2023,11,Sammanfattning natt,01:12,Knivlagen,Gällivare,Gällivare,Övriga Norrbotten,"En ordningsvakt på en restaurang kontaktar polisen. När polisen kommer till platsen påträffas en tonårspojke som har burit vapen. Anmälan gällande brott mot knivlagen upprättas. Pojken får följa med till stationen där hans mamma sedan hämtar upp honom.

Övrigt

Polisen har även utfört kontroller av personer och fordon som inte resulterat i någon brottsmisstanke.

Ett urval av nattens polisverksamhet 22:00-07:00
Ett urval av nattens polisverksamhet 22:00-07:00",https://polisen.se/aktuellt/handelser/2023/november/25/25-november-07.53-sammanfattning-natt-norrbottens-lan/,high
278270,2023-11-25,2023,11,Sammanfattning natt,23:24,Fylleri,Luleå,Luleå,Luleå kommun,Polisen kallas till en lokal där det pågår en fest. På plats finns ett större antal människor än lokalen tillåter. Många av besökarna är minderåriga och berusningsgraden är hög. Polisen hjälper arrangören att upplösa festen. Man kontaktar också flera vårdnadshavare. En person omhändertas på grund av fylleri och skjutsas hem till vårdnadshavare.,https://polisen.se/aktuellt/handelser/2023/november/25/25-november-07.53-sammanfattning-natt-norrbottens-lan/,high
278321,2023-11-26,2023,11,Sammanfattning natt,01:05,Narkotikabrott,Älvsbyn,Älvsbyn,Övriga Norrbotten,"Polisen stoppar en man som misstänks vara påverkad av narkotika. Anmälan gällande ringa narkotikabrott, eget bruk, upprättas. Ärendet hanteras enligt arbetsmetoden ”snabbare lagföring”.",https://polisen.se/aktuellt/handelser/2023/november/26/26-november-07.54-sammanfattning-natt-norrbottens-lan/,high
278321,2023-11-26,2023,11,Sammanfattning natt,01:46,Hemfridsbrott,Kiruna,Kiruna,Övriga Norrbotten,Polisen larmas om en berusad man som försöker ta sig in i ett hus. Ingen ska vara hemma i det aktuella huset. Polisen åker till platsen. Mannen omhändertas enligt LOB (Lag om omhändertagande av berusade personer m.m.). Han misstänks också för hemfridsbrott. Anmälan upprättas.,https://polisen.se/aktuellt/handelser/2023/november/26/26-november-07.54-sammanfattning-natt-norrbottens-lan/,high
278321,2023-11-26,2023,11,Sammanfattning natt,02:10,Rattfylleri,Boden,Boden,Övriga Norrbotten,"En personbil ska ha kört in i en annan personbil. Polisen åker till platsen. På plats visar det sig att föraren i den vållande bilen är berusad. Föraren får följa med till polisstationen för ytterligare provtagning, han misstänks för rattfylleri. Anmälan upprättas.

Övrigt

Tio personer har omhändertagits för fylleri under natten.

Fyra viltolyckor har rapporterats in till polisen. Inga personskador finns rapporterade.

Polisen har även utfört kontroller av personer och fordon som inte resulterat i någon brottsmisstanke.

Ett urval av nattens polisverksamhet 22:00-07:00
Ett urval av nattens polisverksamhet 22:00-07:00",https://polisen.se/aktuellt/handelser/2023/november/26/26-november-07.54-sammanfattning-natt-norrbottens-lan/,high
278321,2023-11-26,2023,11,Sammanfattning natt,22:49,Misshandel,Boden,Boden,Övriga Norrbotten,Polis och ambulans kallas till en fest där en man ska ha misshandlat en annan man med ett tillhygge. Polisen håller förhör med den misshandlade mannen och vittnen på plats. Den misstänkte mannen ska ha lämnat platsen. Man upprättar en anmälan gällande grov misshandel.,https://polisen.se/aktuellt/handelser/2023/november/26/26-november-07.54-sammanfattning-natt-norrbottens-lan/,high
278557,2023-11-29,2023,11,Sammanfattning natt,01:31,E10,Gällivare,Gällivare,Övriga Norrbotten,"En lätt lastbil har kolliderat med en älg. Inga personskador finns rapporterade. Den inblandade bilen behöver bärgas från platsen. Älgen dog vid krocken, eftersöksjägare kallas till platsen för att hantera djuret.

Övrigt

Polisen har även utfört kontroller av personer och fordon som inte resulterat i någon brottsmisstanke.

Ett urval av nattens polisverksamhet 22:00-07:00
Ett urval av nattens polisverksamhet 22:00-07:00",https://polisen.se/aktuellt/handelser/2023/november/29/29-november-07.21-sammanfattning-natt-norrbottens-lan/,high
283094,2024-02-04,2024,2,Sammanfattning natt,00:27,Kiruna,centrum,,"Norrbotten, okänd kommun","Patrullerande polis vinkas in av en man som uppger att han har blivit misshandlad. Ett bråk ska ha uppstått utanför en restaurang. Polisen påträffar även den man som anklagas för att ha slagit den förste. Anmälan gällande misshandel upprättas.

01:05, Jokkmokk

Polisen stoppar en personbil. Föraren, en man i 20-årsåldern, tilldelas böter eftersom bilen har ett felaktigt avgassystem.",https://polisen.se/aktuellt/handelser/2024/februari/4/04-februari-07.41-sammanfattning-natt-norrbottens-lan/,medium
283094,2024-02-04,2024,2,Sammanfattning natt,02:58,Älvsbyn,centrum,,"Norrbotten, okänd kommun","En kvinna larmar polisen om att hon ska ha hört en smäll. Polisen åker till platsen. Det visar sig att någon har sprängt en brevlåda. Anmälan gällande skadegörelse upprättas.

Ett urval av nattens polisverksamhet
Ett urval av nattens polisverksamhet",https://polisen.se/aktuellt/handelser/2024/februari/4/04-februari-07.41-sammanfattning-natt-norrbottens-lan/,medium
283375,2024-02-08,2024,2,Sammanfattning kväll och natt,00:53,E45,"Vittangi, Kiruna",Kiruna,Övriga Norrbotten,"En personbil har kolliderat med en ren. Det finns inga uppgifter om personskador. Berörd sameby kontaktas.

Polisen har även utfört ett flertal kontroller av personer och fordon som inte resulterat i någon brottsmisstanke.

Ett urval av nattens polisverksamhet
Ett urval av nattens polisverksamhet",https://polisen.se/aktuellt/handelser/2024/februari/8/08-februari-07.36-sammanfattning-kvall-och-natt-norrbottens-lan/,high
283375,2024-02-08,2024,2,Sammanfattning kväll och natt,23:37,Riksväg 99. Kitkiöjärvi,Pajala,Pajala,Övriga Norrbotten,En personbil har kolliderat med två renar. Det finns inga uppgifter om personskador. Berörd sameby kontaktas.,https://polisen.se/aktuellt/handelser/2024/februari/8/08-februari-07.36-sammanfattning-kvall-och-natt-norrbottens-lan/,high
286096,2024-03-21,2024,3,Sammanfattning natt,05:38,Sveavägen,Boden,Boden,Övriga Norrbotten,"Polisen kontrollerar hastighet i trafiken. Tre förare tilldelades böter på grund av hastighetsöverträdelser.

Polisen har även utfört ett flertal kontroller av personer och fordon som inte resulterat i någon brottsmisstanke.

Ett urval av nattens polisverksamhet 22:00-07:00
Ett urval av nattens polisverksamhet 22:00-07:00",https://polisen.se/aktuellt/handelser/2024/mars/21/21-mars-07.03-sammanfattning-natt-norrbottens-lan/,high
287359,2024-04-09,2024,4,Sammanfattning natt,05:12,Kiruna,E10,,"Norrbotten, okänd kommun","En personbil har voltat och ligger i diket. Polis och räddningstjänst åker till platsen. Föraren, en kvinna, ska ha klarat sig bra. Polisen misstänker inget brott i samband med händelsen. Bilen är kvar på olycksplatsen och kommer att bärgas under dagen.

Polisen har även utfört ett flertal kontroller av personer och fordon som inte resulterat i någon brottsmisstanke.

Ett urval av nattens polisverksamhet 22:00-07:00
Ett urval av nattens polisverksamhet 22:00-07:00",https://polisen.se/aktuellt/handelser/2024/april/9/09-april-07.46-sammanfattning-natt-norrbottens-lan/,medium
289225,2024-05-06,2024,5,Sammanfattning natt,00:55,Viltolycka,"E10/Rislandsvägen, Överkalix",Överkalix,Övriga Norrbotten,"En personbil har kolliderat med en ren. Inga personskador finns rapporterade. Berörd sameby kontaktas.

Polisen har också kontrollerat ett antal personer och fordon som inte resulterat i någon brottsmisstanke.

Ett urval av nattens polisverksamhet 22:00-07:00
Polisinsatser under natten: Olaga hot i Gällivare och viltolycka i Överkalix",https://polisen.se/aktuellt/handelser/2024/maj/6/06-maj-07.34-sammanfattning-natt-norrbottens-lan/,high
289225,2024-05-06,2024,5,Sammanfattning natt,23:17,Olaga hot,Gällivare,Gällivare,Övriga Norrbotten,"En butiksanställd larmar om en kund som beter sig på ett hotfullt sätt. Polis åker till platsen och påträffar de inblandade. Man håller förhör med den anställde. Kunden, en man i 20-årsåldern, misstänks för olaga hot. Anmälan upprättas.",https://polisen.se/aktuellt/handelser/2024/maj/6/06-maj-07.34-sammanfattning-natt-norrbottens-lan/,high
289310,2024-05-07,2024,5,Sammanfattning natt,00:33,Misshandel,Gällivare,Gällivare,Övriga Norrbotten,"Polisen larmas om att en man ska ha varit våldsam mot en kvinna han har en relation med. Polisen åker till adressen och påträffar mannen och kvinnan. Båda inblandade anklagar varandra för misshandel och olaga hot, anmälan och motanmälan gällande båda brotten upprättas. Ingen person ska ha behövt uppsöka vård i samband med händelsen.

Polisen har också kontrollerat ett antal personer och fordon som inte resulterat i någon brottsmisstanke.

Ett urval av nattens polisverksamhet 22:00-07:00
Polisarbetet under natten: Misshandel i Gällivare och kontroller utan brottsmisstanke",https://polisen.se/aktuellt/handelser/2024/maj/7/07-maj-07.47-sammanfattning-natt-norrbottens-lan/,high
292053,2024-06-14,2024,6,Sammanfattning natt,01:58,Innerstaden,Luleå,Luleå,Luleå kommun,"Polisen uppmärksammas på en berusad man som sitter på marken utomhus. Polisen åker till platsen och påträffar mannen. Han omhändertas enligt LOB (Lag om omhändertagande av berusade personer). Han misstänks för ringa narkotikabrott, eget bruk. Anmälan upprättas.

Övrigt

Polisen har också gjort ett antal kontroller av personer och fordon som inte har lett till någon brottsmisstanke.

Ett urval av polisens arbete klockan 22:00-07:00
Ett urval av polisens arbete klockan 22:00-07:00",https://polisen.se/aktuellt/handelser/2024/juni/14/14-juni-07.38-sammanfattning-natt-norrbottens-lan/,high
292053,2024-06-14,2024,6,Sammanfattning natt,22:28,E4 Norra ringen,"Öjebyn, Piteå",Piteå,Övriga Norrbotten,"En personbil har kolliderat med ett rådjur. Inga personskador finns rapporterade. Djuret överlevde krocken, eftersöksjägare kallas ut.",https://polisen.se/aktuellt/handelser/2024/juni/14/14-juni-07.38-sammanfattning-natt-norrbottens-lan/,high
292053,2024-06-14,2024,6,Sammanfattning natt,23:26,Innerstaden,Luleå,Luleå,Luleå kommun,"Personal på en snabbmatsrestaurang kontaktar polisen angående ett gäng ungdomar som spelar mycket hög musik på restaurangens parkering. Polisen åker till platsen. Efter ett samtal med ungdomarna sänker de volymen, ingen anmälan upprättas.",https://polisen.se/aktuellt/handelser/2024/juni/14/14-juni-07.38-sammanfattning-natt-norrbottens-lan/,high
292279,2024-06-17,2024,6,Sammanfattning natt,01:55,Centrum,Piteå,Piteå,Övriga Norrbotten,"Polisen kontrollerar två kvinnor. En av dem, en kvinna i 20-årsåldern, misstänks för ringa narkotikabrott, eget bruk. Hon får följa med polisen för provtagning. Anmälan upprättas.",https://polisen.se/aktuellt/handelser/2024/juni/17/17-juni-07.28-sammanfattning-natt-norrbottens-lan/,high
292279,2024-06-17,2024,6,Sammanfattning natt,04:29,E4 Norra Gäddvik,Luleå,Luleå,Luleå kommun,"Tre personbilar har kolliderat. Polis, ambulans och bärgare åker till platsen. Tre personer ska vara inblandade i olyckan, ingen av dem ska ha behövt uppsöka sjukvård med ambulans. Olyckan orsakade skräp på vägen, det ska städas upp. Polisen ska utreda vad som orsakade olyckan.

Övrigt

Polisen har också gjort ett antal kontroller av personer och fordon som inte resulterat i någon brottsmisstanke.

Ett urval av polisens arbete klockan 22:00-07:00
Ett urval av polisens arbete klockan 22:00-07:00",https://polisen.se/aktuellt/handelser/2024/juni/17/17-juni-07.28-sammanfattning-natt-norrbottens-lan/,high
292279,2024-06-17,2024,6,Sammanfattning natt,22:32,Kebnekaise,Kiruna,Kiruna,Övriga Norrbotten,"En ung kvinna har skadad benet under en vandring på fjället. Hon behöver hjälp att ta sig till Kebnekaise fjällstation. Vakthavande befäl beslutar att inleda fjällräddning med stöd av LSO (Lagom skydd mot olyckor). Fjällräddare med helikopter kallas ut, de skjutsar kvinnan till fjällstationen. Hon är inte i behov av akut sjukvård. Insatsen avslutas.",https://polisen.se/aktuellt/handelser/2024/juni/17/17-juni-07.28-sammanfattning-natt-norrbottens-lan/,high
292635,2024-06-22,2024,6,Sammanfattning natt,00:36,Länsväg 870,Kiruna,Kiruna,Övriga Norrbotten,"En personbil har voltat av vägen. Polis och räddningstjänst åker till platsen. En man färdades i bilen, han avlider i samband med olyckan. Anhöriga är underrättade. Polisen ska utreda vad som kan ha orsakat olyckan, ingen brottsanmälan finns upprättad i nuläget. Bilen tas i beslag för vidare teknisk undersökning.

00:58, Piteå

En man har kört omkull med en fyrhjuling. Ambulans och polis åker till platsen. Mannen som körde fyrhjulingen blåser positivt i polisens sållningsinstrument. Han misstänks för grovt rattfylleri, anmälan upprättas.",https://polisen.se/aktuellt/handelser/2024/juni/22/22-juni-08.11-sammanfattning-natt-norrbottens-lan/,high
292635,2024-06-22,2024,6,Sammanfattning natt,05:38,E10 Skröven,"Hakkas, Gällivare",Gällivare,Övriga Norrbotten,"En personbil har voltat av vägen. Polis och räddningstjänst åker till platsen. Föraren, en man, ska ha klarat sig bra men får åka med ambulans till sjukvård för kontroll. Polisen misstänker inget brott i samband med olyckan.

Ett urval av polisens arbete klockan 22:00–07:00
Ett urval av polisens arbete klockan 22:00–07:00",https://polisen.se/aktuellt/handelser/2024/juni/22/22-juni-08.11-sammanfattning-natt-norrbottens-lan/,high
292635,2024-06-22,2024,6,Sammanfattning natt,22:55,Överkalix,centrum,Luleå,Luleå kommun,"Polisen kontaktas gällande en grupp ungdomar som har hamnat i bråk. Polisen åker till platsen och pratar med de inblandade. Inga allvarliga personskador finns rapporterade. En anmälan gällande misshandel upprättas.

23:44, Luleå

Polisen kontaktas av en ung man som har fått oinbjudna gäster till sin fest. De oinbjudna personerna ska uppträda otrevligt och hotfullt. Polisen åker till platsen och påträffar de inblandade. De pratar med de oinbjudna gästerna och avvisar dem från platsen.",https://polisen.se/aktuellt/handelser/2024/juni/22/22-juni-08.11-sammanfattning-natt-norrbottens-lan/,high
292680,2024-06-23,2024,6,Sammanfattning natt,04:03,E4 Vånafjärden,Kalix,Kalix,Övriga Norrbotten,"En personbil har väjt för en ren och kört in i mitträcket. Inga personskador finns rapporterade i samband med händelsen. Ett körfält blockeras tillfälligt och den bil som varit inblandad i olyckan behöver bärgas från platsen.

Övrigt

Polisen har även utfört ett antal kontroller av personer och fordon som inte har resulterat i någon brottsmisstanke.

Ett urval av polisens arbete klockan 22:00–07:00
Ett urval av polisens arbete klockan 22:00–07:00",https://polisen.se/aktuellt/handelser/2024/juni/23/23-juni-07.49-sammanfattning-natt-norrbottens-lan/,high
293065,2024-07-01,2024,7,Sammanfattning natt,05:35,Riksväg 94,Arvidsjaur,Arvidsjaur,Övriga Norrbotten,"En personbil har kolliderat med en ren. Inga personskador finns rapporterade. Renen överlevde krocken, berörd sameby kontaktas.

Övrigt

Polisen har gjort ett antal kontroller av personer och fordon som inte har resulterat i någon brottsmisstanke.

Ett urval av polisens arbete klockan 22:00 – 07:00
Ett urval av polisens arbete klockan 22:00 – 07:00",https://polisen.se/aktuellt/handelser/2024/juli/1/01-juli-07.33-sammanfattning-natt-norrbottens-lan/,high
293270,2024-07-02,2024,7,Sammanfattning natt,00:49,Lövheden,Haparanda,Haparanda,Övriga Norrbotten,"En personbil har kolliderat med en ren. Inga personskador finns rapporterade. Renen dog vid krocken, berörd sameby kontaktas.

Övrigt

Polisen har utfört kontroller av ett antal personer och fordon som inte resulterat i någon brottsmisstanke.

Ett urval av polisens arbete klockan 22:00-07:00
Ett urval av polisens arbete klockan 22:00-07:00",https://polisen.se/aktuellt/handelser/2024/juli/2/02-juli-07.20-sammanfattning-natt-norrbottens-lan/,high
295627,2024-08-12,2024,8,Sammanfattning natt,04:40,Riksväg 95,"Ballasviken, Arjeplog",Arjeplog,Övriga Norrbotten,"Ett fordon har kolliderat med en älg. Det finns inga personskador rapporterade i samband med händelsen. Djuret överlevde krocken, eftersöksjägare kallas till platsen.

Ett urval av polisens arbete klockan 22:00 - 07:00
Ett urval av polisens arbete klockan 22:00 - 07:00",https://polisen.se/aktuellt/handelser/2024/augusti/12/12-augusti-07.28-sammanfattning-natt-norrbottens-lan/,high
295695,2024-08-13,2024,8,Sammanfattning natt,22:46,Kebnekaise,Kiruna,Kiruna,Övriga Norrbotten,"En kvinna som har vandrat på fjället har ramlat och behöver hjälp att ta sig ner. Polisens helikopter skickas ut. Man kan lokalisera kvinnan och skjutsar henne till Kebnekaise fjällstation.

Ett urval av polisens arbete klockan 22:00 – 07:00
Ett urval av polisens arbete klockan 22:00 – 07:00",https://polisen.se/aktuellt/handelser/2024/augusti/13/13-augusti-07.20-sammanfattning-natt-norrbottens-lan/,high
295946,2024-08-16,2024,8,Sammanfattning natt,23:27,Örnäset,Luleå,Luleå,Luleå kommun,"Polisen beordras till en adress där en man ska ha tagit sig in i ett trapphus till ett flerfamiljshus och ryckt i cyklar. På plats påträffas cyklar som misstänks vara stulna. Ingen gärningsman finns kvar. En anmälan gällande försök till stöld och ringa skadegörelse kommer att upprättas.

Övrigt

Polisen har utfört ett antal kontroller av personer och fordon som inte har resulterat i någon brottsmisstanke.

Ett urval av polisens arbete klockan 22:00 – 07:00
Ett urval av polisens arbete klockan 22:00 – 07:00",https://polisen.se/aktuellt/handelser/2024/augusti/16/16-augusti-07.36-sammanfattning-natt-norrbottens-lan/,high
296025,2024-08-17,2024,8,Sammanfattning natt,01:20,Bodenvägen,"Notviken, Luleå",,"Norrbotten, okänd kommun","Polisen stoppar en personbil. Föraren, en man i 20-årsåldern, körde 134 km/h på en 90-sträcka. Polisen omhändertar mannens körkort, han åläggs att betala 4000 kronor i böter.

01:38, Centrala Jokkmokk

En man uppger sig har blivit misshandlad utanför en restaurang. Polisen åker till platsen. När man kommer fram finns ingen gärningsman kvar. Man pratar med mannen och dokumenterar hans skador, efter det åker han till sjukvård. Anmälan gällande misshandel upprättas.

01:40, Kiruna

Polisen larmas om att en man ska ha varit våldsam mot en kvinna han har en relation med samt kvinnans hund. När polisen kommer till platsen är det lugnt. Man samtalar med de inblandade. En anmälan gällande djurplågeri upprättas.",https://polisen.se/aktuellt/handelser/2024/augusti/17/17-augusti-08.02-sammanfattning-natt-norrbottens-lan/,medium
296025,2024-08-17,2024,8,Sammanfattning natt,03:28,Riksväg 95,Arjeplog,Arjeplog,Övriga Norrbotten,"Polisen stoppar en personbil. Det visar sig att föraren, en man, saknar behörighet att framföra fordonet. Han misstänks för grov olovlig körning. Anmälan upprättas. Ärendet hanteras enligt arbetsmetoden ”snabbare lagföring”.

Ett urval av polisens arbete klockan 22:00 – 07:00
Ett urval av polisens arbete klockan 22:00 – 07:00",https://polisen.se/aktuellt/handelser/2024/augusti/17/17-augusti-08.02-sammanfattning-natt-norrbottens-lan/,high
296025,2024-08-17,2024,8,Sammanfattning natt,23:59,Nakerijärvi,Kiruna,Kiruna,Övriga Norrbotten,"En kvinna som är ute och tältar har skadad sin fot. Hon behöver hjälp att ta sig till sjukvård. Fjällräddare kallas ut, de tar sig fram till kvinnan med hjälp av helikopter. Man hjälper kvinnan till sjukvård, fjällräddningen avslutas.",https://polisen.se/aktuellt/handelser/2024/augusti/17/17-augusti-08.02-sammanfattning-natt-norrbottens-lan/,high
296077,2024-08-18,2024,8,Sammanfattning natt,01:55,Innerstaden,Luleå,Luleå,Luleå kommun,"Polisen kontrollerar en man som man misstänker är påverkad av narkotika. Han misstänks för ringa narkotikabrott, eget bruk, och får följa med till polisstationen för ytterligare undersökning. Anmälan upprättas.",https://polisen.se/aktuellt/handelser/2024/augusti/18/18-augusti-08.04-sammanfattning-natt-norrbottens-lan/,high
296077,2024-08-18,2024,8,Sammanfattning natt,02:20,Sanden,Boden,Boden,Övriga Norrbotten,"Polisen stoppar en lätt lastbil. Man misstänker att föraren, en man i 25-årsåldern, är berusad. Han misstänks för rattfylleri och får följa med polisen för ytterligare provtagning. Anmälan upprättas.

Ett urval av polisens arbete klockan 22:00 – 07:00
Ett urval av polisens arbete klockan 22:00 – 07:00",https://polisen.se/aktuellt/handelser/2024/augusti/18/18-augusti-08.04-sammanfattning-natt-norrbottens-lan/,high
296077,2024-08-18,2024,8,Sammanfattning natt,22:41,Näsbyn,Kalix,Kalix,Övriga Norrbotten,"Polisen stoppar en personbil. Föraren, en man i 20-årsåldern, tilldelas böter eftersom han försett bilens sidoruta med solfilm.",https://polisen.se/aktuellt/handelser/2024/augusti/18/18-augusti-08.04-sammanfattning-natt-norrbottens-lan/,high
296077,2024-08-18,2024,8,Sammanfattning natt,23:34,E4 Antnäs,Luleå,,"Norrbotten, okänd kommun","Polisen stoppar en personbil. Föraren, en man i 25-årsåldern, blåser positivt i polisens sållningsinstrument. Han misstänks för rattfylleri. Anmälan upprättas.

00:45, Centrala Kiruna

Två män som har befunnit sig på ett hotell ska ha hamnat i slagsmål. Polisen åker till platsen. Båda männen anklagar varandra för misshandel. Anmälan och motanmälan gällande misshandel upprättas. Det finns inga uppgifter om att någon person ska ha behövt uppsöka sjukvård i samband med händelsen.",https://polisen.se/aktuellt/handelser/2024/augusti/18/18-augusti-08.04-sammanfattning-natt-norrbottens-lan/,medium
296434,2024-08-23,2024,8,Sammanfattning natt,02:49,Björklandsvägen,Överkalix,Överkalix,Övriga Norrbotten,"En lätt lastbil har kolliderat med en älg. Inga personskador finns rapporterade. Älgen skadades vid krocken, eftersöksjägare kallas ut.

Ett urval av polisens arbete klockan 22:00 – 07:00
Ett urval av polisens arbete klockan 22:00 – 07:00",https://polisen.se/aktuellt/handelser/2024/augusti/23/23-augusti-07.24-sammanfattning-natt-norrbottens-lan/,high
296434,2024-08-23,2024,8,Sammanfattning natt,23:30,Centrum,Gällivare,Gällivare,Övriga Norrbotten,"Ett antal ungdomar har samlats på en parkering. Polisen stannar till och pratar med ungdomarna om vilken ljudvolym som är lämplig, hur man parkerar samt att de inte får skräpa ned efter sig. Därefter lämnar patrullen utan ytterligare åtgärd.",https://polisen.se/aktuellt/handelser/2024/augusti/23/23-augusti-07.24-sammanfattning-natt-norrbottens-lan/,high
296620,2024-08-26,2024,8,Sammanfattning natt,04:17,Riksväg 97,"Gammelstad, Luleå",Luleå,Luleå kommun,Polisen kontrollerar nykterhet. 20 förare får blåsa i polisens sållningsinstrument. Samtliga var nyktra och fick köra vidare utan anmärkning.,https://polisen.se/aktuellt/handelser/2024/augusti/26/26-augusti-07.16-sammanfattning-natt-norrbottens-lan/,high
296620,2024-08-26,2024,8,Sammanfattning natt,04:20,Centrum,Haparanda,Haparanda,Övriga Norrbotten,"Polisen larmas om att minst en obehörig person ska finnas inne på ett inhägnat industriområde. Polisen åker till platsen. När man kommer fram finns ingen person kvar. Man dokumenterar området, det är oklart om något har stulits. En anmälan gällande stöld genom inbrott upprättas.

Övrigt

Polisen har även utfört ett antal kontroller av personer och fordon som inte har resulterat i någon brottsmisstanke.

Ett urval av polisens arbete klockan 22:00 – 07:00
Ett urval av polisens arbete klockan 22:00 – 07:00",https://polisen.se/aktuellt/handelser/2024/augusti/26/26-augusti-07.16-sammanfattning-natt-norrbottens-lan/,high
296695,2024-08-27,2024,8,Sammanfattning natt,00:39,Trollsjön,Kiruna,Kiruna,Övriga Norrbotten,"En kvinna kontaktar polisen. Hon tältar och har blivit nedkyld, hon behöver hjälp att ta sig till sjukvård. Vakthavande befäl inleder fjällräddning med stöd av LSO (Lag om skydd mot olyckor). Under morgonen har fjällräddare tagit sig fram till kvinnan och hjälper henne att ta sig till vägburen ambulans.

01:08, Piteå

Polis larmas om ett bråk som ska ha uppstått i en lägenhet. Man åker till adressen. På plats påträffas en kvinna som misstänks för ringa misshandel, målsägande är en annan kvinna. Man håller förhör på platsen. Anmälan gällande ringa misshandel upprättas.

02:01, Luleå

Polisen kontaktas angående en påverkad man som knackar på fönstret till en adress där han inte bor. Mannen ska vara utåtagerande och upprörd. Polisen åker till platsen och påträffar mannen, som är i 20-årsåldern. Man misstänker att han är påverkad av narkotika. Han får följa med polisen för undersökning. Anmälan gällande ringa narkotikabrott, eget bruk, upprättas.

Ett urval av polisens arbete klockan 22:00 – 07:00
Ett urval av polisens arbete klockan 22:00 – 07:00",https://polisen.se/aktuellt/handelser/2024/augusti/27/27-augusti-07.22-sammanfattning-natt-norrbottens-lan/,high
297049,2024-08-31,2024,8,Sammanfattning natt,00:33,Gällivare,Centrum,,"Norrbotten, okänd kommun","En a-traktor står på en parkering, man spelar hög musik och stör boende i närheten. Polisen åker till platsen. Där påträffas en tonårsflicka, hon är berusad. Polisen skjutsar henne till vårdnadshavare. En tonårspojke ansvarar för a-traktorn. Polisen kontaktar hans vårdnadshavare och har ett samtal om bilens ljudanläggning och hur den används. Ingen anmälan upprättas.",https://polisen.se/aktuellt/handelser/2024/augusti/31/31-augusti-08.16-sammanfattning-natt-norrbottens-lan/,medium
297049,2024-08-31,2024,8,Sammanfattning natt,01:12,Gällivare,Centrum,,"Norrbotten, okänd kommun","Det har uppstått ett bråk mellan ett antal män i 20-årsåldern. Polisen åker till platsen och påträffar de inblandade. En man misstänks för olaga hot, anmälan upprättas. Han omhändertas också enligt LOB (Lag om omhändertagande av berusade personer).",https://polisen.se/aktuellt/handelser/2024/augusti/31/31-augusti-08.16-sammanfattning-natt-norrbottens-lan/,medium
297049,2024-08-31,2024,8,Sammanfattning natt,02:12,Zonområdet,Piteå,Piteå,Övriga Norrbotten,"Två flickor under 18 år ska ha tagit sig in på en krog med åldersgräns med hjälp av falska identitetshandlingar. En ordningsvakt upptäcker dem och tillkallar polis. Polisen åker till platsen. Den ena flickan misstänks för missbruk av urkund, den andra för urkundsförfalskning. Anmälan upprättas.

02:31, Gällivare

Polisen larmas om ett bråk mellan ett antal personer i 20-årsåldern. Polisen åker till platsen. Två män grips. Den ene är misstänkt för grovt olaga hot, vapenbrott och ringa narkotikabrott, eget bruk. Den andre är misstänkt för grovt brott mot knivlagen, försök till grovmisshandel och ringa narkotikabrott, eget bruk. Det finns inga uppgifter om att någon ska ha behövt uppsöka sjukvård i samband med händelsen. Männen anhålls senare efter beslut från åklagare.",https://polisen.se/aktuellt/handelser/2024/augusti/31/31-augusti-08.16-sammanfattning-natt-norrbottens-lan/,high
297049,2024-08-31,2024,8,Sammanfattning natt,02:40,E4,"Sangis, Kalix",Kalix,Övriga Norrbotten,"Polisen stoppar en personbil som man märkte vände om när föraren fick syn på polisbilen. Föraren, en man i 30-årsåldern, blåser positivt i polisens sållningsinstrument. Han misstänks för rattfylleri, anmälan upprättas. Polisen omhändertar mannens bilnycklar.",https://polisen.se/aktuellt/handelser/2024/augusti/31/31-augusti-08.16-sammanfattning-natt-norrbottens-lan/,high
297049,2024-08-31,2024,8,Sammanfattning natt,02:48,Länsväg 796,"Svartbyn, Överkalix",Överkalix,Övriga Norrbotten,"En personbil har voltat. Polis och räddningstjänst åker till platsen. Två personer färdades i bilen. Föraren förs med ambulans till sjukvård. Han misstänks för grovt rattfylleri. Anmälan upprättas.

Ett urval av polisens arbete klockan 07:00 – 22:00
Ett urval av polisens arbete klockan 07:00 – 22:00",https://polisen.se/aktuellt/handelser/2024/augusti/31/31-augusti-08.16-sammanfattning-natt-norrbottens-lan/,high
297049,2024-08-31,2024,8,Sammanfattning natt,22:29,Innerstaden,Luleå,Luleå,Luleå kommun,"En personbil och en a-traktor ska ha kolliderat. Personbilen ska sedan ha lämnat. Polisen åker till platsen och samtalar med de personer som finns kvar där. Inga personskador finns rapporterade i samband med händelsen. En anmälan gällande smitning från trafikolycka upprättas, det finns ingen misstänkt gärningsperson i nuläget.

00:22, Boden

En man uppger att han har blivit hotad av en annan man och en kvinna när han satt i sin bil. De tre personerna känner varandra sedan tidigare. Polisen åker till platsen och påträffar mannen som kontaktat polisen. Man kan snart också lokalisera de andra två personerna. De sistnämnda grips, misstänkta för grovt olaga hot, försök till grov misshandel och vapenbrott. De anhålls senare efter beslut av åklagare. Ärendet leds av åklagare.",https://polisen.se/aktuellt/handelser/2024/augusti/31/31-augusti-08.16-sammanfattning-natt-norrbottens-lan/,high
297098,2024-09-01,2024,9,Sammanfattning natt,00:11,Innerstaden,Luleå,Luleå,Luleå kommun,"Polisen får samtal från en snabbmatsrestaurang. Det står bilar på parkeringen utanför som spelar mycket hög musik. Polisen åker till platsen. En av förarna till bilarna, en man i 45-årsåldern, misstänks för förargelseväckande beteende. Anmälan upprättas.",https://polisen.se/aktuellt/handelser/2024/september/1/01-september-08.08-sammanfattning-natt-norrbottens-lan/,high
297098,2024-09-01,2024,9,Sammanfattning natt,00:31,Centrum,Älvsbyn,Älvsbyn,Övriga Norrbotten,"Polisen larmas om ett bråk utomhus mellan flera personer. Polisen åker till platsen och påträffar en man som uppger att han har blivit misshandlad i samband med bråket. En anmälan gällande misshandel upprättas, det finns i nuläget ingen misstänkt gärningsman.",https://polisen.se/aktuellt/handelser/2024/september/1/01-september-08.08-sammanfattning-natt-norrbottens-lan/,high
297098,2024-09-01,2024,9,Sammanfattning natt,00:59,Centrum,Gällivare,Gällivare,Övriga Norrbotten,"En man i 20-årsåldern ringer polisen angående att en annan man har kört in sin cykel i hans bil. Polisen åker till platsen. Man pratar med 20-åringen och dokumenterar hans bil. Gärningsmannen finns inte kvar på platsen. En anmälan gällande skadegörelse upprättas.

Ett urval av polisens arbete klockan 07:00 – 22:00
Ett urval av polisens arbete klockan 07:00 – 22:00",https://polisen.se/aktuellt/handelser/2024/september/1/01-september-08.08-sammanfattning-natt-norrbottens-lan/,high
297098,2024-09-01,2024,9,Sammanfattning natt,22:00,Karhakka,Gällivare,Gällivare,Övriga Norrbotten,"Polisen kontrollerar en man i 20-årsåldern som man misstänker är påverkad av narkotika. Mannen uppträder aggressivt. Han får följa med polisen för provtagning. Han misstänks för våldsamt motstånd och ringa narkotikabrott, anmälan upprättas.",https://polisen.se/aktuellt/handelser/2024/september/1/01-september-08.08-sammanfattning-natt-norrbottens-lan/,high
297098,2024-09-01,2024,9,Sammanfattning natt,22:55,Sanden,Boden,Boden,Övriga Norrbotten,"Polisen får samtal från boende i området som störs av bilar som spelar hög musik. Polisen åker ut och påträffar bilarna. Men ber förarna att sänka volymen, vilket de gör. Patrullen lämnar utan ytterligare åtgärd.",https://polisen.se/aktuellt/handelser/2024/september/1/01-september-08.08-sammanfattning-natt-norrbottens-lan/,high
297098,2024-09-01,2024,9,Sammanfattning natt,23:44,Notviken,Luleå,Luleå,Luleå kommun,"Polisen stoppar en motorcykel. Det visar sig att föraren, en man i 40-årsåldern, saknar behörighet att framföra fordonet. Han misstänks för olovlig körning. Anmälan upprättas.",https://polisen.se/aktuellt/handelser/2024/september/1/01-september-08.08-sammanfattning-natt-norrbottens-lan/,high
297387,2024-09-05,2024,9,Sammanfattning natt,01:10,Karhakka,Gällivare,Gällivare,Övriga Norrbotten,"En lastbil har kört av vägen. Polis och räddningstjänst åker till platsen. Föraren, en kvinna, förs till sjukvård med för kontroll. Lastbilen kommer att bärgas under dagen. Anmälan gällande trafikolycka utan misstanke om brott upprättas.

Ett urval av polisens arbete klockan 22:00 – 07:00
Ett urval av polisens arbete klockan 22:00 – 07:00",https://polisen.se/aktuellt/handelser/2024/september/5/05-september-07.29-sammanfattning-natt-norrbottens-lan/,high
297387,2024-09-05,2024,9,Sammanfattning natt,22:19,Riksväg 97,"Vittjärv, Boden",Boden,Övriga Norrbotten,"En personbil har voltat och hamnat i diket. Polis och räddningstjänst åker till platsen. En man färdades i bilen, han förs till sjukvård med ambulans. Polisen håller förhör med vittnen på platsen. En anmälan gällande vårdslöshet i trafik upprättas.",https://polisen.se/aktuellt/handelser/2024/september/5/05-september-07.29-sammanfattning-natt-norrbottens-lan/,high
298990,2024-09-27,2024,9,Sammanfattning natt,00:59,Marielund,Haparanda,Haparanda,Övriga Norrbotten,"Polisen kontaktas angående ett pågående inbrott i ett garage. När polisen kommer till platsen påträffar man en kvinna i 30-årsåldern. Hon grips, misstänkt för stöld. Polisen pratar med vittnen på platsen. Senare under natten hävs gripandet av kvinnan. En anmälan gällande stöld upprättas.",https://polisen.se/aktuellt/handelser/2024/september/27/27-september-07.20-sammanfattning-natt-norrbottens-lan/,high
298990,2024-09-27,2024,9,Sammanfattning natt,05:53,Länsväg 744,"Morjärv, Kalix",Kalix,Övriga Norrbotten,"En lastbil har kolliderat med en ren. Inga personskador finns rapporterade. Renen dog vid krocken, berörd sameby kontaktas.

Ett urval av polisens arbete klockan 22:00 – 07:00
Ett urval av polisens arbete klockan 22:00 – 07:00",https://polisen.se/aktuellt/handelser/2024/september/27/27-september-07.20-sammanfattning-natt-norrbottens-lan/,high
298990,2024-09-27,2024,9,Sammanfattning natt,23:41,E4 Börjeslandet,Luleå,Luleå,Luleå kommun,Polisen kontrollerar nykterhet i trafiken. Ett 15-tal förare får blåsa i polisens sållningsinstrument. Samtliga var nyktra och fick köra vidare utan anmärkning.,https://polisen.se/aktuellt/handelser/2024/september/27/27-september-07.20-sammanfattning-natt-norrbottens-lan/,high
299258,2024-10-01,2024,10,Sammanfattning natt,01:06,Bredviken,Luleå,Luleå,Luleå kommun,"Polisen stoppar en personbil. Föraren, en kvinna i 70-årsåldern, blåser positivt i polisens sållningsinstrument. Hon misstänks för rattfylleri. Anmälan upprättas. Man omhändertar kvinnans körkort. En passagerare i bilen, en man i samma ålder, omhändertas enligt LOB (Lag om omhändertagande av berusade personer).

Ett urval av polisens arbete klockan 22:00-07:00
Ett urval av polisens arbete klockan 22:00-07:00",https://polisen.se/aktuellt/handelser/2024/oktober/1/01-oktober-07.13-sammanfattning-natt-norrbottens-lan/,high
299601,2024-10-05,2024,10,Sammanfattning natt,00:55,centrum,Piteå,Piteå,Övriga Norrbotten,Vid en krogtillsyn kontrollerar polisen en man i 20-årsåldern. Man misstänker att han är påverkad av narkotika. En anmälan gällande ringa narkotikabrott upprättas.,https://polisen.se/aktuellt/handelser/2024/oktober/5/05-oktober-07.48-sammanfattning-natt-norrbottens-lan/,high
299601,2024-10-05,2024,10,Sammanfattning natt,01:16,Innerstaden,Luleå,Luleå,Luleå kommun,Polisen särar på två unga män som bråkar. Båda männen är berusade och den ene ska ha slagit den andre. Den ene mannen misstänks för misshandel. Den andre för våldsamt motstånd och våld mot tjänsteman. Anmälan upprättas. Båda männen omhändertas enligt LOB (Lag om omhändertagande av berusade personer).,https://polisen.se/aktuellt/handelser/2024/oktober/5/05-oktober-07.48-sammanfattning-natt-norrbottens-lan/,high
299601,2024-10-05,2024,10,Sammanfattning natt,01:18,Bredviken,Kalix,Kalix,Övriga Norrbotten,"Polisen kontrollerar en personbil. Det visar sig att föraren, en man i 20-årsåldern, saknar behörighet att framföra fordonet. Han misstänks för olovlig körning. Anmälan upprättas.",https://polisen.se/aktuellt/handelser/2024/oktober/5/05-oktober-07.48-sammanfattning-natt-norrbottens-lan/,high
299601,2024-10-05,2024,10,Sammanfattning natt,01:25,Påläng,Kalix,Kalix,Övriga Norrbotten,"Polisen kontrollerar en a-traktor. Man misstänker att föraren, en tonårspojke, är påverkad. Han får följa med polisen för ytterligare provtagning. En anmälan gällande rattfylleri samt drograttfylleri upprättas.",https://polisen.se/aktuellt/handelser/2024/oktober/5/05-oktober-07.48-sammanfattning-natt-norrbottens-lan/,high
299601,2024-10-05,2024,10,Sammanfattning natt,02:23,Innerstaden,Luleå,Luleå,Luleå kommun,"En man och en kvinna bråkar. Polisen åker till platsen. Mannen misstänks för misshandel, anmälan upprättas. Han omhändertas också enligt LOB (Lag om omhändertagande av berusade personer).

Ett urval av polisens arbete klockan 22:00 – 07:00
Ett urval av polisens arbete klockan 22:00 – 07:00",https://polisen.se/aktuellt/handelser/2024/oktober/5/05-oktober-07.48-sammanfattning-natt-norrbottens-lan/,high
299601,2024-10-05,2024,10,Sammanfattning natt,22:57,Sanden,Boden,Boden,Övriga Norrbotten,"Polisen stoppar en personbil som kör mot rött ljus. Man misstänker att föraren, en man i 20-årsåldern, är påverkad av narkotika. Polisen omhändertar mannens körkort. En anmälan gällande drograttfylleri upprättas.",https://polisen.se/aktuellt/handelser/2024/oktober/5/05-oktober-07.48-sammanfattning-natt-norrbottens-lan/,high
299646,2024-10-06,2024,10,Sammanfattning natt,01:04,Porsön,Luleå,Luleå,Luleå kommun,Polisen larmas till en restaurang. Där ska en man ha rört vid en kvinna på ett oönskat sätt. Polisen åker till platsen och håller förhör. En anmälan gällande sexuellt ofredande upprättas.,https://polisen.se/aktuellt/handelser/2024/oktober/6/06-oktober-08.05-sammanfattning-natt-norrbottens-lan/,high
299646,2024-10-06,2024,10,Sammanfattning natt,01:32,Centrum,Gällivare,Gällivare,Övriga Norrbotten,Polisen larmas till ett hotell. Där finns en kvinna som uppger att hon har blivit misshandlad av en man. Polisen åker till platsen och påträffar mannen och kvinnan. Man håller förhör med de inblandade. Både mannen och kvinnan anklagar varandra för misshandel. Anmälan och motanmälan gällande misshandel upprättas.,https://polisen.se/aktuellt/handelser/2024/oktober/6/06-oktober-08.05-sammanfattning-natt-norrbottens-lan/,high
299646,2024-10-06,2024,10,Sammanfattning natt,01:47,Riksväg 99,Övertorneå,Övertorneå,Övriga Norrbotten,"Polisen kontrollerar en a-traktor. Föraren, en tonårspojke, misstänks för olovlig körning. Pojkens vårdnadshavare kontaktas. Anmälan upprättas.",https://polisen.se/aktuellt/handelser/2024/oktober/6/06-oktober-08.05-sammanfattning-natt-norrbottens-lan/,high
299646,2024-10-06,2024,10,Sammanfattning natt,01:51,Innerstaden,Luleå,Luleå,Luleå kommun,"Två män ska ha bråkat utanför en restaurang. Polisen åker till platsen. Man påträffar de två männen. Den ena är i 20-årsåldern och den andre i 25-årsåldern. Den yngre mannen misstänks för olaga hot. Anmälan upprättas.

Ett urval av polisens arbete klockan 22:00 – 07:00
Ett urval av polisens arbete klockan 22:00 – 07:00",https://polisen.se/aktuellt/handelser/2024/oktober/6/06-oktober-08.05-sammanfattning-natt-norrbottens-lan/,high
299646,2024-10-06,2024,10,Sammanfattning natt,22:37,Centrum,Boden,Boden,Övriga Norrbotten,"Polisen kontaktas angående att två män har börjat bråka utanför en restaurang. Polisen åker till platsen och påträffar de inblandade. Den ene mannen, som är i 20-årsåldern, misstänks för misshandel. Anmälan upprättas.",https://polisen.se/aktuellt/handelser/2024/oktober/6/06-oktober-08.05-sammanfattning-natt-norrbottens-lan/,high
299901,2024-10-10,2024,10,Sammanfattning natt,23:59,E4 Bergsviken,"Storfors, Piteå",Piteå,Övriga Norrbotten,"En personbil har kört av vägen och ligger på sidan. Polis och räddningstjänst åker till platsen. En man i 20-årsåldern färdades i bilen, han pratar med polisen. Skadeläget är okänt. En anmälan gällande trafikolycka utan misstanke om brott upprättas.

Övrigt:

Polisen har utfört ett antal kontroller av personer och fordon som inte resulterat i någon brottsmisstanke.

Ett urval av polisens arbete klockan 22:00 – 07:00
Ett urval av polisens arbete klockan 22:00 – 07:00",https://polisen.se/aktuellt/handelser/2024/oktober/10/10-oktober-07.31-sammanfattning-natt-norrbottens-lan/,high
301197,2024-10-28,2024,10,Sammanfattning natt,05:42,Länsväg 356 Fagervik,Boden,Boden,Övriga Norrbotten,"En personbil har kört i diket. Polisen åker till platsen. Man dokumenterar olycksplatsen och samtalar med föraren, en kvinna i 30-årsåldern. Det finns inga uppgifter om att kvinnan ska ha behövt uppsöka sjukvård. Det var halt på platsen och polisen upprättar en anmälan gällande trafikolycka utan misstanke om brott.",https://polisen.se/aktuellt/handelser/2024/oktober/28/28-oktober-07.27-sammanfattning-natt-norrbottens-lan/,high
301197,2024-10-28,2024,10,Sammanfattning natt,06:21,Riksväg 99 Juoksengi,Övertorneå,Övertorneå,Övriga Norrbotten,"En personbil har kolliderat med två renar. Det finns inga uppgifter om personskador i samband med olyckan. Berörd sameby kontaktas.

Ett urval av polisens arbete klockan 22:00 – 07:00
Ett urval av polisens arbete klockan 22:00 – 07:00",https://polisen.se/aktuellt/handelser/2024/oktober/28/28-oktober-07.27-sammanfattning-natt-norrbottens-lan/,high
301352,2024-10-30,2024,10,Sammanfattning natt,03:43,Länsväg 506 Munksund,Piteå,Piteå,Övriga Norrbotten,"En lastbil har kolliderat med en älg. Inga personskador finns rapporterade. Älgen överlevde krocken, eftersöksjägare kallas till platsen.",https://polisen.se/aktuellt/handelser/2024/oktober/30/30-oktober-07.36-sammanfattning-natt-norrbottens-lan/,high
301352,2024-10-30,2024,10,Sammanfattning natt,04:44,Hallgrensvägen,"Lövholmen, Piteå",Piteå,Övriga Norrbotten,"En personbil har kolliderat med ett rådjur. Inga personskador finns rapporterade. Rådjuret överlevde krocken, eftersöksjägare kallas till platsen.

Ett urval av polisens arbete 22:00 – 07:00
Ett urval av polisens arbete 22:00 – 07:00",https://polisen.se/aktuellt/handelser/2024/oktober/30/30-oktober-07.36-sammanfattning-natt-norrbottens-lan/,high
301352,2024-10-30,2024,10,Sammanfattning natt,23:03,Centrum,Älvsbyn,Älvsbyn,Övriga Norrbotten,"En taxichaufför kontaktar polisen efter att en kund inte betalat sin taxiresa. Polisen åker till platsen. Man håller förhör med chauffören. Kunden, en man i 20-årsåldern, misstänks för bedrägeri. Anmälan upprättas.",https://polisen.se/aktuellt/handelser/2024/oktober/30/30-oktober-07.36-sammanfattning-natt-norrbottens-lan/,high
301682,2024-11-04,2024,11,Sammanfattning natt,02:50,Centrum,Piteå,Piteå,Övriga Norrbotten,"Polisen kontrollerar en personbil. Man misstänker att föraren, en man, är påverkad av narkotika. Han misstänks för drograttfylleri och ringa narkotikabrott, eget bruk. Anmälan upprättas.

Ett urval av polisens arbete klockan 07:00 – 22:00
Ett urval av polisens arbete klockan 07:00 – 22:00",https://polisen.se/aktuellt/handelser/2024/november/4/04-november-07.31-sammanfattning-natt-norrbottens-lan/,high
301682,2024-11-04,2024,11,Sammanfattning natt,22:16,Gamla riksvägen,"Södra Gäddvik, Luleå",Luleå,Luleå kommun,"En personbil har kolliderat med en älg. Inga personskador finns rapporterade. Älgen överlevde krocken, eftersöksjägare kallas till platsen.",https://polisen.se/aktuellt/handelser/2024/november/4/04-november-07.31-sammanfattning-natt-norrbottens-lan/,high
301682,2024-11-04,2024,11,Sammanfattning natt,22:19,Sanden,Boden,Boden,Övriga Norrbotten,"Polisen uppmärksammas på två män som misstänks vara påverkade av narkotika. Polisen åker till platsen och påträffar männen. De misstänks för ringa narkotikabrott, eget bruk. Anmälan upprättas.",https://polisen.se/aktuellt/handelser/2024/november/4/04-november-07.31-sammanfattning-natt-norrbottens-lan/,high
301958,2024-11-08,2024,11,Sammanfattning natt,23:18,Innerstaden,Luleå,Luleå,Luleå kommun,"Två män ska ha hamnat i bråk utanför ett hotell. Den ene mannen ska ha slagit den andre. Polisen åker till platsen och påträffar männen. Man samtalar också med vitten. Den ene mannen misstänks för misshandel. Anmälan upprättas.

Övrigt:

Polisen har utfört ett antal kontroller av personer och fordon som inte har resulterat i någon brottsmisstanke.

Ett urval av polisens arbete under natten.
Ett urval av polisens arbete under natten.",https://polisen.se/aktuellt/handelser/2024/november/8/08-november-07.23-sammanfattning-natt-norrbottens-lan/,high
302590,2024-11-16,2024,11,Sammanfattning natt,00:07,Våld mot tjänsteman,Luleå,Luleå,Luleå kommun,Polisen larmas till en nattklubb i centrum. Där ska en berusad kvinna slagit till en ordningsvakt. Kvinnan misstänks för våld mot tjänsteman. Anmälan upprättas.,https://polisen.se/aktuellt/handelser/2024/november/16/16-november-08.07-sammanfattning-natt-norrbottens-lan/,high
302590,2024-11-16,2024,11,Sammanfattning natt,00:15,Narkotikabrott,Kalix,Kalix,Övriga Norrbotten,Polisen kontrollerar en ung man i centrala Kalix. Man misstänker att han är påverkad av narkotika. Han får följa med till stationen för undersökning. En anmälan gällande ringa narkotikabrott upprättas.,https://polisen.se/aktuellt/handelser/2024/november/16/16-november-08.07-sammanfattning-natt-norrbottens-lan/,high
302590,2024-11-16,2024,11,Sammanfattning natt,01:40,Misshandel,Piteå,Piteå,Övriga Norrbotten,"Polisen larmas till en adress där en man ska ha misshandlat en kvinna samt slagit sönder saker som tillhör henne. De två har en relation sedan tidigare. Polisen åker till platsen. Man håller förhör med de inblandade. Mannen grips, misstänkt för grov misshandel och skadegörelse. Anmälan upprättas. Mannen anhålls senare efter beslut från åklagare.

Ett urval av polisens arbete under natten
Ett urval av polisens arbete under natten",https://polisen.se/aktuellt/handelser/2024/november/16/16-november-08.07-sammanfattning-natt-norrbottens-lan/,high
302590,2024-11-16,2024,11,Sammanfattning natt,23:09,Misshandel,Luleå,Luleå,Luleå kommun,"Polisen larmas till en adress där en man ska ha misshandlat en kvinna. Kvinnan ska lyckats ta sig från platsen. De två har en relation sedan tidigare. Polisen påträffar de båda inblandade. Mannen grips, misstänkt för misshandel. Anmälan upprättas. Mannen anhålls senare efter beslut från åklagare.",https://polisen.se/aktuellt/handelser/2024/november/16/16-november-08.07-sammanfattning-natt-norrbottens-lan/,high
302590,2024-11-16,2024,11,Sammanfattning natt,23:54,Narkotikabrott,Gällivare,Gällivare,Övriga Norrbotten,"Polisen kontrollerar en man som misstänks vara påverkad av narkotika. Mannen misstänks för ringa narkotikabrott, eget bruk samt narkotikabrott, överlåtelsesyfte. Mannen får följa med polisen ytterligare utredning. Anmälan upprättas.",https://polisen.se/aktuellt/handelser/2024/november/16/16-november-08.07-sammanfattning-natt-norrbottens-lan/,high
302637,2024-11-17,2024,11,Sammanfattning natt,00:16,Narkotikabrott,Luleå,Luleå,Luleå kommun,"Polisen kontrollerar en man i centrum. Man misstänker att han är påverkad av narkotika. Mannen får följa med polisen för ytterligare undersökning, en anmälan gällande ringa narkotikabrott, eget bruk, upprättas.",https://polisen.se/aktuellt/handelser/2024/november/17/17-november-07.56-sammanfattning-natt-norrbottens-lan/,high
302637,2024-11-17,2024,11,Sammanfattning natt,00:33,Viltolycka,Älvsbyn,Älvsbyn,Övriga Norrbotten,"En personbil har kolliderat med en älg på länsväg 374 vid Asplövberget. Inga personskador finns rapporterade. Älgen överlevde krocken, eftersöksjägare kallas till platsen.",https://polisen.se/aktuellt/handelser/2024/november/17/17-november-07.56-sammanfattning-natt-norrbottens-lan/,high
302637,2024-11-17,2024,11,Sammanfattning natt,00:57,Misshandel,Luleå,Luleå,Luleå kommun,"Två män ska ha hamnat i bråk inne på en krog i centrum, den ene mannen ska ha slagit den andre. Polisen åker till platsen och påträffar männen. Man samtalar med dem och med vittnen. Den ene mannen misstänks för misshandel, anmälan upprättas.",https://polisen.se/aktuellt/handelser/2024/november/17/17-november-07.56-sammanfattning-natt-norrbottens-lan/,high
302637,2024-11-17,2024,11,Sammanfattning natt,01:55,Olaga hot,Kalix,Kalix,Övriga Norrbotten,"En man och en kvinna ska ha hamnat i bråk på en adress, de båda ska känna varandra sedan tidigare. Polisen åker till platsen och påträffar de inblandade. Både mannen och kvinnan anklagar varandra för att ha hotat den andre med ett tillhygge. Båda misstänks för grovt olaga hot och försök till grov misshandel. Anmälan upprättas.

Ett urval av polisens arbete under natten
Ett urval av polisens arbete under natten",https://polisen.se/aktuellt/handelser/2024/november/17/17-november-07.56-sammanfattning-natt-norrbottens-lan/,high
303202,2024-11-25,2024,11,Sammanfattning natt,01:31,Rattfylleri,Luleå,Luleå,Luleå kommun,"Polisen kontrollerar en personbil i centrum. Man misstänker att föraren, en man, är påverkad av narkotika. Han får följa med polisen för provtagning. En anmälan gällande drograttfylleri och ringa narkotikabrott, eget bruk, upprättas.",https://polisen.se/aktuellt/handelser/2024/november/25/25-november-07.32-sammanfattning-natt-norrbottens-lan/,high
303202,2024-11-25,2024,11,Sammanfattning natt,05:07,Trafikkontroll,Gällivare,Gällivare,Övriga Norrbotten,"Polisen kontrollerar hastighet på Nuolajärvivägen. Tre förare tilldelas böter på grund av hastighetsöverträdelser.

Övrigt:

Polisen har utfört ett antal kontroller av personer och fordon som inte resulterat i någon brottsmisstanke.

Ett urval av polisens arbete under natten
Ett urval av polisens arbete under natten",https://polisen.se/aktuellt/handelser/2024/november/25/25-november-07.32-sammanfattning-natt-norrbottens-lan/,high
303957,2024-12-07,2024,12,Sammanfattning natt,01:25,Narkotikabrott,Gällivare,Gällivare,Övriga Norrbotten,"Centrum, polisen kontrollerar en man. Mannen misstänks för ringa narkotikabrott, eget bruk och innehav. Han bär också på ett tillhygge och misstänks därför för brott mot knivlagen. Anmälan upprättas.",https://polisen.se/aktuellt/handelser/2024/december/7/07-december-07.49-sammanfattning-natt-norrbottens-lan,high
303957,2024-12-07,2024,12,Sammanfattning natt,01:47,Misshandel,Gällivare,Gällivare,Övriga Norrbotten,"Polisen larmas till en adress i centrum där en man och en kvinna ska ha hamnat i bråk. De båda känner varandra sedan tidigare. Både mannen och kvinnan misstänks för misshandel, anmälan och motanmälan upprättas.

Ett urval av polisens arbete under natten.
Ett urval av polisens arbete under natten.",https://polisen.se/aktuellt/handelser/2024/december/7/07-december-07.49-sammanfattning-natt-norrbottens-lan,high
303957,2024-12-07,2024,12,Sammanfattning natt,23:01,Rattfylleri,Kalix,Kalix,Övriga Norrbotten,"Polisen kontrollerar en personbil i Töre. Föraren, en man, blåser positivt i polisens sållningsinstrument. Han misstänks för grovt rattfylleri och grov olovlig körning. Mannen får följa med polisen för ytterligare provtagning. Man omhändertar mannens bilnycklar. Anmälan upprättas.",https://polisen.se/aktuellt/handelser/2024/december/7/07-december-07.49-sammanfattning-natt-norrbottens-lan,high
303957,2024-12-07,2024,12,Sammanfattning natt,23:30,Misshandel,Kiruna,Kiruna,Övriga Norrbotten,"Centrum, två män ska ha hamnat i bråk med varandra. De två ska vara bekanta sedan tidigare. Polisen åker till platsen. Man håller förhör med den ene mannen, han ska ha blivit slagen av den andre. Den andre mannen är berusad, han omhändertas enligt LOB (Lag om omhändertagande av berusade personer). En anmälan gällande grov misshandel upprättas.",https://polisen.se/aktuellt/handelser/2024/december/7/07-december-07.49-sammanfattning-natt-norrbottens-lan,high
304011,2024-12-08,2024,12,Sammanfattning natt,01:47,Narkotikabrott,Gällivare,Gällivare,Övriga Norrbotten,"Polisen kontaktas av en ordningsvakt angående en man som ska vara bråkig i en restaurangbar. Polisen åker till platsen och påträffar mannen. Man misstänker att han är påverkad av narkotika. Han får följa med polisen för ytterligare undersökning. En anmälan gällande ringa narkotikabrott, eget bruk, upprättas.",https://polisen.se/aktuellt/handelser/2024/december/8/08-december-07.53-sammanfattning-natt-norrbottens-lan,high
304011,2024-12-08,2024,12,Sammanfattning natt,02:35,Misshandel,Boden,Boden,Övriga Norrbotten,"Polisen larmas till en restaurang i centrala Boden. Två män ska ha bråkat på platsen. Den ene ska ha slagit till en ordningsvakt, han misstänks för ofredande, våld mot tjänsteman (ordningsvakten) och våldsamt motstånd. Den andre mannen ska ha slagit till en man ur restaurangpersonalen. Han misstänks för misshandel. Anmälan upprättas.",https://polisen.se/aktuellt/handelser/2024/december/8/08-december-07.53-sammanfattning-natt-norrbottens-lan,high
304011,2024-12-08,2024,12,Sammanfattning natt,04:51,Narkotikabrott,Gällivare,Gällivare,Övriga Norrbotten,"Polisen stoppar en personbil. Man misstänker att en passagerare i bilen, en man, är påverkad av narkotika. Han får följa med polisen för ytterligare provtagning. En anmälan gällande ringa narkotikabrott, eget bruk och innehav, upprättas.

Ett urval av polisens arbete under natten.
Ett urval av polisens arbete under natten.",https://polisen.se/aktuellt/handelser/2024/december/8/08-december-07.53-sammanfattning-natt-norrbottens-lan,high
304011,2024-12-08,2024,12,Sammanfattning natt,23:52,Misshandel,Kalix,Kalix,Övriga Norrbotten,"Fyra personer ska ha hamnat i bråk på en adress i Kalix. Polisen åker till platsen. Tre av de inblandade, en kvinna och två män, ska ha misshandlat den fjärde personen, en man. Ingen person ska ha behövt uppsöka sjukvård i samband med händelsen. Anmälan gällande misshandel mot de tre personerna upprättas.",https://polisen.se/aktuellt/handelser/2024/december/8/08-december-07.53-sammanfattning-natt-norrbottens-lan,high
304333,2024-12-12,2024,12,Sammanfattning natt,04:46,Trafikkontroll,Gällivare,Gällivare,Övriga Norrbotten,"Polisen kontrollerar nykterhet på Kullevägen, Koskullskulle. 22 förare får blåsa i polisens sållningsinstrument. Samtliga var nyktra och fick köra vidare utan anmärkning.

Ett urval av polisens arbete under natten.
Ett urval av polisens arbete under natten.",https://polisen.se/aktuellt/handelser/2024/december/12/12-december-07.25-sammanfattning-natt-norrbottens-lan,high
304333,2024-12-12,2024,12,Sammanfattning natt,23:39,Våld mot tjänsteman,Boden,Boden,Övriga Norrbotten,"En väktare har stött på en man utomhus i Bodsvedjan som misstänks vara påverkad av narkotika. Väktaren envarsgriper mannen, när han gör det ska den misstänkte mannen ha blivit upprörd. Polis åker till platsen och påträffar de inblandade. Den gripne mannen misstänks för våldsamt motstånd, våld mot tjänsteman (gällande de två misstankarna är väktaren målsägande) och ringa narkotikabrott. Efter att polisen gjort en husrannsakan i mannens hem misstänks han även för ringa brott mot dopningslagen. Anmälan upprättas.",https://polisen.se/aktuellt/handelser/2024/december/12/12-december-07.25-sammanfattning-natt-norrbottens-lan,high
304760,2024-12-18,2024,12,Sammanfattning natt,00:04,Länsväg 711 Lantjärv,Kalix,Kalix,Övriga Norrbotten,"En personbil har kolliderat med en ren. Inga personskador finns rapporterade. Renen dog vid krocken, berörd sameby kontaktas.",https://polisen.se/aktuellt/handelser/2024/december/18/18-december-07.46-sammanfattning-natt-norrbottens-lan,high
304760,2024-12-18,2024,12,Sammanfattning natt,01:24,Bergnäset,Luleå,Luleå,Luleå kommun,"Polisen stoppar en personbil. Man misstänker att föraren, en kvinna, är påverkad av narkotika. Hon saknar också behörighet att framföra fordonet. Kvinnan får följa med polisen för provtagning. En anmälan gällande drograttfylleri och olovlig körning upprättas.

Ett urval av polisens arbete under natten.
Ett urval av polisens arbete under natten.",https://polisen.se/aktuellt/handelser/2024/december/18/18-december-07.46-sammanfattning-natt-norrbottens-lan,high
304760,2024-12-18,2024,12,Sammanfattning natt,23:57,Narkotikabrott,Kiruna,Kiruna,Övriga Norrbotten,"Polisen kontrollerar två män i centrala Kiruna. Man misstänker att männen kan vara påverkade av narkotika. De får följa med till polisstationen för provtagning. Anmälan gällande två fall av ringa narkotikabrott, eget bruk, upprättas.",https://polisen.se/aktuellt/handelser/2024/december/18/18-december-07.46-sammanfattning-natt-norrbottens-lan,high
304934,2024-12-20,2024,12,Sammanfattning natt,01:30,E45 Porjus,Jokkmokk,Jokkmokk,Övriga Norrbotten,"En lätt lastbil har kolliderat med en älg. Inga personskador finns rapporterade. Älgen överlevde krocken, eftersöksjägare kallas till platsen.

Ett urval av polisens arbete under natten.
Ett urval av polisens arbete under natten.",https://polisen.se/aktuellt/handelser/2024/december/20/20-december-07.23-sammanfattning-natt-norrbottens-lan,high
304934,2024-12-20,2024,12,Sammanfattning natt,23:10,Misshandel,Luleå,Luleå,Luleå kommun,"Ordningsvakter larmar polisen till en bar i centrum. Där ska en berusad man vara stökig, han ska ha slagit till en annan restauranggäst. Polisen åker till platsen och påträffar mannen. Han omhändertas enligt LOB (Lag om omhändertagande av berusade personer). En anmälan gällande misshandel upprättas.",https://polisen.se/aktuellt/handelser/2024/december/20/20-december-07.23-sammanfattning-natt-norrbottens-lan,high
305662,2025-01-01,2025,1,Sammanfattning natt,00:12,Försök till misshandel,Piteå,Piteå,Övriga Norrbotten,Ett antal personer ska ha åkt runt i en bil i centrum. Minst en av dem ska ha gått ur bilen och skjutit fyrverkerier mot personer och byggnader. Polisen larmas ut och kan påträffa bilen. Sex män i 20-årsåldern misstänks alla för försök till misshandel. Anmälan upprättas.,https://polisen.se/aktuellt/handelser/2025/januari/1/01-januari-08.57-sammanfattning-natt-norrbottens-lan,high
305662,2025-01-01,2025,1,Sammanfattning natt,01:56,Brand,Boden,Boden,Övriga Norrbotten,Polis och räddningstjänst larmas till en adress på Prästholmen på grund av en brand i ett soprum. Räddningstjänsten kan släcka branden. Det finns inga uppgifter om personskador i samband med händelsen. En anmälan gällande allmänfarlig vårdslöshet upprättas. Det finns in nuläget ingen misstänkt gärningsman.,https://polisen.se/aktuellt/handelser/2025/januari/1/01-januari-08.57-sammanfattning-natt-norrbottens-lan,high
305662,2025-01-01,2025,1,Sammanfattning natt,03:00,Rattfylleri,Kiruna,Kiruna,Övriga Norrbotten,"Polisen kontrollerar en personbil i centrum. Föraren, en man, blåser positivt i polisens sållningsinstrument. Han misstänks för rattfylleri och får följa med till polisstationen för ytterligare undersökning. Polisen omhändertar mannens körkort och bilnycklar. Anmälan upprättas.",https://polisen.se/aktuellt/handelser/2025/januari/1/01-januari-08.57-sammanfattning-natt-norrbottens-lan,high
305662,2025-01-01,2025,1,Sammanfattning natt,03:08,Misshandel,Haparanda,Haparanda,Övriga Norrbotten,"Polisen larmas till en bensinmack i centrum. Ett bråk mellan ett tiotal personer ska ha uppstått. När polisen kommer till platsen har flera av de inblandade lämnat. Man träffar på två män som ska ha blivit misshandlade. En anmälan gällande grov misshandel upprättas, det finns i nuläget ingen misstänkt gärningsman.",https://polisen.se/aktuellt/handelser/2025/januari/1/01-januari-08.57-sammanfattning-natt-norrbottens-lan,high
305662,2025-01-01,2025,1,Sammanfattning natt,05:08,Trafikolycka,Älvsbyn,Älvsbyn,Övriga Norrbotten,"En bil har voltat av vägen på Länsväg 374, Nedre Tväråsel. Polis och räddningstjänst åker till platsen. En man anträffas i närheten av olycksplatsen. Han kontrolleras av ambulans. Mannen misstänks för vårdslöshet i trafik. Anmälan upprättas.

Ett urval av polisens arbete under natten.
Ett urval av polisens arbete under natten.",https://polisen.se/aktuellt/handelser/2025/januari/1/01-januari-08.57-sammanfattning-natt-norrbottens-lan,high
305662,2025-01-01,2025,1,Sammanfattning natt,23:02,Misshandel,Gällivare,Gällivare,Övriga Norrbotten,"Polisen larmas till en adress där en man ska ha slagit en kvinna. De två har en relation sedan tidigare. Polisen åker till platsen och påträffar de inblandade. Mannen grips, misstänkt för misshandel och olaga hot. Han anhålls senare efter beslut från åklagare.",https://polisen.se/aktuellt/handelser/2025/januari/1/01-januari-08.57-sammanfattning-natt-norrbottens-lan,high
305703,2025-01-02,2025,1,Sammanfattning natt,22:41,Viltolycka,Gällivare,Gällivare,Övriga Norrbotten,"Mourjevaara, en lätt lastbil har kolliderat med en ren. Inga personskador finns rapporterade. Renen överlevde krocken, berörd sameby kontaktas.

Övrigt:

Polisen har utfört kontroller av ett antal personer och fordon som inte har resulterat i någon brottsmisstanke.

Ett urval av polisens arbete under natten.
Ett urval av polisens arbete under natten.",https://polisen.se/aktuellt/handelser/2025/januari/2/02-januari-07.21-sammanfattning-natt-norrbottens-lan,high
305781,2025-01-03,2025,1,Sammanfattning natt,04:25,Viltolycka,Pajala,Pajala,Övriga Norrbotten,"Länsväg 392/Kurkkiovaaravägen, en lastbil har kolliderat med en älg. Inga personskador finns rapporterade. Älgen dog vid krocken, jägare kallas till platsen för att hantera kroppen.

Övrigt:

Polisen har utfört ett antal kontroller av personer och fordon som inte har resulterat i någon brottsmisstanke.

Ett urval av polisens arbete under natten.
Ett urval av polisens arbete under natten.",https://polisen.se/aktuellt/handelser/2025/januari/3/03-januari-07.17-sammanfattning-natt-norrbottens-lan,high
306493,2025-01-13,2025,1,Sammanfattning natt,06:15,Viltolycka,Älvsbyn,Älvsbyn,Övriga Norrbotten,"Riksväg 94, Vistträsk. En personbil har kolliderat med två renar. Inga personskador finns rapporterade. Renarna dog vid krocken, berörd sameby kontaktas.

Ett urval av polisens arbete under natten.
Ett urval av polisens arbete under natten.",https://polisen.se/aktuellt/handelser/2025/januari/13/13-januari-07.24-sammanfattning-natt-norrbottens-lan,high
306493,2025-01-13,2025,1,Sammanfattning natt,23:42,Rattfylleri,Luleå,Luleå,Luleå kommun,"Polisen kontrollerar en personbil på Skurholmen. Man misstänker att föraren, en man, är påverkad av narkotika. Han saknar också behörighet att framföra fordonet. Han får följa med polisen för provtagning och förhör. En anmälan gällande drograttfylleri, ringa narkotikabrott, eget bruk, och grov olovlig körning upprättas.",https://polisen.se/aktuellt/handelser/2025/januari/13/13-januari-07.24-sammanfattning-natt-norrbottens-lan,high
306814,2025-01-17,2025,1,Sammanfattning natt,00:10,Narkotikabrott,Gällivare,Gällivare,Övriga Norrbotten,"Polisen kontrollerar en man i centrum. Man misstänker att han både är påverkad av, och bär med sig, narkotika. Han får följa med polisen för undersökning. En anmälan gällande ringa narkotikabrott, eget bruk och narkotikabrott, innehav, upprättas.",https://polisen.se/aktuellt/handelser/2025/januari/17/17-januari-07.24-sammanfattning-natt-norrbottens-lan/,high
306814,2025-01-17,2025,1,Sammanfattning natt,02:43,Narkotikabrott,Kalix,Kalix,Övriga Norrbotten,"Polisen kontrollerar en kvinna. Man misstänker att hon är påverkad av narkotika. Hon får följa med polisen för undersökning. En anmälan gällande ringa narkotikabrott, eget bruk, upprättas.

Ett urval av polisens arbete under natten.
Ett urval av polisens arbete under natten.",https://polisen.se/aktuellt/handelser/2025/januari/17/17-januari-07.24-sammanfattning-natt-norrbottens-lan/,high
306814,2025-01-17,2025,1,Sammanfattning natt,23:43,Viltolycka,Gällivare,Gällivare,Övriga Norrbotten,"E10, mot Aitik, en personbil har kolliderat med tre renar. Inga personskador finns rapporterade. Renarna dog vid krocken, berörd sameby kontaktas.",https://polisen.se/aktuellt/handelser/2025/januari/17/17-januari-07.24-sammanfattning-natt-norrbottens-lan/,high
306902,2025-01-18,2025,1,Sammanfattning natt,00:32,Trafikbrott,Gällivare,Gällivare,Övriga Norrbotten,Polisen kontrollerar en a-traktor i centrum. Fordonet har fler passagerare än tillåtet. Föraren tilldelas böter.,https://polisen.se/aktuellt/handelser/2025/januari/18/18-januari-07.51-sammanfattning-natt-norrbottens-lan/,high
306902,2025-01-18,2025,1,Sammanfattning natt,05:17,Våld mot tjänsteman,Kalix,Kalix,Övriga Norrbotten,"Polisen larmas till en adress i Kalix med anledning av ett misstänkt bråk. När man kommer till platsen möts man av en berusad man. Man beslutar att mannen ska omhändertas enligt LOB (Lag om omhändertagande av berusade personer). I samband med omhändertagandet blir mannen upprörd och utåtagerande. Han misstänks för våld mot tjänsteman och våldsamt motstånd. Anmälan upprättas.

Ett urval av polisens arbete under natten.
Ett urval av polisens arbete under natten.",https://polisen.se/aktuellt/handelser/2025/januari/18/18-januari-07.51-sammanfattning-natt-norrbottens-lan/,high
306902,2025-01-18,2025,1,Sammanfattning natt,22:41,Rattfylleri,Boden,Boden,Övriga Norrbotten,"Polisen kontrollerar en personbil i Bodsvedjan. Man misstänker att föraren, en man, är påverkad av narkotika. Mannen får följa med polisen för undersökning och förhör. En anmälan gällande drograttfylleri upprättas.",https://polisen.se/aktuellt/handelser/2025/januari/18/18-januari-07.51-sammanfattning-natt-norrbottens-lan/,high
306961,2025-01-19,2025,1,Sammanfattning natt,00:20,Rattfylleri,Luleå,Luleå,Luleå kommun,"Råneå, polisen kontrollerar en personbil. Föraren, en man, blåser positivt i polisens sållningsinstrument. Han misstänks för grovt rattfylleri. Mannen får följa med polisen för förhör och undersökning. Anmälan upprättas.",https://polisen.se/aktuellt/handelser/2025/januari/19/19-januari-08.14-sammanfattning-natt-norrbottens-lan/,high
306961,2025-01-19,2025,1,Sammanfattning natt,01:46,Narkotikabrott,Luleå,Luleå,Luleå kommun,"Porsön, polisen kontrollerar en man. Man misstänker att mannen är påverkad av narkotika. En anmälan gällande ringa narkotikabrott, eget bruk, upprättas.

Ett urval av polisens arbete under natten.
Ett urval av polisens arbete under natten.",https://polisen.se/aktuellt/handelser/2025/januari/19/19-januari-08.14-sammanfattning-natt-norrbottens-lan/,high
306961,2025-01-19,2025,1,Sammanfattning natt,23:49,Viltolycka,Övertorneå,Övertorneå,Övriga Norrbotten,"Riksväg 99, centrala Övertorneå. En personbil har kolliderat med en älg. Inga personskador finns rapporterade. Älgen överlevde krocken, eftersöksjägare kallas till platsen.",https://polisen.se/aktuellt/handelser/2025/januari/19/19-januari-08.14-sammanfattning-natt-norrbottens-lan/,high
309041,2025-02-17,2025,2,Sammanfattning natt,22:05,Rattfylleri,Älvsbyn,Älvsbyn,Övriga Norrbotten,"Länsväg 374, en personbil har kört av vägen. Polisen åker till platsen. I bilen finns en man, han blåser positivt i polisens sållningsinstrument. Man misstänker också att han är påverkad av narkotika. Mannen får följa med polisen för provtagning. En anmälan gällande grovt rattfylleri och ringa narkotikabrott upprättas.

Ett urval av polisens arbete under natten.
Ett urval av polisens arbete under natten.",https://polisen.se/aktuellt/handelser/2025/februari/17/17-februari-07.29-sammanfattning-natt-norrbottens-lan/,high
309118,2025-02-18,2025,2,Sammanfattning natt,00:28,Stöld/Inbrott,Luleå,Luleå,Luleå kommun,"Polisen kontaktas angående ett inbrott i ett garage i Bredviken. Polisen åker till platsen, ingen gärningsman finns kvar. Man pratar med boende på adressen och undersöker garaget. En anmälan gällande inbrottsstöld upprättas.",https://polisen.se/aktuellt/handelser/2025/februari/18/18-februari-07.28-sammanfattning-natt-norrbottens-lan/,high
309118,2025-02-18,2025,2,Sammanfattning natt,04:22,Brand,Boden,Boden,Övriga Norrbotten,"Polis och räddningstjänst larmas angående en brand i ett boende. Man åker till platsen, räddningstjänsten hanterar rök i lokalerna. Det finns inga uppgifter om skadade i samband med händelsen. En anmälan gällande skadegörelse genom brand upprättas.

Ett urval av polisens arbete under natten.
Ett urval av polisens arbete under natten.",https://polisen.se/aktuellt/handelser/2025/februari/18/18-februari-07.28-sammanfattning-natt-norrbottens-lan/,high
309118,2025-02-18,2025,2,Sammanfattning natt,22:00,Länsväg 616,"Bergnäset, Luleå",Luleå,Luleå kommun,Polisen kontrollerar nykterhet i trafiken. 20 förare får blåsa i polisens sållningsinstrument. Samtliga var nyktra och fick köra vidare utan anmärkning.,https://polisen.se/aktuellt/handelser/2025/februari/18/18-februari-07.28-sammanfattning-natt-norrbottens-lan/,high
309474,2025-02-22,2025,2,Sammanfattning natt,00:19,Trafikbrott,Kalix,Kalix,Övriga Norrbotten,"Sangis, polisen kontrollerar en a-traktor. Fordonet har en registreringsskylt som inte går att läsa och otillåtet antal passagerare. Föraren, en tonårspojke, tilldelas böter. Man kontaktar pojkens vårdnadshavare.",https://polisen.se/aktuellt/handelser/2025/februari/22/22-februari-07.44-sammanfattning-natt-norrbottens-lan/,high
309474,2025-02-22,2025,2,Sammanfattning natt,01:50,Misshandel,Luleå,Luleå,Luleå kommun,"Polisen larmas till en adress på Örnäset där två män ska ha hamnat i handgemäng. Polisen åker till platsen och pratar med de inblandade. Den ene mannen misstänks för misshandel, anmälan upprättas.",https://polisen.se/aktuellt/handelser/2025/februari/22/22-februari-07.44-sammanfattning-natt-norrbottens-lan/,high
309474,2025-02-22,2025,2,Sammanfattning natt,01:56,Knivlagen,Piteå,Piteå,Övriga Norrbotten,"Öjebyn, polisen kontrollerar en man som man misstänker är påverkad av narkotika. När man undersöker mannen upptäcker man att han bär kniv. Han får följa med till stationen för ytterligare undersökning. En anmälan gällande grovt brott mot knivlagen och ringa narkotikabrott, eget bruk, upprättas.

Ett urval av polisens arbete under natten.
Ett urval av polisens arbete under natten.",https://polisen.se/aktuellt/handelser/2025/februari/22/22-februari-07.44-sammanfattning-natt-norrbottens-lan/,high
309532,2025-02-23,2025,2,Sammanfattning natt,00:13,Rattfylleri,Haparanda,Haparanda,Övriga Norrbotten,"E4 Vuono, en personbil har voltat och hamnat på taket i diket. Polis och räddningstjänst åker till platsen. Det finns inga uppgifter om personskador i samband med händelsen. Polisen misstänker att föraren av bilen, en man, är påverkad av narkotika. Han får följa med polisen för undersökning och förhör. Polisen omhändertar mannens körkort. En anmälan gällande grovt drograttfylleri upprättas.",https://polisen.se/aktuellt/handelser/2025/februari/23/23-februari-08.32-sammanfattning-natt-norrbottens-lan/,high
309532,2025-02-23,2025,2,Sammanfattning natt,00:49,Rattfylleri,Boden,Boden,Övriga Norrbotten,"Prästholmen, polisen kontrollerar en personbil. Föraren, en man, blåser positivt i polisens sållningsinstrument. Han grips, misstänkt för grovt rattfylleri. Anmälan upprättas.",https://polisen.se/aktuellt/handelser/2025/februari/23/23-februari-08.32-sammanfattning-natt-norrbottens-lan/,high
309532,2025-02-23,2025,2,Sammanfattning natt,02:03,Misshandel,Kiruna,Kiruna,Övriga Norrbotten,"Riksgränsen, polisen larmas till ett hotell där en man uppger att han har blivit misshandlad av okända gärningsmän. Polisen åker till platsen och håller förhör med mannen och med vittnen. En anmälan gällande grov misshandel upprättas. Det finns ingen misstänkt gärningsman.

Ett urval av polisens arbete under natten.
Ett urval av polisens arbete under natten.",https://polisen.se/aktuellt/handelser/2025/februari/23/23-februari-08.32-sammanfattning-natt-norrbottens-lan/,high
309532,2025-02-23,2025,2,Sammanfattning natt,22:42,Rattfylleri,Piteå,Piteå,Övriga Norrbotten,"Arnemark, en pick-up har kört i diket. Polis och räddningstjänst larmas till platsen. Föraren, en man, klarade sig bra. Han misstänks dock vara berusad och misstänks därmed för grovt rattfylleri. Anmälan upprättas.",https://polisen.se/aktuellt/handelser/2025/februari/23/23-februari-08.32-sammanfattning-natt-norrbottens-lan/,high
309695,2025-02-26,2025,2,Sammanfattning natt,03:26,Trafikolycka,Piteå,Piteå,Övriga Norrbotten,"Länsväg 550, Långnäs, en personbil har kört ner i diket. Polis och räddningstjänst åker till platsen. Föraren, en man, förs till sjukvård för kontroll. Han får, enligt rutin, blåsa i polisens sållningsinstrument och han är nykter. Det finns inga uppgifter om allvarliga personskador i samband med händelsen. Bilen bärgas från platsen, polisen lämnar utan ytterligare åtgärd.

Ett urval av polisens arbete under natten.
Ett urval av polisens arbete under natten.",https://polisen.se/aktuellt/handelser/2025/februari/26/26-februari-07.31-sammanfattning-natt-norrbottens-lan/,high
309695,2025-02-26,2025,2,Sammanfattning natt,23:31,Fylleri,Gällivare,Gällivare,Övriga Norrbotten,Polisen kontaktas angående en berusad man som har varit inne på sjukhuset. När polisen kommer till sjukhuset har mannen lämnat. Man kan påträffa mannen en bit bort. Han omhändertas enligt LOB (Lag om omhändertagande av berusade personer).,https://polisen.se/aktuellt/handelser/2025/februari/26/26-februari-07.31-sammanfattning-natt-norrbottens-lan/,high
309772,2025-02-27,2025,2,Sammanfattning natt,05:13,Rattfylleri,Luleå,Luleå,Luleå kommun,"Polisen genomför en trafikkontroll på Älvbrovägen, Södra Gäddvik. En förare, en man, blåser positivt i polisens sållningsinstrument. Han misstänks för rattfylleri och får följa med polisen för ytterligare provtagning. Anmälan upprättas.

Ett urval av polisens arbete under natten.
Ett urval av polisens arbete under natten.",https://polisen.se/aktuellt/handelser/2025/februari/27/27-februari-07.42-sammanfattning-natt-norrbottens-lan/,high
311403,2025-03-21,2025,3,Sammanfattning natt,23:36,Skadegörelse,Boden,Boden,Övriga Norrbotten,"Polisen larmas till en fastighet på Prästholmen där en man ska ha krossat en ruta. Mannen ska också ha varit otrevlig och hotfull. Polisen dokumenterar skadorna på rutan. En anmälan gällande skadegörelse och olaga hot upprättas. Den misstänkte mannen ska höras när han har nyktrat till.

Ett urval av polisens arbete under natten.
Ett urval av polisens arbete under natten.",https://polisen.se/aktuellt/handelser/2025/mars/21/21-mars-07.35-sammanfattning-natt-norrbottens-lan/,high
311600,2025-03-24,2025,3,Sammanfattning natt,01:38,Viltolycka,Kiruna,Kiruna,Övriga Norrbotten,"Idivuoma, Karesuando. En personbil har kolliderat med en ren. Inga personskador finns rapporterade. Renen dog vid krocken, berörd sameby kontaktas.",https://polisen.se/aktuellt/handelser/2025/mars/24/24-mars-07.25-sammanfattning-natt-norrbottens-lan/,high
311600,2025-03-24,2025,3,Sammanfattning natt,03:01,Trafikolycka,Piteå,Piteå,Övriga Norrbotten,"Länsväg 506/Timmerleden, Strömnäs. En timmerbil har kolliderat med ett träd. Bilen ska ha tappat en del av sin last på vägen. Vägen blockeras och räddningstjänsten stänger tillfälligt av för att kunna röja upp. Lastbilschauffören, en man, förs till sjukvård. Polisen ska utreda vad som kan ha orsakat olyckan.

Ett urval av polisens arbete under natten.
Ett urval av polisens arbete under natten.",https://polisen.se/aktuellt/handelser/2025/mars/24/24-mars-07.25-sammanfattning-natt-norrbottens-lan/,high
311600,2025-03-24,2025,3,Sammanfattning natt,22:57,Trafikolycka,Kalix,Kalix,Övriga Norrbotten,"E4, Töre. En lastbil har kört i diket och vält. Bilen blockerar vägbanan, som måste saneras efter olyckan. Föraren får, enligt rutin, blåsa i polisens sållningsinstrument. Han är nykter. Polisen pratar med föraren, han förs sen till sjukvård. Lastbilen ska ha fått punktering. Polisen misstänker inget brott i samband med olyckan.",https://polisen.se/aktuellt/handelser/2025/mars/24/24-mars-07.25-sammanfattning-natt-norrbottens-lan/,high
311668,2025-03-25,2025,3,Sammanfattning natt,00:40,Fylleri,Luleå,Luleå,Luleå kommun,"Notviken, polisen uppmärksammas på ett berusat par, en man och en kvinna. De två ska ha ringt på hos ett boende på platsen. Polisen åker ut och kan hitta personerna. Mannen, som är i 85-årsåldern, omhändertas enligt LOB (Lag om omhändertagande av berusade personer). Den berusade kvinnan lämnar själv platsen.

Ett urval av polisens arbete under natten.
Ett urval av polisens arbete under natten.",https://polisen.se/aktuellt/handelser/2025/mars/25/25-mars-07.29-sammanfattning-natt-norrbottens-lan/,high
311973,2025-03-29,2025,3,Sammanfattning natt,01:35,Våld mot tjänsteman,Luleå,Luleå,Luleå kommun,"Polisen larmas till en nattklubb i centrala Luleå. Där ska en man ha varit utåtagerande mot en av ordningsvakterna, och efter det blivit stoppad av andra ordningsvakter på platsen. Polisen påträffar de inblandade. Den utåtagerande mannen förs till sjukvård för kontroll. Han misstänks för våldsamt motstånd och våld mot tjänsteman. Anmälan upprättas.",https://polisen.se/aktuellt/handelser/2025/mars/29/29-mars-07.59-sammanfattning-natt-norrbottens-lan/,high
311973,2025-03-29,2025,3,Sammanfattning natt,04:09,Rattfylleri,Kiruna,Kiruna,Övriga Norrbotten,"Polisen kontrollerar en personbil i centrala Kiruna. Föraren, en man, blåser positivt i polisens sållningsinstrument. Han misstänks för rattfylleri. Polisen omhändertar mannens bilnycklar. Anmälan upprättas.

Ett urval av polisens arbete under natten.
Ett urval av polisens arbete under natten.",https://polisen.se/aktuellt/handelser/2025/mars/29/29-mars-07.59-sammanfattning-natt-norrbottens-lan/,high
311973,2025-03-29,2025,3,Sammanfattning natt,22:14,Narkotikabrott,Luleå,Luleå,Luleå kommun,"Polisen larmas till Skutvikens industriområde med anledning av en utåtagerande man. Ordningsvakter på plats försöker kontrollera mannen. Polisen åker till platsen och påträffar mannen. Han misstänks för ringa narkotikabrott, eget bruk. Han får följa med polisen för undersökning. Anmälan upprättas.",https://polisen.se/aktuellt/handelser/2025/mars/29/29-mars-07.59-sammanfattning-natt-norrbottens-lan/,high
311973,2025-03-29,2025,3,Sammanfattning natt,22:36,Trafikbrott,Luleå,Luleå,Luleå kommun,"Ormberget, polisen uppmärksammas på en personbil som ska köra vingligt, långsamt och utan påslagen belysning. Polisen åker ut och påträffar bilen. Föraren, en man i 80-årsåldern, misstänks för vårdslöshet i trafik. Polisen omhändertar hans körkort. Anmälan upprättas.",https://polisen.se/aktuellt/handelser/2025/mars/29/29-mars-07.59-sammanfattning-natt-norrbottens-lan/,high
312036,2025-03-30,2025,3,Sammanfattning natt,01:31,Misshandel,Luleå,Luleå,Luleå kommun,"Innerstaden, två män ska ha hamnat i bråk utanför en krog. Den ene mannen ska ha slagit den andre. Polisen åker till platsen och påträffar de inblandade. De båda är berusade och omhändertas enligt LOB (Lag om omhändertagande av berusade personer). Polisen förhör vittnen på plats. En anmälan gällande misshandel upprättas.",https://polisen.se/aktuellt/handelser/2025/mars/30/30-mars-08.00-sammanfattning-natt-norrbottens-lan/,high
312036,2025-03-30,2025,3,Sammanfattning natt,01:53,Rattfylleri,Kiruna,Kiruna,Övriga Norrbotten,"Polisen larmas till ett hotell i Kiruna där en ordningsvakt har omhändertagit en berusad man som ska ha kört skoter. Polisen åker till platsen. Mannen erkänner att han har kört skotern. En anmälan gällande rattfylleri ska upprättas.

Ett urval av polisens arbete under natten.
Ett urval av polisens arbete under natten.",https://polisen.se/aktuellt/handelser/2025/mars/30/30-mars-08.00-sammanfattning-natt-norrbottens-lan/,high
312253,2025-04-02,2025,4,Sammanfattning natt,22:05,Rattfylleri,Haparanda,Haparanda,Övriga Norrbotten,"Polisen kontrollerar en personbil på länsväg 725. Man misstänker att föraren, en man i 40-årsåldern, är påverkad av narkotika. Han saknar också behörighet att framföra fordonet. Han får följa med polisen för provtagning, en anmälan gällande drograttfylleri och olovlig körning upprättas. En kvinna är passagerare i bilen. Man misstänker att även hon är påverkad av narkotika. Hon bär också på knivliknande föremål. Hon misstänks för ringa narkotikabrott, eget bruk och grovt brott mot knivlagen. Anmälan upprättas.",https://polisen.se/aktuellt/handelser/2025/april/2/02-april-07.21-sammanfattning-natt-norrbottens-lan/,high
312253,2025-04-02,2025,4,Sammanfattning natt,23:09,Ofredande,Kiruna,Kiruna,Övriga Norrbotten,"Polisen larmas till ett hotell där en man ska ha blivit upprörd efter att ha nekats att köpa alkohol. Polisen åker till platsen och påträffar mannen. Han avvisas från hotellet och lämnar. Ingen anmälan upprättas.

Ett urval av polisens arbete under natten.
Ett urval av polisens arbete under natten.",https://polisen.se/aktuellt/handelser/2025/april/2/02-april-07.21-sammanfattning-natt-norrbottens-lan/,high
312332,2025-04-03,2025,4,Sammanfattning natt,22:54,Narkotikabrott,Gällivare,Gällivare,Övriga Norrbotten,"Polisen uppmärksammas på en man som för oväsen utanför en fastighet i centrum. Polisen åker till platsen och påträffar mannen, som är i 30-årsåldern. Han misstänks för ringa narkotikabrott, eget bruk, och brott mot knivlagen. Anmälan upprättas.

Ett urval av polisens arbete under natten.
Ett urval av polisens arbete under natten.",https://polisen.se/aktuellt/handelser/2025/april/3/03-april-07.17-sammanfattning-natt-norrbottens-lan/,high
313604,2025-04-21,2025,4,Sammanfattning natt,00:36,Trafikbrott,Luleå,Luleå,Luleå kommun,"Polisen stoppar en personbil på Bodenvägen i Skutvikens industriområde. Föraren, en ung man, ska ha kört 116 km/h på en 70-sträcka. Polisen ger honom böter och omhändertar hans körkort.

Ett urval av polisens arbete klockan 22:00 – 07:00
Ett urval av polisens arbete klockan 22:00 – 07:00",https://polisen.se/aktuellt/handelser/2025/april/21/21-april-07.32-sammanfattning-natt-norrbottens-lan/,high
313604,2025-04-21,2025,4,Sammanfattning natt,22:02,Narkotikabrott,Boden,Boden,Övriga Norrbotten,"Prästholmen, polisen stöter på en tonårsflicka som man misstänker är påverkad av narkotika. Flickans mamma kommer också till platsen. Flickan får följa med polisen för undersökning och provtagning. En anmälan gällande ringa narkotikabrott, eget bruk, upprättas.",https://polisen.se/aktuellt/handelser/2025/april/21/21-april-07.32-sammanfattning-natt-norrbottens-lan/,high
313604,2025-04-21,2025,4,Sammanfattning natt,22:39,Skadegörelse,Kalix,Kalix,Övriga Norrbotten,"Polisen larmas till en brinnande a-traktor i centrum. Fordonet är helt övertänt, räddningstjänsten släcker branden. Polisen håller förhör med personer på platsen. En anmälan gällande skadegörelse upprättas. Det finns ingen misstänkt gärningsperson.",https://polisen.se/aktuellt/handelser/2025/april/21/21-april-07.32-sammanfattning-natt-norrbottens-lan/,high
313814,2025-04-24,2025,4,Sammanfattning natt,22:04,Viltolycka,Luleå,Luleå,Luleå kommun,"Morövägen/Svartskatavägen, Ersnäs. En personbil har kolliderat med en älg. Inga personskador finns rapporterade. Älgen överlevde krocken, eftersöksjägare kallas till platsen.

I övrigt finns inga ärenden att rapportera om.

Ett urval av polisens arbete klockan 22:00 – 07:00.
Ett urval av polisens arbete klockan 22:00 – 07:00.",https://polisen.se/aktuellt/handelser/2025/april/24/24-april-07.45-sammanfattning-natt-norrbottens-lan/,high
314558,2025-05-05,2025,5,Sammanfattning natt,01:46,Viltolycka,Jokkmokk,Jokkmokk,Övriga Norrbotten,"E45, Porjus. En personbil har kolliderat med ett rådjur. Inga personskador finns rapporterade. Djuret dog vid krocken, jägare kallas ut för att hantera kroppen.",https://polisen.se/aktuellt/handelser/2025/maj/5/05-maj-07.24-sammanfattning-natt-norrbottens-lan/,high
314558,2025-05-05,2025,5,Sammanfattning natt,02:27,Skadegörelse,Haparanda,Haparanda,Övriga Norrbotten,"Marielund, polisen kontaktas angående en man går runt ett hus och knackar på så att de boende i huset har vaknat. Mannen sprang sedan från platsen. Polisen åker till området och kan påträffa mannen. Han misstänks för skadegörelse av ett staket vid huset. Han kommer att höras när han har nyktrat till. Anmälan upprättas.

Ett urval av polisens arbete klockan 22:00-07:00.
Ett urval av polisens arbete klockan 22:00-07:00.",https://polisen.se/aktuellt/handelser/2025/maj/5/05-maj-07.24-sammanfattning-natt-norrbottens-lan/,high
314558,2025-05-05,2025,5,Sammanfattning natt,22:00,Trafikkontroll,Kiruna,Kiruna,Övriga Norrbotten,"E10, Centrum. Polisen kontrollerar hastighet. Två förare tilldelas böter på grund av hastighetsöverträdelser.",https://polisen.se/aktuellt/handelser/2025/maj/5/05-maj-07.24-sammanfattning-natt-norrbottens-lan/,high
314558,2025-05-05,2025,5,Sammanfattning natt,22:34,Viltolycka,Arjeplog,Arjeplog,Övriga Norrbotten,"Riksväg 95, Fälloheden. En personbil har kolliderat med en ren. Inga personskador finns rapporterade. Renen överlevde krocken, berörd sameby kontaktas.",https://polisen.se/aktuellt/handelser/2025/maj/5/05-maj-07.24-sammanfattning-natt-norrbottens-lan/,high
314643,2025-05-06,2025,5,Sammanfattning natt,01:51,Viltolycka,Älvsbyn,Älvsbyn,Övriga Norrbotten,"Länsväg 374, Storforsen, Vidsel. En personbil har kolliderat med ett rådjur. Inga personskador finns rapporterade. Djuret överlevde krocken, eftersöksjägare kallas till platsen.",https://polisen.se/aktuellt/handelser/2025/maj/6/06-maj-07.26-sammanfattning-natt-norrbottens-lan/,high
314643,2025-05-06,2025,5,Sammanfattning natt,03:59,Trafikbrott,Luleå,Luleå,Luleå kommun,"Bergnäset, polisen uppmärksammas på en personbil som kör på en cykelbana. Polisen åker till platsen och påträffar bilen. Föraren, en man, saknar behörighet att framföra fordonet. Han misstänks för grov olovlig körning. Anmälan upprättas. Polisen tar bilen i beslag.

Ett urval av polisens arbete klockan 22:00-07:00.
Ett urval av polisens arbete klockan 22:00-07:00.",https://polisen.se/aktuellt/handelser/2025/maj/6/06-maj-07.26-sammanfattning-natt-norrbottens-lan/,high
314643,2025-05-06,2025,5,Sammanfattning natt,22:50,Trafikbrott,Piteå,Piteå,Övriga Norrbotten,"Norrfjärden, en personbil har kört i diket. En tonårspojke körde bilen, det finns inga uppgifter om att han ska ha behövt uppsöka sjukvård. Han misstänks för olovlig körning och tillgrepp av fortskaffningsmedel. Anmälan upprättas. Polisen skjutsar hem pojken. Enligt rutin upprättas även en anmälan till socialtjänsten.",https://polisen.se/aktuellt/handelser/2025/maj/6/06-maj-07.26-sammanfattning-natt-norrbottens-lan/,high
314726,2025-05-07,2025,5,Sammanfattning natt,03:30,Trafikolycka,Haparanda,Haparanda,Övriga Norrbotten,"E4 Nikkala, en personbil har kört av vägen och in i ett träd. Fyra personer färdades i bilen, två av dem förs till sjukvård. Vägen stängs tillfälligt av efter olyckan. Polisen dokumenterar platsen, bland annat med hjälp av drönare. Bilen som var inblandad i olyckan tas i beslag. Polisen ska utreda olyckan.

Ett urval av polisens arbete klockan 22:00-07:00.
Ett urval av polisens arbete klockan 22:00-07:00.",https://polisen.se/aktuellt/handelser/2025/maj/7/07-maj-07.59-sammanfattning-natt-norrbottens-lan/,high
314726,2025-05-07,2025,5,Sammanfattning natt,22:53,Brand,Piteå,Piteå,Övriga Norrbotten,"Polis och räddningstjänst larmas angående en gräsbrand på ön Grynnan i Sikfors. Räddningstjänsten hanterar branden. Det finns inga uppgifter om personskador. Det är oklart hur branden har uppstått, polisen kommer att utreda händelsen. En anmälan gällande allmänfarlig vårdslöshet upprättas.",https://polisen.se/aktuellt/handelser/2025/maj/7/07-maj-07.59-sammanfattning-natt-norrbottens-lan/,high
314795,2025-05-08,2025,5,Sammanfattning natt,22:25,Ofredande,Piteå,Piteå,Övriga Norrbotten,"Polisen får samtal om en personbil som står på busstationen med bagageluckan öppen och spelar hög musik. Polisen åker till platsen. Den person som befinner sig vid bilen, en man i 20-årsåldern, tilldelas böter.",https://polisen.se/aktuellt/handelser/2025/maj/8/08-maj-07.18-sammanfattning-natt-norrbottens-lan/,high
314795,2025-05-08,2025,5,Sammanfattning natt,22:38,Skadegörelse,Luleå,Luleå,Luleå kommun,"Polisen larmas om att någon slår sönder fönsterrutor på centralstationen. Polisen åker till platsen. Där påträffas en man i 35-årsåldern som misstänks ha krossat en ruta. Han misstänks för skadegörelse. Anmälan upprättas.

Övrigt

Under natten har tre viltolyckor rapporterats in till polisens ledningscentral. De har inträffat på E4 Porsön, Luleå, i centrala Boden och på riksväg 99 i centrala Haparanda. Inga personskador finns rapporterade.

Ett urval av polisens arbete klockan 22:00-07:00.
Ett urval av polisens arbete klockan 22:00-07:00.",https://polisen.se/aktuellt/handelser/2025/maj/8/08-maj-07.18-sammanfattning-natt-norrbottens-lan/,high
315518,2025-05-17,2025,5,Sammanfattning natt,00:29,Egenmäktigt förfarande,Gällivare,Gällivare,Övriga Norrbotten,"Centrum, polisen får samtal om att ett antal personer ska ha kört runt i en upphissad skylift. Polisen åker till platsen. Man hittar skyliften, men när man kommer dit är ingen person kvar. En anmälan gällande egenmäktigt förfarande upprättas. Det finns ingen misstänkt gärningsperson.",https://polisen.se/aktuellt/handelser/2025/maj/17/17-maj-07.57-sammanfattning-natt-norrbottens-lan/,high
315518,2025-05-17,2025,5,Sammanfattning natt,01:04,Ofredande,Piteå,Piteå,Övriga Norrbotten,"Öjebyn, polisen får samtal om någon ska spela mycket hög musik på en parkering. Polisen åker till platsen och påträffar ett antal ungdomar. Man samtalar med dem om det olämpliga att spela så högt. Patrullen lämnar sedan utan ytterligare åtgärd. Patrullen återkommer och kontrollerar platsen senare under natten, och då har ungdomarna lämnat.

Ett urval av polisens arbete under natten.
Ett urval av polisens arbete under natten.",https://polisen.se/aktuellt/handelser/2025/maj/17/17-maj-07.57-sammanfattning-natt-norrbottens-lan/,high
315575,2025-05-18,2025,5,Sammanfattning natt,00:34,Rattfylleri,Boden,Boden,Övriga Norrbotten,"Polisen kontrollerar en personbil på Prästholmen. Föraren, en man, blåser positivt i polisens sållningsinstrument. Han misstänks för rattfylleri. Polisen håller förhör med mannen, anmälan upprättas.",https://polisen.se/aktuellt/handelser/2025/maj/18/18-maj-08.20-sammanfattning-natt-norrbottens-lan/,high
315575,2025-05-18,2025,5,Sammanfattning natt,00:47,Misshandel,Piteå,Piteå,Övriga Norrbotten,"Polisen larmas till en adress där två män ska ha hamnat i bråk. De två männen känner varandra sedan tidigare. Polisen åker till platsen. Den ene mannen, som är i 30-årsåldern, misstänks för misshandel. Han omhändertas enligt LOB (Lag om omhändertagande av berusade personer). Anmälan upprättas.",https://polisen.se/aktuellt/handelser/2025/maj/18/18-maj-08.20-sammanfattning-natt-norrbottens-lan/,high
315575,2025-05-18,2025,5,Sammanfattning natt,01:45,Rattfylleri,Kiruna,Kiruna,Övriga Norrbotten,"Polisen kontrollerar en personbil på länsväg 870 i höjd med Kaalasjärvi. Föraren, en man, blåser positivt i polisens sållningsinstrument. Han misstänks för rattfylleri. Han får följa med polisen för provtagning och förhör. Anmälan upprättas. Polisen omhändertar mannens körkort och bilnycklar.

Ett urval av polisens arbete under natten.
Ett urval av polisens arbete under natten.",https://polisen.se/aktuellt/handelser/2025/maj/18/18-maj-08.20-sammanfattning-natt-norrbottens-lan/,high
316396,2025-05-30,2025,5,Sammanfattning natt,00:03,Rattfylleri m.m,Kalix,Kalix,Övriga Norrbotten,"Polisen kontrollerar en personbil i Näsbyn. Man misstänker att föraren, en man i 30-årsåldern, är påverkad av narkotika. Han har också en kniv i bilen. Mannen får följa med polisen för kroppsbesiktning och förhör. Han misstänks för drograttfylleri, brott mot knivlagen och ringa narkotikabrott, eget bruk. Anmälan upprättas.",https://polisen.se/aktuellt/handelser/2025/maj/30/30-maj-07.58-sammanfattning-natt-norrbottens-lan/,high
316396,2025-05-30,2025,5,Sammanfattning natt,02:24,Olaga intrång,Gällivare,Gällivare,Övriga Norrbotten,"Polisen får samtal från väktare som upptäckt att någon har krossat en ruta på en förskola i Malmberget. Polisen åker till platsen. Ingen gärningsperson finns kvar. Man fotodokumenterar platsen och håller förhör med vittnen. Anmälan gällande skadegörelse och olaga intrång upprättas. Det finns ingen misstänkt i nuläget.

Ett urval av polisens arbete under natten.
Ett urval av polisens arbete under natten.",https://polisen.se/aktuellt/handelser/2025/maj/30/30-maj-07.58-sammanfattning-natt-norrbottens-lan/,high
316396,2025-05-30,2025,5,Sammanfattning natt,22:16,Ofredande,Gällivare,Gällivare,Övriga Norrbotten,"Polisen får samtal om att någon ska spela hög musik från en bil på en parkering i centrala Gällivare. Polisen åker till platsen och påträffar den aktuella bilen. De samtalar med föraren till bilen och påpekar det olämpliga i att störa boende i området. Föraren, en man, dämpar sig. Polisen lämnar utan ytterligare åtgärd.",https://polisen.se/aktuellt/handelser/2025/maj/30/30-maj-07.58-sammanfattning-natt-norrbottens-lan/,high
316396,2025-05-30,2025,5,Sammanfattning natt,22:35,Kontroll person,Luleå,Luleå,Luleå kommun,Polisen får samtal om att en ung man ska ha klättrat upp i en hög kran i Södra hamnen i Luleå. Nedanför kranen ska ett antal av mannens kamrater stått och hejat på. Polisen åker till platsen. Mannen klättrar ner. Polisen ger de inblandade en skarp tillsägelse om det farliga och olämpliga i att klättra i kranen. Man lämnar sedan utan ytterligare åtgärd.,https://polisen.se/aktuellt/handelser/2025/maj/30/30-maj-07.58-sammanfattning-natt-norrbottens-lan/,high
316396,2025-05-30,2025,5,Sammanfattning natt,23:26,Narkotikabrott,Luleå,Luleå,Luleå kommun,"Polisen kontrollerar två män i Södra hamnen. Det visar sig att de bär på vad som misstänks vara narkotika. De både männen misstänks för ringa narkotikabrott, innehav. Anmälan upprättas.",https://polisen.se/aktuellt/handelser/2025/maj/30/30-maj-07.58-sammanfattning-natt-norrbottens-lan/,high
316586,2025-06-02,2025,6,Sammanfattning natt,00:37,Trafikbrott,Piteå,Piteå,Övriga Norrbotten,"Polisen kontrollerar en personbil i Öjebyn. Det visar sig att föraren, en man i 30-årsåldern, saknar behörighet att framföra fordonet. Han misstänks för olovlig körning. Anmälan upprättas.",https://polisen.se/aktuellt/handelser/2025/juni/2/02-juni-07.40-sammanfattning-natt-norrbottens-lan/,high
316586,2025-06-02,2025,6,Sammanfattning natt,01:16,Skadegörelse,Piteå,Piteå,Övriga Norrbotten,"Hortlax, polisen får samtal om att någon försöker göra åverkan på en dörr till ett förråd som hör till en förskola. Polisen åker till platsen och påträffar en tonårspojke. Han misstänks för skadegörelse och brott mot knivlagen. Anmälan upprättas. Enligt rutin upprättas också en anmälan till Socialtjänsten.",https://polisen.se/aktuellt/handelser/2025/juni/2/02-juni-07.40-sammanfattning-natt-norrbottens-lan/,high
316586,2025-06-02,2025,6,Sammanfattning natt,01:30,Narkotikabrott,Luleå,Luleå,Luleå kommun,"Södra Sunderbyn, polisen får samtal om en man som befinner sig i ett förråd. Polisen åker till platsen och påträffar mannen. Man misstänker att han är påverkad av narkotika. Han har också ett betalkort som inte är hans eget. Mannen omhändertas enligt LOB (Lag om omhändertagande av berusade personer). Han misstänks för ringa narkotikabrott, eget bruk och innehav, och olovlig befattning av betalningsverktyg. Anmälan upprättas.

Ett urval av polisens arbete under natten.
Ett urval av polisens arbete under natten.",https://polisen.se/aktuellt/handelser/2025/juni/2/02-juni-07.40-sammanfattning-natt-norrbottens-lan/,high
316586,2025-06-02,2025,6,Sammanfattning natt,22:53,Skadegörelse,Kalix,Kalix,Övriga Norrbotten,En ordningsvakt kontaktar polisen med anledning av att en man har krossat en ruta på Kalix sjukhus. Polisen åker till platsen. Den misstänkte mannen finns då inte kvar. En anmälan gällande skadegörelse upprättas.,https://polisen.se/aktuellt/handelser/2025/juni/2/02-juni-07.40-sammanfattning-natt-norrbottens-lan/,high
316662,2025-06-03,2025,6,Sammanfattning natt,01:50,Viltolycka,Pajala,Pajala,Övriga Norrbotten,"Länsväg 392, Korpilombolo. En lätt lastbil har kolliderat med en ren. Inga personskador finns rapporterade. Renen dog vid krocken, berörd sameby kontaktas.

Ett urval av polisens arbete under natten.
Ett urval av polisens arbete under natten.",https://polisen.se/aktuellt/handelser/2025/juni/3/03-juni-07.16-sammanfattning-natt-norrbottens-lan/,high
316662,2025-06-03,2025,6,Sammanfattning natt,22:20,Rattfylleri,Piteå,Piteå,Övriga Norrbotten,"Polisen kontrollerar en personbil i närheten av Havsbadet. Man misstänker att föraren, en man, är påverkad av narkotika. Han får följa med polisen för provtagning. En anmälan gällande rattfylleri upprättas.",https://polisen.se/aktuellt/handelser/2025/juni/3/03-juni-07.16-sammanfattning-natt-norrbottens-lan/,high
316662,2025-06-03,2025,6,Sammanfattning natt,23:02,Fylleri,Piteå,Piteå,Övriga Norrbotten,Polisen får samtal från en väktare med anledning av en berusad man som vägrar lämna busstationen trots att den har stängt. Polisen åker till platsen och påträffar mannen. Han omhändertas enligt LOB (Lag om omhändertagande av berusade personer).,https://polisen.se/aktuellt/handelser/2025/juni/3/03-juni-07.16-sammanfattning-natt-norrbottens-lan/,high
316752,2025-06-04,2025,6,Sammanfattning natt,00:28,Skadegörelse,Kalix,Kalix,Övriga Norrbotten,"Karlsborg, polisen får samtal om att en man ska slå på en bil som står parkerad utanför en adress. När polisen kommer till platsen är inte mannen kvar. Bilen ska ha skador på framrutan, polisen dokumenterar platsen och håller förhör med boende i närheten. En anmälan gällande skadegörelse upprättas.",https://polisen.se/aktuellt/handelser/2025/juni/4/04-juni-07.16-sammanfattning-natt-norrbottens-lan/,high
316752,2025-06-04,2025,6,Sammanfattning natt,01:06,Ofredande,Luleå,Luleå,Luleå kommun,"Polisen kontaktas angående att det ska vara en högljudd fest på en adress på Porsön. Polisen åker till platsen. Man samtalar med personerna på festen om det olämpliga i att spela så hög musik att grannar blir störda. Festen stängs ned. Patrullen lämnar utan ytterligare åtgärd.

Ett urval av polisens arbete under natten.
Ett urval av polisens arbete under natten.",https://polisen.se/aktuellt/handelser/2025/juni/4/04-juni-07.16-sammanfattning-natt-norrbottens-lan/,high
316954,2025-06-07,2025,6,Sammanfattning natt,00:06,Ofredande,Boden,Boden,Övriga Norrbotten,"Sanden, polisen får samtal om att bilar står på en parkering och spelar hög musik. Polisen åker till platsen. När man kommer fram hade man redan sänkt volymen. Polisen samtalar med personer på plats om att boende i området blir störda om de spelar högt, patrullen lämnar sedan utan ytterligare åtgärd.",https://polisen.se/aktuellt/handelser/2025/juni/7/07-juni-08.11-sammanfattning-natt-norrbottens-lan/,high
316954,2025-06-07,2025,6,Sammanfattning natt,00:18,Trafikbrott,Gällivare,Gällivare,Övriga Norrbotten,"Centrum, polisen kontrollerar en a-traktor. Föraren, en tonårspojke, misstänks för olovlig körning. Polisen tar a-traktorn i beslag. Anmälan upprättas.",https://polisen.se/aktuellt/handelser/2025/juni/7/07-juni-08.11-sammanfattning-natt-norrbottens-lan/,high
316954,2025-06-07,2025,6,Sammanfattning natt,01:26,Brott mot vapenlagen,Luleå,Luleå,Luleå kommun,"Polisen får samtal om att en man ska ha skjutit med ett vapen upp i luften utomhus. Ingen person ska ha kommit till skada. Polisen åker till platsen och påträffar mannen. Han grips, misstänkt för brott mot vapenlagen. Anmälan upprättas.

Ett urval av polisens arbete under natten.
Ett urval av polisens arbete under natten.",https://polisen.se/aktuellt/handelser/2025/juni/7/07-juni-08.11-sammanfattning-natt-norrbottens-lan/,high
316954,2025-06-07,2025,6,Sammanfattning natt,23:03,Narkotikabrott,Luleå,Luleå,Luleå kommun,"Innerstaden, polisen kontrollerar en man. Man misstänker att han är påverkad av narkotika. Han får följa med polisen för provtagning. En anmälan gällande ringa narkotikabrott, eget bruk, upprättas.",https://polisen.se/aktuellt/handelser/2025/juni/7/07-juni-08.11-sammanfattning-natt-norrbottens-lan/,high
317031,2025-06-08,2025,6,Sammanfattning natt,00:39,Förargelseväckande beteende,Boden,Boden,Övriga Norrbotten,"Centrum, polisen får samtal om en bil som spelar mycket hög musik. Polisen åker till platsen och påträffar bilen. När polisen kommer fram har föraren dämpat musiken. Man pratar med föraren om det olämpliga att störa boende i området med högt ljud, sen lämnar man utan ytterligare åtgärd.",https://polisen.se/aktuellt/handelser/2025/juni/8/08-juni-08.22-sammanfattning-natt-norrbottens-lan/,high
317031,2025-06-08,2025,6,Sammanfattning natt,01:49,Våld/hot mot tjänsteman,Luleå,Luleå,Luleå kommun,"Innerstaden, två berusade män i 20-årsåldern ska ha velat åka med en taxi. På grund av berusning ska taxichauffören inte velat köra dem. Den ene mannen ska då ha blivit upprörd och hotat samt blivit våldsam mot chauffören. Polisen åker till platsen och påträffar de inblandade. De båda männen omhändertas enligt LOB (Lag om omhändertagande av berusade personer). Den ene av männen misstänks för våld mot tjänsteman och hot mot tjänsteman (tjänsteman är i detta fall taxichauffören). Anmälan upprättas.",https://polisen.se/aktuellt/handelser/2025/juni/8/08-juni-08.22-sammanfattning-natt-norrbottens-lan/,high
317031,2025-06-08,2025,6,Sammanfattning natt,02:31,Narkotikabrott,Gällivare,Gällivare,Övriga Norrbotten,"Karhakka, polisen stöter på en man som misstänks vara påverkad av narkotika. Mannen, som är i 35-årsåldern, omhändertas enligt LOB (Lag om omhändertagande av berusade personer). Han misstänks för ringa narkotikabrott, eget bruk och innehav.",https://polisen.se/aktuellt/handelser/2025/juni/8/08-juni-08.22-sammanfattning-natt-norrbottens-lan/,high
317031,2025-06-08,2025,6,Sammanfattning natt,03:44,Trafikbrott,Haparanda,Haparanda,Övriga Norrbotten,"Centrum, polisen stoppar en personbil. Föraren, en tonårspojke under 18 år, saknar behörighet att framföra fordonet. Han misstänks för olovlig körning. Anmälan upprättas.

Ett urval av polisens arbete under natten.
Ett urval av polisens arbete under natten.",https://polisen.se/aktuellt/handelser/2025/juni/8/08-juni-08.22-sammanfattning-natt-norrbottens-lan/,high
317677,2025-06-17,2025,6,Sammanfattning natt,00:59,Narkotikabrott,Gällivare,Gällivare,Övriga Norrbotten,"Centrum, polisen kontrollerar en tonårspojke. Man misstänker att han är påverkad av narkotika, han får följa med polisen för provtagning. En anmälan gällande ringa narkotikabrott, eget bruk, upprättas.",https://polisen.se/aktuellt/handelser/2025/juni/17/17-juni-07.31-sammanfattning-natt-norrbottens-lan/,high
317677,2025-06-17,2025,6,Sammanfattning natt,03:34,Viltolycka,Luleå,Luleå,Luleå kommun,"Riksväg 97, Södra Sunderbyn. En skåpbil har kolliderat med ett rådjur. Inga personskador finns rapporterade. Djuret dog vid krocken, jägare kallas till platsen för att hantera det.

Ett urval av polisens arbete klockan 22:00 – 07:00.
Ett urval av polisens arbete klockan 22:00 – 07:00.",https://polisen.se/aktuellt/handelser/2025/juni/17/17-juni-07.31-sammanfattning-natt-norrbottens-lan/,high
317993,2025-06-21,2025,6,Sammanfattning natt,00:25,Misshandel,Kiruna,Kiruna,Övriga Norrbotten,"Karesuando, polisen larmas till en adress där två män ska ha hamnat i bråk. Den ene mannen är i 30-årsåldern och den andre i 25-årsåldern. Den yngre mannen misstänks för misshandel. Han omhändertas också enligt LOB (Lag om omhändertagande av berusade personer). Anmälan upprättas. Det finns inga uppgifter om att någon ska ha behövt uppsöka sjukvård på grund av händelsen.",https://polisen.se/aktuellt/handelser/2025/juni/21/21-juni-08.09-sammanfattning-natt-norrbottens-lan/,high
317993,2025-06-21,2025,6,Sammanfattning natt,00:33,Misshandel,Piteå,Piteå,Övriga Norrbotten,Polisen larmas till en adress i Roknäs med anledning av ett bråk. Två män anklagar varandra för misshandel. Det finns inga uppgifter om att någon ska ha behövt uppsöka sjukvård. Anmälan och motanmälan gällande misshandel upprättas.,https://polisen.se/aktuellt/handelser/2025/juni/21/21-juni-08.09-sammanfattning-natt-norrbottens-lan/,high
317993,2025-06-21,2025,6,Sammanfattning natt,01:10,Ofredande,Piteå,Piteå,Övriga Norrbotten,"Centrum, en kvinna ringer in angående att en grupp män ska ha uppträtt otrevligt och bland annat ryckt upp dörren till hennes bil. Polisen åker till platsen och påträffar kvinnan. En anmälan gällande ofredande upprättas.",https://polisen.se/aktuellt/handelser/2025/juni/21/21-juni-08.09-sammanfattning-natt-norrbottens-lan/,high
317993,2025-06-21,2025,6,Sammanfattning natt,02:32,Misshandel,Piteå,Piteå,Övriga Norrbotten,"Havsbadet, en grupp personer ska ha hamnat i bråk på en parkering. Polisen åker till platsen, då ska de misstänkta personerna redan ha lämnat. Man samtalar med tre män i 20-årsåldern som ska ha utsatts för misshandel. En anmälan gällande misshandel upprättas, det finns inga misstänkta gärningsmän.

Summering av polisens arbete vid Midsummer Meet i Överkalix

De poliser som har jobbat under dagen, kvällen och natten upplever att det i stort sätt varit en trevlig tillställning med fint väder, mycket folk i rörelse men en hög berusningsnivå. Polisen har samverkat med ordningsvakter och arrangörer för att säkerställa att alla får en trevlig kväll, detta samarbete har flutit på bra. Man har jobbat med hög synlighet bland ungdomar och har därmed avvärjt flertalet bråk. Polisen har även genomfört nykterhetskontroller under kvällen där alla förare var nyktra.

Ärenden från kvällen

Böter har tilldelats: till fyra personer på grund av offentlig urinering, till en person som hängde ut ur en bil under färd, till en förare på grund av ej säkrad last, till en förare vars fordon hade otillåtet antal passagerare och till en person som gjort sig skyldig till förargelseväckande beteende genom att spela musik.

Anmälningar har upprättats gällande: ett brott mot knivlagen, en misshandel och ett sexuellt ofredande.

Två personer har avlägsnats och en person har omhändertagits enligt LOB (Lag om omhändertagande av berusade personer. Två minderåriga har omhändertagits enligt Polislagen 12§ och körts till vårdnadshavare.

Ett urval av polisens arbete under natten.
Ett urval av polisens arbete under natten.",https://polisen.se/aktuellt/handelser/2025/juni/21/21-juni-08.09-sammanfattning-natt-norrbottens-lan/,high
318057,2025-06-22,2025,6,Sammanfattning natt,00:19,Stöld ur fordon,Boden,Boden,Övriga Norrbotten,"Bodsvedjan, en väktare har stoppat en man som han misstänker har slangat diesel ur en lastbil. Polisen åker till platsen. Man pratar med väktaren, man tar också en dieseldunk och slang i beslag. En anmälan gällande stöld upprättas.",https://polisen.se/aktuellt/handelser/2025/juni/22/22-juni-07.45-sammanfattning-natt-norrbottens-lan/,high
318057,2025-06-22,2025,6,Sammanfattning natt,00:50,Rattfylleri,Kalix,Kalix,Övriga Norrbotten,"Storön, polisen kontrollerar en fyrhjuling. Föraren, en man, blåser positivt i polisens sållningsinstrument. Han misstänks för grovt rattfylleri och får följa med för provtagning. Polisen omhändertar mannens körkort och fordonsnycklar. Anmälan upprättas.",https://polisen.se/aktuellt/handelser/2025/juni/22/22-juni-07.45-sammanfattning-natt-norrbottens-lan/,high
318057,2025-06-22,2025,6,Sammanfattning natt,00:50,Trafikbrott,Kiruna,Kiruna,Övriga Norrbotten,"Svappavaara, polisen kontrollerar en a-traktor. Den misstänks kunna gå snabbare än tillåtet. Polisen tar a-traktorn i beslag. Föraren, en tonårsflicka, misstänks för olovlig körning. Polisen kontaktar hennes vårdnadshavare. Anmälan upprättas.",https://polisen.se/aktuellt/handelser/2025/juni/22/22-juni-07.45-sammanfattning-natt-norrbottens-lan/,high
318057,2025-06-22,2025,6,Sammanfattning natt,00:53,Rattfylleri,Kiruna,Kiruna,Övriga Norrbotten,"E45 Karesuando. Polisen kontrollerar en personbil. Föraren, en man, blåser positivt i polisens sållningsinstrument. Han misstänks för rattfylleri och får följa med polisen för provtagning. Anmälan upprättas. Polisen omhändertar mannens körkort.

Ett urval av polisens arbete under natten.
Ett urval av polisens arbete under natten.",https://polisen.se/aktuellt/handelser/2025/juni/22/22-juni-07.45-sammanfattning-natt-norrbottens-lan/,high
318196,2025-06-24,2025,6,Sammanfattning natt,05:02,Trafikkontroll,Boden,Boden,Övriga Norrbotten,"Riksväg 97, Sävast. Polisen kontrollerar nykterhet. 15 förare får blåsa i polisens sållningsinstrument. Samtliga var nyktra. En förare tilldelas böter för att fordonet som framförs har körförbud.",https://polisen.se/aktuellt/handelser/2025/juni/24/24-juni-07.16-sammanfattning-natt-norrbottens-lan/,high
318196,2025-06-24,2025,6,Sammanfattning natt,05:43,Trafikkontroll,Boden,Boden,Övriga Norrbotten,"Länsväg 356, Garnisonen. Polisen kontrollerar hastighet. Fem förare tilldelas böter på grund av hastighetsöverträdelser.

Ett urval av polisens arbete under natten.
Ett urval av polisens arbete under natten.",https://polisen.se/aktuellt/handelser/2025/juni/24/24-juni-07.16-sammanfattning-natt-norrbottens-lan/,high
318196,2025-06-24,2025,6,Sammanfattning natt,22:06,Narkotikabrott,Kalix,Kalix,Övriga Norrbotten,"Polisen kontrollerar en man i centrum. Man misstänker att mannen, som är i 20-årsåldern, är påverkad av narkotika. Han får följa med för undersökning. Anmälan gällande ringa narkotikabrott, eget bruk, upprättas.",https://polisen.se/aktuellt/handelser/2025/juni/24/24-juni-07.16-sammanfattning-natt-norrbottens-lan/,high
318647,2025-07-01,2025,7,Sammanfattning natt,01:07,Narkotikabrott,Kalix,Kalix,Övriga Norrbotten,"Centrum, patrullerande polis kontrollerar en man med cykel. Man misstänker att mannen är påverkad av narkotika. Man misstänker också att cykeln inte är hans. Han misstänks för ringa narkotikabrott, eget bruk, och häleri. Anmälan upprättas.

Ett urval av polisens arbete under natten.
Ett urval av polisens arbete under natten.",https://polisen.se/aktuellt/handelser/2025/juli/1/01-juli-07.09-sammanfattning-natt-norrbottens-lan/,high
318733,2025-07-02,2025,7,Sammanfattning natt,23:02,Trafikolycka,Överkalix,Överkalix,Övriga Norrbotten,"Tallvik, en personbil och en lätt lastbil har kolliderat. Polis och räddningstjänst åker till platsen. Fyra personer var inblandade i olyckan, det finns inga uppgifter om personskador. Olyckan gör att vägen tillfälligt blockeras. En anmälan gällande trafikolycka utan misstanke om brott upprättas.

Ett urval av polisens arbete under natten.
Ett urval av polisens arbete under natten.",https://polisen.se/aktuellt/handelser/2025/juli/2/02-juli-07.12-sammanfattning-natt-norrbottens-lan/,high
318810,2025-07-03,2025,7,Sammanfattning natt,01:45,Fjällräddning,Kiruna,Kiruna,Övriga Norrbotten,"En man och en kvinna som befinner sig sydost om Kebnekaise kontaktar polisen. De behöver hjälp att ta sig ner från fjället. Vakthavande befäl inleder fjällräddning med stöd av LSO (Lag om skydd mot olyckor). Fjällräddare når paret med hjälp av helikopter. De skjutsar personerna till Nikkaloukta fjällstation. Insatsen avslutas.

Ett urval av polisens arbete under natten.
Ett urval av polisens arbete under natten.",https://polisen.se/aktuellt/handelser/2025/juli/3/03-juli-07.57-sammanfattning-natt-norrbottens-lan/,high
318810,2025-07-03,2025,7,Sammanfattning natt,22:52,Misshandel,Luleå,Luleå,Luleå kommun,"Innerstaden, två män ska ha hamnat i slagsmål på ett hotell. Polis och ambulans åker till platsen. Vittnen på plats ska ha särat på de två männen. Det finns inga uppgifter om att någon ska ha behövt uppsöka sjukvård i samband med händelsen. Polisen fotodokumenterar och håller förhör med vittnen. Den ene mannen, som är i 40-årsåldern, misstänks för misshandel av den andre mannen, som är i 30-årsåldern. Anmälan upprättas.",https://polisen.se/aktuellt/handelser/2025/juli/3/03-juli-07.57-sammanfattning-natt-norrbottens-lan/,high
318810,2025-07-03,2025,7,Sammanfattning natt,23:52,Olaga hot,Piteå,Piteå,Övriga Norrbotten,Två män på en adress i Piteå ska ha blivit ovänner och uppträtt hotfullt mot varandra. Polis kallas till platsen. De båda männen anklagar varandra för att ha varit hotfulla. Anmälan och motanmälan gällande olaga hot upprättas.,https://polisen.se/aktuellt/handelser/2025/juli/3/03-juli-07.57-sammanfattning-natt-norrbottens-lan/,high
318874,2025-07-04,2025,7,Sammanfattning natt,22:07,Trafikbrott,Luleå,Luleå,Luleå kommun,"Södra hamn, två män färdas på vattenskoter, den ene ramlar i vattnet. Polis och räddningstjänst åker till platsen. Den man som ramlat i vattnet får hjälp upp. Enligt tillgängliga uppgifter ska han vara nedkyld men i övrigt oskadd. Föraren av vattenskotern misstänks för vårdslöshet i sjötrafik och framkallande av fara för annan. Anmälan upprättas.",https://polisen.se/aktuellt/handelser/2025/juli/4/04-juli-07.25-sammanfattning-natt-norrbottens-lan/,high
318874,2025-07-04,2025,7,Sammanfattning natt,22:32,Trafikbrott,Kalix,Kalix,Övriga Norrbotten,"Polisen uppmärksammas på att en tonårspojke kör motorcross utan att ha behörighet. Polisen åker till adressen och påträffar pojken och hans mamma. Pojken misstänks för olovlig körning. Pojkens mamma misstänks för tillåtande av olovlig körning. Anmälan upprättas.

Ett urval av polisens arbete under natten.
Ett urval av polisens arbete under natten.",https://polisen.se/aktuellt/handelser/2025/juli/4/04-juli-07.25-sammanfattning-natt-norrbottens-lan/,high
338328,2025-08-11,2025,8,Sammanfattning natt,01:07,Olaga hot,Arvidsjaur,Arvidsjaur,Övriga Norrbotten,"Polisen larmas till en adress på en mindre ort. Där ska en man varit hotfull mot ambulanspersonal som tidigare larmats dit. Polisen åker till platsen och påträffar de inblandade. Den misstänkte mannen grips, misstänkt för grovt olaga hot. Anmälan kommer att upprättas.

Ett urval av polisens arbete under natten.
Ett urval av polisens arbete under natten.",https://polisen.se/aktuellt/handelser/2025/augusti/11/11-augusti-07.27-sammanfattning-natt-norrbottens-lan/,high
338328,2025-08-11,2025,8,Sammanfattning natt,22:18,Våld/hot mot tjänsteman,Luleå,Luleå,Luleå kommun,"Innerstaden, polisen larmas om en högljudd man utanför en restaurang. Polisen åker till platsen. Mannen är berusad, han omhändertas enligt LOB (Lag om omhändertagande av berusade personer). Vid omhändertagandet blir mannen upprörd. Han misstänks för hot mot tjänsteman och våldsamt motstånd. Anmälan upprättas.",https://polisen.se/aktuellt/handelser/2025/augusti/11/11-augusti-07.27-sammanfattning-natt-norrbottens-lan/,high
338328,2025-08-11,2025,8,Sammanfattning natt,23:53,Viltolycka,Jokkmokk,Jokkmokk,Övriga Norrbotten,"E45, Kåbdalis. En personbil har kolliderat med en ren. Inga personskador finns rapporterade. Renen dog vid krocken, berörd sameby kontaktas.",https://polisen.se/aktuellt/handelser/2025/augusti/11/11-augusti-07.27-sammanfattning-natt-norrbottens-lan/,high
338958,2025-08-12,2025,8,Sammanfattning natt,05:53,Trafikkontroll,Luleå,Luleå,Luleå kommun,"Polisen kontrollerar nykterhet i trafiken. 20 förare får blåsa i polisens sållningsinstrument. Samtliga var nyktra och fick köra vidare utan anmärkning.

Ett urval av polisens arbete under natten.
Ett urval av polisens arbete under natten.",https://polisen.se/aktuellt/handelser/2025/augusti/12/12-augusti-07.25-sammanfattning-natt-norrbottens-lan/,high
338958,2025-08-12,2025,8,Sammanfattning natt,23:51,Trafikolycka,Luleå,Luleå,Luleå kommun,"Mjöfjärden, en tonårsflicka på moped har kolliderat med en älg. Polisen åker till platsen. Flickan förs till sjukvård för kontroll. Älgen klarade sig, eftersöksjägare kallas ut för att kontrollera den. En anmälan gällande trafikolycka utan misstanke om brott upprättas.",https://polisen.se/aktuellt/handelser/2025/augusti/12/12-augusti-07.25-sammanfattning-natt-norrbottens-lan/,high
342292,2025-08-16,2025,8,Sammanfattning natt,00:00,Stöld,Luleå,Luleå,Luleå kommun,"Polisen larmas till en bensinmack i Notviken där två män misstänks ha stulit från butiken. När man kommer till platsen är männen inte kvar. Polisen håller förhör med vittnen, en anmälan gällande ringa stöld upprättas. Det finns inga misstänkta gärningsmän.",https://polisen.se/aktuellt/handelser/2025/augusti/16/16-augusti-07.56-sammanfattning-natt-norrbottens-lan/,high
342292,2025-08-16,2025,8,Sammanfattning natt,00:08,Trafikbrott,Kiruna,Kiruna,Övriga Norrbotten,"Centrum, polisen kontrollerar en a-traktor. Föraren, en tonårspojke, misstänks för olovlig körning. Han körs hem till en anhörig. A-traktorn tas i beslag. Anmälan upprättas.",https://polisen.se/aktuellt/handelser/2025/augusti/16/16-augusti-07.56-sammanfattning-natt-norrbottens-lan/,high
342292,2025-08-16,2025,8,Sammanfattning natt,01:22,Förargelseväckande beteende,Kiruna,Kiruna,Övriga Norrbotten,"Centrum, polisen får samtal om en bil som spelar hög musik på en parkering. Polisen åker till platsen och påträffar bilen och en man i 20-årsåldern. Mannen tilldelas böter för förargelseväckande beteende.

Ett urval av polisens arbete under natten.
Ett urval av polisens arbete under natten.",https://polisen.se/aktuellt/handelser/2025/augusti/16/16-augusti-07.56-sammanfattning-natt-norrbottens-lan/,high
343205,2025-08-17,2025,8,Sammanfattning natt,03:28,Trafikbrott,Piteå,Piteå,Övriga Norrbotten,"Furunäset, polisen kontrollerar en personbil. Bilen står stilla, men en pojke under 18 år misstänks ha kört bilen. Han misstänks för olovlig körning. Anmälan upprättas.

Ett urval av polisens arbete under natten.
Ett urval av polisens arbete under natten.",https://polisen.se/aktuellt/handelser/2025/augusti/17/17-augusti-07.52-sammanfattning-natt-norrbottens-lan/,high
343205,2025-08-17,2025,8,Sammanfattning natt,22:08,Ofredande,Luleå,Luleå,Luleå kommun,"Notviken, en man ska ha följt efter en kvinna och bland annat ryckt i kvinnans bildörr. Polisen åker till platsen och påträffar de inblandade. Mannen misstänks för ofredande, anmälan upprättas.",https://polisen.se/aktuellt/handelser/2025/augusti/17/17-augusti-07.52-sammanfattning-natt-norrbottens-lan/,high
359945,2025-09-05,2025,9,Sammanfattning natt,00:17,Viltolycka,Piteå,Piteå,Övriga Norrbotten,"Långträsk, en lätt lastbil har kolliderat med en ren. Inga personskador finns rapporterade. Renen överlevde krocken, berörd sameby kontaktas.

Ett urval av polisens arbete under natten.
Ett urval av polisens arbete under natten.",https://polisen.se/aktuellt/handelser/2025/september/5/05-september-07.13-sammanfattning-natt-norrbottens-lan/,high
359945,2025-09-05,2025,9,Sammanfattning natt,22:14,Trafikolycka,Luleå,Luleå,Luleå kommun,"E4, Persön, två personbilar har kolliderat. Polis och räddningstjänst åker till platsen. Två personer var inblandade i krocken, de förs till sjukvård. Bilarna står trafikfarligt till och stör tillfälligt trafiken på platsen. De bärgas sedan därifrån. Polisen dokumenterar olycksplatsen. En anmälande gällande grov vårdslöshet i trafik och vållande till kroppsskada upprättas.",https://polisen.se/aktuellt/handelser/2025/september/5/05-september-07.13-sammanfattning-natt-norrbottens-lan/,high
362246,2025-09-08,2025,9,Sammanfattning natt,23:39,Olaga hot,Kalix,Kalix,Övriga Norrbotten,"Polisen larmas om att en man ska ha uppträtt hotfullt mot grannar boende i samma trapphus som honom. Han ska bland annat visat upp ett knivliknande vapen. Polisen åker till platsen och påträffar de inblandade. Mannen grips, misstänkt för grovt olaga hot. Anmälan upprättas. Ingen person ska ha kommit till skada i samband med händelsen. Mannen anhålls senare efter beslut från åklagare.

Ett urval av polisens arbete under natten.
Ett urval av polisens arbete under natten.",https://polisen.se/aktuellt/handelser/2025/september/8/08-september-07.29-sammanfattning-natt-norrbottens-lan/,high
366416,2025-09-13,2025,9,Sammanfattning natt,01:59,Misshandel,Luleå,Luleå,Luleå kommun,Polisen kontaktas av en väktare i innerstaden som har särat på två män som har bråkat. Polisen åker till platsen och påträffar de inblandade. Den ene mannen omhändertas enligt LOB (Lag om omhändertagande av berusade personer). En anmälan gällande misshandel upprättas. Det finns inga uppgifter om personskador i samband med händelsen.,https://polisen.se/aktuellt/handelser/2025/september/13/13-september-07.51-sammanfattning-natt-norrbottens-lan/,high
366416,2025-09-13,2025,9,Sammanfattning natt,04:22,Stöld av fordon,Piteå,Piteå,Övriga Norrbotten,"Djupviken, polisen larmas om att en personbil ska ha krockat med ett träd. När man kommer till platsen finns ingen person kvar. Man kontaktar fordonsägaren som var omedveten om att bilen inte stod kvar hemma. En anmälan gällande tillgrepp av fortskaffningsmedel och smitning från trafikolycksplats upprättas. Det finns ingen misstänkt gärningsman.

Ett urval av polisens arbete under natten.
Ett urval av polisens arbete under natten.",https://polisen.se/aktuellt/handelser/2025/september/13/13-september-07.51-sammanfattning-natt-norrbottens-lan/,high
366416,2025-09-13,2025,9,Sammanfattning natt,22:14,Misshandel,Boden,Boden,Övriga Norrbotten,"Polisen larmas om att två män ska ha hamnat i bråk med varandra på en bostadsadress. De två känner varandra sen tidigare. Den ene mannen ska ha slagit den andre. Polisen åker till platsen. Då är det lugnt, ingen av de inblandade ska vara i behov av sjukhusvård. Man håller förhör och dokumenterar platsen. En anmälan gällande misshandel upprättas.",https://polisen.se/aktuellt/handelser/2025/september/13/13-september-07.51-sammanfattning-natt-norrbottens-lan/,high
367167,2025-09-14,2025,9,Sammanfattning natt,02:54,Skadegörelse,Luleå,Luleå,Luleå kommun,"Lövskatan, polisen kontaktas angående två män som ska ha slagit sönder ett källarfönster. Polisen åker till adressen och påträffar männen. De misstänks för skadegörelse. Anmälan upprättas.",https://polisen.se/aktuellt/handelser/2025/september/14/14-september-07.48-sammanfattning-natt-norrbottens-lan/,high
367167,2025-09-14,2025,9,Sammanfattning natt,03:58,Misshandel,Haparanda,Haparanda,Övriga Norrbotten,"Polisen larmas till en adress där en man ska ha varit våldsam mot medlemmar i sin familj. Polisen åker till platsen och påträffar de inblandade. Mannen grips, misstänkt för grov misshandel, misshandel och olaga hot. Anmälan upprättas.

Ett urval av polisens arbete under natten.
Ett urval av polisens arbete under natten.",https://polisen.se/aktuellt/handelser/2025/september/14/14-september-07.48-sammanfattning-natt-norrbottens-lan/,high
367167,2025-09-14,2025,9,Sammanfattning natt,23:14,Förargelseväckande beteende,Kiruna,Kiruna,Övriga Norrbotten,"Centrum, polisen får samtal om fordon som står vid en idrottsplats och spelar hög musik. Polisen åker till platsen. Man avvisar två fordon som stod på en plats där det var parkeringsförbud. Två tonårspojkar tilldelas böter för förargelseväckande beteende.",https://polisen.se/aktuellt/handelser/2025/september/14/14-september-07.48-sammanfattning-natt-norrbottens-lan/,high
376659,2025-09-27,2025,9,Sammanfattning natt,00:19,Trafikbrott,Luleå,Luleå,Luleå kommun,"Innerstaden, polisen kontrollerar en personbil. Föraren, en ung man, tilldelas böter för att ha spelat hög musik på allmän plats.",https://polisen.se/aktuellt/handelser/2025/september/27/27-september-08.07-sammanfattning-natt-norrbottens-lan/,high
376659,2025-09-27,2025,9,Sammanfattning natt,00:46,Rattfylleri,Luleå,Luleå,Luleå kommun,"Bergnäset, polisen kontrollerar en personbil. Föraren, en man, blåser positivt i polisens sållningsinstrument. Han misstänks för rattfylleri. Polisen omhändertar mannens körkort och bilnycklar. Anmälan upprättas enligt arbetssättet ”snabbare lagföring”. Mannen tilldelas 67000 kronor i böter.",https://polisen.se/aktuellt/handelser/2025/september/27/27-september-08.07-sammanfattning-natt-norrbottens-lan/,high
376659,2025-09-27,2025,9,Sammanfattning natt,02:24,Brott mot tjänsteman,Piteå,Piteå,Övriga Norrbotten,"Polisen stöter på en berusad man på en snabbmatsrestaurang i centrala Piteå. Han omhändertas enligt LOB (Lag om omhändertagande av berusade personer). Vid omhändertagandet blir mannen upprörd. Han misstänks för våld, hot och förolämpning mot tjänsteman. Anmälan upprättas. Det finns inga uppgifter om personskador i samband med händelsen.

Ett urval av polisens arbete under natten.
Ett urval av polisens arbete under natten.",https://polisen.se/aktuellt/handelser/2025/september/27/27-september-08.07-sammanfattning-natt-norrbottens-lan/,high
376659,2025-09-27,2025,9,Sammanfattning natt,22:58,Försök till mord,Kiruna,Kiruna,Övriga Norrbotten,"Polisen larmas till en adress i centrala Kiruna. Utanför adressen ska en man ha attackerat två andra personer, en man och en kvinna, med ett knivliknande föremål. Enligt tillgängliga uppgifter ska de tre inblandade vara bekanta med varandra sedan tidigare. De två målsägande ska ha lyckats avvärja mannen, det finns inga uppgifter om personskador i samband med händelsen. Polisen åker till platsen och kan påträffa de inblandade. Den misstänkte mannen, som är i 30-årsåldern, grips misstänkt för försök till mord. Han anhålls senare efter beslut från åklagare. Anmälan upprättas.",https://polisen.se/aktuellt/handelser/2025/september/27/27-september-08.07-sammanfattning-natt-norrbottens-lan/,high
377547,2025-09-28,2025,9,Sammanfattning natt,01:40,Våldsamt motstånd,Kiruna,Kiruna,Övriga Norrbotten,"Centrum, polisen får samtal om att ett eventuellt bråk ska pågå utomhus. Man åker till platsen. När man kommer fram pågår inget bråk, men man stöter på en berusad man som ska vara stökig och som tidigare blivit avvisad från en nattklubb. Han omhändertas enligt LOB (Lag om omhändertagande av berusade personer). Vid omhändertagandet blir mannen utåtagerande. Polisen använder elchockvapen, ECV, mot mannen. Han misstänks för våldsamt motstånd. Anmälan upprättas.

Ett urval av polisens arbete under natten.
Ett urval av polisens arbete under natten.",https://polisen.se/aktuellt/handelser/2025/september/28/28-september-08.04-sammanfattning-natt-norrbottens-lan/,high
377547,2025-09-28,2025,9,Sammanfattning natt,23:30,Förargelseväckande beteende,Pajala,Pajala,Övriga Norrbotten,"Polisen kontrollerar en stillastående personbil i centrala Pajala. Föraren, en man, ska ha spelat mycket hög musik. Han tilldelas böter. Han ska också ha haft en öppnad ölburk i handen. Polisen omhändertar mannens bilnycklar.",https://polisen.se/aktuellt/handelser/2025/september/28/28-september-08.04-sammanfattning-natt-norrbottens-lan/,high
392574,2025-10-13,2025,10,Sammanfattning natt,03:06,Arbetsplatsolycka,Luleå,Luleå,Luleå kommun,"Storheden, en man har ramlat från en lastbrygga och skadat foten. Polisen åker till platsen och fotodokumenterar. En anmälan gällande vållande till kroppsskada genom arbetsplatsolycka upprättas.

Ett urval av polisens arbete under natten.
Ett urval av polisens arbete under natten.",https://polisen.se/aktuellt/handelser/2025/oktober/13/13-oktober-07.37-sammanfattning-natt-norrbottens-lan/,high
392574,2025-10-13,2025,10,Sammanfattning natt,23:10,Narkotikabrott,Piteå,Piteå,Övriga Norrbotten,"Polisen kontrollerar en kvinna i centrala Piteå. Man misstänker att hon är påverkad av narkotika. Hon får följa med polisen för provtagning. Anmälan gällande ringa narkotikabrott, eget bruk, upprättas.",https://polisen.se/aktuellt/handelser/2025/oktober/13/13-oktober-07.37-sammanfattning-natt-norrbottens-lan/,high
393713,2025-10-14,2025,10,Sammanfattning natt,00:36,Viltolycka,Haparanda,Haparanda,Övriga Norrbotten,"E4, Haparanda centrum. En personbil har kolliderat med ett rådjur. Det finns inga uppgifter om personskador. Djuret dog vid krocken, jägare kallas till platsen

Ett urval av polisens arbete under natten.
Ett urval av polisens arbete under natten.",https://polisen.se/aktuellt/handelser/2025/oktober/14/14-oktober-07.14-sammanfattning-natt-norrbottens-lan/,high
393713,2025-10-14,2025,10,Sammanfattning natt,22:15,Rån,Gällivare,Gällivare,Övriga Norrbotten,"Centrum, polisen kontaktas angående att ett antal personer ska ha hotat en man och tvingat honom att ge ifrån sig sin väska. Personerna ska sedan ha lämnat platsen. Polisen håller förhör med den utsatte mannen. En anmälan gällande grovt rån upprättas. Det finns i nuläget inga misstänkta gärningspersoner. Det finns inga uppgifter om personskador i samband med händelsen.",https://polisen.se/aktuellt/handelser/2025/oktober/14/14-oktober-07.14-sammanfattning-natt-norrbottens-lan/,high
403519,2025-10-24,2025,10,Sammanfattning natt,22:11,Trafikolycka,Kiruna,Kiruna,Övriga Norrbotten,"Centrala Kiruna, en a-traktor har kört ner över en brant avsats i en grusgrop. Två tonårspojkar fanns i fordonet, de förs till sjukvård med ambulans. Enligt tillgängliga uppgifter ska de vara lindrigt skadade. Polisen dokumenterar olycksplatsen, man misstänker inget brott i samband med händelsen.",https://polisen.se/aktuellt/handelser/2025/oktober/24/24-oktober-07.19-sammanfattning-natt-norrbottens-lan/,high
403519,2025-10-24,2025,10,Sammanfattning natt,22:40,Rattfylleri,Boden,Boden,Övriga Norrbotten,"Sävastön, polisen får samtal om en bil som kör vingligt och vars förare misstänks vara berusad. Polisen åker till platsen och påträffar fordonet. Föraren, en man, grips misstänkt för grovt rattfylleri. Under händelseförloppet blir mannen upprörd, han misstänks därför också för våld mot tjänsteman och våldsamt motstånd. Anmälan upprättas.

Ett urval av polisens arbete under natten.
Ett urval av polisens arbete under natten.",https://polisen.se/aktuellt/handelser/2025/oktober/24/24-oktober-07.19-sammanfattning-natt-norrbottens-lan/,high
415691,2025-11-08,2025,11,Sammanfattning natt,01:09,Rattfylleri,Kiruna,Kiruna,Övriga Norrbotten,"Polisen kontrollerar en lätt lastbil i centrala Kiruna. Föraren, en man, blåser positivt i polisens sållningsinstrument. Han misstänks för rattfylleri och får följa med polisen för ytterligare undersökning. Anmälan upprättas.",https://polisen.se/aktuellt/handelser/2025/november/8/08-november-07.40-sammanfattning-natt-norrbottens-lan/,high
415691,2025-11-08,2025,11,Sammanfattning natt,01:37,Viltolycka,Boden,Boden,Övriga Norrbotten,"Hermelinsgatan, Sanden. En personbil har kolliderat med ett rådjur. Inga personskador finns rapporterade. Rådjuret överlevde krocken, eftersöksjägare kallas ut.

Ett urval av polisens arbete under natten.
Ett urval av polisens arbete under natten.",https://polisen.se/aktuellt/handelser/2025/november/8/08-november-07.40-sammanfattning-natt-norrbottens-lan/,high
416336,2025-11-09,2025,11,Sammanfattning natt,01:31,Misshandel,Luleå,Luleå,Luleå kommun,"Polisen larmas till en adress i Notviken med anledning av ett bråk. Där finns en man som ska ha blivit misshandlad av en kvinna. De två ska känna varandra sedan tidigare. Kvinnan har lämnat adressen, men polisen kan snart påträffa henne. Hon grips misstänkt för misshandel. Anmälan upprättas. Kvinnan anhålls senare efter beslut från åklagare.",https://polisen.se/aktuellt/handelser/2025/november/9/09-november-07.52-sammanfattning-natt-norrbottens-lan/,high
416336,2025-11-09,2025,11,Sammanfattning natt,01:54,Narkotikabrott,Piteå,Piteå,Övriga Norrbotten,"Polisen kontrollerar en man i centrala Piteå. Man misstänker att mannen är påverkad av narkotika. Han får följa med polisen för provtagning. En anmälan gällande ringa narkotikabrott, eget bruk, upprättas.

Ett urval av polisens arbete under natten.
Ett urval av polisens arbete under natten.",https://polisen.se/aktuellt/handelser/2025/november/9/09-november-07.52-sammanfattning-natt-norrbottens-lan/,high
420382,2025-11-14,2025,11,Sammanfattning natt,05:59,Viltolycka,Gällivare,Gällivare,Övriga Norrbotten,"E10 Stenbron, en personbil har kolliderat med en ren. Inga personskador finns rapporterade. Renen överlevde krocken, berörd sameby kontaktas.

Ett urval av polisens arbete under natten.
Ett urval av polisens arbete under natten.",https://polisen.se/aktuellt/handelser/2025/november/14/14-november-07.29-sammanfattning-natt-norrbottens-lan/,high
420382,2025-11-14,2025,11,Sammanfattning natt,23:01,Viltolycka,Övertorneå,Övertorneå,Övriga Norrbotten,"Riksväg 99, Potila, en personbil har kolliderat med en ren. Inga personskador finns rapporterade. Renen dog vid krocken, berörd sameby kontaktas.",https://polisen.se/aktuellt/handelser/2025/november/14/14-november-07.29-sammanfattning-natt-norrbottens-lan/,high
420382,2025-11-14,2025,11,Sammanfattning natt,23:12,Misshandel,Boden,Boden,Övriga Norrbotten,"Två män i 40-årsåldern som befinner sig på en adress nordväst om Boden ska ha hamnat i bråk. De två känner varandra sedan tidigare. Den ene mannen ska ha slagit den andre. Polisen åker ut och påträffar den utsatte mannen på en annan adress dit han har tagit sig. Han har skador och förs till sjukvård. Polisen påträffar sedan den misstänkte mannen som är kvar på den första adressen. Han grips, misstänkt för grov misshandel. Anmälan upprättas. Han anhålls senare efter beslut från åklagare.",https://polisen.se/aktuellt/handelser/2025/november/14/14-november-07.29-sammanfattning-natt-norrbottens-lan/,high
422770,2025-11-17,2025,11,Sammanfattning natt,00:20,Viltolycka,Piteå,Piteå,Övriga Norrbotten,"Länsväg 373, Långträsk. En lätt lastbil har kolliderat med en ren. Inga personskador finns rapporterade. Renen dog vid krocken, berörd sameby kontaktas.",https://polisen.se/aktuellt/handelser/2025/november/17/17-november-07.09-sammanfattning-natt-norrbottens-lan/,high
422770,2025-11-17,2025,11,Sammanfattning natt,05:29,Trafikkontroll,Kiruna,Kiruna,Övriga Norrbotten,"Polisen kontrollerar nykterhet i trafiken. 29 förare får blåsa i polisens sållningsinstrument. Samtliga var nyktra och fick köra vidare utan anmärkning.

Ett urval av polisens arbete under natten.
Ett urval av polisens arbete under natten.",https://polisen.se/aktuellt/handelser/2025/november/17/17-november-07.09-sammanfattning-natt-norrbottens-lan/,high
427424,2025-11-22,2025,11,Sammanfattning natt,01:29,Skadegörelse,Luleå,Luleå,Luleå kommun,"Gammelstad, en väktare kontaktar polisen angående att ett larm har kommit in om en krossad glasruta i en port. Polisen åker till platsen och undersöker porten. En anmälan gällande skadegörelse upprättas.",https://polisen.se/aktuellt/handelser/2025/november/22/22-november-08.11-sammanfattning-natt-norrbottens-lan/,high
427424,2025-11-22,2025,11,Sammanfattning natt,03:08,Rattfylleri,Luleå,Luleå,Luleå kommun,"Polisen kontrollerar en bil i centrala Luleå. Föraren, en kvinna, blåser positivt i polisens sållningsinstrument. Hon misstänks för rattfylleri och får följa med polisen för ytterligare provtagning. Polisen omhändertar kvinnans körkort och bilnycklar. Anmälan gällande rattfylleri upprättas.",https://polisen.se/aktuellt/handelser/2025/november/22/22-november-08.11-sammanfattning-natt-norrbottens-lan/,high
427424,2025-11-22,2025,11,Sammanfattning natt,03:17,Misshandel,Luleå,Luleå,Luleå kommun,"Polisen larmas till en adress på Skurholmen där två män ska ha hamnat i bråk. Den ene mannen ska ha slagit och hotat den andre med ett tillhygge. Polisen får kontakt med den utsatte mannen som har lämnat adressen. Man påträffar också den misstänkte mannen. Han grips, misstänkt för grov misshandel och grovt olaga hot. Polisen samtalar med vittnen och dokumenterar lägenheten där männen ska ha befunnit sig. Det finns inga uppgifter om personskador. Anmälan upprättas.

Ett urval av polisens arbete under natten.
Ett urval av polisens arbete under natten.",https://polisen.se/aktuellt/handelser/2025/november/22/22-november-08.11-sammanfattning-natt-norrbottens-lan/,high
428466,2025-11-23,2025,11,Sammanfattning natt,03:14,Narkotikabrott,Boden,Boden,Övriga Norrbotten,"En ordningsvakt på en restaurang i centrala Boden uppmärksammar polisen på en man. När polisen kontrollerar mannen visar det sig att han bär på något som misstänks vara narkotika. Mannen misstänks för narkotikabrott, innehav. Anmälan upprättas.",https://polisen.se/aktuellt/handelser/2025/november/23/23-november-07.57-sammanfattning-natt-norrbottens-lan/,high
428466,2025-11-23,2025,11,Sammanfattning natt,03:25,Hets mot folkgrupp,Boden,Boden,Övriga Norrbotten,En man som befinner sig utanför en restaurang i centrala Boden har med gester och ord uttalat sig på ett nedlåtande sätt om en folkgrupp. Polisen ser detta. Mannen grips misstänkt för hets mot folkgrupp. Anmälan upprättas.,https://polisen.se/aktuellt/handelser/2025/november/23/23-november-07.57-sammanfattning-natt-norrbottens-lan/,high
428466,2025-11-23,2025,11,Sammanfattning natt,03:54,Rattfylleri,Boden,Boden,Övriga Norrbotten,"Prästholmen, polisen kontrollerar en personbil. Föraren, en man, blåser positivt i polisens sållningsinstrument. Han misstänks för grovt rattfylleri, anmälan upprättas. Polisen omhändertar mannens körkort.

Ett urval av polisens arbete under natten.
Ett urval av polisens arbete under natten.",https://polisen.se/aktuellt/handelser/2025/november/23/23-november-07.57-sammanfattning-natt-norrbottens-lan/,high
431380,2025-11-26,2025,11,Sammanfattning natt,03:11,Viltolycka,Kalix,Kalix,Övriga Norrbotten,"Innanbäcken, en personbil har kolliderat med en ren. Inga personskador finns rapporterade. Renen överlevde krocken, berörd sameby kontaktas.",https://polisen.se/aktuellt/handelser/2025/november/26/26-november-07.19-sammanfattning-natt-norrbottens-lan/,high
431380,2025-11-26,2025,11,Sammanfattning natt,05:55,Stöld,Luleå,Luleå,Luleå kommun,"Södra Sunderbyn, en ordningsvakt har stoppat en man som ska ha stulit från en butik vid sjukhuset. Polisen åker till platsen. Mannen misstänks för ringa stöld och olaga intrång, anmälan upprättas.",https://polisen.se/aktuellt/handelser/2025/november/26/26-november-07.19-sammanfattning-natt-norrbottens-lan/,high
431380,2025-11-26,2025,11,Sammanfattning natt,06:27,Trafikolycka,Boden,Boden,Övriga Norrbotten,"Två personbilar har kolliderat i centrum. Det finns inga uppgifter om personskador. Inga personer ska vara kvar på olycksplatsen, men en av bilarna ska stå på vägen och blockera trafiken. Den behöver bärgas. Polisen åker till platsen och dirigerar trafik tills bilen har blivit flyttad.

Ett urval av polisens arbete under natten.
Ett urval av polisens arbete under natten.",https://polisen.se/aktuellt/handelser/2025/november/26/26-november-07.19-sammanfattning-natt-norrbottens-lan/,high
431380,2025-11-26,2025,11,Sammanfattning natt,23:54,Viltolycka,Arvidsjaur,Arvidsjaur,Övriga Norrbotten,"E45/Geijaurvägen, en personbil har kolliderat med en ren. Inga personskador finns rapporterade. Renen överlevde krocken, berörd sameby kontaktas.",https://polisen.se/aktuellt/handelser/2025/november/26/26-november-07.19-sammanfattning-natt-norrbottens-lan/,high
432315,2025-11-27,2025,11,Sammanfattning natt,00:22,Narkotikabrott,Kalix,Kalix,Övriga Norrbotten,"Polisen kontrollerar en bil öster om Kalix. I bilen finns en man som innehar vad polisen misstänker är narkotika. Mannen grips, misstänkt för grovt narkotikabrott. Anmälan upprättas. Mannen anhålls senare efter beslut från åklagare.",https://polisen.se/aktuellt/handelser/2025/november/27/27-november-07.25-sammanfattning-natt-norrbottens-lan/,high
432315,2025-11-27,2025,11,Sammanfattning natt,02:43,Viltolycka,Gällivare,Gällivare,Övriga Norrbotten,"E10, Hakkas, en lastbil har kolliderat med en ren. Inga personskador finns rapporterade. Renen överlevde krocken, berörd sameby kontaktas.

Ett urval av polisens arbete under natten.
Ett urval av polisens arbete under natten.",https://polisen.se/aktuellt/handelser/2025/november/27/27-november-07.25-sammanfattning-natt-norrbottens-lan/,high
439732,2025-12-03,2025,12,Sammanfattning natt,01:49,Fylleri,Luleå,Luleå,Luleå kommun,"Notviken, polisen får samtal om en man som ska ha bankat på en lägenhetsdörr (där han inte bor) och sen somnat i ett trapphus. Polisen åker till platsen och påträffar mannen. Han är berusad och omhändertas enligt LOB (Lag om omhändertagande av berusade personer).

Ett urval av polisens arbete under natten.
Ett urval av polisens arbete under natten.",https://polisen.se/aktuellt/handelser/2025/december/3/03-december-07.24-sammanfattning-natt-norrbottens-lan/,high
439732,2025-12-03,2025,12,Sammanfattning natt,22:08,Rattfylleri,Piteå,Piteå,Övriga Norrbotten,"Centrum, polisen kontrollerar en personbil. Man misstänker att föraren, en kvinna, är påverkad av narkotika. Hon misstänks för drograttfylleri och ringa narkotikabrott, eget bruk, och får följa med polisen för provtagning. Anmälan upprättas. Polisen omhändertar kvinnans körkort och bilnycklar.",https://polisen.se/aktuellt/handelser/2025/december/3/03-december-07.24-sammanfattning-natt-norrbottens-lan/,high
452142,2025-12-18,2025,12,Sammanfattning natt,00:20,Länsväg 394,"Kompelusvaara, Pajala",Pajala,Övriga Norrbotten,"En personbil har kolliderat med en ren. Inga personskador finns rapporterade. Renen skadades vid krocken, berörd sameby kontaktas.",https://polisen.se/aktuellt/handelser/2025/december/18/18-december-07.30-sammanfattning-natt-norrbottens-lan/,high
452142,2025-12-18,2025,12,Sammanfattning natt,00:32,E45,"Vajmat, Jokkmokk",Jokkmokk,Övriga Norrbotten,"En personbil har kolliderat med en ren. Inga personskador finns rapporterade. Renen överlevde krocken, berörd sameby kontaktas.",https://polisen.se/aktuellt/handelser/2025/december/18/18-december-07.30-sammanfattning-natt-norrbottens-lan/,high
452142,2025-12-18,2025,12,Sammanfattning natt,01:26,Fylleri,Gällivare,Gällivare,Övriga Norrbotten,Polisen kontaktas angående en berusad man utomhus i centrum. Polisen åker till platsen och påträffar mannen. Han omhändertas enligt LOB (Lag om omhändertagande av berusade personer).,https://polisen.se/aktuellt/handelser/2025/december/18/18-december-07.30-sammanfattning-natt-norrbottens-lan/,high
452142,2025-12-18,2025,12,Sammanfattning natt,03:54,Riksväg 97/Länsväg 673,Boden,Boden,Övriga Norrbotten,"En personbil har kolliderat med en älg. Inga personskador finns rapporterade. Älgen överlevde krocken, eftersöksjägare kallas till platsen.

Ett urval av polisens arbete under natten.
Ett urval av polisens arbete under natten.",https://polisen.se/aktuellt/handelser/2025/december/18/18-december-07.30-sammanfattning-natt-norrbottens-lan/,high
453042,2025-12-19,2025,12,Sammanfattning natt,00:35,Länsväg 395/Voustojokivägen,"Vittangi, Kiruna",Kiruna,Övriga Norrbotten,"En lastbil har kolliderat med en ren. Inga personskador finns rapporterade. Det är oklart hur det gick för renen, berörd sameby kontaktas.

Ett urval av polisens arbete under natten.
Ett urval av polisens arbete under natten.",https://polisen.se/aktuellt/handelser/2025/december/19/19-december-07.26-sammanfattning-natt-norrbottens-lan/,high
453042,2025-12-19,2025,12,Sammanfattning natt,22:25,Rattfylleri,Boden,Boden,Övriga Norrbotten,"Prästholmen, polisen kontrollerar en personbil. Föraren, en man, blåser positivt i polisens sållningsinstrument. Han misstänks för rattfylleri och får följa med polisen för ytterligare undersökning. Polisen omhändertar mannens körkort och tar hans bilnycklar i beslag. Anmälan upprättas.",https://polisen.se/aktuellt/handelser/2025/december/19/19-december-07.26-sammanfattning-natt-norrbottens-lan/,high
453042,2025-12-19,2025,12,Sammanfattning natt,23:56,Länsväg 631,"Stensund, Arjeplog",Arjeplog,Övriga Norrbotten,"En lätt lastbil har kolliderat med en älg. Inga personskador finns rapporterade. Älgen överlevde krocken, eftersöksjägare kallas till platsen.",https://polisen.se/aktuellt/handelser/2025/december/19/19-december-07.26-sammanfattning-natt-norrbottens-lan/,high
458907,2025-12-26,2025,12,Sammanfattning natt,01:45,Olaga hot,Älvsbyn,Älvsbyn,Övriga Norrbotten,"Centrum, polisen larmas till en restaurang. På plats finns en berusad man. Han omhändertas enligt LOB (Lag om omhändertagande av berusade personer). Mannen ska ha uttalat hot mot en ordningsvakt som jobbade på restaurangen. Han misstänks därför för olaga hot. Anmälan upprättas.",https://polisen.se/aktuellt/handelser/2025/december/26/26-december-08.15-sammanfattning-natt-norrbottens-lan/,high
458907,2025-12-26,2025,12,Sammanfattning natt,02:36,Skadegörelse,Gällivare,Gällivare,Övriga Norrbotten,"Centrum, polisen får samtal om att någon ska skjuta fyrverkerier från en balkong. Fyrverkerierna ska bland annat ha träffat och krossat en fönsterruta i närheten. Polisen åker till adressen. I den aktuella lägenheten påträffas en man och en kvinna. De misstänks båda för skadegörelse. Polisen samtalar med vittnen och dokumenterar platsen. Anmälan upprättas.",https://polisen.se/aktuellt/handelser/2025/december/26/26-december-08.15-sammanfattning-natt-norrbottens-lan/,high
458907,2025-12-26,2025,12,Sammanfattning natt,04:25,Olaga hot,Piteå,Piteå,Övriga Norrbotten,"Polisen får samtal om en man som ska vara högljudd och hotfull mot två kvinnor utomhus. Polisen åker till platsen och påträffar de inblandade. Mannen misstänks för olaga hot. Polisen håller förhör med kvinnorna och vittnen. Anmälan upprättas.

Ett urval av polisens arbete under natten.
Ett urval av polisens arbete under natten.",https://polisen.se/aktuellt/handelser/2025/december/26/26-december-08.15-sammanfattning-natt-norrbottens-lan/,high
472452,2026-01-13,2026,1,Sammanfattning natt,00:38,Viltolycka,Älvsbyn,Älvsbyn,Övriga Norrbotten,"Länsväg 374, Vidsel. En personbil har kolliderat med ett rådjur. Inga personskador finns rapporterade. Rådjuret dog vid krocken, jägare kallas till platsen för att hantera det.",https://polisen.se/aktuellt/handelser/2026/januari/13/13-januari-07.23-sammanfattning-natt-norrbottens-lan/,high
472452,2026-01-13,2026,1,Sammanfattning natt,01:14,Rattfylleri,Piteå,Piteå,Övriga Norrbotten,"Zonområdet, polisen kontrollerar en personbil. Man misstänker att föraren, en man, är påverkad av narkotika. Han får följa med polisen för provtagning. En anmälan gällande drograttfylleri och ringa narkotikabrott upprättas.",https://polisen.se/aktuellt/handelser/2026/januari/13/13-januari-07.23-sammanfattning-natt-norrbottens-lan/,high
472452,2026-01-13,2026,1,Sammanfattning natt,05:33,Viltolycka,Boden,Boden,Övriga Norrbotten,"Södra Bredåker, en lätt lastbil har kört på ett antal rådjur. Inga personskador finns rapporterade. Minst två av rådjuren ska ha skadats vid krocken, eftersöksjägare kallas till platsen.

Ett urval av polisens arbete under natten.
Ett urval av polisens arbete under natten.",https://polisen.se/aktuellt/handelser/2026/januari/13/13-januari-07.23-sammanfattning-natt-norrbottens-lan/,high
472452,2026-01-13,2026,1,Sammanfattning natt,23:53,Rattfylleri,Kiruna,Kiruna,Övriga Norrbotten,"Polisen kontrollerar en personbil i centrala Kiruna. Föraren, en kvinna blåser positivt i polisens sållningsinstrument. Hon misstänks för rattfylleri och får följa med polisen för förhör och ytterligare provtagning. Anmälan upprättas, polisen omhändertar kvinnans körkort.",https://polisen.se/aktuellt/handelser/2026/januari/13/13-januari-07.23-sammanfattning-natt-norrbottens-lan/,high
482427,2026-01-27,2026,1,Sammanfattning natt,03:38,Viltolycka,Kiruna,Kiruna,Övriga Norrbotten,"E45, Svappavaara. En lastbil har kört in i ett antal renar. Inga personskador finns rapporterade. Det är oklart hur det gick för renarna, berörd sameby kontaktas.",https://polisen.se/aktuellt/handelser/2026/januari/27/27-januari-07.34-sammanfattning-natt-norrbottens-lan/,high
482427,2026-01-27,2026,1,Sammanfattning natt,05:30,Trafikolycka,Gällivare,Gällivare,Övriga Norrbotten,"E10, Aitik. En personbil har kolliderat med en älg. Polis och ambulans åker till platsen. Föraren, en man, förs till sjukvård. Bärgare kallas till platsen för att flytta på bilen. En anmälan gällande trafikolycka utan misstanke om brott upprättas.

Ett urval av polisens arbete under natten.
Ett urval av polisens arbete under natten.",https://polisen.se/aktuellt/handelser/2026/januari/27/27-januari-07.34-sammanfattning-natt-norrbottens-lan/,high
482427,2026-01-27,2026,1,Sammanfattning natt,22:30,Viltolycka,Kiruna,Kiruna,Övriga Norrbotten,"E45, Vittangi. En personbil har kört av vägen efter att väjt för en ren. Inga personskador finns rapporterade. Renen överlevde krocken, berörd sameby kontaktas.",https://polisen.se/aktuellt/handelser/2026/januari/27/27-januari-07.34-sammanfattning-natt-norrbottens-lan/,high
486329,2026-01-31,2026,1,Sammanfattning natt,00:51,Trafikbrott,Jokkmokk,Jokkmokk,Övriga Norrbotten,"Polisen kontrollerar en personbil i centrala Jokkmokk. Det visar sig att föraren, en man, saknar behörighet att framföra fordonet. Han misstänks för olovlig körning. Det finns en passagerare i bilen, även det en man. Han misstänks för tillåtande av olovlig körning. Anmälan upprättas.",https://polisen.se/aktuellt/handelser/2026/januari/31/31-januari-07.47-sammanfattning-natt-norrbottens-lan/,high
486329,2026-01-31,2026,1,Sammanfattning natt,00:59,Fjällräddning,Arjeplog,Arjeplog,Övriga Norrbotten,"Laisdalen, polisen kontaktas av en grupp med elva skoterförare som kört vilse på fjället. Gruppen har varit ute en längre tid och det är mycket kallt. De behöver hjälp att ta sig till Vouggatjålme, dit de var på väg. Vakthavande befäl beslutar att inleda fjällräddning med stöd av LSO (Lag om skydd mot olyckor). Fjällräddare kallas ut och kan påträffa samtliga skoteråkare. Man hjälper dem att ta sig i säkerhet, det finns inga uppgifter om personskador. Insatsen avslutas.

Ett urval av polisens arbete under natten.
Ett urval av polisens arbete under natten.",https://polisen.se/aktuellt/handelser/2026/januari/31/31-januari-07.47-sammanfattning-natt-norrbottens-lan/,high
486329,2026-01-31,2026,1,Sammanfattning natt,22:59,Rattfylleri,Luleå,Luleå,Luleå kommun,"E4 Ersnäs, polisen kontaktas angående en skåpbil som kör vingligt. Polisen åker ut och påträffar bilen, som då har stannat. Föraren, en man, misstänks för grovt rattfylleri och olovlig körning. Anmälan upprättas.",https://polisen.se/aktuellt/handelser/2026/januari/31/31-januari-07.47-sammanfattning-natt-norrbottens-lan/,high
487204,2026-02-01,2026,2,Sammanfattning natt,00:20,Knivlagen,Boden,Boden,Övriga Norrbotten,"Centrum, polisen larmas till en krog. Där ska ordningsvakter försökt få en berusad man att lämna. I samband med att de har fört ut mannen ur lokalen ska han ha blivit upprörd och våldsam. Han ska också ha burit kniv. Mannen misstänks för våld mot tjänsteman, våldsamt motstånd och grovt brott mot knivlagen. Anmälan upprättas. Mannen omhändertas enligt LOB (Lag om omhändertagande av berusade personer).

Ett urval av polisens arbete under natten.
Ett urval av polisens arbete under natten.",https://polisen.se/aktuellt/handelser/2026/februari/1/01-februari-07.48-sammanfattning-natt-norrbottens-lan/,high
487204,2026-02-01,2026,2,Sammanfattning natt,22:53,Misshandel,Piteå,Piteå,Övriga Norrbotten,"Norrfjärden, polisen larmas till en adress där ett bråk ska ha uppstått i samband med en ungdomsfest. En tonårspojke misstänks ha varit våldsam mot andra på platsen. Han är också berusad, polisen omhändertar honom enligt LOB (Lag om omhändertagande av berusade personer). En anmälan gällande misshandel upprättas. Ingen person ska ha behövt uppsöka sjukvård med anledning av händelsen.",https://polisen.se/aktuellt/handelser/2026/februari/1/01-februari-07.48-sammanfattning-natt-norrbottens-lan/,high
490743,2026-02-05,2026,2,Sammanfattning natt,00:05,Olaga intrång,Haparanda,Haparanda,Övriga Norrbotten,"Centrum, en obehörig kvinna vägrar lämna ett kontor på ett företag vid resecentrum. Polisen åker till platsen och påträffar kvinnan. Hon är berusad och omhändertas enligt LOB (Lag om omhändertagande av berusade personer). Kvinnan misstänks för olaga intrång. Anmälan upprättas.

Ett urval av polisens arbete under natten.
Ett urval av polisens arbete under natten.",https://polisen.se/aktuellt/handelser/2026/februari/5/05-februari-07.22-sammanfattning-natt-norrbottens-lan/,high
490743,2026-02-05,2026,2,Sammanfattning natt,22:39,Viltolycka,Luleå,Luleå,Luleå kommun,"Smedsbyvägen, en lastbil har kolliderat med en älg. Inga personskador finns rapporterade. Älgen överlevde krocken, eftersöksjägare kallas till platsen.",https://polisen.se/aktuellt/handelser/2026/februari/5/05-februari-07.22-sammanfattning-natt-norrbottens-lan/,high
490743,2026-02-05,2026,2,Sammanfattning natt,23:37,Trafikbrott,Luleå,Luleå,Luleå kommun,"Riksväg 97, Notviken. Polisen kontrollerar en personbil. Föraren, en man, ska ha kört 144 km/h på en 90-sträcka. Han tilldelas böter, polisen omhändertar hans körkort.",https://polisen.se/aktuellt/handelser/2026/februari/5/05-februari-07.22-sammanfattning-natt-norrbottens-lan/,high
497346,2026-02-27,2026,2,Sammanfattning natt,00:33,Viltolycka,Luleå,Luleå,Luleå kommun,"Orrbyn, en personbil har kolliderat med en ren. Inga personskador finns rapporterade. Renen dog vid krocken, berörd sameby kontaktas.",https://polisen.se/aktuellt/handelser/2026/februari/27/27-februari-07.38-sammanfattning-natt-norrbottens-lan/,high
497346,2026-02-27,2026,2,Sammanfattning natt,00:39,Skadegörelse,Luleå,Luleå,Luleå kommun,"Innerstaden, polisen får samtal om att någon försöker bryta sig in i en lägenhet. Personen ska inte ha lyckats utan lämnat platsen. Polisen åker till platsen och kan påträffa en man i närheten. Han misstänks för skadegörelse. Anmälan upprättas.

Ett urval av polisens arbete under natten.
Ett urval av polisens arbete under natten.",https://polisen.se/aktuellt/handelser/2026/februari/27/27-februari-07.38-sammanfattning-natt-norrbottens-lan/,high
497346,2026-02-27,2026,2,Sammanfattning natt,23:47,Fylleri,Piteå,Piteå,Övriga Norrbotten,"Annelund, polisen får samtal om en man som bankar på dörrar och rycker i dörrhandtag i ett bostadsområde. Polisen åker till platsen och påträffar mannen. Han är berusad och omhändertas enligt LOB (Lag om omhändertagande av berusade personer).",https://polisen.se/aktuellt/handelser/2026/februari/27/27-februari-07.38-sammanfattning-natt-norrbottens-lan/,high
497482,2026-03-02,2026,3,Sammanfattning natt,00:54,Trafikkontroll,Kiruna,Kiruna,Övriga Norrbotten,"E10, Centrum, polisen kontrollerar hastighet. Två förare tilldelas böter på grund av hastighetsöverträdelser.",https://polisen.se/aktuellt/handelser/2026/mars/2/02-mars-07.20-sammanfattning-natt-norrbottens-lan/,high
497482,2026-03-02,2026,3,Sammanfattning natt,01:58,Fylleri,Luleå,Luleå,Luleå kommun,"Skurholmen, polisen kontaktas av personal på ett omsorgsboende med anledning av att en okänd man står utanför och vill komma in i deras lokaler. Mannen verkar vara berusad och dåligt klädd. Polisen åker till platsen och påträffar mannen. Han omhändertas enligt LOB (Lag om omhändertagande av berusade personer).

Ett urval av polisens arbete under natten.
Ett urval av polisens arbete under natten.",https://polisen.se/aktuellt/handelser/2026/mars/2/02-mars-07.20-sammanfattning-natt-norrbottens-lan/,high
497482,2026-03-02,2026,3,Sammanfattning natt,23:22,Fylleri,Luleå,Luleå,Luleå kommun,"Innerstaden, en man på en pub vägrar lämna efter att man har stängt. Polisen åker till platsen och påträffar mannen. Han är berusad och omhändertas enligt LOB (Lag om omhändertagande av berusade personer).",https://polisen.se/aktuellt/handelser/2026/mars/2/02-mars-07.20-sammanfattning-natt-norrbottens-lan/,high
497556,2026-03-03,2026,3,Sammanfattning natt,00:53,Renpåkörning,Älvsbyn,Älvsbyn,Övriga Norrbotten,"Riksväg 94/Länsväg 560, Korsträsk. En lastbil har kolliderat med två renar. Inga personskador finns rapporterade. Renarna dog vid krocken, berörd sameby kontaktas.",https://polisen.se/aktuellt/handelser/2026/mars/3/03-mars-07.13-sammanfattning-natt-norrbottens-lan/,high
497556,2026-03-03,2026,3,Sammanfattning natt,01:28,Renpåkörning,Kiruna,Kiruna,Övriga Norrbotten,"E10, Alttajärvi. En personbil har kolliderat med en ren. Inga personskador finns rapporterade. Renen dog vid krocken, berörd sameby kontaktas.",https://polisen.se/aktuellt/handelser/2026/mars/3/03-mars-07.13-sammanfattning-natt-norrbottens-lan/,high
497556,2026-03-03,2026,3,Sammanfattning natt,02:35,Stöld/Inbrott,Luleå,Luleå,Luleå kommun,"Malmudden, en väktare har fått larm från en matbutik och kallar polisen till platsen. När man kommer till platsen ska det vara stökigt i butiken med välta föremål. Ingen eventuell gärningsperson finns kvar. Polisen undersöker platsen och upprättar en anmälan gällande stöld genom inbrott.

Ett urval av polisens arbete under natten.
Ett urval av polisens arbete under natten.",https://polisen.se/aktuellt/handelser/2026/mars/3/03-mars-07.13-sammanfattning-natt-norrbottens-lan/,high
499496,2026-04-03,2026,4,Sammanfattning natt,00:04,Försök till mord,Gällivare,Gällivare,Övriga Norrbotten,"Ett antal personer har samlats för en fest på en adress i Hakkas. En man, som ska ha varit berusad, ska enligt vittnen ha svingat mot två andra personer med ett tillhygge. Ingen person ska ha blivit skadad. Polisen åker ut och kan påträffa mannen. Han grips, misstänkt för olaga hot och två fall av försök till mord. Anmälan upprättas.",https://polisen.se/aktuellt/handelser/2026/april/3/03-april-07.26-sammanfattning-natt-norrbottens-lan/,high
499496,2026-04-03,2026,4,Sammanfattning natt,02:02,Viltolycka,Kiruna,Kiruna,Övriga Norrbotten,"E10, Alttajärvi. En personbil har kolliderat med en ren. Inga personskador finns rapporterade. Renen dog vid krocken, berörd sameby kontaktas.

Ett urval av polisens arbete under natten.
Ett urval av polisens arbete under natten.",https://polisen.se/aktuellt/handelser/2026/april/3/03-april-07.26-sammanfattning-natt-norrbottens-lan/,high
499496,2026-04-03,2026,4,Sammanfattning natt,22:41,Skadegörelse,Kalix,Kalix,Övriga Norrbotten,"E4/Länsväg 699. Polis och räddningstjänst får samtal om att en husbil som står i en parkeringsficka brinner. Husbilen ska ha stått där en längre tid och ingen person ska finnas i den eller i närheten. Polisen åker till platsen. Fordonet är övertänt och räddningstjänsten låter den brinna färdigt. Polisen undersöker platsen. En anmälan gällande skadegörelse genom brand upprättas, det finns ingen misstänkt gärningsperson.",https://polisen.se/aktuellt/handelser/2026/april/3/03-april-07.26-sammanfattning-natt-norrbottens-lan/,high
499719,2026-04-07,2026,4,Sammanfattning natt,00:29,Trafikbrott,Luleå,Luleå,Luleå kommun,"Porsön, polisen kontrollerar en personbil. Föraren är en tonårspojke under 18 år, i bilen sitter också två andra tonåringar. Föraren misstänks för olovlig körning, han skjutsas hem till sin vårdnadshavare. Anmälan upprättas. Enligt rutin upprättas också en anmälan till socialtjänsten för alla tre ungdomar.",https://polisen.se/aktuellt/handelser/2026/april/7/07-april-07.29-sammanfattning-natt-norrbottens-lan/,high
499719,2026-04-07,2026,4,Sammanfattning natt,05:28,Viltolycka,Arjeplog,Arjeplog,Övriga Norrbotten,"Riksväg 95, centrala Arjeplog. En personbil har kolliderat med ett rådjur. Inga personskador finns rapporterade. Rådjuret dog vid krocken, jägare kallas till platsen.

Ett urval av polisens arbete under natten.
Ett urval av polisens arbete under natten.",https://polisen.se/aktuellt/handelser/2026/april/7/07-april-07.29-sammanfattning-natt-norrbottens-lan/,high
499719,2026-04-07,2026,4,Sammanfattning natt,23:32,Fylleri,Luleå,Luleå,Luleå kommun,"Innerstaden, polisen får samtal om en berusad man utanför busstationen. Polisen åker ut och påträffar mannen. Han omhändertas enligt LOB (Lag om omhändertagande av berusade personer).",https://polisen.se/aktuellt/handelser/2026/april/7/07-april-07.29-sammanfattning-natt-norrbottens-lan/,high
500020,2026-04-11,2026,4,Sammanfattning natt,02:58,Misshandel,Luleå,Luleå,Luleå kommun,"Innerstaden, två män ska ha hamnat i bråk inne på en nattklubb. Patrullerande polis stöter på männen. Den ene misstänks för ringa misshandel och olaga hot mot den andre. Anmälan upprättas. Det finns inga uppgifter om att någon ska ha behövt uppsöka sjukvård i samband med händelsen.",https://polisen.se/aktuellt/handelser/2026/april/11/11-april-07.46-sammanfattning-natt-norrbottens-lan/,high
500020,2026-04-11,2026,4,Sammanfattning natt,05:19,Trafikkontroll,Gällivare,Gällivare,Övriga Norrbotten,"Länsväg 828, Centrum. Polisen kontrollerar nykterhet i trafiken. 19 förare får blåsa i polisens sållningsinstrument. Samtliga var nyktra och fick köra vidare utan anmärkning.

Ett urval av polisens arbete under natten.
Ett urval av polisens arbete under natten.",https://polisen.se/aktuellt/handelser/2026/april/11/11-april-07.46-sammanfattning-natt-norrbottens-lan/,high
500020,2026-04-11,2026,4,Sammanfattning natt,22:09,Narkotikabrott,Luleå,Luleå,Luleå kommun,"Innerstaden, polisen kontrollerar en kvinna, Man misstänker att hon är påverkad av narkotika, hon får följa med polisen för provtagning. En anmälan gällande ringa narkotikabrott, eget bruk, upprättas.",https://polisen.se/aktuellt/handelser/2026/april/11/11-april-07.46-sammanfattning-natt-norrbottens-lan/,high
500086,2026-04-12,2026,4,Sammanfattning natt,00:21,Fjällräddning,Kiruna,Kiruna,Övriga Norrbotten,En kvinna har ramlat och skadat ryggen i en stuga strax norr om Riksgränsen. Kvinnan behöver hjälp att ta sig till sjukvård. Vakthavande befäl beslutar att inleda fjällräddning med stöd av LSO (Lag om skydd mot olyckor). Fjällräddare tar sig till stugan och hjälper kvinnan till väntande ambulanshelikopter. Insatsen avslutas.,https://polisen.se/aktuellt/handelser/2026/april/12/12-april-08.14-sammanfattning-natt-norrbottens-lan/,high
500086,2026-04-12,2026,4,Sammanfattning natt,00:48,Misshandel,Luleå,Luleå,Luleå kommun,"Bergnäset, polisen uppmärksammas på att det låter som att någon skriker och bråkar i en lägenhet. Man åker till platsen. På adressen finns två kvinnor, de ska ha hamnat i bråk med varandra. Båda misstänks för misshandel, anmälan och motanmälan upprättas. Den ena kvinnan misstänks också för ringa narkotikabrott, eget bruk. Anmälan upprättas.",https://polisen.se/aktuellt/handelser/2026/april/12/12-april-08.14-sammanfattning-natt-norrbottens-lan/,high
500086,2026-04-12,2026,4,Sammanfattning natt,02:04,Rattfylleri,Piteå,Piteå,Övriga Norrbotten,"Centrum, polisen kontrollerar en lätt lastbil. Föraren, en man, blåser positivt i polisens sållningsinstrument. Han misstänks för rattfylleri och får följa med polisen för ytterligare provtagning. Anmälan upprättas.",https://polisen.se/aktuellt/handelser/2026/april/12/12-april-08.14-sammanfattning-natt-norrbottens-lan/,high
500086,2026-04-12,2026,4,Sammanfattning natt,03:32,Trafikbrott,Gällivare,Gällivare,Övriga Norrbotten,"Centrum, polisen kontrollerar en a-traktor. Man misstänker att fordonet kan gå snabbare än tillåten hastighet. Föraren, en tonårspojke, misstänks för olovlig körning. Man samtalar med pojkens vårdnadshavare. Bilen tas i beslag. Anmälan upprättas.",https://polisen.se/aktuellt/handelser/2026/april/12/12-april-08.14-sammanfattning-natt-norrbottens-lan/,high
500086,2026-04-12,2026,4,Sammanfattning natt,05:11,Narkotikabrott,Luleå,Luleå,Luleå kommun,"Innerstaden, en väktare kontaktar polisen angående en påverkad man som går och vinglar och skriker på vägen. Han ska också ha slagit på väktarens bil. Polisen åker till platsen och påträffar mannen. Han omhändertas enligt LOB (Lag om omhändertagande av berusade personer). Han misstänks för skadegörelse (mot bilen) och ringa narkotikabrott, eget bruk. Anmälan upprättas.

Ett urval av polisens arbete under natten.
Ett urval av polisens arbete under natten.",https://polisen.se/aktuellt/handelser/2026/april/12/12-april-08.14-sammanfattning-natt-norrbottens-lan/,high
501878,2026-05-09,2026,5,Sammanfattning natt,00:11,Ofredande,Luleå,Luleå,Luleå kommun,Polisen kontaktas angående bilar som spelar hög musik i centrala Råneå. Boende i närheten störs och kan inte sova. Polisen åker till platsen. Man pratar med personer på platsen. En tonårspojke tilldelas böter för att ha spelat hög musik.,https://polisen.se/aktuellt/handelser/2026/maj/9/09-maj-08.15-sammanfattning-natt-norrbottens-lan/,high
501878,2026-05-09,2026,5,Sammanfattning natt,00:34,Trafikolycka,Luleå,Luleå,Luleå kommun,"Storheden, en a-traktor ska ha kört in i en lyktstolpe och sen ner i diket. Polisen åker till platsen. Föraren av fordonet, en tonårspojke, ska inte vara skadad. Han misstänks för olovlig körning och vårdslöshet i trafik. Anmälan upprättas. Polisen tar a-traktorn i beslag.",https://polisen.se/aktuellt/handelser/2026/maj/9/09-maj-08.15-sammanfattning-natt-norrbottens-lan/,high
501878,2026-05-09,2026,5,Sammanfattning natt,01:17,Misshandel,Luleå,Luleå,Luleå kommun,"Centrum, polisen larmas till en nattklubb där ett antal män ska ha hamnat i bråk. Man åker till platsen. Tre män ska ha varit inblandade i bråket. De misstänks alla för misshandel mot varandra. Anmälan och motanmälan upprättas.",https://polisen.se/aktuellt/handelser/2026/maj/9/09-maj-08.15-sammanfattning-natt-norrbottens-lan/,high
501878,2026-05-09,2026,5,Sammanfattning natt,04:35,Brand,Piteå,Piteå,Övriga Norrbotten,"Öjebyn, polis och räddningstjänst larmas om en brand i en villa. Branden ska vara fullt utvecklad, ingen person ska ha blivit allvarligt skadad. Räddningstjänsten arbetar med att släcka branden. Platsen kommer att spärras av så att polisen senare kan undersöka brandplatsen.

Ett urval av polisens arbete under natten.
Nattens händelser: bråk, brand och trafikolycka i Norrbotten",https://polisen.se/aktuellt/handelser/2026/maj/9/09-maj-08.15-sammanfattning-natt-norrbottens-lan/,high
501878,2026-05-09,2026,5,Sammanfattning natt,23:52,Ofredande,Kiruna,Kiruna,Övriga Norrbotten,"Polisen larmas till parkeringen utanför ishallen i centrala Kiruna. På plats finns ett 20-tal fordon och ett antal ungdomar. De ska spela hög musik och störa boende i närheten. Polisen pratar med ungdomarna, de sänker volymen. En ung kvinna tilldelas böter på grund av att hon har spelat hög musik.",https://polisen.se/aktuellt/handelser/2026/maj/9/09-maj-08.15-sammanfattning-natt-norrbottens-lan/,high
501930,2026-05-10,2026,5,Sammanfattning natt,00:39,Skadegörelse,Pajala,Pajala,Övriga Norrbotten,Polisen kontaktas angående att någon ska ha slagit sönder två rutor på en fastighet i centrala Pajala. Ingen gärningsman finns kvar när polisen kommer till platsen. Man fotograferar och håller förhör med vittnen. En anmälan gällande skadegörelse upprättas.,https://polisen.se/aktuellt/handelser/2026/maj/10/10-maj-08.07-sammanfattning-natt-norrbottens-lan/,high
501930,2026-05-10,2026,5,Sammanfattning natt,01:24,Bedrägeri,Boden,Boden,Övriga Norrbotten,Polisen kallas till en restaurang där en tonårspojke ska ha försökt ta sig in genom att visa upp en annan persons legitimation. Pojken misstänks för missbruk av urkund. Anmälan upprättas.,https://polisen.se/aktuellt/handelser/2026/maj/10/10-maj-08.07-sammanfattning-natt-norrbottens-lan/,high
501930,2026-05-10,2026,5,Sammanfattning natt,01:33,Ofredande,Kiruna,Kiruna,Övriga Norrbotten,"Polisen kontaktas angående att ett antal bilar ska spela hög musik och sladda på en idrottsplats i centrala Kiruna. Bilarna stör boende i närheten. Polisen åker till platsen. Man avvisar ett 20-tal bilar, de lämnar. En anmälan gällande ofredande upprättas.",https://polisen.se/aktuellt/handelser/2026/maj/10/10-maj-08.07-sammanfattning-natt-norrbottens-lan/,high
501930,2026-05-10,2026,5,Sammanfattning natt,04:40,Brand,Luleå,Luleå,Luleå kommun,"Riksväg 94, Klöverträsk. Polisen kontaktas angående en brinnande parkerad bil. Polisen åker till platsen, ingen person finns kvar. Man fotodokumenterar och upprättar en anmälan gällande skadegörelse genom brand.

Ett urval av polisens arbete under natten.
Nattens brott: skadegörelse, bedrägeri och bilbrand i Norrbotten",https://polisen.se/aktuellt/handelser/2026/maj/10/10-maj-08.07-sammanfattning-natt-norrbottens-lan/,high
502529,2026-05-20,2026,5,Sammanfattning natt,22:54,Stöld,Haparanda,Haparanda,Övriga Norrbotten,"En man larmar polisen eftersom han har upptäckt tre okända män som slangar diesel ur hans lastbil. När mannen upptäcker de okända männen lämnar de. Polisen åker till platsen. Man håller förhör med lastbilsägaren och genomför en brottsplatsundersökning. En anmälan gällande stöld upprättas.

Ett urval av polisens arbete under natten.
Diesel stulen från lastbil i Haparanda",https://polisen.se/aktuellt/handelser/2026/maj/20/20-maj-07.09-sammanfattning-natt-norrbottens-lan/,high
502603,2026-05-21,2026,5,Sammanfattning natt,00:10,Stöld,Haparanda,Haparanda,Övriga Norrbotten,"Marielund, polisen uppmärksammas på att några personer bryter upp en dörr till ett garage. När polisen kommer till platsen finns ingen misstänkt kvar. Polisen spärrar av garaget och undersöker platsen. En anmälan gällande stöld upprättas.",https://polisen.se/aktuellt/handelser/2026/maj/21/21-maj-07.34-sammanfattning-natt-norrbottens-lan/,high
502603,2026-05-21,2026,5,Sammanfattning natt,05:36,Trafikkontroll,Kalix,Kalix,Övriga Norrbotten,"Nyborgsvägen, polisen kontrollerar nykterhet i trafiken. 20 förare får blåsa i polisens sållningsinstrument. Samtliga var nyktra.

Ett urval av polisens arbete under natten.
Nattens polisarbete: inbrott i garage och trafikkontroll",https://polisen.se/aktuellt/handelser/2026/maj/21/21-maj-07.34-sammanfattning-natt-norrbottens-lan/,high
504156,2026-06-12,2026,6,Sammanfattning natt,03:51,Försök till inbrott,Luleå,Luleå,Luleå kommun,"Polisen larmas om att några eventuellt försöker bryta sig in i en butik i centrum. Polisen åker till platsen och påträffar två tonårspojkar under 18 år. Pojkarna misstänks för försök till inbrott, alternativt skadegörelse på butikens dörr. Man misstänker att de båda är påverkade av narkotika, så båda misstänks också för ringa narkotikabrott, eget bruk. Anmälan upprättas. Man kontaktar pojkarnas vårdnadshavare, enligt rutin upprättas också en anmälan till socialtjänsten.

Ett urval av polisens arbete under natten.
Två tonårspojkar misstänkta för försök till inbrott i Luleå",https://polisen.se/aktuellt/handelser/2026/juni/12/12-juni-07.33-sammanfattning-natt-norrbottens-lan/,high
504309,2026-06-15,2026,6,Sammanfattning natt,00:00,Misshandel,Luleå,Luleå,Luleå kommun,"Innerstaden, polisen kontaktas av en kvinna som har en annan kvinna på besök i sin lägenhet. Den andra kvinnan ska nu vara berusad och utåtagerande och ska vägra lämna lägenheten. Polisen åker till platsen och påträffar de inblandade. Den berusade kvinnan omhändertas enligt LOB (Lag om omhändertagande av berusade personer). Hon misstänks för ringa misshandel och ofredande mot den andra kvinnan. Anmälan upprättas.",https://polisen.se/aktuellt/handelser/2026/juni/15/15-juni-07.35-sammanfattning-natt-norrbottens-lan/,high
504309,2026-06-15,2026,6,Sammanfattning natt,01:31,Trafikbrott,Piteå,Piteå,Övriga Norrbotten,"Norrfjärden, polisen uppmärksammas på en a-traktor som ska kunna gå snabbare än tillåten hastighet. Polisen åker ut och kan stoppa fordonet. Föraren är en tonårspojke. Han misstänks för olovlig körning. Man omhändertar hans körkort och kontaktar hans vårdnadshavare. A-traktorn tas i beslag för teknisk undersökning. Anmälan upprättas.

Ett urval av polisens arbete under natten.
Polisens nattarbete: bedrägeri, misshandel och trafikbrott",https://polisen.se/aktuellt/handelser/2026/juni/15/15-juni-07.35-sammanfattning-natt-norrbottens-lan/,high
504309,2026-06-15,2026,6,Sammanfattning natt,23:00,Bedrägeri,Luleå,Luleå,Luleå kommun,"Innerstaden, polisen kontaktas av ett äldre par som uppger att de har blivit lurade att lämna ut sina bankuppgifter till en person via telefon. De ska efter det blivit av med en större summa pengar. Polisen åker till platsen och samtalar med paret. En anmälan gällande grovt bedrägeri upprättas. Det finns ingen misstänkt gärningsperson.",https://polisen.se/aktuellt/handelser/2026/juni/15/15-juni-07.35-sammanfattning-natt-norrbottens-lan/,high
504639,2026-06-20,2026,6,Sammanfattning natt,00:22,Skadegörelse,Jokkmokk,Jokkmokk,Övriga Norrbotten,"Centrum, polisen får samtal om att en man ska ha velat åka med en a-traktor. När han inte fått det ska han ha slagit sönder en ruta på fordonet så att en passagerare i bilen fått glassplitter på sig. Polisen åker till platsen. Mannen som slagit sönder rutan misstänks för skadegörelse och vållande till kroppsskada. Anmälan upprättas.",https://polisen.se/aktuellt/handelser/2026/juni/20/20-juni-08.20-sammanfattning-natt-norrbottens-lan/,high
504639,2026-06-20,2026,6,Sammanfattning natt,00:45,Misshandel,Kalix,Kalix,Övriga Norrbotten,Polisen kontaktas angående att två personer som befinner sig på en ö i Kalix skärgård ska ha hamnat i bråk. En tredje person ska ha försökt avstyra bråket och i samband med det ramlat och skadat sitt ben. Polis och ambulans åker till platsen. Den person som skadat benet förs till sjukvård. Anmälan och motanmälan gällande misshandel upprättas.,https://polisen.se/aktuellt/handelser/2026/juni/20/20-juni-08.20-sammanfattning-natt-norrbottens-lan/,high
504639,2026-06-20,2026,6,Sammanfattning natt,01:08,Misshandel,Haparanda,Haparanda,Övriga Norrbotten,"Marielund, polisen larmas till en adress. Där ska ett bråk uppstått när man har haft en fest. Polisen åker till platsen och påträffar de inblandade. Man håller förhör. Två män misstänks för misshandel mot två kvinnor. Anmälningar upprättas. Det finns inga uppgifter om att någon ska ha behövt uppsöka sjukvård med anledning av händelsen.",https://polisen.se/aktuellt/handelser/2026/juni/20/20-juni-08.20-sammanfattning-natt-norrbottens-lan/,high
504639,2026-06-20,2026,6,Sammanfattning natt,03:21,Misshandel,Överkalix,Överkalix,Övriga Norrbotten,"En grupp personer ska ha hamnat i ett bråk i centrala Överkalix. Polisen åker till platsen och påträffar de inblandade. Tre män och två kvinnor är inblandade i bråket. Tre av männen misstänks för misshandel, målsägande är både de två kvinnorna och männen själva (de har slagits sinsemellan). Anmälningar upprättas. Det finns inga uppgifter om att någon ska ha behövt uppsöka sjukvård med anledning av händelsen.

Ett urval av polisens arbete under natten.
Ett urval av polisens arbete under natten.",https://polisen.se/aktuellt/handelser/2026/juni/20/20-juni-08.20-sammanfattning-natt-norrbottens-lan/,high
504639,2026-06-20,2026,6,Sammanfattning natt,23:33,Misshandel,Boden,Boden,Övriga Norrbotten,"Polisen larmas till en adress i Sävast. På plats finns en man och en kvinna som ska ha hamnat i bråk. Mannen misstänks för olaga hot och misshandel mot kvinnan, kvinnan misstänks för misshandel mot mannen. Anmälningar upprättas. Det finns inga uppgifter om att någon ska ha behövt uppsöka sjukvård i samband med händelsen.",https://polisen.se/aktuellt/handelser/2026/juni/20/20-juni-08.20-sammanfattning-natt-norrbottens-lan/,high
504639,2026-06-20,2026,6,Sammanfattning natt,23:49,Ofredande,Piteå,Piteå,Övriga Norrbotten,"Centrum, polisen får samtal om att en personbil spelar mycket hög musik. Polisen åker ut och påträffar bilen. Föraren, en kvinna, tilldelas böter för förargelseväckande beteende och för att det var för många passagerare i fordonet.",https://polisen.se/aktuellt/handelser/2026/juni/20/20-juni-08.20-sammanfattning-natt-norrbottens-lan/,high
504692,2026-06-21,2026,6,Sammanfattning natt,00:51,Rattfylleri,Boden,Boden,Övriga Norrbotten,"Bodsvedjan, polisen kontrollerar en personbil. Man misstänker att föraren, en man, är påverkad av narkotika. Han får följa med polisen för provtagning. En anmälan gällande drograttfylleri upprättas. Polisen omhändertar mannens körkort.",https://polisen.se/aktuellt/handelser/2026/juni/21/21-juni-08.20-sammanfattning-natt-norrbottens-lan/,high
504692,2026-06-21,2026,6,Sammanfattning natt,02:00,Narkotikabrott,Piteå,Piteå,Övriga Norrbotten,"Centrum, polisen kontrollerar en man. Man misstänker att han är påverkad av narkotika, han får följa med polisen för provtagning och förhör. En anmälan gällande ringa narkotikabrott, eget bruk, upprättas.",https://polisen.se/aktuellt/handelser/2026/juni/21/21-juni-08.20-sammanfattning-natt-norrbottens-lan/,high
504692,2026-06-21,2026,6,Sammanfattning natt,02:46,Rattfylleri,Piteå,Piteå,Övriga Norrbotten,"Hamnplan, polisen kontrollerar en personbil. Man misstänker att föraren, en man, är påverkad av narkotika. Han får följa med polisen för provtagning. En anmälan gällande drograttfylleri och ringa narkotikabrott, eget bruk, upprättas.

Ett urval av polisens arbete under natten.
Ett urval av polisens arbete under natten.",https://polisen.se/aktuellt/handelser/2026/juni/21/21-juni-08.20-sammanfattning-natt-norrbottens-lan/,high
504692,2026-06-21,2026,6,Sammanfattning natt,22:23,Skadegörelse,Luleå,Luleå,Luleå kommun,"Innerstaden, en väktare har upptäckt att någon har krossat en ruta på en fastighet och kontaktar polisen. Polisen åker till platsen, när man kommer fram finns ingen misstänkt gärningsperson kvar. Man undersöker platsen. En anmälan gällande skadegörelse upprättas.",https://polisen.se/aktuellt/handelser/2026/juni/21/21-juni-08.20-sammanfattning-natt-norrbottens-lan/,high
504692,2026-06-21,2026,6,Sammanfattning natt,22:39,Misshandel,Arvidsjaur,Arvidsjaur,Övriga Norrbotten,"Centrala Arvidsjaur, en man ska ha upptäckt en okänd man på sin tomt. När han konfronterat den okände mannen ska han ha blivit slagen. Den okände ska sedan ha lämnat. Polisen åker till platsen. Den utsatte mannen förs till sjukvård. Polisen kan senare förhöra honom. En anmälan gällande grov misshandel upprättas.",https://polisen.se/aktuellt/handelser/2026/juni/21/21-juni-08.20-sammanfattning-natt-norrbottens-lan/,high
504692,2026-06-21,2026,6,Sammanfattning natt,23:03,Trafikolycka,Kiruna,Kiruna,Övriga Norrbotten,"Karesuando, två personer på en sexhjuling ska ha kört ner ett staket när de fått syn på polispatrull. De två personerna ska sedan ha sprungit från platsen. Polisen tar nycklarna från sexhjulingen. Man påträffar inte de två personerna. En anmälan gällande smitning från trafikolycksplats upprättas.",https://polisen.se/aktuellt/handelser/2026/juni/21/21-juni-08.20-sammanfattning-natt-norrbottens-lan/,high
504692,2026-06-21,2026,6,Sammanfattning natt,23:45,Misshandel,Luleå,Luleå,Luleå kommun,"Innerstaden, två män på en restaurang ska ha hamnat i bråk. Den ene ska ha slagit till den andre. Polisen åker till platsen. Man samtalar med männen och med vittnen. En anmälan gällande misshandel upprättas. Det finns inga uppgifter om att någon person behövt uppsöka sjukvård med anledning av händelsen.",https://polisen.se/aktuellt/handelser/2026/juni/21/21-juni-08.20-sammanfattning-natt-norrbottens-lan/,high
504904,2026-06-24,2026,6,Sammanfattning natt,23:33,Narkotikabrott,Luleå,Luleå,Luleå kommun,"Innerstaden, polisen kontrollerar en man. Man misstänker att han är påverkad av narkotika. Han bär också på vad som misstänks vara narkotika. Mannen får följa med polisen för undersökning. En anmälan gällande ringa narkotikabrott, eget bruk och innehav, upprättas.

Ett urval av polisens arbete under natten.
Ett urval av polisens arbete under natten.",https://polisen.se/aktuellt/handelser/2026/juni/24/24-juni-07.31-sammanfattning-natt-norrbottens-lan/,high
504954,2026-06-25,2026,6,Sammanfattning natt,01:11,Misshandel,Gällivare,Gällivare,Övriga Norrbotten,"Centrum, en grupp personer befinner sig på en adress. Två av dessa, två män, ska ha hamnat i bråk. Polis och ambulans åker till platsen. En av männen ska ha varit våldsam mot den andre och sen lämnat platsen. Polisen kan påträffa den utpekade mannen. Han grips, misstänkt för grov misshandel. Den andre mannen förs till sjukvård, skadeläget är okänt. Anmälan upprättas.

Ett urval av polisens arbete under natten.
Ett urval av polisens arbete under natten.",https://polisen.se/aktuellt/handelser/2026/juni/25/25-juni-07.06-sammanfattning-natt-norrbottens-lan/,high
504954,2026-06-25,2026,6,Sammanfattning natt,23:19,Fylleri,Luleå,Luleå,Luleå kommun,"Hertsön, polisen uppmärksammas på en kvinna som ligger på en cykelbana. Man åker till platsen. Kvinnan är berusad. Hon omhändertas enligt LOB (Lag om omhändertagande av berusade personer).",https://polisen.se/aktuellt/handelser/2026/juni/25/25-juni-07.06-sammanfattning-natt-norrbottens-lan/,high
505121,2026-06-27,2026,6,Sammanfattning natt,00:09,Rattfylleri,Piteå,Piteå,Övriga Norrbotten,"E4, Jävre, en personbil har kört in i mitträcket. Polisen åker till platsen. Föraren, en man, är inte skadad med verkar vara berusad. Han får följa med polisen för provtagning. Mannen misstänks för grovt rattfylleri och grov vårdslöshet i trafik. Anmälan upprättas.",https://polisen.se/aktuellt/handelser/2026/juni/27/27-juni-08.18-sammanfattning-natt-norrbottens-lan/,high
505121,2026-06-27,2026,6,Sammanfattning natt,04:26,Skadegörelse,Gällivare,Gällivare,Övriga Norrbotten,"Centrum, polisen larmas om att några personer ska slå på en bil. Polisen åker till platsen. När man kommer fram finns inga gärningsmän kvar. Polisen dokumenterar skadorna på bilen. En anmälan gällande skadegörelse upprättas.

Ett urval av polisens arbete under natten.
Ett urval av polisens arbete under natten.",https://polisen.se/aktuellt/handelser/2026/juni/27/27-juni-08.18-sammanfattning-natt-norrbottens-lan/,high
505121,2026-06-27,2026,6,Sammanfattning natt,22:08,Olovlig körning,Haparanda,Haparanda,Övriga Norrbotten,"Riksväg 99, Karungi, Polisen stoppar en a-traktor. Den ska kunna gå snabbare än tillåten hastighet. Föraren, en tonårspojke, misstänks för olovlig körning. Polisen omhändertar hans körkort. A-traktorn tas i beslag och bärgas från platsen. Anmälan upprättas.",https://polisen.se/aktuellt/handelser/2026/juni/27/27-juni-08.18-sammanfattning-natt-norrbottens-lan/,high
505121,2026-06-27,2026,6,Sammanfattning natt,22:36,Trafikkontroll,Luleå,Luleå,Luleå kommun,"Hertsövägen, Bredviken. Polisen kontrollerar hastighet. Fyra förare tilldelas böter med anledning av hastighetsöverträdelser.",https://polisen.se/aktuellt/handelser/2026/juni/27/27-juni-08.18-sammanfattning-natt-norrbottens-lan/,high
505121,2026-06-27,2026,6,Sammanfattning natt,23:17,Misshandel,Kiruna,Kiruna,Övriga Norrbotten,Ett bråk ska ha uppstått i centrala Kiruna. En man ska ha slagit en annan. När polisen kommer till platsen är bara den utsatte mannen kvar. Polisen samtalar med honom och med vittnen. En anmälan gällande misshandel upprättas. Det finns ingen misstänkts gärningsperson. Ingen person ska ha behövt uppsöka sjukvård i samband med händelsen.,https://polisen.se/aktuellt/handelser/2026/juni/27/27-juni-08.18-sammanfattning-natt-norrbottens-lan/,high
505186,2026-06-28,2026,6,Sammanfattning natt,01:07,Trafikbrott,Boden,Boden,Övriga Norrbotten,"Centrum, polisen kontrollerar en tonårspojke på moped. Det visar sig att fordonet är avställt. Pojken tilldelas böter. Man kontaktar hans vårdnadshavare.",https://polisen.se/aktuellt/handelser/2026/juni/28/28-juni-08.13-sammanfattning-natt-norrbottens-lan/,high
505186,2026-06-28,2026,6,Sammanfattning natt,01:29,Misshandel,Piteå,Piteå,Övriga Norrbotten,Polisen kontrollerar en man vid en krog i centrum. Han blöder från munnen och man misstänker att han har blivit misshandlad. En annan man vid samma krog misstänks för misshandel. Anmälan upprättas.,https://polisen.se/aktuellt/handelser/2026/juni/28/28-juni-08.13-sammanfattning-natt-norrbottens-lan/,high
505186,2026-06-28,2026,6,Sammanfattning natt,04:13,Misshandel,Luleå,Luleå,Luleå kommun,"Innerstaden, polisen larmas till en adress där två män ska ha hamnat i bråk. Männen känner varandra sedan tidigare. Polisen åker till platsen och påträffar männen. Båda misstänks för misshandel. Anmälan och motanmälan upprättas. Det finns inga uppgifter om att någon ska ha behövt uppsöka sjukvård med anledning av händelsen.

Ett urval av polisens arbete under natten.
Ett urval av polisens arbete under natten.",https://polisen.se/aktuellt/handelser/2026/juni/28/28-juni-08.13-sammanfattning-natt-norrbottens-lan/,high
507881,2026-08-15,2026,8,Sammanfattning natt,00:11,Rattfylleri,Älvsbyn,Älvsbyn,Övriga Norrbotten,"Riksväg 94, polisen kontrollerar en personbil. Man misstänker att föraren, en man, är påverkad av narkotika. Han får följa med polisen för provtagning. En anmälan gällande drograttfylleri upprättas.",https://polisen.se/aktuellt/handelser/2026/augusti/15/15-augusti-07.40-sammanfattning-natt-norrbottens-lan/,high
507881,2026-08-15,2026,8,Sammanfattning natt,01:41,Bedrägeri,Piteå,Piteå,Övriga Norrbotten,En tonårspojke under 18 år försöker ta sig in på en krog i centrum med hjälp av en annan persons legitimation. Polisen åker till platsen och påträffar pojken. Han misstänks för missbruk av urkund. Anmälan upprättas. Polisen kontaktar pojkens vårdnadshavare. Enligt rutin upprättas också en anmälan till socialtjänsten.,https://polisen.se/aktuellt/handelser/2026/augusti/15/15-augusti-07.40-sammanfattning-natt-norrbottens-lan/,high
507881,2026-08-15,2026,8,Sammanfattning natt,03:12,Misshandel,Jokkmokk,Jokkmokk,Övriga Norrbotten,"Ett bråk ska ha uppstått mellan tre män på en adress i centrala Jokkmokk. De tre ska känna varandra sedan tidigare. Polisen åker till platsen. En av männen misstänks för misshandel och grov misshandel mot de andra männen. Den misstänkte mannen grips. Den man som ska ha blivit utsatt för den grova misshandeln förs till sjukvård, han ska vara vaken och talbar. Anmälan upprättas.

Ett urval av polisens arbete under natten.
Ett urval av polisens arbete under natten.",https://polisen.se/aktuellt/handelser/2026/augusti/15/15-augusti-07.40-sammanfattning-natt-norrbottens-lan/,high
507881,2026-08-15,2026,8,Sammanfattning natt,23:26,Narkotikabrott,Boden,Boden,Övriga Norrbotten,"Polisen kontaktas angående en man som ska uppträda stökigt på en adress i centrum. Polisen åker ut och påträffar mannen. Man misstänker att han är påverkad av narkotika. Han får följa med polisen för provtagning. Anmälan gällande ringa narkotikabrott, eget bruk, upprättas.",https://polisen.se/aktuellt/handelser/2026/augusti/15/15-augusti-07.40-sammanfattning-natt-norrbottens-lan/,high
508611,2026-08-27,2026,8,Sammanfattning natt,22:56,Fylleri,Boden,Boden,Övriga Norrbotten,"Polisen får samtal om att en man i en by strax söder om Boden beter sig otrevligt. Han ska stå utanför en bekants adress och skrika och banka på dörren. Polisen åker till platsen och påträffar mannen. Han misstänks inte för något brott, men är berusad och omhändertas enligt LOB (Lag om omhändertagande av berusade personer).

Ett urval av polisens arbete under natten.
Nattsammanfattning: Man omhändertagen för fylleri i Boden",https://polisen.se/aktuellt/handelser/2026/augusti/27/27-augusti-07.25-sammanfattning-natt-norrbottens-lan/,high
508747,2026-08-29,2026,8,Sammanfattning natt,00:01,Trafikolycka,Piteå,Piteå,Övriga Norrbotten,"E4/Soldatvägen, Hortlax. En personbil har kolliderat med en älg och kört in i mitträcket. Två personer färdades i bilen, det finns inga uppgifter om personskador. Polisen åker till platsen. Den inblandade bilen behöver bärgas från platsen, bärgare tillkallas. Anmälan gällande trafikolycka utan misstanke om brott upprättas.",https://polisen.se/aktuellt/handelser/2026/augusti/29/29-augusti-07.58-sammanfattning-natt-norrbottens-lan/,high
508747,2026-08-29,2026,8,Sammanfattning natt,01:06,Misshandel,Luleå,Luleå,Luleå kommun,"Polisen larmas till en nattklubb på Porsön där en man uppger att han har blivit slagen av en annan man. Polisen åker till platsen och påträffar de två männen. Den ene misstänks för misshandel, anmälan upprättas. Det finns inga uppgifter om att någon ska ha behövt uppsöka sjukvård med anledning av händelsen.",https://polisen.se/aktuellt/handelser/2026/augusti/29/29-augusti-07.58-sammanfattning-natt-norrbottens-lan/,high
508747,2026-08-29,2026,8,Sammanfattning natt,01:14,Försök till mordbrand,Kiruna,Kiruna,Övriga Norrbotten,"Polis och räddningstjänst larmas till en bensinmack i centrum. Där ska en okänd person hällt bensin på bilar. Den okända personen ska sedan ha lämnat innan någon brand hunnit uppstå. Polisen samtalar med vittnen på plats. En anmälan gällande försök till mordbrand upprättas. Det finns ingen misstänkt gärningsperson.

Ett urval av polisens arbete under natten.
Nattens händelser: LOB, trafikolycka, misshandel och mordbrands­försök",https://polisen.se/aktuellt/handelser/2026/augusti/29/29-augusti-07.58-sammanfattning-natt-norrbottens-lan/,high
508747,2026-08-29,2026,8,Sammanfattning natt,22:39,Förargelseväckande beteende,Kiruna,Kiruna,Övriga Norrbotten,Under kvällen får polisen flera samtal om att en antal personer med bilar ska ha samlats utanför ishallen. Det ska spelas hög musik från bilarna och det upplevs vara stökigt på platsen. Polisen åker till ishallen. En ung man tilldelas böter för att ha spelat hög musik. En minderårig flicka omhändertas enligt LOB (Lag om omhändertagande av berusade personer). Man kontaktar flickans mamma som kommer och hämtar henne.,https://polisen.se/aktuellt/handelser/2026/augusti/29/29-augusti-07.58-sammanfattning-natt-norrbottens-lan/,high
508788,2026-08-30,2026,8,Sammanfattning natt,01:20,Förargelseväckande beteende,Kiruna,Kiruna,Övriga Norrbotten,"Centrum, polisen kontrollerar en personbil som spelar mycket hög musik och som stör boende i närheten. En man som sitter i bilen tilldelas böter.",https://polisen.se/aktuellt/handelser/2026/augusti/30/30-augusti-07.57-sammanfattning-natt-norrbottens-lan/,high
508788,2026-08-30,2026,8,Sammanfattning natt,01:30,Våldsamt motstånd,Kalix,Kalix,Övriga Norrbotten,Polisen larmas till en nattklubb i centrala Kalix där en man ska ha blivit upprörd och gjort motstånd när ordningsvakter försökt omhänderta honom. Polisen åker till platsen och påträffar mannen. Han misstänks för våldsamt motstånd. Han är också berusad och omhändertas enligt LOB (Lag om omhändertagande av berusade personer). Anmälan upprättas.,https://polisen.se/aktuellt/handelser/2026/augusti/30/30-augusti-07.57-sammanfattning-natt-norrbottens-lan/,high
508788,2026-08-30,2026,8,Sammanfattning natt,03:09,Rattfylleri,Piteå,Piteå,Övriga Norrbotten,"E4, Öjebyn, en personbil har kört i diket. Polisen åker till platsen. En man och en kvinna ska ha färdats i bilen, enligt tillgängliga uppgifter ska de inte vara skadade. Kvinnan ska ha kört bilen. Man misstänker att hon är påverkad av alkohol och narkotika. Hon misstänks för grovt rattfylleri och ringa narkotikabrott, eget bruk, och får följa med polisen för provtagning. Anmälan upprättas.

Ett urval av polisens arbete under natten.
Nattens händelser: LOB, våldsamt motstånd och rattfylleri i Norrbotten",https://polisen.se/aktuellt/handelser/2026/augusti/30/30-augusti-07.57-sammanfattning-natt-norrbottens-lan/,high
508910,2026-09-01,2026,9,Sammanfattning natt,00:44,Rattfylleri/misshandel,Älvsbyn,Älvsbyn,Övriga Norrbotten,"Ett antal personer har befunnit sig på en adress. De ska ha blivit ovänner och efter det ska en berusad man försökt ge sig iväg med bil. En kvinna ska ha försökt stoppa honom, han ska då blivit våldsam mot henne. Mannen har sedan lämnat adressen. Polisen åker ut och kan påträffa mannen. Han misstänks för rattfylleri och misshandel. Han omhändertas också enligt LOB (Lag om omhändertagande av berusade personer). Anmälan upprättas.

Ett urval av polisens arbete under natten.
Man gripen för rattfylleri och misshandel i Älvsbyn",https://polisen.se/aktuellt/handelser/2026/september/1/1-september-07.25-sammanfattning-natt-norrbottens-lan/,high
509531,2026-09-11,2026,9,Sammanfattning natt,00:22,Narkotikabrott,Luleå,Luleå,Luleå kommun,"Porsön, en man som verkar vara påverkad av narkotika går runt utanför universitetets lokaler. Polisen åker till platsen och påträffar mannen. Han får följa med polisen för provtagning. Det visar sig att mannen bär kniv. Han misstänks för ringa narkotikabrott och brott mot knivlagen. Anmälan upprättas.",https://polisen.se/aktuellt/handelser/2026/september/11/11-september-07.36-sammanfattning-natt-norrbottens-lan/,high
509531,2026-09-11,2026,9,Sammanfattning natt,05:53,Trafikkontroll,Luleå,Luleå,Luleå kommun,"Bodenvägen, Porsön. Polisen kontrollerar nykterhet. Cirka 25 förare får blåsa i polisens sållningsinstrument. Samtliga var nyktra och fick köra vidare utan anmärkning.

Ett urval av polisens arbete under natten.
Nattens polisarbete i Luleå: narkotikabrott och trafikkontroll",https://polisen.se/aktuellt/handelser/2026/september/11/11-september-07.36-sammanfattning-natt-norrbottens-lan/,high
509602,2026-09-12,2026,9,Sammanfattning natt,01:21,Misshandel,Luleå,Luleå,Luleå kommun,"Polisen larmas till en bostadsadress i Luleå kommun. På plats finns en man och en kvinna, de två är bekanta med varandra sedan tidigare. Kvinnan ska ha varit våldsam mot mannen, hon ska ha använt ett tillhygge. Mannen ska ha skadat armen. Kvinnan ska också ha förstört inredning i bostaden. Kvinnan grips, misstänkt för grov misshandel och skadegörelse. Anmälan upprättas. Kvinnan anhålls senare efter beslut från åklagare.",https://polisen.se/aktuellt/handelser/2026/september/12/12-september-07.55-sammanfattning-natt-norrbottens-lan/,high
509602,2026-09-12,2026,9,Sammanfattning natt,02:33,Rattfylleri,Kiruna,Kiruna,Övriga Norrbotten,"Centrum, polisen kontrollerar en personbil. Föraren, en man, blåser positivt i polisens sållningsinstrument. Han misstänks för rattfylleri och får följa med polisen för ytterligare provtagning. Polisen omhändertar mannens körkort. Anmälan upprättas.

Ett urval av polisens arbete under natten.
Nattens händelser: misshandel, rattfylleri och LOB i Norrbotten",https://polisen.se/aktuellt/handelser/2026/september/12/12-september-07.55-sammanfattning-natt-norrbottens-lan/,high
509602,2026-09-12,2026,9,Sammanfattning natt,23:13,Förargelseväckande beteende,Piteå,Piteå,Övriga Norrbotten,"Öjebyn, polisen kontaktas angående ett antal fordon som ska spela hög musik och störa boende i området. Polisen åker till platsen och påträffar två a-traktorer. Förarna, två tonårspojkar, tilldelas böter för förargelseväckande beteende.",https://polisen.se/aktuellt/handelser/2026/september/12/12-september-07.55-sammanfattning-natt-norrbottens-lan/,high
509602,2026-09-12,2026,9,Sammanfattning natt,23:47,Misshandel,Kalix,Kalix,Övriga Norrbotten,"Polisen larmas till en adress i Kalix kommun, där finns en man och en kvinna. De två är bekanta med varandra sedan tidigare. Mannen misstänks ha varit våldsam mot kvinnan och tagit på henne på ett ovälkommet sätt. Man misstänker också att mannen är påverkad av narkotika. Han misstänks för misshandel, sexuellt ofredande och ringa narkotikabrott, eget bruk. Mannen omhändertas också enligt LOB (Lag om omhändertagande av berusade personer). Anmälan upprättas. Det finns inga uppgifter om att kvinnan ska ha behövt uppsöka sjukvård med anledning av händelsen.",https://polisen.se/aktuellt/handelser/2026/september/12/12-september-07.55-sammanfattning-natt-norrbottens-lan/,high
509671,2026-09-13,2026,9,Sammanfattning natt,00:02,Rattfylleri,Boden,Boden,Övriga Norrbotten,"Sävastön, polisen uppmärksammas på en skåpbil som kör vårdslöst och vars förare upplevs vara berusad. Polisen åker ut och påträffar fordonet. Föraren, en man, blåser positivt i polisens sållningsinstrument. Han misstänks för grovt rattfylleri och får följa med polisen för ytterligare provtagning. Anmälan upprättas.",https://polisen.se/aktuellt/handelser/2026/september/13/13-september-07.58-sammanfattning-natt-norrbottens-lan/,high
509671,2026-09-13,2026,9,Sammanfattning natt,00:32,Hot mot tjänsteman,Gällivare,Gällivare,Övriga Norrbotten,"Polisen kontaktas angående en berusad man som avvisats från en restaurang i centrum. Man åker till platsen och påträffar mannen. Han omhändertas enligt LOB (Lag om omhändertagande av berusade personer). I samband med omhändertagandet blir mannen upprörd och hotfull. Han misstänks för hot mot tjänsteman, anmälan upprättas.",https://polisen.se/aktuellt/handelser/2026/september/13/13-september-07.58-sammanfattning-natt-norrbottens-lan/,high
509671,2026-09-13,2026,9,Sammanfattning natt,00:51,Skadegörelse,Luleå,Luleå,Luleå kommun,"Centrum, polisen kontaktas angående en kvinna som ses gå runt och kasta föremål mot bilar och välta parkbänkar och trottoarpratare. Hon ska också ha burit en cykel och lagt den i vägbanan, vilket har stört trafiken. Polisen åker ut och kan påträffa kvinnan. Hon omhändertas enligt LOB (Lag om omhändertagande av berusade personer). Man misstänker att hon är påverkad av narkotika. I samband med omhändertagandet blir kvinnan upprörd och gör motstånd. Hon misstänks för skadegörelse, våldsamt motstånd och ringa narkotikabrott, eget bruk. Anmälan upprättas.",https://polisen.se/aktuellt/handelser/2026/september/13/13-september-07.58-sammanfattning-natt-norrbottens-lan/,high
509671,2026-09-13,2026,9,Sammanfattning natt,01:26,Rattfylleri,Kalix,Kalix,Övriga Norrbotten,"Centrum, polisen kontrollerar en personbil. Föraren, en man, blåser positivt i polisens sållningsinstrument. Han misstänks för rattfylleri och får följa med polisen för ytterligare provtagning. Anmälan upprättas.",https://polisen.se/aktuellt/handelser/2026/september/13/13-september-07.58-sammanfattning-natt-norrbottens-lan/,high
509671,2026-09-13,2026,9,Sammanfattning natt,03:15,Misshandel,Luleå,Luleå,Luleå kommun,"Polisen larmas till ett hotell i centrum. I ett hotellrum finns en man och en kvinna. Mannen ska ha varit våldsammot kvinnan. Han grips, misstänkt för misshandel. Polisen fotodokumenterar hotellrummet. Anmälan upprättas. Det finns inga uppgifter om att kvinnan ska ha behövt uppsöka sjukvård med anledning av händelsen. Mannen anhålls senare efter beslut från åklagare.

Ett urval av polisens arbete under natten.
Nattens händelser: Rattfylleri, misshandel och skadegörelse i Norrbotten",https://polisen.se/aktuellt/handelser/2026/september/13/13-september-07.58-sammanfattning-natt-norrbottens-lan/,high
509793,2026-09-15,2026,9,Sammanfattning natt,22:03,Rattfylleri,Luleå,Luleå,Luleå kommun,"E4, Notviken. Polisen uppmärksammas på en skåpbil som ska köra väldigt långsamt och utan påslagna lysen. Man åker ut och kan påträffa bilen. Föraren, en man, blåser positivt i polisens sållningsinstrument. Han grips, misstänkt för grovt rattfylleri. Anmälan upprättas.

Ett urval av polisens arbete under natten.
Nattens polisarbete i urval – rattfylleri i Luleå",https://polisen.se/aktuellt/handelser/2026/september/15/15-september-07.26-sammanfattning-natt-norrbottens-lan/,high
510131,2026-09-21,2026,9,Sammanfattning natt,03:01,Brand,Kalix,Kalix,Övriga Norrbotten,"Centrum, ett brandlarm har löst ut i ett företags verkstadslokaler. Polisen åker till platsen. Det är rök i lokalen, men det verkar bara vara ett par kablar som har kortslutit. En anmälan gällande brand utan misstanke om brott upprättas.

Ett urval av polisens arbete under natten.
Nattens händelser: Viltolyckor och brandlarm i Norrbotten",https://polisen.se/aktuellt/handelser/2026/september/21/21-september-07.04-sammanfattning-natt-norrbottens-lan/,high
510285,2026-09-23,2026,9,Sammanfattning natt,04:47,Stöld genom inbrott,Luleå,Luleå,Luleå kommun,"Gammelstad, en boende väcks av ljud som kommer från husets altan. När man kontrollerar visar det sig att saker saknas från altanen. Polisen åker till adressen och pratar med personer på plats. En anmälan gällande stöld genom inbrott upprättas.

Ett urval av polisens arbete under natten.
Nattens händelser: viltolyckor, fylleri, trafikolycka och inbrott",https://polisen.se/aktuellt/handelser/2026/september/23/23-september-07.09-sammanfattning-natt-norrbottens-lan/,high
510285,2026-09-23,2026,9,Sammanfattning natt,23:19,Fylleri,Boden,Boden,Övriga Norrbotten,"Prästholmen, polisen uppmärksammas på en man som ligger på marken utomhus. Polisen åker till platsen och påträffar mannen. Han är berusad och omhändertas enligt LOB (Lag om omhändertagande av berusade personer.",https://polisen.se/aktuellt/handelser/2026/september/23/23-september-07.09-sammanfattning-natt-norrbottens-lan/,high
510285,2026-09-23,2026,9,Sammanfattning natt,23:30,Trafikolycka,Gällivare,Gällivare,Övriga Norrbotten,"Dundret, en personbil har kört av vägen. Polis och ambulans åker till platsen. Fem personer färdades i bilen. Tre av dem förs till sjukvård, alla ska vara vakna och talbara. Föraren, en man, får enligt rutin blåsa i polisens sållningsinstrument. Han är nykter. Polisen misstänker inget brott i samband med olyckan. Bilen ska bärgas från olycksplatsen.",https://polisen.se/aktuellt/handelser/2026/september/23/23-september-07.09-sammanfattning-natt-norrbottens-lan/,high
510355,2026-09-24,2026,9,Sammanfattning natt,00:39,Narkotikabrott,Kalix,Kalix,Övriga Norrbotten,"Töre, polisen kontrollerar en man. Han bär på vad som misstänks vara narkotika. Mannen misstänks för ringa narkotikabrott, innehav. Anmälan upprättas.",https://polisen.se/aktuellt/handelser/2026/september/24/24-september-07.24-sammanfattning-natt-norrbottens-lan/,high
510355,2026-09-24,2026,9,Sammanfattning natt,04:07,Narkotikabrott,Kalix,Kalix,Övriga Norrbotten,"Töre, polisen kontrollerar en man. Man misstänker att han är påverkad av narkotika, han får följa med polisen för provtagning. En anmälan gällande ringa narkotikabrott, eget bruk, upprättas.",https://polisen.se/aktuellt/handelser/2026/september/24/24-september-07.24-sammanfattning-natt-norrbottens-lan/,high
510355,2026-09-24,2026,9,Sammanfattning natt,05:22,Trafikkontroll,Boden,,"Norrbotten, okänd kommun","Sanden, polisen kontrollerar nykterhet i trafiken. 15 förare får blåsa i polisens sållningsinstrument. Samtliga var nyktra och fick köra vidare utan anmärkning.

Ett urval av polisens arbete under natten.
Nattens polisarbete: Narkotikabrott i Kalix och trafikkontroll i Boden",https://polisen.se/aktuellt/handelser/2026/september/24/24-september-07.24-sammanfattning-natt-norrbottens-lan/,medium
