event_id,date,year,type_original,geography_group,municipality,has_time,has_municipality_name,has_event_word,text_length,headline,content
178,2016-10-13,2016,Sammanfattning eftermiddag,"Norrbotten, okänd kommun",,False,False,False,84,En relativt lugn eftermiddag i Norrbottens län.,"Patrullerna arbetar brottsförebyggande och med utredningsarbete 
Polisen Norrbotten"
429,2016-10-17,2016,Sammanfattning förmiddag,"Norrbotten, okänd kommun",,False,False,True,536,Händelsemässigt har förmiddagen varit lugn i länet.,"Polisen har under förmiddagen arbetat med kontroller av fordon och utredningsarbete. Utredningsarbete och platsundersökningar pågår på fler platser i länet bland annat med anledning av de inbrott som har anmälts den senaste tiden.
Polisen har också fått rapporter om ett antal viltolyckor runt om i polisregion Nord, och vill uppmana trafikanter att vara uppmärksamma på att det rör sig mycket vilt kring vägarna just nu. Läs mer om viltolyckor: https://polisen.se/Lagar-och-regler/Trafik-och-fordon/Viltolyckor/
 
Polisen Norrbotten"
872,2016-10-20,2016,Sammanfattning natt,"Norrbotten, okänd kommun",,False,False,False,18,En lugn natt i Norrbotten. Inga särskilda händelser att rapportera om.,Polisen Norrbotten
1076,2016-10-21,2016,Sammanfattning eftermiddag,"Norrbotten, okänd kommun",,False,False,False,145,"Norrbotten, en eftermiddag utan akuta händelser att rapportera om","Fordon och personkontroller, utredningsarbete, avrapportering av tidigare jobb är ärenden som passerat. Inga frihetsberövade.
Polisen Norrbotten"
1156,2016-10-22,2016,Sammanfattning förmiddag,"Norrbotten, okänd kommun",,False,False,False,18,Lugn förmiddag i Länet - inget att rapportera f n.,Polisen Norrbotten
1213,2016-10-22,2016,Sammanfattning natt,"Norrbotten, okänd kommun",,False,False,False,18,Sammanfattning av ett urval av händelser från länet under natten.,Polisen Norrbotten
1298,2016-10-23,2016,Sammanfattning natt,"Norrbotten, okänd kommun",,False,False,False,18,Urval av händelser som inkommit till polisen i Norrbotten under natten,Polisen Norrbotten
1355,2016-10-24,2016,Sammanfattning förmiddag,"Norrbotten, okänd kommun",,False,False,False,85,En lugn förmiddag i länet.,"Patrullerna arbetar brottsförebyggande samt med utredningsarbete.
Polisen Norrbotten"
1600,2016-10-25,2016,Sammanfattning kväll,"Norrbotten, okänd kommun",,False,False,False,18,"Norrbotten, kvällen har börjat lugnt. Inga akuta händelser.",Polisen Norrbotten
1653,2016-10-26,2016,Sammanfattning natt,"Norrbotten, okänd kommun",,True,False,False,121,"Norrbotten, en lugn natt utan akuta händelser att rapporter om","Förutom det tidigare rapporterade rattfylleriet (kl 00:09) har natten, med polisens ögon, varit lugn.
Polisen Norrbotten"
1710,2016-10-26,2016,Sammanfattning förmiddag,"Norrbotten, okänd kommun",,False,False,False,18,"Norrbotten, lugn inledning av dagen. Inga akuta händelser",Polisen Norrbotten
1828,2016-10-27,2016,Sammanfattning förmiddag,"Norrbotten, okänd kommun",,True,False,False,86,"Norrbotten, lugn morgon. Inga akuta händelser rapporterade","<strong>Uppdaterad klockan 12:00</strong>
Fortsatt lugnt i länet.
Polisen Norrbotten"
1845,2016-10-27,2016,Sammanfattning dag,"Norrbotten, okänd kommun",,False,False,False,18,"Norrbotten, lugn inledning på dagen.",Polisen Norrbotten
2150,2016-10-30,2016,Sammanfattning kväll och natt,"Norrbotten, okänd kommun",,True,True,True,343,Ett grovt urval av löpande händelser. Sedan kl. 18.00 har 134 ärenden hanterats på Regionledningscentralen vad gäller Norrbottens län,"<strong>Mellan ca kl. 00.00 - 03.00;</strong>
<strong>Ca 15-20- tal omhändertagna personer p g a för hög berusningsgrad och ordningstörning i Länet. Framförallt  i Luleå och Boden och då gäller det i anslutning till krogmiljö. Även en del anmälningar gällande misshandel har skrivits av polis i samband med detta.</strong>
Polisen Norrbotten"
2283,2016-10-31,2016,Sammanfattning förmiddag,"Norrbotten, okänd kommun",,False,False,False,18,"Norrbotten, lugnt på händelsefronten. Inget akut att rapportera.",Polisen Norrbotten
2506,2016-11-02,2016,Sammanfattning natt,"Norrbotten, okänd kommun",,False,False,False,18,En mycket lugn natt i länet. Inget att rapportera om.,Polisen Norrbotten
2645,2016-11-03,2016,Sammanfattning natt,"Norrbotten, okänd kommun",,False,False,False,18,"Norrbotten, förutom publicerade händelser en natt med rutinärenden.",Polisen Norrbotten
3701,2016-11-11,2016,Sammanfattning förmiddag,"Norrbotten, okänd kommun",,False,False,False,145,"Norrbotten, en förmiddag utan akuta ärenden att rapportera om","Utredningsarbete och handräckningar (biträde till andra myndigheter, ofta transporter av personer) är ett axplock av ärenden.
Polisen Norrbotten"
3821,2016-11-13,2016,Sammanfattning natt,"Norrbotten, okänd kommun",,False,False,True,236,Händelser i sammanfattning och urval som inkommit till polisens ledningscentral i Region Nord,"Under kvällen har flertalet personer omhändertagits för berusning och fått följa med till polisstationen för tillnyktring.
Ett stort antal kontroller av personer och fordon har genomförts i brottsförebyggande syfte.
Polisen Norrbotten"
4013,2016-11-14,2016,Sammanfattning eftermiddag,"Norrbotten, okänd kommun",,False,False,False,18,Inga akuta händelser att rapportera om,Polisen Norrbotten
4172,2016-11-16,2016,Sammanfattning natt,"Norrbotten, okänd kommun",,False,False,False,18,Urval av händelser som inkommit till polisen i Norrbotten under natten,Polisen Norrbotten
4315,2016-11-16,2016,Sammanfattning natt,"Norrbotten, okänd kommun",,False,False,False,18,Urval av händelser som inkommit till polisen i Norrbotten under natten,Polisen Norrbotten
4460,2016-11-18,2016,Sammanfattning natt,"Norrbotten, okänd kommun",,False,False,False,86,Lugn natt,"Natten i norrbotten har varit mycket lugn från polisens synvinkel.
Polisen Norrbotten"
4490,2016-11-18,2016,Sammanfattning förmiddag,"Norrbotten, okänd kommun",,False,False,False,18,En fortsatt lugn förmiddag utan akuta händerlser att rapportera om,Polisen Norrbotten
4599,2016-11-19,2016,Sammanfattning natt,"Norrbotten, okänd kommun",,False,True,False,209,"Sammanfattning natt, Norrbotten. Få akuta händelser.","Inge större händelser under natten.
Tidigt på lördagsmorgonen påträffades en berusad man utan portkod i ett trapphus i centrala Boden och polisen fick larm bråk i en lägenhet i Arvidsjaur.
Polisen Norrbotten"
4719,2016-11-20,2016,Sammanfattning förmiddag,"Norrbotten, okänd kommun",,False,False,False,18,Lugnt i länet.,Polisen Norrbotten
4772,2016-11-20,2016,Sammanfattning kväll,"Norrbotten, okänd kommun",,False,False,False,18,"Lugn eftermiddag i Norrbotten, polisen har inget att rapportera om.",Polisen Norrbotten
4792,2016-11-21,2016,Sammanfattning natt,"Norrbotten, okänd kommun",,False,False,True,182,En natt utan akuta händelser att rapportera om,"Förutom de tre särskilt redovisade rattfyllerier na så har det varit en normal söndagnatt. Kontroller av personer/fordon, fylleri, bråk, narkotikabrott och brand.
Polisen Norrbotten"
5373,2016-11-25,2016,Sammanfattning natt,"Norrbotten, okänd kommun",,False,False,False,18,03.00-06.30 Inget att rapportera,Polisen Norrbotten
5695,2016-11-27,2016,Sammanfattning natt,"Norrbotten, okänd kommun",,True,False,True,500,Ytterligare en natt med många noterade händelser,"Under tiden 00:00 till 08:00 finns det 78 avslutade händelser noterade i ledningcentralen. De flesta ärenden är alkoholrelaterade, som tex fyllerier och bråk. 
Av 14 ärenden rubricerade fylleri så har 9 personer omhändertagits med stöd av LOB  En av dessa är dessutom misstänkt för narkotikabrott, eget bruk.
De flesta ärenden rubricerade som bråk har inte resulterat i någon anmälan. Antingen har vi inte anträffat några bråkstakar eller så är det ingen som velat göra anmälan.
Polisen Norrbotten"
5677,2016-11-27,2016,Sammanfattning förmiddag,"Norrbotten, okänd kommun",,False,False,False,18,"En lugn förmiddag i länet, inga akuta händelser att rapportera om",Polisen Norrbotten
5647,2016-11-27,2016,Sammanfattning kväll,"Norrbotten, okänd kommun",,False,False,False,18,Lugn eftermiddag/ kväll i Norrbotten,Polisen Norrbotten
5711,2016-11-27,2016,Sammanfattning natt,"Norrbotten, okänd kommun",,False,False,False,18,"Lugn inledning på natten, polisen har inget att rapportera om.",Polisen Norrbotten
5989,2016-11-30,2016,Sammanfattning natt,"Norrbotten, okänd kommun",,False,False,False,68,Sammanfattning natt,"Natten har varit väldigt lugn i hela Norrbotten.
Polisen Norrbotten"
6139,2016-12-01,2016,Sammanfattning natt,"Norrbotten, okänd kommun",,False,False,False,171,En ordinär onsdagsnatt utan akuta händerlser att rapportera om,"Patrullerna har kunnat koncentrera sig på brottsförebyggande arbete i form av kontroller person och fordon och ökad synlighet i brottsdrabbade områden.
Polisen Norrbotten"
6387,2016-12-02,2016,Sammanfattning förmiddag,"Norrbotten, okänd kommun",,False,False,False,18,"Norrbotten, lugn förmiddag i länet. Inga akuta händelser att rapportera",Polisen Norrbotten
6484,2016-12-03,2016,Sammanfattning natt,Kiruna kommun,Kiruna,True,True,True,403,Lugn natt i Norrbotten med fem personer omhändertagna för berusning. En man misstänkt för Grovt rattfylleri i Kiruna.,"Polisen kan rapportera om en förhållandevis lugn fredagsnatt i Norrbotten. Fem personer omhändertagna för berusning. 

En man stoppades i centrala Kiruna klockan 03:34 och rapporterades för Grovt rattfylleri efter provtagning. Mannen hade 0,51 Mg/L alkohol i utandningsluften, vilket motsvarar 1,2 promille. Körkortet och bilnycklarna omhändertogs och mannen frigavs efter förhör. 
Polisen Norrbotten"
6485,2016-12-03,2016,Sammanfattning natt,Kiruna kommun,Kiruna,True,True,True,403,Lugn natt i Norrbotten med fem personer omhändertagna för berusning. En man misstänkt för Grovt rattfylleri i Kiruna.,"Polisen kan rapportera om en förhållandevis lugn fredagsnatt i Norrbotten. Fem personer omhändertagna för berusning. 

En man stoppades i centrala Kiruna klockan 03:34 och rapporterades för Grovt rattfylleri efter provtagning. Mannen hade 0,51 Mg/L alkohol i utandningsluften, vilket motsvarar 1,2 promille. Körkortet och bilnycklarna omhändertogs och mannen frigavs efter förhör. 
Polisen Norrbotten"
6581,2016-12-04,2016,Sammanfattning natt,"Norrbotten, okänd kommun",,False,False,False,18,04:00 - 06:30 Inget att rapportera.,Polisen Norrbotten
7279,2016-12-08,2016,Sammanfattning kväll,"Norrbotten, okänd kommun",,False,False,False,18,"Norrbotten, inga akuta händelser att rapportera under kvällen.",Polisen Norrbotten
7475,2016-12-10,2016,Sammanfattning förmiddag,"Norrbotten, okänd kommun",,False,False,False,18,"Norrbotten, lugnt i länet. Inga akuta händelser att rapportera.",Polisen Norrbotten
7508,2016-12-10,2016,Sammanfattning dag,"Norrbotten, okänd kommun",,False,False,False,18,"Norrbotten, inga akuta händelser att rapportera.",Polisen Norrbotten
8164,2016-12-15,2016,Sammanfattning natt,"Norrbotten, okänd kommun",,True,False,False,79,Sammanfattning 22:00 - 04:00,"En mycket lugn natt i hela Norrbotten mellan 22:00 - 04:00.
Polisen Norrbotten"
8209,2016-12-15,2016,Sammanfattning förmiddag,"Norrbotten, okänd kommun",,False,False,False,18,"Norrbotten, lugnt i länet. Inga akuta händelser att rapportera",Polisen Norrbotten
8234,2016-12-15,2016,Sammanfattning förmiddag,"Norrbotten, okänd kommun",,False,False,False,18,"Norrbotten, inga akuta händelser att rapportera",Polisen Norrbotten
8665,2016-12-18,2016,Sammanfattning natt,"Norrbotten, okänd kommun",,False,False,False,83,Urval av fortlöpande händelser i Norrbottens län,"<strong>NORRBOTTEN</strong>
Extrem halk råder. Kör försiktigt!
Polisen Norrbotten"
8848,2016-12-20,2016,Sammanfattning natt,"Norrbotten, okänd kommun",,False,False,False,118,En förhållandevis lugn natt,"Från natten noteras ett stort antal kontroller av personer och fordon i brottsförebyggande syfte. 
Polisen Norrbotten"
8999,2016-12-21,2016,Sammanfattning natt,"Norrbotten, okänd kommun",,False,False,False,161,"Förutim de publicerade notiserna en ""normal"" natt","Ett stort antal kontroller av personer/fordon har genomförts i brottsförebyggande syfte.
Nägra trafikolyckor med vilt och ren noteras också.
Polisen Norrbotten"
9321,2016-12-22,2016,Sammanfattning kväll,"Norrbotten, okänd kommun",,False,False,False,18,"Norrbotten, inga akuta händelser att rapportera.",Polisen Norrbotten
9353,2016-12-22,2016,Sammanfattning natt,"Norrbotten, okänd kommun",,False,False,False,18,Sammanfattning av ett urval av händelser från länet under natten.,Polisen Norrbotten
9524,2016-12-24,2016,Sammanfattning natt,"Norrbotten, okänd kommun",,False,False,True,79,En natt utan akuta händelser att rapportera om,"Förutom de publicerade notiserna olaga hot och rattfylleri.
Polisen Norrbotten"
9930,2016-12-27,2016,Sammanfattning eftermiddag,"Norrbotten, okänd kommun",,False,False,False,18,"Norrbotten, lugnt i länet. Inga akuta händelser att rapportera.",Polisen Norrbotten
9954,2016-12-27,2016,Sammanfattning kväll,"Norrbotten, okänd kommun",,False,False,False,18,"Norrbotten, lugn inledning på kvällen. Inga akuta händelser att rapportera.",Polisen Norrbotten
10563,2017-01-01,2017,Sammanfattning kväll och natt,"Norrbotten, okänd kommun",,False,False,True,333,Polisiärt en relativt normal nyårsafton.,"Mellan klockan 18 på nyårsafton och klockan 06 på nyårsdagens morgon registrerades totalt 112 händelser i Norrbottens län vilket är färre ärenden än föregående år (167).
Ingen person har gripits i samband med årets nyårsfirande.
Femton personer omhändertogs enligt lagen om omhändertagande av berusade personer.
Polisen Norrbotten"
10571,2017-01-01,2017,Sammanfattning förmiddag,"Norrbotten, okänd kommun",,False,False,False,18,"En lugn start på nyårsdagen i länet, inget särskilt att rapportera.",Polisen Norrbotten
10959,2017-01-03,2017,Sammanfattning natt,"Norrbotten, okänd kommun",,False,False,False,18,Sammanfattning av ett urval av händelser från länet under natten.,Polisen Norrbotten
11000,2017-01-04,2017,Sammanfattning förmiddag,"Norrbotten, okänd kommun",,False,False,False,18,En relativt lugn start på dagen i Norrbottens län med få händelser.,Polisen Norrbotten
11120,2017-01-04,2017,Sammanfattning kväll,Luleå kommun,Luleå,False,True,False,341,"Norrbotten, lugn kväll i länet.","Under kvällen har en privatperson på Dalagatan i Luleå omhändertagit en lösspringande hund. Hunden saknade halsband, hade orangeaktig päls, var vit om nosen och stor som en gråhund. Hunden verkade frysa och den person som tagit hand om hunden kommer att köra den till polisstationen om en stund om ingen hör av sig.
 
 
Polisen Norrbotten"
11162,2017-01-05,2017,Sammanfattning förmiddag,"Norrbotten, okänd kommun",,False,False,False,18,Polisiärt en lugn start på dagen i länet.,Polisen Norrbotten
11524,2017-01-07,2017,Sammanfattning natt,"Norrbotten, okänd kommun",,True,False,False,91,Urval av fortlöpande händelser i Norrbottens län under natten,"<strong>23:00 Norrbotten - Lugnt i länet, inget att rapportera</strong>
Polisen Norrbotten"
11676,2017-01-09,2017,Sammanfattning förmiddag,"Norrbotten, okänd kommun",,False,False,False,18,"Norrbotten, inga akuta händelser i länet under förmiddagen.",Polisen Norrbotten
11792,2017-01-10,2017,Sammanfattning förmiddag,"Norrbotten, okänd kommun",,False,False,False,18,Norrbotten. Inga akuta händelser att rapportera.,Polisen Norrbotten
12258,2017-01-13,2017,Sammanfattning förmiddag,"Norrbotten, okänd kommun",,False,False,False,18,"Norrbotten, inga akuta händelser att rapportera. Lugnt i länet.",Polisen Norrbotten
12487,2017-01-15,2017,Sammanfattning natt,"Norrbotten, okänd kommun",,False,False,False,18,Överlag en mycket lugn natt i Norrbottens län.,Polisen Norrbotten
12576,2017-01-16,2017,Sammanfattning förmiddag,"Norrbotten, okänd kommun",,False,False,False,18,"Norrbotten, lugnt i länet. Inga akuta händelser att rapportera.",Polisen Norrbotten
12739,2017-01-17,2017,Sammanfattning natt,"Norrbotten, okänd kommun",,False,False,False,18,"En mycket lugn natt, Inget att rapportera om.",Polisen Norrbotten
12870,2017-01-17,2017,Sammanfattning natt,"Norrbotten, okänd kommun",,False,False,False,18,"Lugn inledning på natten, polisen har inget att rapportera om.",Polisen Norrbotten
13197,2017-01-19,2017,Sammanfattning kväll,"Norrbotten, okänd kommun",,False,False,False,18,"Norrbotten, lugnt i länet. Inga akuta händelser att rapportera.",Polisen Norrbotten
13563,2017-01-22,2017,Sammanfattning kväll,"Norrbotten, okänd kommun",,False,False,False,18,"Lugn inledning på söndagskvällen i Norrbotten, polisen har inga akuta händelser att rapportera om.",Polisen Norrbotten
13577,2017-01-22,2017,Sammanfattning natt,"Norrbotten, okänd kommun",,True,False,False,91,Händelser i sammanfattning och urval som inkommit till polisens ledningscentral i Region Nord,"<strong>23:30 Norrbotten - Lugnt i länet, inget att rapportera</strong>
Polisen Norrbotten"
13873,2017-01-25,2017,Sammanfattning natt,"Norrbotten, okänd kommun",,False,False,False,18,Mkt lugn natt i hela länet. Inget att rapportera.,Polisen Norrbotten
13916,2017-01-25,2017,Sammanfattning förmiddag,"Norrbotten, okänd kommun",,False,False,False,161,En lugn förmiddag,"Inga akuta händelser att rapportera om. Trafikkontroller, utredningsarbeten och kontroller av personer/fordon har passerat under förmiddagen.
Polisen Norrbotten"
14022,2017-01-25,2017,Sammanfattning natt,"Norrbotten, okänd kommun",,True,False,False,67,Urval av fortlöpande händelser i Norrbottens län under natten,"<strong>KL 23.30 JUST NU LUGNT I LÄNET</strong>
Polisen Norrbotten"
14036,2017-01-26,2017,Sammanfattning förmiddag,"Norrbotten, okänd kommun",,False,False,False,18,"Norrbotten, en lugn start på dagen. Inga akuta händelser att rapportera.",Polisen Norrbotten
14126,2017-01-26,2017,Sammanfattning eftermiddag,"Norrbotten, okänd kommun",,False,False,False,285,"Norrbotten, inga akuta händelser att rapportera under eftermiddagen.","Urval av händelser under eftermiddagen. 
Polisen har bland annat genomfört flera handräckningar av personer, bland annat till en psykmottagning. Polisen har även meddelat anhöriga om dödsfall samt hindrat personer med självskadebeteende från att skada sig själva. 
Polisen Norrbotten"
14156,2017-01-27,2017,Sammanfattning natt,"Norrbotten, okänd kommun",,False,False,False,73,Urval av fortlöpande händelser i Norrbottens län.,"<strong>JUST NU LUGNT I HELA NORRBOTTENS LÄN</strong>
Polisen Norrbotten"
14265,2017-01-27,2017,Sammanfattning kväll,"Norrbotten, okänd kommun",,False,False,False,18,"Norrbotten, inga akuta händelser att rapportera.",Polisen Norrbotten
14394,2017-01-29,2017,Sammanfattning natt,"Norrbotten, okänd kommun",,True,False,True,186,Sammanfattning natt,"Sammanfattning natt fram till klockan 05.00.
Ett antal personer har omhändertagits enligt lagen om berusade personer men i övrigt har natten i Norrbotten varit lugn.
Polisen Norrbotten"
14694,2017-01-31,2017,Sammanfattning förmiddag,"Norrbotten, okänd kommun",,True,False,False,86,"Norrbotten, lugnt i länet. Inga akuta händelser att rapportera.","<strong>Uppdaterad klockan 12:00</strong>
Fortsatt lugnt i länet.
Polisen Norrbotten"
14778,2017-02-01,2017,Sammanfattning natt,"Norrbotten, okänd kommun",,False,False,False,18,Lugn natt i länet,Polisen Norrbotten
15058,2017-02-02,2017,Sammanfattning förmiddag,"Norrbotten, okänd kommun",,False,False,False,18,Lugn start på dagen i länet.,Polisen Norrbotten
14949,2017-02-02,2017,Sammanfattning kväll,"Norrbotten, okänd kommun",,False,False,False,18,En kväll utan akuta händelser att rapportera om,Polisen Norrbotten
15245,2017-02-04,2017,Sammanfattning förmiddag,"Norrbotten, okänd kommun",,False,False,False,18,"Norrbotten, lugn inledning på dagen. Inga akuta händelser att rapportera.",Polisen Norrbotten
15469,2017-02-06,2017,Sammanfattning förmiddag,"Norrbotten, okänd kommun",,False,False,False,18,"Norrbotten, inga akuta händelser att rapportera under förmiddagen.",Polisen Norrbotten
15905,2017-02-09,2017,Sammanfattning natt,"Norrbotten, okänd kommun",,False,False,False,18,Natten varit fantastisk lugn,Polisen Norrbotten
16060,2017-02-10,2017,Sammanfattning natt,"Norrbotten, okänd kommun",,False,False,False,18,"Norrbotten, inga akuta händelser att rapportera under natten.",Polisen Norrbotten
16430,2017-02-13,2017,Sammanfattning dag,"Norrbotten, okänd kommun",,False,False,False,18,"Norrbotten, inga akuta händelser att rapportera.",Polisen Norrbotten
18356,2017-02-26,2017,Sammanfattning natt,"Norrbotten, okänd kommun",,False,False,False,18,Sammanfattning av ett urval av händelser från länet under natten.,Polisen Norrbotten
18416,2017-02-27,2017,Sammanfattning dag,"Norrbotten, okänd kommun",,False,False,False,18,"Norrbotten, inga akuta händelser att rapportera.",Polisen Norrbotten
18565,2017-02-28,2017,Sammanfattning förmiddag,"Norrbotten, okänd kommun",,False,False,False,18,"Norrbotten, inga akuta ärenden att rapportera under förmiddagen.",Polisen Norrbotten
18661,2017-02-28,2017,Sammanfattning natt,"Norrbotten, okänd kommun",,False,False,False,18,Sammanfattning av ett urval av händelser från länet under natten.,Polisen Norrbotten
18785,2017-03-01,2017,Sammanfattning eftermiddag,"Norrbotten, okänd kommun",,False,False,False,18,En eftermiddag utan akuta händelser att rapportera om,Polisen Norrbotten
18819,2017-03-02,2017,Sammanfattning natt,"Norrbotten, okänd kommun",,False,False,False,64,Sammanfattning av ett urval av händelser från länet under natten,"Inget att rapportera från länet under natten
Polisen Norrbotten"
18867,2017-03-02,2017,Sammanfattning förmiddag,"Norrbotten, okänd kommun",,False,False,False,18,"Norrbotten, inga akuta händelser att rapportera under förmiddagen.",Polisen Norrbotten
18984,2017-03-03,2017,Sammanfattning natt,"Norrbotten, okänd kommun",,False,False,False,18,Lugnt i länet. Inget att rapportera.,Polisen Norrbotten
19125,2017-03-03,2017,Sammanfattning kväll,"Norrbotten, okänd kommun",,False,False,False,18,"En lugn kväll med få händelser i länet, inget särskilt att rapportera.",Polisen Norrbotten
19184,2017-03-04,2017,Sammanfattning förmiddag,"Norrbotten, okänd kommun",,False,False,False,18,"Norrbotten, inga akuta händelser att rapportera.",Polisen Norrbotten
19303,2017-03-05,2017,Sammanfattning förmiddag,"Norrbotten, okänd kommun",,False,False,False,18,"Norrbotten, inga akuta händelser att rapportera.",Polisen Norrbotten
19558,2017-03-07,2017,Sammanfattning natt,"Norrbotten, okänd kommun",,True,False,False,86,Sammanfattning natt,"Natten i Norrbotten har fram till klockan 05:00 varit mycket lugn.
Polisen Norrbotten"
19629,2017-03-07,2017,Sammanfattning förmiddag,"Norrbotten, okänd kommun",,False,False,False,18,"Lugn förmiddag i länet, polisen arbetar förebyggande med bland annat trafikkontroller.",Polisen Norrbotten
19917,2017-03-09,2017,Sammanfattning natt,"Norrbotten, okänd kommun",,False,False,False,18,Händelser i sammanfattning och urval som inkommit till polisen ledningscentral i Region Nord,Polisen Norrbotten
19935,2017-03-09,2017,Sammanfattning förmiddag,"Norrbotten, okänd kommun",,False,False,False,18,"Norrbotten, inga akuta händelser att rapportera.",Polisen Norrbotten
21503,2017-03-20,2017,Sammanfattning natt,"Norrbotten, okänd kommun",,True,False,False,47,Urval och sammanfattning från nattens händelser.,"22:40 Inget att rapportera.
Polisen Norrbotten"
21727,2017-03-22,2017,Sammanfattning förmiddag,"Norrbotten, okänd kommun",,False,False,False,18,En förmiddag utan akuta händelser att rapportera om,Polisen Norrbotten
21800,2017-03-22,2017,Sammanfattning natt,"Norrbotten, okänd kommun",,True,False,False,59,Urval av fortlöpande händelser i Norrbottens län under natten,"<strong>KL 23.50 LUGNT I LÄNET</strong>
Polisen Norrbotten"
21856,2017-03-23,2017,Sammanfattning förmiddag,"Norrbotten, okänd kommun",,False,False,False,147,Inga akuta händelser att rapportera om,"Bland dom utförda jobben noteras utredningsarbeten kopplade till tidigare händelser, trafikkontroller, sjukdomsfall/olycksfall.
Polisen Norrbotten"
22060,2017-03-24,2017,Sammanfattning eftermiddag,"Norrbotten, okänd kommun",,False,False,False,18,En eftermiddag utan akuta händelser att rapportera om,Polisen Norrbotten
22289,2017-03-26,2017,Sammanfattning natt,Bodens kommun,Boden,False,True,False,534,Sammanfattning av ett urval av händelser från länet under natten.,"<strong>Uppdatering av räddningsinsatsen i Boden.</strong>
Det militärfordon som gått genom isen i Brännberg utanför Boden hade två personer i fordonet vid olyckstillfället. En person har lyckats ta sig ut, medan en person fortfarande befaras vara kvar i fordonet.<strong> </strong>
De uppgifter som finns om att fler personer ska ha befunnit sig i aktuellt fordon vid olyckstillfället är felaktiga. Dessa personer är militär personal från andra militära fordon som vid räddningsarbete blivit blöta och nedkylda.
Polisen Norrbotten"
22582,2017-03-28,2017,Sammanfattning kväll,"Norrbotten, okänd kommun",,False,False,False,18,"Norrbotten, inga akuta händelser att rapportera under kvällen.",Polisen Norrbotten
22604,2017-03-29,2017,Sammanfattning natt,"Norrbotten, okänd kommun",,False,False,False,18,"En mycket lugn natt, polisen har inga händelser att rapportera om.",Polisen Norrbotten
22725,2017-03-30,2017,Sammanfattning natt,"Norrbotten, okänd kommun",,False,False,False,80,Lugn natt.,"Lugn natt så här långt, polisen har inget att rapportera om.
Polisen Norrbotten"
22788,2017-03-30,2017,Sammanfattning förmiddag,"Norrbotten, okänd kommun",,False,False,False,18,En lugn förmiddag utan akuta händelser att rapportera om,Polisen Norrbotten
22946,2017-03-31,2017,Sammanfattning kväll,"Norrbotten, okänd kommun",,False,False,False,18,"Norrbotten, inga akuta händelser att rapportera.",Polisen Norrbotten
23183,2017-04-02,2017,Sammanfattning kväll,"Norrbotten, okänd kommun",,False,False,False,18,Händelser i sammanfattning och urval som inkommit till polisens ledningscentral i Region Nord,Polisen Norrbotten
23205,2017-04-03,2017,Sammanfattning natt,"Norrbotten, okänd kommun",,False,False,False,18,Natten har varit mycket lugn i norrbotten. I nuläget finns inget ärende för polisen att hantera. Patrullerna har inte heller varit på något ärende under natten som är av intresse för allmänheten.,Polisen Norrbotten
23465,2017-04-05,2017,Sammanfattning natt,"Norrbotten, okänd kommun",,False,False,False,114,Sammanfattning natt.,"Lugn natt i hela länet. Inga allvarliga brott eller olyckor som kommit till polisens kännedom.
Polisen Norrbotten"
23653,2017-04-06,2017,Sammanfattning dag,"Norrbotten, okänd kommun",,False,False,False,18,"Norrbotten, inga akuta händelser att rapportera under dagen.",Polisen Norrbotten
24019,2017-04-10,2017,Sammanfattning natt,"Norrbotten, okänd kommun",,False,False,False,18,Inga fler händelser värda att rapportera om under morgontimmarna.,Polisen Norrbotten
24414,2017-04-12,2017,Sammanfattning natt,Arjeplogs kommun,Arjeplog,True,True,False,178,Ett urval av nattens händelser.,"<strong>01:10 Uppdatering Fjällräddning Arjeplog. </strong>
Fjällräddare är på plats. En helikopter är på väg från Norge. Ambulans väntar vid farbar väg. 
 
Polisen Norrbotten"
24507,2017-04-13,2017,Sammanfattning eftermiddag,"Norrbotten, okänd kommun",,False,False,False,18,"Norrbotten, inga akuta händelser att rapportera.",Polisen Norrbotten
24785,2017-04-15,2017,Sammanfattning kväll och natt,"Norrbotten, okänd kommun",,False,False,False,18,Urval av påskaftonsnattens händelser i länet.,Polisen Norrbotten
24981,2017-04-17,2017,Sammanfattning kväll,"Norrbotten, okänd kommun",,False,False,False,162,Sammanfattning kvällen i Norrbotten,"Just nu har vi hög arbetsbelastning på ledninscentralen. Ingen mediapersonal i tjänst. Vi svarar i telefon och lägger ut notiser i mån av tid.
Polisen Norrbotten"
25021,2017-04-18,2017,Sammanfattning förmiddag,"Norrbotten, okänd kommun",,False,False,False,18,"En morgon med få händelser, inget särskilt att rapportera.",Polisen Norrbotten
25163,2017-04-19,2017,Sammanfattning natt,Luleå kommun,Luleå,False,False,True,422,Sammanfattning,"Oroligt på Porsön hela kvällen. Bland annat har en ruta på ICA Supermarket slagits sönder. Det innebar att en pojke greps misstänkt för skadegörelse samt flertalet andra brott samt en anna pojke som omhändertogs enligt polislagen för att ha stört den allmäna ordningen. Efter samtal på polisstationen och kontakt med socialtjänsten hävdes tvångsmedlen och de överlämnades till vårdnadshavarna.
 
 
 
Polisen Norrbotten"
25198,2017-04-19,2017,Sammanfattning förmiddag,"Norrbotten, okänd kommun",,False,False,False,117,En fortsatt bra förmiddag utan akuta händelser att rapportera om,"Utredningsarbeten, kontroller av personer/fordon och trafikkontroller har sysselsatt patrullerna.
Polisen Norrbotten"
25406,2017-04-20,2017,Sammanfattning natt,"Norrbotten, okänd kommun",,False,False,False,18,Urval av händelser inrapporterade under natten.,Polisen Norrbotten
25455,2017-04-21,2017,Sammanfattning förmiddag,"Norrbotten, okänd kommun",,False,False,False,18,"Norrbotten, inga akuta händelser att rapportera.",Polisen Norrbotten
25536,2017-04-21,2017,Sammanfattning eftermiddag,"Norrbotten, okänd kommun",,False,False,False,164,En lugn start på fredag eftermiddag,"Snatteri, utredningsarbete, handräckning (transport av psykiskt sjuk), fyllleri och avrapportering av tidigare ärenden är det som pågår just nu.
Polisen Norrbotten"
25584,2017-04-22,2017,Sammanfattning natt,"Norrbotten, okänd kommun",,False,False,False,18,Händelser i sammanfattning och urval som inkommit till polisens ledningscentral i Region Nord,Polisen Norrbotten
25791,2017-04-24,2017,Sammanfattning förmiddag,"Norrbotten, okänd kommun",,False,False,False,18,"Norrbotten, inga akuta händelser att rapportera.",Polisen Norrbotten
26538,2017-04-30,2017,Sammanfattning dag,"Norrbotten, okänd kommun",,False,False,False,18,"Norrbotten, inga akuta händelser att rapportera.",Polisen Norrbotten
26731,2017-05-02,2017,Sammanfattning dag,"Norrbotten, okänd kommun",,False,False,False,110,En dag utan akuta händelser att rapportera om,"Utredningsarbeten, trafikkontroller, viltolyckor, fyllerier är dagens händelser i korthet.
Polisen Norrbotten"
27078,2017-05-05,2017,Sammanfattning natt,"Norrbotten, okänd kommun",,False,False,False,230,En ovanligt lugn natt utan akuta händelser att rapportera om,"Polispatrullerna har därför kunnat ägna sig åt brottsförebyggande arbete i större utsträckning än normalt. Det gör vi bla genom att kontrollera personer och fordon och att vara synliga i brottsdrabbade områden.
Polisen Norrbotten"
27649,2017-05-09,2017,Sammanfattning förmiddag,"Norrbotten, okänd kommun",,False,False,False,108,En förmiddag utan akuta händelser att rapportera om,"Bland jobben under förmiddagen noteras ett antal trafikkontroller och utredningsarbeten.
Polisen Norrbotten"
27773,2017-05-10,2017,Sammanfattning förmiddag,"Norrbotten, okänd kommun",,False,False,False,96,En morgon utan akuta händelser i länet.,"Patrullerna arbetar brottsförebyggande i trafiken samt med utredningsarbete.
Polisen Norrbotten"
28123,2017-05-12,2017,Sammanfattning eftermiddag,"Norrbotten, okänd kommun",,False,False,False,18,"För närvarande är det lugnt i länet, det är även RLCB som bemannar media varpå uppdateringarna kan dröja.",Polisen Norrbotten
28182,2017-05-13,2017,Sammanfattning förmiddag,"Norrbotten, okänd kommun",,False,False,False,18,En förmiddag utan akuta händelser att rapportera om,Polisen Norrbotten
28341,2017-05-15,2017,Sammanfattning natt,"Norrbotten, okänd kommun",,False,False,False,52,Nattens händelser.,"Natten i länet har varit lugnt. 
Polisen Norrbotten"
28440,2017-05-15,2017,Sammanfattning kväll,"Norrbotten, okänd kommun",,False,False,False,18,Mediafunktionen vid RLC är ikväll obemannad. RLC-befäl ansvarar för uppdatering av händelsenotiser samt för mediasamtal. Händelsenotiser uppdateras i mån av tid.,Polisen Norrbotten
28458,2017-05-15,2017,Sammanfattning natt,"Norrbotten, okänd kommun",,True,False,False,108,Nattens händelser i polisområde Norrbotten.,"<strong>01:45</strong><br>Lugn inledning på natten, polisen har inget att rapportera om.
Polisen Norrbotten"
28577,2017-05-16,2017,Sammanfattning vecka,"Norrbotten, okänd kommun",,False,False,False,18,Nattens händelser i polisområde Norrbotten.,Polisen Norrbotten
28863,2017-05-19,2017,Sammanfattning förmiddag,"Norrbotten, okänd kommun",,False,False,False,18,"Norrbotten, inga akuta händelser att rapportera.",Polisen Norrbotten
28934,2017-05-19,2017,Sammanfattning eftermiddag,"Norrbotten, okänd kommun",,False,False,False,18,"Eftermiddagen har fortsatt i samma stil som dagen, inget akut att rapportera om",Polisen Norrbotten
28988,2017-05-20,2017,Sammanfattning förmiddag,"Norrbotten, okänd kommun",,False,False,False,18,Lugn start på dagen i länet.,Polisen Norrbotten
29072,2017-05-21,2017,Sammanfattning förmiddag,"Norrbotten, okänd kommun",,False,False,False,18,"Lugn inledning på dagen i länet, inget särskilt att rapportera.",Polisen Norrbotten
29371,2017-05-23,2017,Sammanfattning natt,"Norrbotten, okänd kommun",,False,False,False,18,En löpande sammanfattning av nattens händelser,Polisen Norrbotten
29416,2017-05-24,2017,Sammanfattning förmiddag,"Norrbotten, okänd kommun",,False,False,False,18,"En förmiddag med få händelser i länet, inget särskilt att rapportera.",Polisen Norrbotten
29842,2017-05-27,2017,Sammanfattning kväll och natt,"Norrbotten, okänd kommun",,False,False,False,18,Kvällens och nattens händelser i Norrbotten,Polisen Norrbotten
30502,2017-06-01,2017,Sammanfattning natt,"Norrbotten, okänd kommun",,True,False,False,70,Ett urval av nattens händelser.,"<strong>00:45 Norrbotten</strong>
Lugnt i länet. 
Polisen Norrbotten"
30943,2017-06-06,2017,Sammanfattning förmiddag,"Norrbotten, okänd kommun",,False,False,False,18,"En lugn start på dagen i länet, inget särskilt att rapportera.",Polisen Norrbotten
31028,2017-06-07,2017,Sammanfattning natt,"Norrbotten, okänd kommun",,True,False,False,96,Händelser i sammanfattning och urval som inkommit till polisens ledningscentral i Region Nord,"<strong>04:00 Norrbottens län</strong>
Lugnt i länet, inget att rapportera.
Polisen Norrbotten"
31548,2017-06-10,2017,Sammanfattning kväll och natt,"Norrbotten, okänd kommun",,False,False,False,100,Kvällen och natten i Norrbotten,"En sammanfattning kommer läggas ut under natten, vi ber om ursäkt för dröjsmålet
Polisen Norrbotten"
31617,2017-06-12,2017,Sammanfattning natt,"Norrbotten, okänd kommun",,False,False,False,50,Ett urval av nattens händelser,"<strong>Lugnt i länet</strong>
Polisen Norrbotten"
31748,2017-06-13,2017,Sammanfattning natt,"Norrbotten, okänd kommun",,False,False,False,146,Lugn natt,"Under natten har vi haft väldigt lågt inflöde av händelser i Norrbotten. Inget särskilt att rapportera från nattens händelser.
Polisen Norrbotten"
31816,2017-06-13,2017,Sammanfattning kväll,"Norrbotten, okänd kommun",,False,False,False,18,löpande notiser och händelser under kvällen,Polisen Norrbotten
31842,2017-06-14,2017,Sammanfattning natt,"Norrbotten, okänd kommun",,False,False,False,183,Lugn Natt,"Väldigt lugn natt i Norrbotten. Inga särskilda händelser att rapportera om. Polisen har ägnat natten åt att jobba med trygghet och kontrollerat Fordon i trafiken. 
Polisen Norrbotten"
31883,2017-06-14,2017,Sammanfattning förmiddag,"Norrbotten, okänd kommun",,False,False,False,18,En förmiddag utan akuta händelser att rapportera om,Polisen Norrbotten
32107,2017-06-16,2017,Sammanfattning natt,Piteå kommun,Piteå,False,False,False,18,"En väldigt lugn natt. Klockan 01:35 stoppas en moped, Hortlax Piteå, med två tjejer på. Föraren född -00 tas med för kroppsbesiktning och misstänks nu för rattfylleri. Inget mer at trapportera.",Polisen Norrbotten
32122,2017-06-16,2017,Sammanfattning förmiddag,"Norrbotten, okänd kommun",,False,False,False,18,"Norrbotten, inga akuta händelser att rapportera i nuläget.",Polisen Norrbotten
32408,2017-06-18,2017,Sammanfattning eftermiddag,"Norrbotten, okänd kommun",,False,False,False,69,Sammanfattning för Norrbotten under kvällen,"Mycket lugnt i området under kvällen än så länge.
Polisen Norrbotten"
32415,2017-06-18,2017,Sammanfattning natt,"Norrbotten, okänd kommun",,False,False,False,18,Sammanfattnig av nattens händelser i polisområde Norrbotten.,Polisen Norrbotten
32716,2017-06-21,2017,Sammanfattning förmiddag,"Norrbotten, okänd kommun",,False,False,False,18,En förmiddag utan akuta händelser att rapportera om,Polisen Norrbotten
32993,2017-06-23,2017,Sammanfattning natt,"Norrbotten, okänd kommun",,False,False,False,18,Midsommaraftonsnattens händelser ur polisiär synvinkel i polisområde Norrbotten.,Polisen Norrbotten
33271,2017-06-26,2017,Sammanfattning natt,"Norrbotten, okänd kommun",,False,False,False,63,Sammanfattning för natten.,"Löpande rapportering av händelser  i urval.
Polisen Norrbotten"
33384,2017-06-27,2017,Sammanfattning natt,"Norrbotten, okänd kommun",,False,False,False,334,Här redovisas händelser i urval. Under natten bemannas mediafunktionen av tjänstgörande RLC-befäl. Samtal samt besvaras i mån av tid.,"Drunkning/Försvunnen man i Torne älv

Arbetet med att hitta den fiskare som försvunnit i Torne älv har fortsatt under dagen. Arbetet leds och hanteras av PO Norrbotten. Eventuella frågor om arbetet hänvisas dit. Regionledningscentralen är ej inblandad i söket och har därför knapphändiga uppgifter kring arbetet.
Polisen Norrbotten"
33544,2017-06-29,2017,Sammanfattning förmiddag,"Norrbotten, okänd kommun",,False,False,False,18,"Lugnt i länet, inga akuta händelser.",Polisen Norrbotten
34015,2017-07-03,2017,Sammanfattning eftermiddag,"Norrbotten, okänd kommun",,False,False,False,18,"Mediafunktionen obemannad, dessa samtal besvaras i mån av tid",Polisen Norrbotten
34564,2017-07-09,2017,Sammanfattning natt,"Norrbotten, okänd kommun",,False,False,False,18,Nattens händelser i Norrbotten.,Polisen Norrbotten
34649,2017-07-09,2017,Sammanfattning natt,"Norrbotten, okänd kommun",,False,False,False,108,Sammanfattning för natten,"Än så länge är det lugnt i Norrbotten. Sammanfattningen fylls på med händelser eftersom.
Polisen Norrbotten"
34873,2017-07-11,2017,Sammanfattning natt,"Norrbotten, okänd kommun",,False,False,False,18,Sammanfattning av nattens händelser. Under natten bemannas mediafunktionen av RLC-befäl. Händelser på web samt mediasamtal hanteras i mån av tid.,Polisen Norrbotten
34995,2017-07-12,2017,Sammanfattning natt,Gällivare kommun,Gällivare,True,True,False,761,Sammanfattning för natten,"<strong>Gällivare, Olovlig körning, Kl 22:32</strong>
Polispatrull stoppar och kontrollerar en bil. En yngre man utan körkort framför bilen och misstänks för olovlig körning.
<strong>Kebnekaise, Fjällräddning, Kl 22:39</strong>
En person har skadat sitt knä vid vandring. Mannen är i 30 års åldern och har sina vänner med sig. Fjällräddare larmas. Fjällräddare hjälper mannen till Kebnekaise fjällstation. Skadan ska vara av mindre art.
 
<strong>Håmojokk, Försvunnen person, Kl 23:36</strong>
En man i 20 års åldern saknas av sina kollegor då han skulle gå en kortare bit till fots. Fjällräddare och polis larmas till platsen. Mannen påträffas av fjällräddare en mil från platsen där han hade försvunnit. Mannen mår bra och är oskadd.
Polisen Norrbotten"
35146,2017-07-14,2017,Sammanfattning förmiddag,"Norrbotten, okänd kommun",,False,False,False,18,Inga akuta händelser nu på morgonen.,Polisen Norrbotten
35251,2017-07-15,2017,Sammanfattning natt,"Norrbotten, okänd kommun",,True,True,True,619,Urval av händelser under natten.,"<strong>Misshandel Piteå Prästgårdsgatan 02:59</strong>
En person ringer in och anmäler att han har blivit misshandlad. Polispatrull åker till platsen och tar upp anmälan. 

 
<strong>Brand i container, Luleå Stadsöskolan 00:01</strong>
En container brinner utanför Stadsöskolan. Polis och räddningstjänsten till platsen. 

 
<strong>Rattfylleri, Överkalix, Södra Brännagatan. 03:16</strong>
Polispatrull stoppar fordon där föraren visar tecken på att köra rattfull. Efter kontroll med blåsinstrument får mannen som är i 20-års åldern följa med till polisstationen för vidare provtagning. 


Polisen Norrbotten"
35490,2017-07-17,2017,Sammanfattning förmiddag,"Norrbotten, okänd kommun",,False,False,False,18,"Norrbotten, inga akuta händelser att rapportera under förmiddagen.",Polisen Norrbotten
35527,2017-07-17,2017,Sammanfattning kväll,Övertorneå kommun,Övertorneå,True,True,True,223,Sammanfattning för kvällen,"<strong>Övertorneå, Trafikolycka, Kl 18:42</strong>
Polis, ambulans och räddningstjänst larmas till platsen med anledning av en trafikolycka, singel. Oklara personskador i nuläget. Polis är på väg fram.
Polisen Norrbotten"
35865,2017-07-20,2017,Sammanfattning dag,"Norrbotten, okänd kommun",,False,False,False,159,Inga akuta händelser att rapportera.,"Under dagen har polisen i länet bland annat jobbat med kontroller av person/fordon, utredningsarbete, fotpatrullering och trafikkontroller.
Polisen Norrbotten"
35897,2017-07-20,2017,Sammanfattning natt,"Norrbotten, okänd kommun",,False,False,False,18,Under natten bemannas mediafunktione av tjänstgörande RLC-befäl. Uppdatering av händelselista samt mottagande av mediasamtal sker i mån av tid. Tack för visad förståelse.,Polisen Norrbotten
36009,2017-07-21,2017,Sammanfattning kväll och natt,"Norrbotten, okänd kommun",,False,False,False,18,Under natten bemannas mediafunktione av tjänstgörande RLC-befäl. Uppdatering av händelselista samt mottagande av mediasamtal sker i mån av tid. Tack för visad förståelse.,Polisen Norrbotten
36072,2017-07-22,2017,Sammanfattning dag,"Norrbotten, okänd kommun",,False,False,False,18,"Norrbotten, inga akuta händelser att rapportera.",Polisen Norrbotten
36202,2017-07-24,2017,Sammanfattning natt,"Norrbotten, okänd kommun",,False,False,False,18,En mycket lugn sommarnatt i Norrbotten där polisen inte har några händelser att rapportera om.,Polisen Norrbotten
36373,2017-07-25,2017,Sammanfattning natt,"Norrbotten, okänd kommun",,False,False,False,18,Nattens händelser i polisområde Norrbotten.,Polisen Norrbotten
36659,2017-07-28,2017,Sammanfattning natt,"Norrbotten, okänd kommun",,False,False,False,18,Nattens händelser i polisområde Norrbotten.,Polisen Norrbotten
36769,2017-07-29,2017,Sammanfattning natt,"Norrbotten, okänd kommun",,False,False,False,18,Nattens händelser i länet.,Polisen Norrbotten
36907,2017-07-31,2017,Sammanfattning kväll,"Norrbotten, okänd kommun",,False,False,False,18,Kvällens häöndelser i polisområde Norrbotten. Ingen mediakommunikatör i tjänst under kvällen. Samtal och uppdateringar av hemsidan hanteras i mån av tid av befälen på ledningscentralen.,Polisen Norrbotten
36958,2017-08-01,2017,Sammanfattning natt,"Norrbotten, okänd kommun",,False,False,False,147,"En bra natt för polisen, inga akuta ärenden att rapportera","Polispatrullerna har kunnat ägna sig åt brottsförebyggande arbete, främst genom synlighet och kontroller av personer och fordon.
Polisen Norrbotten"
37169,2017-08-03,2017,Sammanfattning natt,"Norrbotten, okänd kommun",,False,False,False,335,Ett urval av händelser från natten,"En natt med normal belastning. Inga akuta ärenden att rapportera om.
Bland jobben noteras ett antal samtal om rattfyllerier där vi inte hittat aktuellt  fordon, fyllerier, självmordsförsök/psykiskt sjuk, fjällräddning där ambulanshelikopter kunde landa och ta patient till sjukhus, kontroller av personer och fordon.
Polisen Norrbotten"
37224,2017-08-03,2017,Sammanfattning kväll,"Norrbotten, okänd kommun",,False,False,False,206,Sammanfattning för kvällen,"Under kvällen finn ingten mediakommunikatör i tjänst. RLC Befäl svarar på mediasamtal i mån av tid. ring numret som går till resp område (finns mpå hemsidan, det man ringer på natten)
 
 
Polisen Norrbotten"
37252,2017-08-03,2017,Sammanfattning natt,"Norrbotten, okänd kommun",,True,False,False,55,Ett urval av nattens händelser.,"<strong>23:00 Lugnt i länet</strong>
Polisen Norrbotten"
37341,2017-08-04,2017,Sammanfattning kväll,"Norrbotten, okänd kommun",,False,False,False,165,Kvällens händelser i polisområde Norrbotten.,"Publicering av notiser och samtal med media kommer att hanteras av RLC-befäl i mån av tid.
Telefonnummer till RLC-befäl Norrbotten: 010-569 40 28.
Polisen Norrbotten"
37494,2017-08-06,2017,Sammanfattning förmiddag,"Norrbotten, okänd kommun",,False,False,False,18,En förmiddag utan akuta händelser att rapportera om.,Polisen Norrbotten
37918,2017-08-10,2017,Sammanfattning natt,"Norrbotten, okänd kommun",,False,False,False,18,Inledningen av natten har varit lugn i Norrbotten. Inga händelser att rapportera.,Polisen Norrbotten
37941,2017-08-11,2017,Sammanfattning förmiddag,"Norrbotten, okänd kommun",,False,False,False,18,"Norrbotten, inga akuta eller pågående händelser att rapportera.",Polisen Norrbotten
38008,2017-08-12,2017,Sammanfattning natt,"Norrbotten, okänd kommun",,True,False,True,218,Ett urval av nattens händelser:,"I Norrbotten har det sammanfattningsvis varit några personer omhändertagna för tillnyktring och några fall av misshandel, dock inte mer än en normal fredag. 
<strong>03:10 </strong>
Lugnt i länet. 
 
Polisen Norrbotten"
38140,2017-08-13,2017,Sammanfattning kväll,"Norrbotten, okänd kommun",,False,False,False,18,En lugn em/kväll i Norrbotten. För närvarande inga händelser att rapportera.,Polisen Norrbotten
38152,2017-08-13,2017,Sammanfattning natt,"Norrbotten, okänd kommun",,True,False,False,63,Ett urval av nattens händelser:,"<strong>23:55</strong>
Lugn start på natten.
Polisen Norrbotten"
38292,2017-08-15,2017,Sammanfattning förmiddag,"Norrbotten, okänd kommun",,False,False,False,18,"Norrbotten, inga akuta händelser att rapportera",Polisen Norrbotten
38395,2017-08-16,2017,Sammanfattning natt,"Norrbotten, okänd kommun",,True,False,False,84,Sammanfattning av ett urval av händelser från länet under natten.,"02:40 Inget att rapportera från Norrbotten så långt under natten.
Polisen Norrbotten"
38421,2017-08-16,2017,Sammanfattning förmiddag,"Norrbotten, okänd kommun",,False,False,False,18,En morgon utan akuta händelser i länet.,Polisen Norrbotten
38483,2017-08-16,2017,Sammanfattning eftermiddag,"Norrbotten, okänd kommun",,False,False,False,56,En lugn fortsättning på eftermiddagen,"Inga akuta ärenden att rapportera om.
Polisen Norrbotten"
38805,2017-08-19,2017,Sammanfattning kväll och natt,"Norrbotten, okänd kommun",,False,False,False,59,Kvällen och nattens händelser i Norrbotten,"För närvarande råder lugnet i Norrbotten
Polisen Norrbotten"
38867,2017-08-20,2017,Sammanfattning kväll,"Norrbotten, okänd kommun",,False,False,False,18,Kvällen i Norrbotten,Polisen Norrbotten
38881,2017-08-20,2017,Sammanfattning vecka,"Norrbotten, okänd kommun",,False,False,False,18,Nattens händelser i länet.,Polisen Norrbotten
38985,2017-08-21,2017,Sammanfattning eftermiddag,"Norrbotten, okänd kommun",,False,False,False,18,En eftermiddag utan akuta händelser att rapportera om,Polisen Norrbotten
39008,2017-08-22,2017,Sammanfattning natt,"Norrbotten, okänd kommun",,False,False,False,18,En natt utan händelser att rapportera om i Norrbotten.,Polisen Norrbotten
39287,2017-08-24,2017,Sammanfattning förmiddag,"Norrbotten, okänd kommun",,False,False,False,18,"Norrbotten, inga akuta/pågående händelser att rapportera.",Polisen Norrbotten
40188,2017-08-31,2017,Sammanfattning natt,"Norrbotten, okänd kommun",,False,False,False,18,Sammanfattning för natten,Polisen Norrbotten
40406,2017-09-03,2017,Sammanfattning förmiddag,"Norrbotten, okänd kommun",,False,False,False,18,"En lugn förmiddag i länet, inga akuta händelser att rapportera om",Polisen Norrbotten
40445,2017-09-03,2017,Sammanfattning kväll,"Norrbotten, okänd kommun",,True,False,False,76,Natten i Norrbotten,"23:52 Norrbotten
För närvarande råder lugnet i Norrbotten
Polisen Norrbotten"
40444,2017-09-03,2017,Sammanfattning natt,"Norrbotten, okänd kommun",,True,False,False,76,Natten i Norrbotten,"23:52 Norrbotten
För närvarande råder lugnet i Norrbotten
Polisen Norrbotten"
40688,2017-09-05,2017,Sammanfattning kväll,"Norrbotten, okänd kommun",,False,False,False,18,"Norrbotten, inga akuta ärenden att rapportera.",Polisen Norrbotten
40856,2017-09-07,2017,Sammanfattning natt,"Norrbotten, okänd kommun",,True,False,False,70,Ett urval av nattens händelser,"<strong>04:13 Lugnt i länet för tillfället</strong>
Polisen Norrbotten"
41297,2017-09-10,2017,Sammanfattning kväll,"Norrbotten, okänd kommun",,False,False,False,154,Ett urval av kvällens händelser:,"Under kvällen finns ingen kommunikatör som jobbar. RLC-befäl kommer att uppdatera hemsidan och besvara samtal från media i mån av tid. 
Polisen Norrbotten"
41312,2017-09-10,2017,Sammanfattning natt,"Norrbotten, okänd kommun",,False,False,False,18,Ett urval av nattens händelser:,Polisen Norrbotten
41711,2017-09-13,2017,Sammanfattning kväll,"Norrbotten, okänd kommun",,False,False,False,18,En kväll hittills utan akuta händelser att rapportera om,Polisen Norrbotten
41730,2017-09-13,2017,Sammanfattning natt,"Norrbotten, okänd kommun",,False,False,False,18,Nattens händelser i länet.,Polisen Norrbotten
42163,2017-09-17,2017,Sammanfattning kväll,"Norrbotten, okänd kommun",,False,False,False,56,Kvällen i Norrbotten,"Kvällen har börjat lugnt i Norrbotten
Polisen Norrbotten"
42273,2017-09-18,2017,Sammanfattning eftermiddag,"Norrbotten, okänd kommun",,False,False,False,18,En lugn eftermiddag utan akuta händelser att rapportera om,Polisen Norrbotten
42294,2017-09-18,2017,Sammanfattning natt,"Norrbotten, okänd kommun",,False,False,False,58,Ett urval av nattens händelser.,"Lugnt i länet och inget att rapportera.
Polisen Norrbotten"
42494,2017-09-20,2017,Sammanfattning dag,"Norrbotten, okänd kommun",,False,False,False,18,En dag utan akuta händelser att rapportera om,Polisen Norrbotten
42688,2017-09-22,2017,Sammanfattning natt,"Norrbotten, okänd kommun",,False,False,False,18,Lugn natt i länet. Inget att informera om,Polisen Norrbotten
43653,2017-09-30,2017,Sammanfattning förmiddag,"Norrbotten, okänd kommun",,False,False,False,18,En förmiddag utan akuta händelser att informera om,Polisen Norrbotten
43748,2017-10-01,2017,Sammanfattning dag,"Norrbotten, okänd kommun",,False,False,False,18,"En bra söndag, inga akuta händelser att informera om",Polisen Norrbotten
44064,2017-10-03,2017,Sammanfattning natt,"Norrbotten, okänd kommun",,False,False,False,52,Natten i Norrbotten,"För närvarande lugnt i Norrbotten
Polisen Norrbotten"
44102,2017-10-04,2017,Sammanfattning dag,"Norrbotten, okänd kommun",,True,False,False,98,Här publiceras i mån av tid dagens händelser i polisområde Norrbotten.,"<strong>10:00 - Lugnt i länet, polisen har inget att rapporter att om.</strong>
Polisen Norrbotten"
44185,2017-10-04,2017,Sammanfattning natt,"Norrbotten, okänd kommun",,True,False,False,73,Natten i Norrbotten,"22:44 Norrbotten
Än så länge råder lugnet i Norrbotten
Polisen Norrbotten"
44209,2017-10-05,2017,Sammanfattning dag,"Norrbotten, okänd kommun",,True,False,False,105,Här publiceras i mån av tid dagens händelser i polisområde Norrbotten.,"<strong>07:45 - Lugn inledning på dagen, polisen har inget att rapportera om.</strong>
Polisen Norrbotten"
44312,2017-10-05,2017,Sammanfattning natt,"Norrbotten, okänd kommun",,False,False,False,46,Natten i Norrbotten,"För närvarande råder lugnet
Polisen Norrbotten"
44395,2017-10-06,2017,Sammanfattning dag,"Norrbotten, okänd kommun",,False,False,False,18,En dag utan akuta händerlser att rapportera om,Polisen Norrbotten
44537,2017-10-07,2017,Sammanfattning natt,"Norrbotten, okänd kommun",,False,False,False,18,Ett urval av nattens händelser,Polisen Norrbotten
44598,2017-10-08,2017,Sammanfattning eftermiddag,"Norrbotten, okänd kommun",,False,False,False,18,Så här långt en eftermiddag utan akuta händelser.,Polisen Norrbotten
44619,2017-10-08,2017,Sammanfattning natt,"Norrbotten, okänd kommun",,False,False,False,18,Ett urval av nattens händelser,Polisen Norrbotten
44928,2017-10-11,2017,Sammanfattning natt,"Norrbotten, okänd kommun",,True,False,False,57,Ett urval av nattens händelser:,"<strong>02:00</strong>
Lugnt i länet. 
Polisen Norrbotten"
44982,2017-10-11,2017,Sammanfattning förmiddag,"Norrbotten, okänd kommun",,False,False,False,84,En förmiddag utan akuta händelser i länet.,"Patrullerna arbetar brottsförebyggande samt med utredningsarbete.
Polisen Norrbotten"
45180,2017-10-12,2017,Sammanfattning kväll,"Norrbotten, okänd kommun",,False,False,False,36,Inga händelser att rapportera i norrbotten.,"<strong></strong>
Polisen Norrbotten"
45198,2017-10-12,2017,Sammanfattning natt,"Norrbotten, okänd kommun",,False,False,False,18,Nattens händelser i länet.,Polisen Norrbotten
45355,2017-10-14,2017,Sammanfattning förmiddag,"Norrbotten, okänd kommun",,False,False,False,18,"Norrbotten, inga akuta händelser att rapportera.",Polisen Norrbotten
45463,2017-10-15,2017,Sammanfattning förmiddag,"Norrbotten, okänd kommun",,False,False,False,18,Inga större händelser att rapportera om från Norrbotten under dagen.,Polisen Norrbotten
45484,2017-10-16,2017,Sammanfattning natt,"Norrbotten, okänd kommun",,True,False,False,114,sammanfattning av nattens händelser,"<strong>04:44 - Natten i Norrbotten har varit lugn, i nuläget inget att rapportera om.</strong>
Polisen Norrbotten"
45575,2017-10-16,2017,Sammanfattning kväll,"Norrbotten, okänd kommun",,False,False,False,18,Kvällens händelser i länet.,Polisen Norrbotten
45835,2017-10-18,2017,Sammanfattning kväll,"Norrbotten, okänd kommun",,False,False,False,18,Ett urval av kvällens händelser,Polisen Norrbotten
45873,2017-10-19,2017,Sammanfattning natt,"Norrbotten, okänd kommun",,False,False,False,65,sammanfattning av nattens händelser,"<strong>Natten i länet har varit lugn</strong>
Polisen Norrbotten"
46014,2017-10-20,2017,Sammanfattning natt,"Norrbotten, okänd kommun",,False,False,False,44,Ett urval av nattens händelser,"0458 Inget att rapportera
Polisen Norrbotten"
46220,2017-10-22,2017,Sammanfattning förmiddag,"Norrbotten, okänd kommun",,False,False,False,18,"Norrbotten, inga ärenden att rapportera.",Polisen Norrbotten
46248,2017-10-22,2017,Sammanfattning dag,"Norrbotten, okänd kommun",,False,False,False,18,"Norrbotten, inga ärenden att rapportera.",Polisen Norrbotten
46585,2017-10-26,2017,Sammanfattning natt,"Norrbotten, okänd kommun",,False,False,False,18,Ett urval av nattens händelser,Polisen Norrbotten
46665,2017-10-26,2017,Sammanfattning kväll,"Norrbotten, okänd kommun",,False,False,False,18,Ledninggscentralen är under kvällen ej bemannad med någon presstalesperson. Samtal från media samt uppdateringar på hemsidan hanteras i mån av tid av befälen på ledningscentralen. Media hänvisas att ringa 010-5694028.,Polisen Norrbotten
46852,2017-10-28,2017,Sammanfattning natt,"Norrbotten, okänd kommun",,False,False,False,18,Händelser mellan 03:00 och 07:00,Polisen Norrbotten
47023,2017-10-29,2017,Sammanfattning natt,"Norrbotten, okänd kommun",,False,False,False,18,Nattens händelser i länet.,Polisen Norrbotten
47508,2017-11-02,2017,Sammanfattning natt,"Norrbotten, okänd kommun",,False,False,False,82,Sammanfattning av nattens händelser.,"En natt utan akuta eller allvarliga händelser att informera om.
Polisen Norrbotten"
47830,2017-11-04,2017,Sammanfattning kväll,"Norrbotten, okänd kommun",,False,False,False,18,En lugn början på Lördagkvällen. Inga händelser att rapportera.,Polisen Norrbotten
48220,2017-11-08,2017,Sammanfattning natt,Haparanda kommun,Haparanda,True,True,False,366,Kort sammanfattning över nattens händelse,"<strong>03:15 HAPARANDA Drograttfylla.</strong>
Polis patrull i Haparanda stoppade ett fordon i centrala delarna av stan. Vid kontroll av förraren av fordonet fattades misstankarna om att förraren var drogpåverkad. Förraren fick följa med för blodprovstagning. 
Patrullen skriver anmälan om drograttfylla.
 
Natten har varit väldigt lugnt i länet!
Polisen Norrbotten"
48306,2017-11-08,2017,Sammanfattning kväll,"Norrbotten, okänd kommun",,False,False,False,18,Ett urval av kvällens händelser.,Polisen Norrbotten
48336,2017-11-08,2017,Sammanfattning natt,"Norrbotten, okänd kommun",,False,False,False,18,Ett urval av nattens händelser,Polisen Norrbotten
48409,2017-11-09,2017,Sammanfattning kväll,"Norrbotten, okänd kommun",,False,False,False,18,Ingen mediakommunikatör i tjänst under kvällen. Hemsidan samt samtal från media hanteras i mån av tid av befälen på RLC. Media hänvisas att ringa 010-56 94028.,Polisen Norrbotten
49224,2017-11-16,2017,Sammanfattning natt,"Norrbotten, okänd kommun",,True,False,False,280,En lugn natt i Norrbotten.,"<strong>Uppdatering kl 06:55</strong> (av Börje Öhman, kommunikatör)
Fortsatt lugnt under natten. Polispatrullerna har i stor utsträckning kunnat ägna sig åt brottsförebyggande arbete genom närvaor i brottsdrabbade områden och kontroller av personer och fordon.
Polisen Norrbotten"
49352,2017-11-17,2017,Sammanfattning natt,"Norrbotten, okänd kommun",,False,False,False,120,En natt utan akuta händelser att informera om,"Vi har under natten haft tekniska problem med polisen.se och inte kunnat publicera händelser löpande.
Polisen Norrbotten"
49816,2017-11-21,2017,Sammanfattning natt,"Norrbotten, okänd kommun",,False,False,False,154,Kort sammanfattning av nattens händelser.,"<strong>Natten har varit jätte lugnt i Norrbotten, Inga ärenden att rapportera.</strong>
<strong>Mvh RLC-Befäl Jonatan Mekonen</strong>
Polisen Norrbotten"
49972,2017-11-21,2017,Sammanfattning natt,"Norrbotten, okänd kommun",,False,False,False,18,Ett urval av nattens händelser,Polisen Norrbotten
50142,2017-11-23,2017,Sammanfattning natt,"Norrbotten, okänd kommun",,False,False,False,106,Ett urval av nattens händelser,"<strong>Uppdatering av Peder Jonsson</strong>
Från natten finns inget att rapportera.
 
Polisen Norrbotten"
50334,2017-11-24,2017,Sammanfattning natt,"Norrbotten, okänd kommun",,False,False,False,66,Ett urval av nattens händelser,"01 30 Lugnt i länet
 
0530 Inget att rapportera
Polisen Norrbotten"
51686,2017-12-04,2017,Sammanfattning natt,"Norrbotten, okänd kommun",,True,False,False,70,Nattens händelser,"01:40
Natten så här långt har varit lugnt i länet. 
Polisen Norrbotten"
51778,2017-12-04,2017,Sammanfattning dag,"Norrbotten, okänd kommun",,False,False,False,18,"Norrbotten, inga akuta ärenden att rapportera.",Polisen Norrbotten
51954,2017-12-05,2017,Sammanfattning förmiddag,"Norrbotten, okänd kommun",,False,False,False,18,"Norrbotten, inga akuta ärenden att rapportera.",Polisen Norrbotten
52192,2017-12-07,2017,Sammanfattning natt,"Norrbotten, okänd kommun",,False,False,False,18,Ett urval av nattens händelser,Polisen Norrbotten
52543,2017-12-09,2017,Sammanfattning förmiddag,"Norrbotten, okänd kommun",,False,False,False,18,"Norrbotten, inga pågående händelser att rapportera",Polisen Norrbotten
52663,2017-12-10,2017,Sammanfattning förmiddag,"Norrbotten, okänd kommun",,False,False,False,18,"Norrbotten, inga akuta ärenden att rapportera.",Polisen Norrbotten
53209,2017-12-13,2017,Sammanfattning dag,"Norrbotten, okänd kommun",,False,False,False,18,"Norrbotten, inga akuta ärenden att rapportera.",Polisen Norrbotten
53804,2017-12-18,2017,Sammanfattning natt,"Norrbotten, okänd kommun",,False,False,False,45,Ett urval av nattens händelser,"05 50 Inget att rapportera
Polisen Norrbotten"
54500,2017-12-22,2017,Sammanfattning förmiddag,"Norrbotten, okänd kommun",,False,False,False,18,En bra förmiddag utan akuta händelser att informera om,Polisen Norrbotten
54658,2017-12-24,2017,Sammanfattning natt,"Norrbotten, okänd kommun",,False,False,False,18,En bra natt utan akuta händelser att informera om,Polisen Norrbotten
55451,2017-12-30,2017,Sammanfattning kväll,"Norrbotten, okänd kommun",,False,False,False,18,En lugn kväll i hela Norrbotten och vi har inget att rapportera.,Polisen Norrbotten
55670,2018-01-02,2018,Sammanfattning natt,"Norrbotten, okänd kommun",,False,False,False,18,En jättelugn natt i länet!,Polisen Norrbotten
56581,2018-01-09,2018,Sammanfattning natt,"Norrbotten, okänd kommun",,False,False,False,51,Ett urval ur nattens händelser datum 180108-09 from kl 22.00-05.30,"Inget att rapportera, lugn natt.
Polisen Norrbotten"
56615,2018-01-09,2018,Sammanfattning förmiddag,"Norrbotten, okänd kommun",,False,False,False,18,"Norrbotten, inga händelser att rapportera.",Polisen Norrbotten
56738,2018-01-10,2018,Sammanfattning förmiddag,"Norrbotten, okänd kommun",,False,False,False,18,"Norrbotten, inga händelser att rapportera",Polisen Norrbotten
56836,2018-01-11,2018,Sammanfattning förmiddag,"Norrbotten, okänd kommun",,False,False,False,18,"Norrbotten, inga händelser att rapportera.",Polisen Norrbotten
57017,2018-01-12,2018,Sammanfattning kväll,"Norrbotten, okänd kommun",,False,False,False,18,"Norrbotten, inga händelser att rapportera",Polisen Norrbotten
57190,2018-01-15,2018,Sammanfattning natt,"Norrbotten, okänd kommun",,False,False,False,18,Inga händelser att rapportera,Polisen Norrbotten
57193,2018-01-15,2018,Sammanfattning förmiddag,"Norrbotten, okänd kommun",,False,False,False,64,En efternatt utan akuta händelser.,"Inget särskilt att rapportera nu på morgonen.
Polisen Norrbotten"
57596,2018-01-18,2018,Sammanfattning natt,"Norrbotten, okänd kommun",,True,False,False,45,Ett urval av nattens händelser,"05:43 Inget att rapportera
Polisen Norrbotten"
58649,2018-01-27,2018,Sammanfattning förmiddag,"Norrbotten, okänd kommun",,False,False,False,80,Så här långt en förmiddag utan akuta händelser i länet.,"Patrullerna arbetar brottsförebyggande och trygghetsskapande.
Polisen Norrbotten"
59686,2018-02-04,2018,Sammanfattning kväll,"Norrbotten, okänd kommun",,True,False,False,101,Kvällen i Norrbotten,"19:06 Norrbotten
det är för tillfället lugnt i Norrbotten och varit så sedan 14:00
Polisen Norrbotten"
59744,2018-02-05,2018,Sammanfattning förmiddag,"Norrbotten, okänd kommun",,False,False,False,18,"En bra förmiddag så långt, inga akuta händelser att informera om",Polisen Norrbotten
59785,2018-02-05,2018,Sammanfattning eftermiddag,"Norrbotten, okänd kommun",,False,False,False,18,"Norrbotten, inga pågående händelser att rapportera",Polisen Norrbotten
60388,2018-02-09,2018,Sammanfattning kväll,"Norrbotten, okänd kommun",,False,False,False,18,"Norrbotten, inga händelser att rapportera",Polisen Norrbotten
60732,2018-02-13,2018,Sammanfattning natt,"Norrbotten, okänd kommun",,False,False,False,60,Ett urval av nattens händelser,"En mycket lugn natt, inget att rapportera
Polisen Norrbotten"
61171,2018-02-16,2018,Sammanfattning förmiddag,"Norrbotten, okänd kommun",,False,False,False,18,"Så här långt en förmiddag med få händelser i länet, inget särskilt att rapportera.",Polisen Norrbotten
61380,2018-02-18,2018,Sammanfattning natt,"Norrbotten, okänd kommun",,True,False,False,57,Ett urval av nattens händelser 02:00-07:00:,"<strong>04:00</strong>
Lugnt i länet. 
Polisen Norrbotten"
61411,2018-02-18,2018,Sammanfattning förmiddag,"Norrbotten, okänd kommun",,False,False,False,18,En bra förmiddag utan akuta händelser att informera om,Polisen Norrbotten
62397,2018-02-20,2018,Sammanfattning kväll och natt,"Norrbotten, okänd kommun",,False,False,False,3,Inget att rapportera gällande kvällen och natten i Norrbotten datum 180220 kl 05.32,nan
61633,2018-02-20,2018,Sammanfattning kväll och natt,"Norrbotten, okänd kommun",,False,False,False,18,Inget att rapportera gällande kvällen och natten i Norrbotten datum 180220 kl 05.32,Polisen Norrbotten
62088,2018-02-22,2018,Sammanfattning natt,"Norrbotten, okänd kommun",,False,False,False,3,En bra natt utan akuta händelser att informera om,nan
61938,2018-02-22,2018,Sammanfattning natt,"Norrbotten, okänd kommun",,False,False,False,18,En bra natt utan akuta händelser att informera om,Polisen Norrbotten
62575,2018-02-24,2018,Sammanfattning förmiddag,"Norrbotten, okänd kommun",,False,False,False,3,Så här långt en förmiddag utan akuta händelser i länet.,nan
62858,2018-02-26,2018,Sammanfattning natt,"Norrbotten, okänd kommun",,False,False,False,45,Lugn natt i länet,<p>Natten i länet har varit väldigt lugn.</p>
63135,2018-02-27,2018,Sammanfattning förmiddag,"Norrbotten, okänd kommun",,False,False,False,3,"En bra förmiddag i länet, inga akuta händelser att informera om",nan
63401,2018-02-28,2018,Sammanfattning förmiddag,"Norrbotten, okänd kommun",,False,False,False,3,En bra förmiddag utan akuta händelser att informera om,nan
63992,2018-03-03,2018,Sammanfattning kväll och natt,"Norrbotten, okänd kommun",,False,False,False,3,Händelser i länet mellan 17:00 och 03:00.,nan
64376,2018-03-06,2018,Sammanfattning förmiddag,"Norrbotten, okänd kommun",,False,False,False,3,Inga akuta händelser att rapportera om,nan
65004,2018-03-11,2018,Sammanfattning natt,"Norrbotten, okänd kommun",,True,False,False,295,Nattens händelser i länet.,"<p><strong>23:50 - Lugn inledning på söndagsnatten, polisen har inget att rapportera om.</strong></p>
<p><strong>01:50 - Fortfarande lugnt i länet.</strong></p>
<p><strong>04:30 - Fortfarande lugnt i länet.</strong></p>
<p><strong>06:15 - Vi har inget att rapportera om från natten.</strong></p>"
65281,2018-03-13,2018,Sammanfattning natt,"Norrbotten, okänd kommun",,False,False,False,3,Ett urval av nattens händelser,nan
66503,2018-03-24,2018,Sammanfattning förmiddag,"Norrbotten, okänd kommun",,False,False,False,3,Så här långt en morgon utan akuta händelser.,nan
66543,2018-03-24,2018,Sammanfattning eftermiddag,"Norrbotten, okänd kommun",,False,False,False,3,Inga akuta händelser i länet.,nan
66659,2018-03-26,2018,Sammanfattning natt,"Norrbotten, okänd kommun",,False,False,False,32,Ett urval av nattens händelser,<p>En lugn natt i hela länet</p>
66803,2018-03-27,2018,Sammanfattning natt,"Norrbotten, okänd kommun",,True,False,False,162,Sammanfattning av Nattens Händelser,"<p>Inget att rapportera i Länet</p>
<p><strong>Uppdatering kl 06:45</strong> (Börje Öhman)</p>
<p>En fortsatt lugn natt. Inga akuta händelser att informera om</p>"
66986,2018-03-28,2018,Sammanfattning förmiddag,"Norrbotten, okänd kommun",,False,False,False,3,En morgon utan akuta händelser i länet.,nan
67486,2018-04-01,2018,Sammanfattning natt,"Norrbotten, okänd kommun",,False,False,False,3,Natten i Norrbotten,nan
67768,2018-04-03,2018,Sammanfattning natt,"Norrbotten, okänd kommun",,False,False,False,43,Natten i Norrbotten,<p>Natten har börjat lugnt i Norrbotten</p>
67878,2018-04-04,2018,Sammanfattning natt,"Norrbotten, okänd kommun",,True,False,False,37,Ett urval av nattens händelser,<p>01:30 Lugn inledning på natten</p>
67900,2018-04-05,2018,Sammanfattning förmiddag,"Norrbotten, okänd kommun",,False,False,False,3,"Norrbotten, inga pågående händelser att rapportera",nan
68019,2018-04-06,2018,Sammanfattning natt,"Norrbotten, okänd kommun",,True,False,False,144,Ett urval av nattens händelser,"<p>02:45</p>
<p>lugn natt i länet.</p>
<p><strong>Uppdatering kl 06:50</strong> (Börje Öhman)</p>
<p>Fortsatt lugnt, inget att informera om.</p>"
68180,2018-04-07,2018,Sammanfattning förmiddag,"Norrbotten, okänd kommun",,False,False,False,3,Inga händelser att rapportera om.,nan
68327,2018-04-09,2018,Sammanfattning natt,"Norrbotten, okänd kommun",,True,False,False,204,Sammanfattning av nattens händelser i länet,"<p><strong>Kl 03:00 - Lugnt i länet, i nuläget inget att rapportera om.</strong></p>

<p><strong>Kl 06:00 - Lugnt i länet, natten ha varit fortsatt lugn i hela nätet. Inget att rapportera om.</strong></p>"
68440,2018-04-10,2018,Sammanfattning natt,"Norrbotten, okänd kommun",,True,False,False,173,Kort sammanfattning över nattens händelse.,"<p><strong>03:00 Inget att rapportera</strong></p>
<p><strong>Uppdatering 06:50 (av kommunikatör Liv Fahlén)<br /></strong>En efternatt utan händelser att rapportera om.</p>"
69134,2018-04-15,2018,Sammanfattning kväll,"Norrbotten, okänd kommun",,False,False,False,85,Kvällen i Norrbotten,<p>Ingen kommunikatör i tjänt under kvällen och RLCB svarar på media i mån av tid</p>
69153,2018-04-16,2018,Sammanfattning förmiddag,"Norrbotten, okänd kommun",,False,False,False,3,"Norrbotten, inga händelser att rapportera",nan
69264,2018-04-16,2018,Sammanfattning natt,"Norrbotten, okänd kommun",,False,False,False,54,Ett urval av nattens händelser,"<p>En lugn natt i hela länet, inget att rapportera</p>"
69408,2018-04-18,2018,Sammanfattning natt,"Norrbotten, okänd kommun",,True,False,False,215,Sammanfattning av nattens händelser,"<p><strong>Kl 03:40</strong> - Allt är lugnt i länet, inget att rapportera om.</p>
<p><strong>Uppdatering kl 06:55</strong> (Börje Öhman)</p>
<p>En bra avslutning av natten. Inga akuta händelse att informera om.</p>"
69449,2018-04-18,2018,Sammanfattning förmiddag,"Norrbotten, okänd kommun",,False,False,False,69,En lugn förmiddag i länet. Patrullerna har prioriterat trafikkontroller.,<p>Trafikkontrollerna redovisas vid senare tillfälle under dagen.</p>
69660,2018-04-20,2018,Sammanfattning förmiddag,"Norrbotten, okänd kommun",,False,False,False,3,"Norrbotten, inga händelser att rapportera",nan
69799,2018-04-21,2018,Sammanfattning dag,"Norrbotten, okänd kommun",,False,False,False,3,Inga akuta händelser i länet.,nan
69916,2018-04-23,2018,Sammanfattning förmiddag,"Norrbotten, okänd kommun",,False,False,False,3,"Norrbotten, inga händelser att rapportera",nan
70034,2018-04-24,2018,Sammanfattning natt,"Norrbotten, okänd kommun",,False,False,False,49,Ett urval av nattens händelser,<p>Inga händelser att rapportera om i nuläget</p>
70173,2018-04-25,2018,Sammanfattning natt,"Norrbotten, okänd kommun",,False,False,False,54,Ett urval av nattens händelser,"<p>En lugn natt i hela länet, inget att rapportera</p>"
70204,2018-04-25,2018,Sammanfattning förmiddag,"Norrbotten, okänd kommun",,False,False,False,3,En morgon utan akuta händelser i länet.,nan
70586,2018-04-28,2018,Sammanfattning kväll och natt,"Norrbotten, okänd kommun",,False,False,False,73,Kväll och natt i Norrbotten,<p>Under kvällen och natten besvaras media av tjänstgörande RLC-befäl</p>
70627,2018-04-29,2018,Sammanfattning förmiddag,"Norrbotten, okänd kommun",,False,False,False,3,"Norrbotten, inga händelser att rapportera",nan
70863,2018-05-01,2018,Sammanfattning natt,"Norrbotten, okänd kommun",,True,False,False,69,Ett urval av nattens händelser:,"<p><strong>00:20 </strong></p>
<p>Inget att rapportera i nuläget.</p>"
71126,2018-05-04,2018,Sammanfattning förmiddag,"Norrbotten, okänd kommun",,False,False,False,3,En bra förmiddag utan akuta händelser att informera om,nan
71394,2018-05-06,2018,Sammanfattning natt,"Norrbotten, okänd kommun",,True,False,False,176,Natten i Norrbotten,"<p>Natten har börjat lugnt i Norrbotten</p>
<p><strong>Uppdatering kl 06:55</strong> (Börje Öhman)</p>
<p>Natten har fortsatt i lugnets tecken. Inget akut att informera om.</p>"
72033,2018-05-12,2018,Sammanfattning förmiddag,"Norrbotten, okänd kommun",,False,False,False,3,"Mycket lugn morgon i länet, inget att rapportera.",nan
72129,2018-05-13,2018,Sammanfattning eftermiddag,"Norrbotten, okänd kommun",,False,False,False,3,Så här långt en eftermiddag utan akuta händelser i länet.,nan
72161,2018-05-14,2018,Sammanfattning natt,"Norrbotten, okänd kommun",,False,False,False,32,Ett urval av nattens händelser,<p>En lugn natt i hela länet</p>
72319,2018-05-15,2018,Sammanfattning natt,"Norrbotten, okänd kommun",,True,False,False,285,"Polisen rapporterar om en lugn natt, inga allvarliga händelser.","<p>Ledningscentralen i Umeå har hanterat ett tjugotal ärenden(19 st kl 04:00) i Norrbotten under natten(21:00 - 04:00). Inga trafikolyckor eller frihetsberövade personer.</p>
<p><strong>Uppdatering av Peder Jonsson klockan 06:55</strong></p>
<p>Inga akuta händelser under morgonen.</p>"
72489,2018-05-16,2018,Sammanfattning natt,"Norrbotten, okänd kommun",,False,False,False,3,En bra natt utan akuta händelser att informera om.,nan
72531,2018-05-16,2018,Sammanfattning dag,"Norrbotten, okänd kommun",,False,False,False,3,"Så här långt en bra dag, inga akuta händelser att informera om.",nan
73024,2018-05-20,2018,Sammanfattning dag,"Norrbotten, okänd kommun",,False,False,False,3,En dag utan akuta händelser att informera om,nan
73039,2018-05-20,2018,Sammanfattning eftermiddag,"Norrbotten, okänd kommun",,False,False,False,48,Lugnt i länet.,<p>Så här långt har det varit lugnt i länet.</p>
73390,2018-05-23,2018,Sammanfattning dag,"Norrbotten, okänd kommun",,False,False,False,41,Lugn dag i länet,<p>Dagen i Norrbotten har varit lugn.</p>
73727,2018-05-25,2018,Sammanfattning kväll,"Norrbotten, okänd kommun",,False,False,False,3,Inget särskilt att rapportera i Norrbottens län.,nan
73881,2018-05-27,2018,Sammanfattning förmiddag,"Norrbotten, okänd kommun",,False,False,False,3,"Norrbotten, inga pågående händelser att rapportera",nan
73986,2018-05-28,2018,Sammanfattning förmiddag,"Norrbotten, okänd kommun",,False,False,False,3,En förmiddag utan akuta händelser i länet.,nan
74349,2018-05-30,2018,Sammanfattning natt,"Norrbotten, okänd kommun",,True,False,False,192,sammanfattning av nattens händelser i länet.,"<p><strong>Kl 02:00 - Än så länge har det varit lugnt i länet, inget att rapportera om.</strong></p>

<p><strong>kl 05:00 - Natten i länet har varit lugn, inget att rapportera om.</strong></p>"
74705,2018-06-02,2018,Sammanfattning dag,"Norrbotten, okänd kommun",,False,False,False,3,Inga händelser att rapportera om.,nan
74897,2018-06-04,2018,Sammanfattning eftermiddag,"Norrbotten, okänd kommun",,False,False,False,3,"Lugnt i länet, inget särskilt att rapportera.",nan
75377,2018-06-08,2018,Sammanfattning förmiddag,"Norrbotten, okänd kommun",,False,False,False,3,"En fridfull start på dagen i länet, inget särskilt att rapportera.",nan
75809,2018-06-12,2018,Sammanfattning kväll och natt,"Norrbotten, okänd kommun",,False,False,False,111,Sammanfattning.,"<p>Sammanfattning kväll och natt datum 180611-180612.</p>

<p>En lugn kväll och natt, inget att rapportera.</p>"
76120,2018-06-14,2018,Sammanfattning dag,"Norrbotten, okänd kommun",,False,False,False,3,En bra dag utan akuta händelser att informera om,nan
76224,2018-06-15,2018,Sammanfattning förmiddag,"Norrbotten, okänd kommun",,False,False,False,3,"Norrbotten, inga händelser att rapportera",nan
76383,2018-06-17,2018,Sammanfattning natt,"Norrbotten, okänd kommun",,False,False,False,3,En natt med hög belastning men inga akuta händelser att informera om.,nan
76558,2018-06-18,2018,Sammanfattning natt,"Norrbotten, okänd kommun",,True,False,False,33,Ett urval av nattens händelser,<p>04:00 Inget att rapportera</p>
76685,2018-06-20,2018,Sammanfattning natt,"Norrbotten, okänd kommun",,False,False,False,3,En bra natt utan akuta händelser att informera om,nan
76721,2018-06-20,2018,Sammanfattning förmiddag,"Norrbotten, okänd kommun",,False,False,False,3,"Norrbotten, inga händelser att rapportera",nan
76752,2018-06-20,2018,Sammanfattning dag,"Norrbotten, okänd kommun",,False,False,False,3,En fortsatt bra dag utan akuta händelser att informera om,nan
76940,2018-06-22,2018,Sammanfattning natt,"Norrbotten, okänd kommun",,True,False,False,209,sammanfattning av nattens händelser i länet.,"<p><strong>Kl 02:50 - Lugnt i länet, inget att rapportera om</strong></p>

<p><strong>Kl 06:00 - Natten i länet har varit lugn, ingenting att rapportera om.</strong></p>
<p><strong>Glad midsommar!</strong></p>"
77011,2018-06-23,2018,Sammanfattning natt,"Norrbotten, okänd kommun",,False,False,True,312,Nattens händelser,"<p>På grund av hög arbetsbelastning under natten så det ej kommit ut någon information här, Media hänvisas att ringa för uppdatering av ärenden under natten.</p>

<p>Natten mot midsommardagen har präglats av fylleri, Rattfylleri, räddningsinsatser, sjukdomsfall, bråk, hög ljudvolym m.m.</p>

<p>Mvh RLC Nord</p>"
77474,2018-06-28,2018,Sammanfattning natt,"Norrbotten, okänd kommun",,True,False,False,182,Natten i Norrbotten,"<p>Natten har varit lugn i Norrbotten</p>

<p><strong>Uppdatering kl 06:50</strong> (Börje Öhman)</p>
<p>Avslutningen av natten också lugn. Inga akuta händelser att informera om.</p>"
77506,2018-06-28,2018,Sammanfattning förmiddag,"Norrbotten, okänd kommun",,False,False,False,3,En bra förmiddag utan akuta händelser att informera om,nan
77561,2018-06-29,2018,Sammanfattning natt,"Norrbotten, okänd kommun",,False,False,False,69,Natten i Norrbotten,"<p>Natten har varit lugn i Norrbotten, finns inget att rapportera</p>"
77770,2018-07-02,2018,Sammanfattning natt,"Norrbotten, okänd kommun",,False,False,False,45,Natten i Norrbotten,<p>Natten har varit fridfull i Norrbotten</p>
78551,2018-07-10,2018,Sammanfattning förmiddag,"Norrbotten, okänd kommun",,False,False,False,3,"Norrbotten, lugn inledning på dagen. Inga händelser att rapportera.",nan
78797,2018-07-12,2018,Sammanfattning natt,"Norrbotten, okänd kommun",,False,False,False,3,"En bra natt för medborgarna i länet, inga akuta händelser att informera om.",nan
78913,2018-07-13,2018,Sammanfattning natt,"Norrbotten, okänd kommun",,False,False,False,3,En bra natt utan akuta händelser att informera om,nan
78951,2018-07-13,2018,Sammanfattning dag,"Norrbotten, okänd kommun",,False,False,False,3,En lugn dag så här långt. Inga händelser att informera om.,nan
79050,2018-07-14,2018,Sammanfattning eftermiddag,"Norrbotten, okänd kommun",,False,False,False,3,"En ugn inledning på eftermiddagen i länet, inget särskilt att rapportera.",nan
79080,2018-07-15,2018,Sammanfattning natt,"Norrbotten, okänd kommun",,False,False,False,3,På grund av hög arbetsbelastning har hemsidan inte hunnit uppdateras av RLC-befälen inatt. Kommunikatör i tjänst från 07:00.,nan
81326,2018-08-05,2018,Sammanfattning förmiddag,"Norrbotten, okänd kommun",,False,False,False,3,"En förmiddag med få händelser i länet, inget särskilt att rapportera.",nan
82107,2018-08-12,2018,Sammanfattning natt,"Norrbotten, okänd kommun",,False,False,False,3,Ett urval av nattens händelser,nan
82158,2018-08-13,2018,Sammanfattning förmiddag,"Norrbotten, okänd kommun",,False,False,False,3,Inga händelser att rapportera om i länet.,nan
82604,2018-08-17,2018,Sammanfattning förmiddag,"Norrbotten, okänd kommun",,False,False,False,3,Inga händelser att rapportera om i länet.,nan
83130,2018-08-22,2018,Sammanfattning natt,"Norrbotten, okänd kommun",,True,False,False,53,"Norrbotten, få ärenden under natten","<p>Kl 00:00-06:00, inga händelser att rapportera.</p>"
83281,2018-08-23,2018,Sammanfattning natt,"Norrbotten, okänd kommun",,False,False,False,3,"En bra natt för medborgarna i länet, inga akuta händelser att informera om.",nan
83725,2018-08-27,2018,Sammanfattning natt,"Norrbotten, okänd kommun",,False,False,False,3,"En lugn söndag natt, inga akuta händelser att informera om.",nan
83871,2018-08-28,2018,Sammanfattning natt,"Norrbotten, okänd kommun",,False,False,False,3,"En bra natt, inga akuta händelser att informera om.",nan
85671,2018-09-11,2018,Sammanfattning natt,"Norrbotten, okänd kommun",,False,False,False,43,Lugnt i länet,<p>Inget att rapportera. Lungt i länet.</p>
85823,2018-09-12,2018,Sammanfattning natt,"Norrbotten, okänd kommun",,False,False,False,3,"En natt med få händelser i länet, inget att rapportera.",nan
87362,2018-09-24,2018,Sammanfattning förmiddag,"Norrbotten, okänd kommun",,False,False,False,3,"Norrbotten, inga händelser att berätta om",nan
87456,2018-09-25,2018,Sammanfattning dygn,"Norrbotten, okänd kommun",,False,False,False,366,Kommunikationsavdelningen bortrest fram till fredag morgon,"<p>Tisdag och onsdag 25-26/9 har kommunikationsavdelningen Nord (KA) gemensamma KA-dagar i Stockholm för hela KA vilket gör att ingen kommunikatör finns i RLC.</p>
<p>Torsdag 27/9 har KA Nord gemensam planeringsdag och dagpasset bemannas av KA Bergslagen.</p>
<p>RLC-befäl hanterar media, i mån av tid, fram till morgonen fredag 28/9 då KA åter är i normaldrift.</p>"
87533,2018-09-26,2018,Sammanfattning dygn,"Norrbotten, okänd kommun",,False,False,False,215,Under hela dygnet 180926 finns ingen Kommunikatör i tjänst.,"<p>Under hela dygnet 180926 finns ingen Kommunikatör i tjänst. <br />RLC-befäl kommer göra sitt bästa för att hantera medias frågor, men kommer måsta prioritera att leda den polisiära verksamheten i första hand.</p>"
87850,2018-09-29,2018,Sammanfattning natt,"Norrbotten, okänd kommun",,False,False,True,109,Ett urval av händelser från natten,<p>Sammanfattningsvis en natt utan akuta händelser. Stök och fylleri som hör samman med sk avlöningshelg.</p>
87998,2018-09-30,2018,Sammanfattning dag,"Norrbotten, okänd kommun",,False,False,False,3,En dag utan akuta händelser att informera om,nan
88039,2018-09-30,2018,Sammanfattning natt,"Norrbotten, okänd kommun",,True,False,False,220,Nattens händelser i länet.,"<p><strong>01:15 - Lugn inledning på söndagsnatten. Polisen har inget att rapportera om.</strong></p>
<p><strong><strong>06:00 - Lung natt, inget att rapportera om. Kommunikatör i tjänst från 07:00.</strong></strong></p>"
88209,2018-10-02,2018,Sammanfattning natt,"Norrbotten, okänd kommun",,False,False,False,47,"Norrbotten, inga akuta händelser att berätta om","Norrbotten, inga akuta händelser att berätta om"
88818,2018-10-06,2018,Sammanfattning förmiddag,"Norrbotten, okänd kommun",,False,False,False,3,"En lugn morgon i länet, inga akuta händelser som föranleder polisiära åtgärder.",nan
89930,2018-10-14,2018,Sammanfattning förmiddag,"Norrbotten, okänd kommun",,False,False,False,3,"Norrbotten, inga händelser att berätta om",nan
90330,2018-10-17,2018,Sammanfattning natt,"Norrbotten, okänd kommun",,True,False,False,104,"Norrbottens län, en sammanfattning av nattens händelser.",<p>En natt med få inkomna ärenden i länet mellan klockan 22.00-07.00. Inget särskilt att rapportera.</p>
91734,2018-10-27,2018,Sammanfattning natt,"Norrbotten, okänd kommun",,True,False,False,132,Ett urval av nattens händelser,<p>På grund av hög arbetsbelastning kommer ingen återkoppling under natten. Samtal hänvisas till kommunikationsansvarig kl 07:00</p>
92061,2018-10-29,2018,Sammanfattning eftermiddag,"Norrbotten, okänd kommun",,False,False,False,3,"Norrbotten, ingen händelser att informera om",nan
92486,2018-11-01,2018,Sammanfattning natt,"Norrbotten, okänd kommun",,False,False,False,27,"Norrbotten, en natt med få ärenden",<p>Inget att informera.</p>
93019,2018-11-04,2018,Sammanfattning eftermiddag,"Norrbotten, okänd kommun",,False,False,False,3,För närvarande inget att rapportera.,nan
94711,2018-11-16,2018,Sammanfattning natt,"Norrbotten, okänd kommun",,True,False,False,90,"Norrbottens län, sammanfattning av nattens händelser.",<p>En natt med få inkomna ärenden mellan klockan 22.00-07.00. Inget att rapportera om.</p>
95522,2018-11-21,2018,Sammanfattning dag,"Norrbotten, okänd kommun",,False,False,False,3,Inga händelser att rapportera om,nan
95811,2018-11-23,2018,Sammanfattning natt,Bodens kommun,Boden,False,True,False,119,"En natt utan akuta händelser i länet, inget att rapportera.",<p>Gällande ärende med avliden person i Boden under torsdag kväll återkommer vi med information senare under dagen.</p>
96126,2018-11-26,2018,Sammanfattning natt,"Norrbotten, okänd kommun",,True,False,False,86,Sammanfattning av nattens händelser i länet.,"<p><strong>Kl 02:00 - Allt är lugnt i länet, ingenting att rapportera om.</strong></p>"
96194,2018-11-26,2018,Sammanfattning kväll,"Norrbotten, okänd kommun",,False,False,False,3,Under kvällen finns ej någon mediakommunikatör i tjänst. RLC-befälen skriver och svarar i telefon i mån av tid.,nan
96425,2018-11-28,2018,Sammanfattning natt,"Norrbotten, okänd kommun",,True,False,False,108,"Norrbottens län, en sammanfattning av nattens händelser.",<p>En natt med mycket få inkomna händelser mellan klockan 22.00-07.00. Inget särskilt att rapportera om.</p>
96832,2018-11-30,2018,Sammanfattning dag,"Norrbotten, okänd kommun",,False,False,False,3,"Norrbotten, inga händelser att rapportera",nan
97715,2018-12-07,2018,Sammanfattning eftermiddag,"Norrbotten, okänd kommun",,False,False,False,3,En eftermiddag utan akuta händelser i länet.,nan
98642,2018-12-13,2018,Sammanfattning natt,"Norrbotten, okänd kommun",,True,False,False,53,"Norrbotten, få ärenden under natten","<p>Kl 00:00-07:00, inga händelser att rapportera.</p>"
100113,2018-12-23,2018,Sammanfattning dag,"Norrbotten, okänd kommun",,False,False,False,3,"Få händelser i länet, inget att rapportera.",nan
101121,2019-01-01,2019,Sammanfattning natt,"Norrbotten, okänd kommun",,True,False,False,50,Natten i Norrbotten,<p>Natten är fortfarande väldigt lugn kl 04:32</p>
101664,2019-01-05,2019,Sammanfattning förmiddag,"Norrbotten, okänd kommun",,False,False,False,3,"Norrbotten, inga händelser att rapportera under morgonen",nan
102501,2019-01-11,2019,Sammanfattning eftermiddag,"Norrbotten, okänd kommun",,False,False,False,3,"Norrbotten, inga akuta händelser att rapportera om",nan
102726,2019-01-13,2019,Sammanfattning förmiddag,"Norrbotten, okänd kommun",,False,False,False,3,Inga händelser att rapportera om i länet.,nan
105747,2019-02-03,2019,Sammanfattning förmiddag,"Norrbotten, okänd kommun",,False,False,False,3,"Norrbotten, inga händelser att rapportera",nan
107975,2019-02-19,2019,Sammanfattning natt,"Norrbotten, okänd kommun",,True,False,False,61,Sammanfattning av nattens händelser i länet,"<p>Kl 05:00 - Lugnt i länet, ingenting att rapportera om.</p>"
108499,2019-02-22,2019,Sammanfattning eftermiddag,"Norrbotten, okänd kommun",,False,False,False,3,"Få händelser i länet, inget att rapportera.",nan
108646,2019-02-23,2019,Sammanfattning kväll och natt,"Norrbotten, okänd kommun",,True,False,False,47,Natten och kvällen från 17:00 i Norrbotten,<p>Fortfarande lungt i Norrbotten vid 20:15</p>
109938,2019-03-05,2019,Sammanfattning natt,"Norrbotten, okänd kommun",,True,True,True,651,Norrbotten,"<p>En mycket lugn natt i hela Norrbottens län. Inget att rapportera.</p>
<p><strong>Uppdatering 07:00</strong> (av kommunikatör Liv Fahlén)<br /> Polisen har under natten utfört ett flertal kontroller av personer och fordon som inte resulterat i någon brottsmisstanke. En bilist i Gällivare har fått en ordningsbot för att ej ha använt körriktningsvisare (blinkers).</p>
<p>I Kiruna har polisen upprättat två anmälningar. En för brott mot kommunala trafikförordningar, då en bil stod på tomgång.</p>
<p>Vid 04:50-tiden uppmärksammar polisen en bilist som kör alldeles för fort. En anmälan gällande trafikbrott upprättas och körkortet omhändertogs.</p>"
110767,2019-03-11,2019,Sammanfattning natt,"Norrbotten, okänd kommun",,False,False,False,135,Natten i Norrbottens län.,"<p>Det har varit en natt med låg arbetsbelastning.</p>
<p>Det finns inga händelser att rapportera om från natten i Norrbottens län.</p>"
110917,2019-03-12,2019,Sammanfattning natt,"Norrbotten, okänd kommun",,False,False,False,72,Norrbotten,<p>En mycket lugn natt i hela Norrbottens län. Inget att rapportera.</p>
112922,2019-03-27,2019,Sammanfattning förmiddag,"Norrbotten, okänd kommun",,False,False,False,3,En efternatt och morgon utan akuta händelser i länet.,nan
113190,2019-03-28,2019,Sammanfattning natt,"Norrbotten, okänd kommun",,False,False,False,90,Ett urval av nattens polisverksamhet.,<p><strong>Natten har börjar lugnt i länet. Inga händelser att rapportera om.</strong></p>
114645,2019-04-08,2019,Sammanfattning natt,"Norrbotten, okänd kommun",,True,False,False,96,Ett urval av nattens händelser,"<p><strong>01:00 Lugnt i länet</strong></p>
<p><strong>04:00 Fortsatt lugnt i länet</strong></p>"
114752,2019-04-09,2019,Sammanfattning eftermiddag,"Norrbotten, okänd kommun",,False,False,False,3,Inget att rapportera från eftermiddagen.,nan
115739,2019-04-17,2019,Sammanfattning natt,"Norrbotten, okänd kommun",,True,False,False,101,"Norrbotten, nattens polisverksamhet","<p>Kl 00:00-07:00, det har varit en natt med låg arbetsbelastning. Inga händelser att rapportera.</p>"
117586,2019-05-02,2019,Sammanfattning förmiddag,"Norrbotten, okänd kommun",,False,False,False,3,En morgon utan akuta händelser i länet.,nan
118084,2019-05-06,2019,Sammanfattning natt,"Norrbotten, okänd kommun",,True,False,False,288,Ett urval av nattens händelser i Norrbottens län.,"<p>Det har varit en natt med normal arbetsbelastning i Norrbottens län.</p>
<p>Polisen har utfört ett flertal kontroller av personer och fordon som inte resulterat i någon brottsmisstanke. I övrigt finns inga ärenden att rapportera om från länet sedan klockan 22.00 på söndagskvällen.</p>"
119588,2019-05-16,2019,Sammanfattning natt,"Norrbotten, okänd kommun",,True,False,False,159,Sammanfattning av nattens ärenden i länet,"<p><strong>Notisen kommer uppdateras under natten.</strong></p>

<p><strong>Kl 03:50 - Natten i länet har varit lugn, ingenting att rapportera om.</strong></p>"
119860,2019-05-19,2019,Sammanfattning förmiddag,"Norrbotten, okänd kommun",,False,False,False,3,Så här långt en förmiddag utan akuta händelser i länet.,nan
120373,2019-05-23,2019,Sammanfattning natt,"Norrbotten, okänd kommun",,True,False,False,171,"Norrbotten, få ärenden under natten","<p>KL 22:00-07:00, inga händelser att rapportera om.</p>
<p>Polisen har utfört ett antal kontroller av personer och fordon som inte resulterat i någon brottsmisstanke.</p>"
122705,2019-06-10,2019,Sammanfattning eftermiddag,"Norrbotten, okänd kommun",,False,False,False,3,Inga händelser att rapportera om i länet.,nan
123416,2019-06-16,2019,Sammanfattning förmiddag,"Norrbotten, okänd kommun",,False,False,False,3,En morgon utan akuta händelser i länet.,nan
123497,2019-06-17,2019,Sammanfattning natt,"Norrbotten, okänd kommun",,False,False,False,116,Det har varit en natt med låg arbetsbelastning.,<p>Polisen har utfört ett flertal kontroller av personer och fordon som inte resulterat i någon brottsmisstanke.</p>
123526,2019-06-17,2019,Sammanfattning förmiddag,"Norrbotten, okänd kommun",,False,False,False,3,Inga händelser att rapportera om i länet.,nan
123612,2019-06-17,2019,Sammanfattning kväll,"Norrbotten, okänd kommun",,False,False,False,3,Det har varit en lugn eftermiddag och kväll och därmed har vi inget att rapportera.,nan
123771,2019-06-19,2019,Sammanfattning natt,"Norrbotten, okänd kommun",,False,False,False,145,En natt med låg arbetsbelastning.,<p>Utöver de två ärenden som rapporterats under natten har det varit lugnt i länet. Nu på morgonen finns inga akuta händelser att rapportera.</p>
123875,2019-06-20,2019,Sammanfattning natt,Piteå kommun,Piteå,True,True,True,341,En natt med få händelser.,"<p>Utöver nattens publiceringar har ett inbrott anmälts nu på morgonen. Mer om det lite senare när polis är på plats.</p>
<p>I övrigt en natt och morgon utan akuta händelser. </p>
<p><strong>Uppdatering 07:06</strong></p>
<p>Den saknade mannen i Piteå har inte påträffats. En uppdatering om den händelsen kommer senare under förmiddagen.</p>"
124954,2019-07-01,2019,Sammanfattning helg,Kiruna kommun,Kiruna,False,False,True,1016,Sammanfattning från Kirunafestivalen.,"<p>Söndag eftermiddag och det är dags att summera årets Kirunafestival. Festivalen har polisiärt sett varit ett väldigt trevligt arrangemang där vi träffat väldigt många glada (om än lite frusna) festivalbesökare.</p>
<p>Vi från polisen har under hela festivalen haft ett gott samarbete med arrangören, ordningsvakterna, socialtjänsten, vuxna på stan, med flera. Detta har lett till att det har varit väldigt få ordningsstörningar på och omkring området.</p>
<p>En framgångsfaktor har varit att polisen samt ordningsvakterna har jobbat på bra med synlighet och trygghetsskapande åtgärder kring de platser där folket samlas.</p>
<p>Festivalen i siffror:</p>
<p>25 personer omhändertagna enligt LOB.</p>
<p>2 anmälningar misshandel</p>
<p>1 anmälan ofredande</p>
<p>1 anmälan ringa narkotikabrott samt våldsamt motstånd</p>
<p>2 personer rapporterades för förargelseväckande beteende genom offentlig urinering inne på festivalområdet</p>
<p>42 stycken direktförverkande av alkohol i anslutning till festivalområdet</p>"
125956,2019-07-11,2019,Sammanfattning kväll och natt,Luleå kommun,Luleå,False,False,True,195,"Sammanfattning onsdag 10/7, Luleå Hamnfestival.","<p>En relativt lugn första festivalkväll polisiärt sett. Tre personer har omhändertagits med stöd av LOB, lag om omhändertagande av berusade personer. En av dem misstänks även för misshandel.</p>"
126031,2019-07-12,2019,Sammanfattning natt,"Norrbotten, okänd kommun",,True,True,False,393,Sammanfattning för natten,"<p>Lugnt i Norrbotten. Inget att rapportera i nuläget.</p>
<p><strong>Uppdatering 06:55 av Peder Jonsson</strong></p>
<p>En efternatt och morgon utan akuta händelser i länet.</p>
<p><strong>Sammanfattning Luleå hamnfestival</strong></p>
<p>Polisiärt sett har det varit en lugn festivalkväll och stämningen på festivalområdet har varit god.</p>
<p>Två personer omhändertogs med stöd av LOB.</p>"
127109,2019-07-24,2019,Sammanfattning dag,"Norrbotten, okänd kommun",,False,False,False,3,"Norrbotten, inga händelser att rapportera om",nan
127208,2019-07-25,2019,Sammanfattning natt,Piteå kommun,Piteå,False,False,True,1102,"Här sammanfattas kvällen och nattens händelser i samband med Piteå Dansar och Ler, samt Beachpartyt på Piteå havsbad.","<p>På Beachpartyt var det enligt uppgift ca 13000 besökare. Kvällen präglades av en mycket god stämning och glada besökare. Lite jobb för polisen i anslutning till festen. Endast tre personer som omhändertogs enligt LOB, varav två fick sova ruset av sig på polisstationen samt ett avlägsnande och en ordningsbot för offentlig urinering.</p>
<p>Samma goda stämning rådde inne på PDOL-området med lika glada besökare. Där blev det tre LOB, tre anmälningar om misshandel, en anmälan om sexuellt ofredande, två förverkande av alkohol samt ett avlägsnande. Socialtjänsten har varit i tjänst under kvällen men de blev sysslolösa då inga ungdomar omhändertogs. </p>
<p>Poliserna som jobbat med kommenderingen är mycket nöjda med ordningsvakternas arbete och den samverkan som skett mellan ordningsvakter och polis på de bägge tillställningarna som varit under kvällen.</p>
<p>Kustbevakningen låter hälsa att de legat i Pitsundet och kontrollerat båttrafiken. Två ordningsbot för överskriden hastighet och 12 nykterhetskontroller, samtliga utan anmärkning. De meddelar att det varit mycket båtar i rörelse.</p>"
128868,2019-08-11,2019,Sammanfattning natt,"Norrbotten, okänd kommun",,False,False,True,335,Ett urval av nattens polisverksamhet.,"<p>Det har varit en natt med normal arbetsbelastning. Tre personer har omhändertagits för fylleri och en person har medtagits för provtagning efter misstanke om narkotikabrott. Polisen har även utfört ett flertal kontroller av personer och fordon som i ett fall resulterade i att två personer misstänks för narkotikabrott, innehav.</p>"
129031,2019-08-13,2019,Sammanfattning natt,"Norrbotten, okänd kommun",,False,False,False,164,Ett urval av nattens polisverksamhet.,<p>Det har varit en natt med låg arbetsbelastning. Polisen har utfört ett flertal kontroller av personer och fordon som inte resulterat i någon brottsmisstanke.</p>
129273,2019-08-15,2019,Sammanfattning förmiddag,"Norrbotten, okänd kommun",,False,False,False,3,En morgon utan akuta händelser i länet.,nan
130100,2019-08-21,2019,Sammanfattning natt,"Norrbotten, okänd kommun",,False,False,False,185,Sammanfattning av nattens händelser i länet.,"<p><strong>Natten i Norrbotten har börjat lugnt, Notisen kommer uppdateras under natten.</strong></p>
<p><strong>Natten i länet har varit lugn, ingenting att rapportera om.</strong></p>"
132120,2019-09-07,2019,Sammanfattning dag,"Norrbotten, okänd kommun",,False,False,False,3,"En dag med få händelser i länet, inget särskilt att rapportera.",nan
134119,2019-09-23,2019,Sammanfattning natt,"Norrbotten, okänd kommun",,False,False,False,3,,nan
135252,2019-10-02,2019,Sammanfattning dag,"Norrbotten, okänd kommun",,False,False,False,3,"Norrbotten, inga händelser att rapportera om",nan
137504,2019-10-22,2019,Sammanfattning kväll och natt,"Norrbotten, okänd kommun",,False,False,False,166,Norrbotten och Västerbottens län,<p>Det har varit en lugn natt i de två nordligaste länen. Patrullerna har haft en del vardagsjobb samt jobbat förebyggande då tid och möjlighet funnits för detta.</p>
138132,2019-10-27,2019,Sammanfattning kväll och natt,"Norrbotten, okänd kommun",,False,False,False,3,,nan
138660,2019-10-31,2019,Sammanfattning förmiddag,"Norrbotten, okänd kommun",,False,False,False,3,Inga händelser att rapportera om i länet.,nan
139798,2019-11-10,2019,Sammanfattning dag,"Norrbotten, okänd kommun",,False,False,False,3,"Norrbotten, inga händelser att rapportera om",nan
140158,2019-11-13,2019,Sammanfattning förmiddag,"Norrbotten, okänd kommun",,False,False,False,90,Lugnt i Norrbottens län.,<p>Det är lugnt i Norrbottens län. Det finns inga ärenden att rapportera om i nuläget.</p>
143880,2019-12-15,2019,Sammanfattning natt,"Norrbotten, okänd kommun",,False,False,False,3,,nan
146572,2020-01-09,2020,Sammanfattning natt,"Norrbotten, okänd kommun",,False,False,True,337,Ett urval av nattens polisverksamhet.,"<p>Det har varit en natt med normal arbetsbelastning. Två personer har omhändertagits för fylleri enligt LOB, lagen om omhändertagande av berusade personer. </p>
<p>Polisen har även utfört ett flertal kontroller av personer och fordon som inte resulterat i någon brottsmisstanke.</p>
<p>I övrigt finns inga ärenden att rapportera om.</p>"
150498,2020-02-11,2020,Sammanfattning natt,"Norrbotten, okänd kommun",,False,False,False,38,Sammanfattning,<p>En lugn natt i Norrbottens län.</p>
150621,2020-02-12,2020,Sammanfattning natt,"Norrbotten, okänd kommun",,False,False,False,28,Lugn natt,<p>Inget att rapportera.</p>
151418,2020-02-19,2020,Sammanfattning natt,"Norrbotten, okänd kommun",,False,False,True,324,Ett urval av nattens polisverksamhet.,"<p>Det har varit en natt med låg arbetsbelastning. En person har medtagits för provtagning efter misstanke om narkotikabrott. Polisen har även utfört ett flertal kontroller av personer och fordon som inte resulterat i någon brottsmisstanke. </p>
<p>Två vilolyckor utan personskador har anmälts till polisen under natten.</p>"
153463,2020-03-09,2020,Sammanfattning natt,"Norrbotten, okänd kommun",,False,False,False,97,Nattens polisverksamhet i Norrbottens län.,<p>Det har varit en lugn natt i Norrbottens län. Det finns inga händelser att rapportera om. </p>
153948,2020-03-13,2020,Sammanfattning natt,"Norrbotten, okänd kommun",,False,False,False,179,Ett urval av nattens polisverksamhet.,"<p>Klockan 22-07, det har varit en natt med låg arbetsbelastning. Polisen har utfört ett flertal kontroller av personer och fordon som inte resulterat i någon brottsmisstanke.</p>"
154126,2020-03-14,2020,Sammanfattning kväll,"Norrbotten, okänd kommun",,True,False,False,70,Ett urval av kvällens händelser.,<p><strong>18:30 Lugnt i länet<br /></strong>Inget att rapportera.</p>
154132,2020-03-14,2020,Sammanfattning kväll,"Norrbotten, okänd kommun",,True,False,False,70,Ett urval av kvällens händelser.,<p><strong>19:30 Lugnt i länet<br /></strong>Inget att rapportera.</p>
154135,2020-03-14,2020,Sammanfattning kväll,"Norrbotten, okänd kommun",,True,False,False,70,Ett urval av kvällens händelser.,<p><strong>20:45 Lugnt i länet<br /></strong>Inget att rapportera.</p>
155208,2020-03-24,2020,Sammanfattning natt,"Norrbotten, okänd kommun",,True,False,False,112,Urval och sammanfattning från nattens händelser.,"<p>23:00 Lugnt i länet. Inget att rapportera.</p>
<p>01:30 Fortfarande mkt lugnt i länet.</p>
<p>03:15 Lugnt</p>"
157233,2020-04-13,2020,Sammanfattning natt,"Norrbotten, okänd kommun",,True,False,False,116,"Norrbotten, nattens polisverksamhet","<p>Kl 00:00-07:00, det har varit en natt med få ärenden och låg arbetsbelastning. Inga händelser att berätta om.</p>"
158449,2020-04-23,2020,Sammanfattning natt,"Norrbotten, okänd kommun",,False,False,False,3,,nan
159004,2020-04-28,2020,Sammanfattning natt,"Norrbotten, okänd kommun",,True,False,False,325,Ett urval av nattens händelser i länet,"<p><strong>00:55 - Lugn start på natten, inget att rapportera</strong></p>
<p><strong>04:43 - Fortsatt lugnt i länet</strong></p>
<p>Sammanfattningsvis har det varit en natt med låg arbetsbelastning där polisen även har utfört ett flertal kontroller av personer och fordon som inte har resulterat i någon brottsmisstanke.</p>"
161129,2020-05-20,2020,Sammanfattning natt,"Norrbotten, okänd kommun",,False,False,False,134,Lugn natt,"<p> Arbetsbelastningen för polisen  har varit låg i Norrbottens  län under natten.</p>
<p>Inget av värde att rapportera till media</p>"
161184,2020-05-21,2020,Sammanfattning natt,"Norrbotten, okänd kommun",,False,False,False,125,Lugn natt i Norrbotten,<p>Arbetsbelastningen för polisen  har varit låg i Norrbottens  län under natten.Inget av värde att rapportera till media</p>
161563,2020-05-24,2020,Sammanfattning kväll,"Norrbotten, okänd kommun",,True,False,False,70,Ett urval av kvällens händelser.,<p><strong>16:00 Lugnt i länet<br /></strong>Inget att rapportera.</p>
162704,2020-06-03,2020,Sammanfattning natt,"Norrbotten, okänd kommun",,True,False,False,118,Ett urval av nattens händelser:,"<p><strong>23:30</strong></p>
<p>Just nu inget att rapportera.</p>
<p><strong>03:00</strong></p>
<p>Lugnt i länet.</p>"
163234,2020-06-09,2020,Sammanfattning natt,"Norrbotten, okänd kommun",,False,False,False,179,Ett urval av nattens polisverksamhet.,"<p>Klockan 22-07, det har varit en natt med låg arbetsbelastning. Polisen har utfört ett flertal kontroller av personer och fordon som inte resulterat i någon brottsmisstanke.</p>"
163471,2020-06-11,2020,Sammanfattning natt,Luleå kommun,Luleå,False,True,True,994,Stöld/rån- misshandel x flera. En misstänkt gripen,"<p>vid midnatt fick polisen larm om att en man med våld tvingat till sig en bil från en bekant. Detta skedde i Luleå.</p>
<p>Mannen  körde  Söderut. Färden tog stopp när han Körde av vägen  på E4 strax  Söder om Luleå.</p>
<p>Flera personer som stannade vid olyksplatsen för att hjälpa till,  blev attackerade av mannen.</p>
<p>Mannen misstänks för flera fall av misshandel i samband med detta.</p>
<p>minst en person fick uppsöka sjukhusvård för sina skador.</p>
<p>Mannen ska också ha slagit sönder/skadat  flera av de bilar som stannade för att hjälpa till.</p>
<p>Flera polispatruller kallades till platsen innan mannen slutligen gav upp och kunde gripas av polisen.</p>
<p>Utredningen har bara börjat men mannen misstänks för rån alternativt stöld och misshandel i samband med att han tvingade till sig en bil. Han misstänks för att ha misshandlat ett flertal personer, olaga hot samt skadegörelse på platsen där han körde av vägen.</p>

<p>Den misstänket är en man i trettioårsåldern.</p>"
164111,2020-06-16,2020,Sammanfattning natt,"Norrbotten, okänd kommun",,True,False,False,70,Ett urval av kvällens händelser.,<p><strong>00:45 Lugnt i länet<br /></strong>Inget att rapportera.</p>
164216,2020-06-18,2020,Sammanfattning natt,"Norrbotten, okänd kommun",,False,False,False,42,Lugnt i länet,<p>Just nu finns inget att rapportera.</p>
164405,2020-06-20,2020,Sammanfattning kväll och natt,"Norrbotten, okänd kommun",,True,False,False,183,Hög arbetsbelastning,"<p><strong>Hög arbetsbelastning</strong></p>
<p>På grund av hög arbetsbelastning hänvisas all media till kommunikationsansvarig för sammanfattning på morgonen efter klockan 07:00.</p>"
167282,2020-07-23,2020,Sammanfattning natt,"Norrbotten, okänd kommun",,False,False,False,63,Natten i Norrbotten,<p>Natten har börjat med ett väldans lugn och fortsätter så</p>
167786,2020-07-28,2020,Sammanfattning natt,"Norrbotten, okänd kommun",,True,False,False,70,Ett urval av nattens händelser.,<p><strong>01:30 Lugnt i länet<br /></strong>Inget att rapportera.</p>
168465,2020-08-05,2020,Sammanfattning natt,"Norrbotten, okänd kommun",,False,False,True,247,Ett urval av nattens polisverksamhet.,<p>Det har varit en natt med normal arbetsbelastning. En person har medtagits för provtagning efter misstanke om narkotikabrott. Polisen har även utfört ett flertal kontroller av personer och fordon som inte resulterat i någon brottsmisstanke.</p>
169714,2020-08-17,2020,Sammanfattning natt,"Norrbotten, okänd kommun",,True,False,False,170,"Norrbotten, en sammanfattning av nattens polisverksamhet","<p>Kl 00:00-07:00, det har varit en natt med låg arbetsbelastning. Polisen har kontrollerat ett antal personer och fordon som inte resulterat i någon brottsmisstanke.</p>"
171208,2020-08-31,2020,Sammanfattning natt,"Norrbotten, okänd kommun",,False,False,False,3,Inget att rapportera,nan
172102,2020-09-07,2020,Sammanfattning natt,"Norrbotten, okänd kommun",,True,False,False,70,Ett urval av nattens händelser.,<p><strong>01:00 Lugnt i länet<br /></strong>Inget att rapportera.</p>
172487,2020-09-11,2020,Sammanfattning natt,"Norrbotten, okänd kommun",,False,False,False,3,,nan
172860,2020-09-14,2020,Sammanfattning natt,"Norrbotten, okänd kommun",,True,False,False,339,Ett urval av nattens händelser,"<p><strong>00:10 - Lugn start på natten</strong></p>
<p><strong>04:14 - Fortsatt lugnt i området</strong></p>
<p>Polisen har utfört ett flertal kontroller av personer och fordon som inte resulterat i någon brottsmisstanke.</p>
<p><strong>06:03 - Inget att rapportera</strong></p>
<p>Sammanfattningsvis en natt med låg arbetsbelastning.</p>"
173670,2020-09-22,2020,Sammanfattning kväll,"Norrbotten, okänd kommun",,True,False,False,70,Ett urval av kvällens händelser.,<p><strong>18:00 Lugnt i länet<br /></strong>Inget att rapportera.</p>
173684,2020-09-22,2020,Sammanfattning kväll,"Norrbotten, okänd kommun",,True,False,False,141,Ett urval av kvällens händelser.,"<p><strong>18:00 Lugnt i länet<br /></strong>Inget att rapportera.</p>
<p><strong>20:00 Lugnt i länet</strong><br />Inget att rapportera.</p>"
173835,2020-09-24,2020,Sammanfattning natt,"Norrbotten, okänd kommun",,False,False,False,113,Ett urval av nattens polisverksamhet 00:00–07:00.,<p>Det har varit en natt med låg arbetsbelastning i Norrbottens län. Det finns inga händelser att rapportera.</p>
175333,2020-10-09,2020,Sammanfattning natt,"Norrbotten, okänd kommun",,False,False,True,259,Ett urval av nattens polisverksamhet 00:00–07:00.,"<p>Det har varit en natt med låg arbetsbelastning i länet. En person har medtagits för provtagning efter misstanke om narkotikabrott.</p>
<p>Polisen har även utfört ett flertal kontroller av personer och fordon som inte resulterat i någon brottsmisstanke.</p>"
176607,2020-10-21,2020,Sammanfattning natt,"Norrbotten, okänd kommun",,False,False,False,73,Lugn natt,<p>Förrutom de redovisade ärenden som inkommit har natten varit lugn.</p>
178452,2020-11-05,2020,Sammanfattning kväll och natt,"Norrbotten, okänd kommun",,False,True,True,873,Två misshandelsfall i Norrbotten under kvällen.,"<p>20 tiden samhälle utanför Överkalix. Pågående bråk.</p>
<p>När patrullen är på plats på adressen  visar det sig att det  två personer som   har bråkat. En man och en kvinna.  Mannen grips misstänkt för misshandel. .</p>
<p>Bägge har skador som behöver ses över av sjukvård.</p>
<p>Efter besök på sjukhuset förs mannen till arresten .</p>
<p>Kvinnan kvarstannar på sjukhus för vidare vård av sina skador.</p>
<p>Åklagare kommer att besluta om eventuell anhållning av den misstänkte mannen.</p>
<p>  --------------------------------------------------</p>

<p>22 tiden Luleå</p>
<p>Bråk utomhus . När patrull är på plats visar det sig att det varit någon sorts bråk mellan en man och en kvinna.</p>
<p>Efter ett tag grips en man i 40 års åldern  som misstänkt för misshandel . Mannen blev senare anhållen av åklagare. Det finns inga uppgifter om skador på den drabbade.</p>"
179360,2020-11-14,2020,Sammanfattning kväll,Bodens kommun,Boden,True,True,True,563,Sammanfattning över en lugn kväll.,"<p><strong>Boden klockan 17:55</strong></p>
<p>Klockan 17:55 stoppade patrull en personbil som framfördes av en man i 20 års ålder. Föraren fick en ordningsbot (främre sidoruta försedd med otillåten färgskit/film).</p>
<p><strong>Boden Kungsgatan klockan 18:00</strong></p>
<p>Klockan 18:00 omhändertog polispatrull en man i 20 års åldern för LOB (lagen om omhändertagande av berusad person). Mannen misstänks även för narkotikabrott genom innehav eftersom han bar narkotika på sig.</p>
<p>I övrigt en lugn kväll och polisen har inget övrigt att informera om.</p>"
179365,2020-11-15,2020,Sammanfattning natt,"Norrbotten, okänd kommun",,False,False,False,3,,nan
179427,2020-11-15,2020,Sammanfattning kväll,"Norrbotten, okänd kommun",,False,False,False,3,,nan
179442,2020-11-16,2020,Sammanfattning natt,"Norrbotten, okänd kommun",,False,False,False,258,Natten i Norrbottens län.,"<p>Det har varit en lugn natt i Norrbottens län.</p>
<p>Polisen har även utfört ett flertal kontroller av personer och fordon som inte har resulterat i någon brottsmisstanke.</p>
<p>Det finns inga ärenden att rapportera om från natten i Norrbottens län. </p>"
180817,2020-11-28,2020,Sammanfattning eftermiddag,"Norrbotten, okänd kommun",,False,False,False,110,En lugn eftermiddag och kväll,<p>Det har varit en lugn eflermiddag och kväll i norrbottens län. Polisen har ingenting att rapportera om.</p>
180901,2020-11-29,2020,Sammanfattning kväll,"Norrbotten, okänd kommun",,True,True,True,941,En lugn eftermiddag och kväll,"<p>Norrbottens län har haft en lugn eftermiddag.</p>
<p><strong>Piteå</strong></p>
<p>Strax efter klockan 15:00 fick polisen åka ut till en adress på Durrnäs i Piteå, en person som vägrade lämna platsen utaför målsägandens bostad. En man i 30- årsåldern blev avvisad från platsen.</p>

<p><strong>Luleå Hertsövägen </strong></p>
<p>Trafikbrott</p>
<p>Strax efter 17:00 rapporterades en förare för fortkörning. Personen godtog böter som skrevs ut på plats av polisen.</p>
<p><strong>Luleå Herstön </strong></p>
<p>Medborgarlöfte</p>
<p>Under eftermiddagen genomförde polisen en fotpatrull i Hertsön centrum i syfte att skapa trygghet. Det är en del av de medborgarlöfte som polisen har med Luleå kommun.  </p>
<p><strong>Kiruna Terassgatan</strong></p>
<p>Trafikbrott</p>
<p>Strax efter klockan 17 stoppades en bil på Terassgatan. Bilen var belagt med körförbud och föraren godtog böter för trafikbrottet. Polisen skrev ut böter på plats.</p>"
182042,2020-12-10,2020,Sammanfattning natt,"Norrbotten, okänd kommun",,True,False,False,94,"Norrbotten, en sammanfattning av nattens polisverksamhet","<p>Kl 00:00-06:45, det har varit en natt med få ärenden. Inga händelser att rapportera om.</p>"
182358,2020-12-12,2020,Sammanfattning kväll,"Norrbotten, okänd kommun",,True,True,True,879,Sammanfattning Norrbotten,"<p><strong>Älvsbyn – Skolgatan</strong></p>
<p>Klockan 19:32 stoppade polisen ett fordon. Föraren fick böter för otillåten belysning</p>

<p><strong>Pajala – Soukolovägen</strong></p>
<p>Klockan 19:58 stoppade polisen ett fordon. Föraren fick böter för störande och onödig körning.</p>

<p><strong>Gällivare – Malmberget</strong></p>
<p>Klockan 20:47 stoppar polispatrull ett fordon och utfärdade böter på plats för felaktigt användaden av belysning.</p>

<p><strong>Luleå -  Bensbyvägen</strong></p>
<p>Klockan 21:46 stoppar polispatrull ett fordon på Bensbyvägen i Luleå, Föraren, en man i 35-årsåldern, blev misstänkt för drograttfylleri och medtagen för provtagning. Efter provtagning och förhör fick mannen lämna.</p>

<p><strong>Rv 97 Harads</strong></p>
<p>Klockan 23:48 stoppade polisen ett fordon. Föraren använde inget bilbälte och polisen utfärdade böter på plats.</p>"
185598,2021-01-14,2021,Sammanfattning natt,Kiruna kommun,Kiruna,True,True,True,235,Ett urval av nattens polisverksamet 00.00-07.00,"<p>Det har varit en natt med normal arbetsbelastning. Polispatruller har arbetat med bland annat kontroll av personer och fordon.</p>
<p><strong>Kiruna, trafikbrott, kl 00.23</strong><br />En förare får böter för ej förankrad last.</p>"
186604,2021-01-23,2021,Sammanfattning kväll,"Norrbotten, okänd kommun",,True,False,False,70,Ett urval av kvällens händelser.,<p><strong>16:30 Lugnt i länet<br /></strong>Inget att rapportera.</p>
187605,2021-02-02,2021,Sammanfattning natt,"Norrbotten, okänd kommun",,True,False,False,70,Ett urval av nattens händelser.,<p><strong>00:30 Lugnt i länet<br /></strong>Inget att rapportera.</p>
187607,2021-02-03,2021,Sammanfattning natt,"Norrbotten, okänd kommun",,True,False,False,141,Ett urval av nattens händelser.,"<p><strong>00:30 Lugnt i länet<br /></strong>Inget att rapportera.</p>
<p><strong>04:00 Lugnt i länet<br /></strong>Inget att rapportera.</p>"
187609,2021-02-03,2021,Sammanfattning natt,"Norrbotten, okänd kommun",,True,False,False,330,Ett urval av nattens händelser.,"<p><strong>00:30 Lugnt i länet<br /></strong>Inget att rapportera.</p>
<p><strong>04:00 Lugnt i länet<br /></strong>Inget att rapportera.</p>
<p>Sammanfattningsvis har det varit en natt med låg arbetsbelastning. Polisen har även utfört ett flertal kontroller av personer och fordon som inte resulterat i någon brottsmisstanke.</p>"
187719,2021-02-04,2021,Sammanfattning natt,"Norrbotten, okänd kommun",,True,False,False,70,Ett urval av nattens händelser.,<p><strong>02:00 Lugnt i länet<br /></strong>Inget att rapportera.</p>
187720,2021-02-04,2021,Sammanfattning natt,"Norrbotten, okänd kommun",,True,False,False,330,Ett urval av nattens händelser.,"<p><strong>02:00 Lugnt i länet<br /></strong>Inget att rapportera.</p>
<p><strong>05:00 Lugnt i länet</strong><br />Inget att rapportera.</p>
<p>Sammanfattningsvis har det varit en natt med låg arbetsbelastning. Polisen har även utfört ett flertal kontroller av personer och fordon som inte resulterat i någon brottsmisstanke.</p>"
188190,2021-02-08,2021,Sammanfattning natt,"Norrbotten, okänd kommun",,True,False,False,70,Ett urval av nattens händelser.,<p><strong>00:30 Lugnt i länet<br /></strong>Inget att rapportera.</p>
188195,2021-02-09,2021,Sammanfattning natt,"Norrbotten, okänd kommun",,True,False,False,141,Ett urval av nattens händelser.,"<p><strong>00:30 Lugnt i länet<br /></strong>Inget att rapportera.</p>
<p><strong>03:30 Lugnt i länet</strong><br />Inget att rapportera.</p>"
188832,2021-02-15,2021,Sammanfattning natt,"Norrbotten, okänd kommun",,True,True,False,450,Ett urval av nattens händelser.,"<p>22:16 Störande bilkörning, Kalix<br />Polispatrull stoppar en personbil som framförts bullrigt. Föraren, en man född -98, rapporteras för onödig och störande körning.</p>
<p>Initialt en lugn natt i Norrbotten.</p>
<p><strong>Uppdatering 06:51</strong> (av Elisabeth Glaas, presstalesperson)</p>
<p>Det har varit en natt med låg arbetsbelastning. Polisen har utfört kontroller av personer och fordon som inte resulterat i någon brottsmisstanke.</p>"
189539,2021-02-21,2021,Sammanfattning natt,"Norrbotten, okänd kommun",,True,False,False,70,Ett urval av nattens händelser.,<p><strong>03:30 Lugnt i länet<br /></strong>Inget att rapportera.</p>
191978,2021-03-16,2021,Sammanfattning natt,"Norrbotten, okänd kommun",,True,False,False,70,Ett urval av nattens händelser,<p><strong>03:00 Lugnt i länet<br /></strong>Inget att rapportera.</p>
191979,2021-03-16,2021,Sammanfattning natt,"Norrbotten, okänd kommun",,True,False,False,215,Ett urval av nattens händelser,"<p><strong>03:00 Lugnt i länet<br /></strong>Inget att rapportera.</p>
<p><strong>06:00 Lugnt i länet<br /></strong>Inget att rapportera.</p>
<p>Sammanfattningsvis har det varit en natt med låg arbetsbelastning.</p>"
192097,2021-03-17,2021,Sammanfattning natt,"Norrbotten, okänd kommun",,True,False,False,70,Ett urval av nattens händelser,<p><strong>04:00 Lugnt i länet<br /></strong>Inget att rapportera.</p>
192101,2021-03-17,2021,Sammanfattning natt,"Norrbotten, okänd kommun",,True,False,False,144,Ett urval av nattens händelser,"<p><strong>04:00 Lugnt i länet<br /></strong>Inget att rapportera.</p>
<p>Sammanfattningsvis har det varit en natt med låg arbetsbelastning.</p>"
192576,2021-03-22,2021,Sammanfattning natt,"Norrbotten, okänd kommun",,True,False,False,311,Ett urval av nattens händelser,"<p><strong>00:56 - Lugn start på natten, inget att rapportera</strong></p>
<p><strong>04:54 - Fortsatt lugnt</strong> </p>
<p>Sammanfattningsvis har det varit en natt med låg arbetsbelastning. Polisen har även utfört ett flertal kontroller av personer och fordon som inte resulterat i någon brottsmisstanke.</p>"
194554,2021-04-12,2021,Sammanfattning natt,"Norrbotten, okänd kommun",,False,False,False,152,Ett urval av nattens polisverksamhet.,<p>Det har varit en natt med låg arbetsbelastning. Polisen har utfört kontroller av personer och fordon som inte resulterat i någon brottsmisstanke.</p>
194721,2021-04-13,2021,Sammanfattning natt,"Norrbotten, okänd kommun",,False,False,True,272,Ett urval av nattens polisverksamhet.,<p>Det har varit en natt med relativt låg arbetsbelastning. En person har omhändertagits med stöd av lagen om omhändertagande av berusade personer (LOB). Polisen har även utfört ett flertal kontroller av personer och fordon som inte resulterat i någon brottsmisstanke.</p>
194948,2021-04-15,2021,Sammanfattning natt,"Norrbotten, okänd kommun",,False,False,False,104,Nattens polisverksamhet i Norrbottens län.,<p>Det har varit en natt med få ärenden i Norrbottens län. Det finns inga ärenden att rapportera om.</p>
195139,2021-04-17,2021,Sammanfattning natt,"Norrbotten, okänd kommun",,True,False,False,276,Ett urval av nattens händelser,"<p><strong>03:30 Lugnt i länet<br /></strong>Inget att rapportera</p>

<p>Sammanfattningsvis har det varit en natt med låg arbetsbelastning i Norrbottens län. <br /> Polisen har utfört ett flertal kontroller av personer och fordon och några har resulterat i ordningsböter.</p>"
195323,2021-04-19,2021,Sammanfattning natt,"Norrbotten, okänd kommun",,True,False,False,70,Ett urval av nattens händelser,<p><strong>02:00 Lugnt i länet<br /></strong>Inget att rapportera.</p>
195327,2021-04-19,2021,Sammanfattning natt,"Norrbotten, okänd kommun",,True,False,False,141,Ett urval av nattens händelser,"<p><strong>02:00 Lugnt i länet<br /></strong>Inget att rapportera.</p>
<p><strong>04:45 Lugnt i länet</strong><br />Inget att rapportera.</p>"
196228,2021-04-26,2021,Sammanfattning natt,"Norrbotten, okänd kommun",,True,False,False,70,Ett urval av nattens händelser,<p><strong>01:15 Lugnt i länet<br /></strong>Inget att rapportera.</p>
196935,2021-05-02,2021,Sammanfattning natt,"Norrbotten, okänd kommun",,False,False,False,3,,nan
199541,2021-05-25,2021,Sammanfattning natt,"Norrbotten, okänd kommun",,False,False,False,215,Ett urval av nattens polisverksamhet 07:00–22:00.,"<p>Det har varit en natt med låg arbetsbelastning.</p>
<p>Polisen har utfört kontroller av personer och fordon som inte resulterat i någon brottsmisstanke.</p>
<p>I övrigt finns inga händelser att rapportera om.</p>"
203102,2021-06-26,2021,Sammanfattning natt,"Norrbotten, okänd kommun",,True,False,False,146,Ingen rapportering,<p>På grund av hög arbetsbelastning hinner det inte läggas ut något till media i natt. Kommunikationsansvarig sammanfattar efter klockan 07:00</p>
204674,2021-07-12,2021,Sammanfattning natt,"Norrbotten, okänd kommun",,False,False,True,217,Ett urval av nattens polisverksamhet.,<p>Det har varit en natt med normal arbetsbelastning. Två personer har omhändertagits för fylleri. Polisen har även utfört ett flertal kontroller av personer och fordon som inte resulterat i någon brottsmisstanke.</p>
210038,2021-09-08,2021,Sammanfattning natt,"Norrbotten, okänd kommun",,False,False,True,212,Ett urval av nattens polisverksamhet.,<p>Det har varit en natt med låg arbetsbelastning. Två personer har omhändertagits för fylleri. Polisen har även utfört ett antal kontroller av personer och fordon som inte resulterat i någon brottsmisstanke.</p>
211829,2021-09-24,2021,Sammanfattning natt,"Norrbotten, okänd kommun",,False,False,False,116,Ett urval av nattens polisverksamhet.,<p>Polisen har utfört ett flertal kontroller av personer och fordon som inte resulterat i någon brottsmisstanke.</p>
213080,2021-10-06,2021,Sammanfattning natt,Piteå kommun,Piteå,True,True,True,553,Sammanfattning av nattens händelser Norrbotten/Västerbotten,"<p>Piteå Centrum 22:40<br />I samband med ett fordonstopp uppkommer misstanke om att föraren framfört fordonet under påverkan av narkotika.</p>
<p>De två passagerarna som färdats i fordonet rapporteras för ringa narkotikabrott - eget bruk.</p>
<p>Föraren samt de två passagerarna tas med för kroppsbesiktning.<br /><br />---------<br /><br />Skellefteå, Järnvägsleden 01:00</p>
<p>I samband med ett fordonsstopp uppdagas att föraren av fordonet saknar behörighet att framföra detta.</p>
<p>En anmälan gällande olovlig körning upprättas av patrullen.</p>"
215496,2021-10-27,2021,Sammanfattning natt,"Norrbotten, okänd kommun",,True,False,False,70,Ett urval av nattens händelser,<p><strong>00:40 Lugnt i länet<br /></strong>Inget att rapportera.</p>
215628,2021-10-28,2021,Sammanfattning natt,"Norrbotten, okänd kommun",,True,False,False,70,Ett urval av nattens händelser,<p><strong>01:30 Lugnt i länet<br /></strong>Inget att rapportera.</p>
216141,2021-11-03,2021,Sammanfattning natt,"Norrbotten, okänd kommun",,False,False,False,79,Nattens polisverksamhet i Norrbottens län.,<p>Det finns inga ärenden att rapportera om från natten i Norrbottens län. </p>
219005,2021-11-29,2021,Sammanfattning natt,"Norrbotten, okänd kommun",,False,False,False,41,"Norrbotten, nattens polisverksamhet kl 00:00-07:00",<p>Inga händelser att rapportera om. </p>
219626,2021-12-04,2021,Sammanfattning natt,Piteå kommun,Piteå,True,True,True,667,Ett axplock av händelser under natten,"<p>Vid 01:22 beordras polispatrull till ett av uteställena i Piteå med anledning av att en man utsatts för en misshandel på dansgolvet.  Patrullen tar upp en anmälan och en man i 20-års åldern rapporteras som misstänkt i ärendet.</p>
<p>Klockan 02:51 kontrolleras föraren av en personbil i centrala delarna av Piteå. Vid kontrollen blåser föraren positivt i sållningsinstrumentet och medtas för kroppsbesiktning på stationen. Efter provtagning omhändertas förarens bilnycklar för att förhindra fortsatt färd. En anmälan gällande rattfylleri upprättas.</p>
<p>Under natten har fyra personer omhändertagits för fylleri eller avvisats i samband med ordningsstörning.</p>"
220300,2021-12-10,2021,Sammanfattning natt,"Norrbotten, okänd kommun",,True,False,False,70,Ett urval av nattens händelser,<p><strong>02:00 Lugnt i länet<br /></strong>Inget att rapportera.</p>
221643,2021-12-23,2021,Sammanfattning natt,Kiruna kommun,Kiruna,False,True,False,181,"Norrbotten, ett urval av nattens polisverksamhet kl 00:00-07:00",<p>Polisen har kontrollerat ett antal personer och fordon som inte resulterat i någon brottsmisstanke. En förare i Kiruna har dock fått böter på grund av hastighetsöverträdelse.</p>
222133,2021-12-29,2021,Sammanfattning natt,"Norrbotten, okänd kommun",,False,False,False,100,En lugn kväll och natt,<p>Det har varit en lugn kväll och natt i Norrbottens Län. Polisen har inget att rapportera om. </p>
222543,2022-01-02,2022,Sammanfattning kväll,"Norrbotten, okänd kommun",,True,False,False,70,Ett urval av kvällens händelser,<p><strong>18:00 Lugnt i länet<br /></strong>Inget att rapportera.</p>
222922,2022-01-06,2022,Sammanfattning kväll,"Norrbotten, okänd kommun",,True,False,False,70,Ett urval av kvällens händelser,<p><strong>19:30 Lugnt i länet<br /></strong>Inget att rapportera.</p>
224228,2022-01-20,2022,Sammanfattning natt,"Norrbotten, okänd kommun",,False,False,False,29,En mycket lugn natt i hela Norrbottens län.,<p>Inget att rapportera. </p>
224680,2022-01-25,2022,Sammanfattning natt,"Norrbotten, okänd kommun",,False,True,False,237,"Norrbotten, ett urval av nattens polisverksamhet","<p>Det har varit en natt med få ärenden. En förare i Gällivare har fått böter på grund av att han kört en bil med körförbud.</p>
<p>I Piteå centrum har hastigheten i trafiken kontrollerats under tidig morgon, utan några anmärkningar.</p>"
224890,2022-01-26,2022,Sammanfattning kväll,"Norrbotten, okänd kommun",,False,False,False,77,Lugnt i Norrbottens län.,<p>Det finns just nu inga ärenden att rapportera om från Norrbottens län.</p>
225139,2022-01-29,2022,Sammanfattning natt,"Norrbotten, okänd kommun",,True,True,True,1351,Sammanfattning av nattens händelser,"<p><strong>Haparanda</strong> <br /> Klockan 22:15 stoppade polisen ett fordon, efter ett kort förföljande. Vid kontrollen fattade polisen misstanke om rattfylleri. Föraren fick följa med för provtagning och förhör. Efter utredningsåtgärderna blev föraren släppt. Föraren är en man i 20-årsåldern.</p>
<p><strong>Luleå</strong> <br /> Klockan 22:30 fick en patrull åka till en plats nära Filmstaden i Luleå. Anledningen var att en man hade blivit påhoppad av ett ungdomsgäng som slagit målsäganden. Polisen upprättar en anmälan om misshandel. Målsäganden hade inget vårdbehov när polisen kom till platsen.</p>
<p><strong>Jokkmokk</strong> <br /> Klockan 23:06 fick polis, ambulans och räddningstjänst larm om en trafikolycka på E45 söder om Kåbdalis. En personbil som voltat. Föraren var vaken och talbar och fördes med ambulans till sjukvård. Polis upprättar en anmälan gällande trafikolyckan, utan misstanke om brott.</p>
<p>Uppdaterad klockan 04.54</p>
<p><strong>Boden </strong><br />Strax efter klockan 02:00 ringde allmänhet till polisen om ett fordon som vinglat över vägbanan på riksväg 97. Polis beordrades till platsen och kunde stoppa fordonet. Vid kontroll av föraren uppstod misstabke om rattfylleri och föraren fick följa med för provtagning. Föraren är en man i 50-årsåldern. Efter provtagning blev mannen omhändertagen enligt LOB. </p>"
225311,2022-01-31,2022,Sammanfattning natt,"Norrbotten, okänd kommun",,False,False,False,106,En lugn natt i norrbottens län,<p>det har varit en lugn natt i hela norrbottens län i natt. Polisen har ingenting att rapportera om. </p>
225404,2022-02-01,2022,Sammanfattning natt,"Norrbotten, okänd kommun",,False,False,False,50,Lugn natt,<p>Inget att rapportera från Norrbottens län. </p>
226052,2022-02-07,2022,Sammanfattning helg,Piteå kommun,Piteå,False,True,False,610,"Sammanfattning av polisens arbete i samband med Race of champions, Pite havsbad.","<p>Under helgen har motorsportstävlingen Race of champions pågått på Pite havsbad. Arrangemanget var mycket välbesökt med publik och deltagare från flera olika länder.</p>
<p>Polisen Piteå älvdal och trafikenheten Luleå har närvarat på platsen för ordningshållning samt hantering av eventuell trafikrelaterade problem som kunde uppstå på platsen.</p>
<p>Arrangemanget har dock inte renderat i några händelser utan rapporteras ha varit väldigt lugn.</p>
<p>Polisen har haft en god samverkan med arrangörer samt andra aktörer på plats. Många trevliga och givande möten med medborgare sammanfattar helgen väl.</p>"
227941,2022-02-26,2022,Sammanfattning natt,"Norrbotten, okänd kommun",,True,True,True,1127,Axplock av händelser under natten,"<p><strong>Luleå</strong></p>
<p>Fyra personer har omhändertagits för berusning under natten.</p>
<p><strong>Misshandel Hertsön Luleå 00:46</strong></p>
<p>Allmänhet ringer in från en adress i bostadsområdet Hertsön då de hört tjafs mellan flera personer i ett trapphus.</p>
<p>Patrull som beordras till platsen träffar två kvinnor som uppger att de utsatts för misshandel.</p>
<p>En anmälan gällande misshandel upprättas och en ambulans tillkallas för att göra en översyn på de skador de inblandade uppger att de tillfogats i samband med händelsen.</p>
<p>Ingen är frihetsberövad i ärendet.</p>
<p><strong>Boden</strong></p>
<p>Narkotikabrott Boden 23:40</p>
<p>I samband med patrull kontrollerar ett fordon uppstår det misstanke gällande narkotikabrott hos en av passagerarna som färdats i bilen.</p>
<p>Mannen tas med för kroppbesiktning.</p>
<p>Patrullen anträffar även en mindre mängd misstänkt narkotika som tas i beslag för att en vidare analys ska genomföras.</p>
<p>En anmälan gällande narkotikabrott upprättas.</p>
<p><br /><strong>Piteå</strong></p>
<p>Två personer har omhändertagits för berusning </p>
<p>-----</p>"
229604,2022-03-15,2022,Sammanfattning natt,"Norrbotten, okänd kommun",,False,False,False,104,Ett urval av nattens polisverksamhet.,<p>Polisen har utfört kontroller av personer och fordon som inte resulterat i någon brottsmisstanke.</p>
230922,2022-03-31,2022,Sammanfattning natt,"Norrbotten, okänd kommun",,False,False,False,106,"Norrbotten, ett urval av nattens polisverksamhet",<p>Polisen har kontrollerat ett antal personer och fordon som inte resulterat i någon brottsmisstanke.</p>
232470,2022-04-18,2022,Sammanfattning natt,"Norrbotten, okänd kommun",,False,False,False,168,Ett urval av nattens polisverksamhet 22:00–07:00.,<p>Polisen har under natten utfört kontroller av personer och fordon som inte resulterat i någon brottsmisstanke samt hanterat ärenden kopplade till psykisk ohälsa.</p>
233174,2022-04-27,2022,Sammanfattning natt,"Norrbotten, okänd kommun",,False,False,False,92,En lugn natt i Norrbotten,<p>Polisen har haft en lugn natt i Norrbottens län. Vi har ingenting att rapportera om. </p>
233748,2022-05-03,2022,Sammanfattning natt,"Norrbotten, okänd kommun",,False,False,False,29,Lugn natt.,<p>Inget att rapportera. </p>
234943,2022-05-16,2022,Sammanfattning natt,"Norrbotten, okänd kommun",,False,False,False,3,"Norrbotten, inga händelser att rapportera om",nan
236243,2022-05-31,2022,Sammanfattning natt,"Norrbotten, okänd kommun",,False,False,False,106,"Norrbotten, ett urval av nattens polisverksamhet",<p>Polisen har kontrollerat ett antal personer och fordon som inte resulterat i någon brottsmisstanke.</p>
236696,2022-06-04,2022,Sammanfattning kväll,"Norrbotten, okänd kommun",,True,True,True,818,Sammanfattning kväll,"<p><strong>Gällivare</strong> <br />Strax efter 19:00 stoppar polisen ett fordon i Gällivare under. Föraren, en man i 20-årsåldern blir misstänkt för drograttfylleri och får följa med för provtagning. Efter förhöret fick mannen gå. </p>
<p>Strax innan klockan 22:00 stoppar polisen ett fordon i området Malmberget. Föraren, en man i 30-årsåldern, blir misstänkt för drograttfylleri. Han fick följa med för provtagning och förhör. Därefter fick han lämna polisstationen.</p>
<p><br /><strong>LULEÅ</strong><br />Klockan 22:30 omhändertogs en man för fylleri på Sunderby sjukhus. Mannen är i 60-årsåldern och han får sova ruset av sig på polisstationen.</p>
<p><br /><strong>BODEN</strong> <br />Klockan 21:30 greps en man för ringa stöld på en matbutik i Boden. Mannen är 20-årsåldern, han fick lämna efter förhör. </p>"
239961,2022-07-14,2022,Sammanfattning natt,"Norrbotten, okänd kommun",,False,False,False,43,Ett urval av nattens polisverksamhet 22:00–07:00.,<p>Inget att rapportera om från natten.</p>
240808,2022-07-25,2022,Sammanfattning natt,Luleå kommun,Luleå,False,True,False,363,Ett urval av nattens polisverksamhet.,"<p>Polisen har utfört ett flertal kontroller av personer och fordon som inte resulterat i någon brottsmisstanke.</p>
<p>Här följer ett urval av nattens händelser:</p>
<p>Strax före klockan 21 på söndagen beordras polis till en adress i Luleå med anledning av misstänkt lägenhetsinbrott. En man och en kvinna anträffas och grips, de anhålls senare av åklagare.</p>"
240874,2022-07-26,2022,Sammanfattning natt,Gällivare kommun,Gällivare,False,True,False,240,"Norrbotten, ett urval av nattens polisverksamhet","<p>Det har varit en natt med relativt få ärenden. Bland annat har trafikkontroller hållits på olika platser, där majoriteten passerat utan några anmärkningar. En förare i Gällivare har dock fått böter på grund av hastighetsöverträdelse.</p>"
242038,2022-08-10,2022,Sammanfattning natt,"Norrbotten, okänd kommun",,False,False,True,198,"Norrbotten, ett urval av nattens polisverksamhet","<p>Två personer har omhändertagits för fylleri, varav en misstänks för våldsamt motstånd. Polisen har även kontrollerat ett antal personer och fordon som inte resulterat i någon brottsmisstanke.</p>"
242529,2022-08-15,2022,Sammanfattning natt,"Norrbotten, okänd kommun",,True,False,False,452,Ett urval av nattens händelser,"<p><strong>01:02 - Lugn start på natten, inget att rapportera</strong></p>
<p><strong>03:55 - Fortsatt lugnt i länet</strong></p>
<p>Polisen har utfört ett flertal kontroller av personer och fordon som inte resulterat i någon brottsmisstanke.</p>
<p><strong>Sammanfattningsvis </strong>har det varit en natt med låg arbetsbelastning. Polisen har även utfört ett flertal kontroller av personer och fordon som inte resulterat i någon brottsmisstanke.</p>"
244305,2022-09-06,2022,Sammanfattning natt,"Norrbotten, okänd kommun",,False,False,False,29,Lugn natt,<p>Inget att rapportera. </p>
244745,2022-09-11,2022,Sammanfattning natt,"Norrbotten, okänd kommun",,False,False,True,352,"Norrbotten, ett urval av nattens polisverksamhet","<p>Efter midnatt, fem personer har omhändertagits för fylleri och en har fått medfölja för provtagning efter misstanke om narkotikabrott. Polisen har även kontrollerat ett antal personer och fordon som inte resulterat i någon brottsmisstanke. En förare har dock fått böter på grund av att han vid omkörning ""ej lämnat betryggande avstånd i sidled"".</p>"
244961,2022-09-14,2022,Sammanfattning natt,"Norrbotten, okänd kommun",,False,False,False,104,Ett urval av nattens polisverksamhet.,<p>Polisen har utfört kontroller av personer och fordon som inte resulterat i någon brottsmisstanke.</p>
245524,2022-09-21,2022,Sammanfattning natt,"Norrbotten, okänd kommun",,False,False,False,173,Ett urval av nattens polisverksamhet 22:00–07:00.,"<p>Polisen har under natten utfört kontroller av personer och fordon som inte resulterat i någon brottsmisstanke.</p>
<p>I övrigt finns inga händelser att rapportera om.</p>"
246107,2022-09-28,2022,Sammanfattning natt,Gällivare kommun,Gällivare,False,False,False,3,,nan
247659,2022-10-16,2022,Sammanfattning kväll,"Norrbotten, okänd kommun",,True,False,False,70,Ett urval av kvällens händelser,<p><strong>19:00 Lugnt i länet<br /></strong>Inget att rapportera.</p>
247662,2022-10-16,2022,Sammanfattning kväll,"Norrbotten, okänd kommun",,True,False,False,141,Ett urval av kvällens händelser,"<p><strong>19:00 Lugnt i länet<br /></strong>Inget att rapportera.</p>
<p><strong>21:00 Lugnt i länet</strong><br />Inget att rapportera.</p>"
247988,2022-10-20,2022,Sammanfattning natt,"Norrbotten, okänd kommun",,False,False,False,224,Ett urval av nattens polisverksamhet 22:00–07:00.,"<p>Polisen har under natten utfört kontroller av personer och fordon som inte resulterat i någon brottsmisstanke samt hanterat ärenden kopplade till psykisk ohälsa.</p>
<p>I övrigt finns inga händelser att rapportera om.</p>"
248097,2022-10-21,2022,Sammanfattning natt,"Norrbotten, okänd kommun",,False,False,False,130,Ett urval av nattens polisverksamhet.,"<p>Polisen har utfört ett antal kontroller av personer och fordon.</p>
<p>Det finns inga ärenden att rapportera om från länet.</p>"
249241,2022-11-03,2022,Sammanfattning natt,"Norrbotten, okänd kommun",,False,False,False,41,Natten i Norrbotten,<p>Natten är väldig lugn i Norrbotten</p>
253056,2022-12-17,2022,Sammanfattning kväll,Bodens kommun,Boden,True,True,False,443,"Norrbottens län, sammanfattning från kvällen","<p>Kvällen i Norrbottens län har för polisens del bland annat innefattat fordonskontroller och besök på offentliga tillställningar. En relativt lugn kväll hittills.</p>
<p>Ca 21:30, Boden. En personbil fick sladd vid en järnvägsövergång och hamnade mellan bommarna. Därefter kom ett tåg som körde in i bilen. Inga personer var kvar i bilen när tåget kollliderade med bilen och ingen skadades. Föraren är misstänkt för vårdslöshet i trafik.</p>"
253634,2022-12-24,2022,Sammanfattning natt,"Norrbotten, okänd kommun",,False,False,False,188,Ett urval av nattens polisverksamhet klockan 00:00-07:00:,"<p>Polisen har utfört kontroller av personer och fordon som inte har lett till någon misstanke om brott.</p>
<p>Det finns inga ärenden att rapportera om från natten i Norrbottens län. </p>"
253917,2022-12-28,2022,Sammanfattning natt,"Norrbotten, okänd kommun",,False,False,False,107,"Norrbotten, ett urval av nattens polisverksamhet",<p>Polisen har kontrollerat ett antal personer och fordon som inte resulterat i någon brottsmisstanke. </p>
256644,2023-01-31,2023,Sammanfattning natt,"Norrbotten, okänd kommun",,False,False,False,160,Ett urval av nattens polisverksamhet 22:00–07:00.,"<p>Polisen har utfört kontroller av personer och fordon som inte resulterat i någon brottsmisstanke.</p>
<p>I övrigt finns inga händelser att rapportera om.</p>"
257531,2023-02-10,2023,Sammanfattning natt,"Norrbotten, okänd kommun",,False,False,False,104,Ett urval av nattens polisverksamhet.,<p>Polisen har utfört kontroller av personer och fordon som inte resulterat i någon brottsmisstanke.</p>
257734,2023-02-13,2023,Sammanfattning natt,"Norrbotten, okänd kommun",,False,False,True,173,Ett urval av nattens polisverksamhet.,"<p>Två personer har omhändertagits för fylleri.</p>
<p>Polisen har även utfört ett flertal kontroller av personer och fordon som inte resulterat i någon brottsmisstanke.</p>"
258395,2023-02-21,2023,Sammanfattning natt,Kiruna kommun,Kiruna,True,True,False,254,"Norrbotten, ett urval av nattens polisverksamhet","<p>Kl 00:00-07:00, polisen har kontrollerat ett antal personer och fordon som inte resulterat i någon brottsmisstanke.</p>
<p>En lastbil har kolliderat med två renar på länsväg 395 i Vittangi, Kiruna, under natten. Inga personskador har rapporterats.</p>"
260543,2023-03-21,2023,Sammanfattning natt,Bodens kommun,Boden,False,True,False,174,"Norrbotten, ett urval av nattens polisverksamhet",<p>Under natten har polisen hållit trafikkontroller på E4 och vid Notviksrondellen i Luleå samt på riksväg 97 i Boden. Kontrollerna  har avlutats utan några anmärkningar.</p>
261260,2023-03-30,2023,Sammanfattning natt,"Norrbotten, okänd kommun",,False,False,True,83,"Norrbotten, ett urval av polisens arbete under natten",<p>Inga händelser att rapportera om. En person har omhändertagits för fylleri. </p>
265463,2023-05-24,2023,Sammanfattning natt,"Norrbotten, okänd kommun",,False,False,False,3,"Norrbotten, inga händelser att rapportera om",nan
267580,2023-06-20,2023,Sammanfattning natt,"Norrbotten, okänd kommun",,False,False,False,3,Inget att rapportera.,nan
267790,2023-06-23,2023,Sammanfattning natt,"Norrbotten, okänd kommun",,False,False,True,217,Ett urval av nattens polisverksamhet 22:00-07:00.,"<p>Två personer har omhändertagits för fylleri.</p>
<p>Polisen har även utfört kontroller av personer och fordon som inte resulterat i någon brottsmisstanke.</p>
<p>I övrigt finns inga händelser att rapportera om.</p>"
268364,2023-07-03,2023,Sammanfattning natt,"Norrbotten, okänd kommun",,False,False,False,3,"Norrbotten, inga händelser att rapportera om",nan
269631,2023-07-24,2023,Sammanfattning natt,Bodens kommun,Boden,False,True,False,255,Ett urval av nattens polisverksamhet,"<p>Polisen har utfört kontroller av personer och fordon på flera platser i länet.</p>
<p>I Boden kontrollerades ett 20 tal personer för nykterhet där alla var nyktra.<br />Tre personer fick böter på grund av hög hastighet och ett körkort omhändertogs.</p>"
271605,2023-08-23,2023,Sammanfattning natt,"Norrbotten, okänd kommun",,False,False,False,174,Ett urval av nattens polisverksamhet i Norrbotten.,"<p>Det har varit en natt med normal arbetsbelastning.</p>
<p>Polisen har utfört ett flertal kontroller av personer och fordon som inte resulterat i någon brottsmisstanke.</p>"
272321,2023-09-01,2023,Sammanfattning natt,"Norrbotten, okänd kommun",,True,False,True,99,"Norrbotten, ett urval av nattens polisverksamhet","<p>Kl 00:00-07:00, inga händelser att rapportera om. En person har omhändertagits för fylleri. </p>"
272528,2023-09-04,2023,Sammanfattning natt,"Norrbotten, okänd kommun",,False,False,False,106,"Norrbotten, ett urval av nattens polisverksamhet",<p>Polisen har kontrollerat ett antal personer och fordon som inte resulterat i någon brottsmisstanke.</p>
273034,2023-09-11,2023,Sammanfattning natt,"Norrbotten, okänd kommun",,True,False,False,122,Ett urval av nattens polisverksamhet i länet,"<p>Kl 00:00-07:00, polisen har kontrollerat ett antal personer och fordon som inte resulterat i någon brottsmisstanke.</p>"
273283,2023-09-14,2023,Sammanfattning natt,"Norrbotten, okänd kommun",,False,False,False,106,"Norrbotten, ett urval av nattens polisverksamhet",<p>Polisen har kontrollerat ett antal personer och fordon som inte resulterat i någon brottsmisstanke.</p>
275181,2023-10-09,2023,Sammanfattning natt,"Norrbotten, okänd kommun",,False,False,False,3,"Norrbotten, inga händelser att rapportera om",nan
275408,2023-10-12,2023,Sammanfattning natt,"Norrbotten, okänd kommun",,False,False,False,116,Ett urval av nattens polisverksamhet.,<p>Polisen har utfört ett flertal kontroller av personer och fordon som inte resulterat i någon brottsmisstanke.</p>
278073,2023-11-22,2023,Sammanfattning natt,"Norrbotten, okänd kommun",,False,False,False,40,Dagens presstalesperson är på plats.,<p>Inga händelser att rapportera om.</p>
279348,2023-12-11,2023,Sammanfattning natt,"Norrbotten, okänd kommun",,False,False,False,61,Nattens polisverksamhet i Norrbottens län.,<p>Det finns inga ärenden att rapportera om från natten. </p>
283290,2024-02-07,2024,Sammanfattning natt,"Norrbotten, okänd kommun",,False,False,False,185,Ett urval av nattens polisverksamhet,"<p>Under natten har polisen utfört ett flertal kontroller av personer och fordon som inte resulterat i någon brottsmisstanke.</p>
<p>I övrigt finns inga händelser att rapportera om.</p>"
284842,2024-03-01,2024,Sammanfattning natt,"Norrbotten, okänd kommun",,False,False,False,172,Ett urval av nattens polisverksamhet 22:00-07:00,"<p>Polisen har utfört ett flertal kontroller av personer och fordon som inte resulterat i någon brottsmisstanke.</p>
<p>I övrigt finns inga händelser att rapportera om.</p>"
285153,2024-03-06,2024,Sammanfattning natt,"Norrbotten, okänd kommun",,False,True,False,133,"Norrbotten, ett urval av nattens polisverksamhet","<p>Polisen har hållit ett antal trafikkontroller under natten, i Gällivare och Piteå. I övrigt, inga händelser att rapportera om.</p>"
285320,2024-03-08,2024,Sammanfattning natt,"Norrbotten, okänd kommun",,False,False,False,168,Ett urval av nattens polisverksamhet 22.00-07.00.,<p>Polisen har under natten utfört kontroller av personer och fordon som inte resulterat i någon brottsmisstanke samt hanterat ärenden kopplade till psykisk ohälsa.</p>
285484,2024-03-11,2024,Sammanfattning natt,"Norrbotten, okänd kommun",,False,False,False,173,Ett urval av nattens polisverksamhet 22.00-07.00.,"<p>Polisen har under natten utfört kontroller av personer och fordon som inte resulterat i någon brottsmisstanke.</p>
<p>I övrigt finns inga händelser att rapportera om.</p>"
285708,2024-03-15,2024,Sammanfattning natt,"Norrbotten, okänd kommun",,False,False,False,95,Nattens polisverksamhet i Norrbottens län.,"<p>Det har varit en lugn natt i Norrbottens län, det finns inga ärenden att rapportera om. </p>"
286864,2024-04-02,2024,Sammanfattning natt,"Norrbotten, okänd kommun",,False,False,False,114,Ett urval av nattens polisverksamhet.,<p>Polisen har utfört ett antal kontroller av personer och fordon som inte resulterat i någon brottsmisstanke.</p>
287098,2024-04-05,2024,Sammanfattning natt,"Norrbotten, okänd kommun",,False,False,False,160,Ett urval av nattens polisverksamhet 22.00-07.00.,"<p>Polisen har utfört kontroller av personer och fordon som inte resulterat i någon brottsmisstanke.</p>
<p>I övrigt finns inga händelser att rapportera om.</p>"
287359,2024-04-09,2024,Sammanfattning natt,Kiruna kommun,Kiruna,True,True,False,408,Ett urval av nattens polisverksamhet 22:00-07:00,"<p>05:12, Kiruna, E10</p>
<p>En personbil har voltat och ligger i diket. Polis och räddningstjänst åker till platsen. Föraren, en kvinna, ska ha klarat sig bra. Polisen misstänker inget brott i samband med händelsen. Bilen är kvar på olycksplatsen och kommer att bärgas under dagen.</p>
<p>Polisen har även utfört ett flertal kontroller av personer och fordon som inte resulterat i någon brottsmisstanke.</p>"
287501,2024-04-11,2024,Sammanfattning natt,"Norrbotten, okänd kommun",,False,False,False,106,"Norrbotten, ett urval av nattens polisverksamhet",<p>Polisen har kontrollerat ett antal personer och fordon som inte resulterat i någon brottsmisstanke.</p>
289807,2024-05-15,2024,Sammanfattning natt,"Norrbotten, okänd kommun",,False,False,False,106,"Norrbotten, ett urval av nattens polisverksamhet",<p>Polisen har kontrollerat ett antal personer och fordon som inte resulterat i någon brottsmisstanke.</p>
290237,2024-05-21,2024,Sammanfattning natt,"Norrbotten, okänd kommun",,False,False,False,3,"Norrbotten, inga händelser att rapportera om",nan
291858,2024-06-12,2024,Sammanfattning natt,"Norrbotten, okänd kommun",,False,False,False,3,"Norrbotten, inga händelser att rapportera om.",nan
292357,2024-06-18,2024,Sammanfattning natt,"Norrbotten, okänd kommun",,False,False,False,167,Ett urval av polisens arbete klockan 22:00-07:00,<p>Polisen har utfört kontroller av ett antal personer och fordon som inte har resulterat i någon brottsmisstanke. I övrigt finns inga händelser att rapportera om.</p>
294534,2024-07-23,2024,Sammanfattning natt,Arvidsjaurs kommun,Arvidsjaur,False,True,False,308,"Norrbotten, ett urval av nattens polisverksamhet","<p>Polisen har kontrollerat ett antal personer och fordon som inte resulterat i någon brottsmisstanke.</p>
<p>Under tidig morgon anmälde en bilförare att han kolliderat med en ren på riksväg 95 söder om Abborrträsk, Arvidsjaur. Inga personskador, renen lämnade platsen. Samebyn informerades om händelsen.</p>"
297295,2024-09-04,2024,Sammanfattning natt,"Norrbotten, okänd kommun",,False,False,False,167,Ett urval av polisens arbete klockan 22:00 – 07:00,<p>Polisen har utfört kontroller av ett antal personer och fordon som inte har resulterat i någon brottsmisstanke. I övrigt finns inga händelser att rapportera om.</p>
297472,2024-09-06,2024,Sammanfattning natt,"Norrbotten, okänd kommun",,False,False,False,79,Nattens polisverksamhet i Norrbottens län.,<p>Det finns inga ärenden att rapportera om från natten i Norrbottens län. </p>
298514,2024-09-20,2024,Sammanfattning natt,Luleå kommun,Luleå,False,True,False,412,"Norrbotten, ett urval av nattens polisverksamhet","<p>Under tidig morgon inkom samtal från Luleå gällande en vinglig färd. En bilist uppgavs bland annat ha kört över trottoarer. Föraren kunde strax därefter stoppas för kontroll. Nykterheten kontrollerades, utan några anmärkningar. Föraren fick dock böter på grund av att hon kört på gångväg. </p>
<p>I övrigt har polisen kontrollerat ett antal personer och fordon som inte resulterat i någon brottsmisstanke.</p>"
298780,2024-09-24,2024,Sammanfattning natt,"Norrbotten, okänd kommun",,False,False,False,192,Ett urval av nattens verksamhet 00.00-07.00,"<p>Det har varit en natt med normal arbetsbelastning.</p>
<p>Polisen har utfört kontroller av personer och fordon på ett flertal platser i länet. Ingen resulterade i någon brottsmisstanke.</p>"
298796,2024-09-24,2024,Sammanfattning natt,"Norrbotten, okänd kommun",,False,False,False,192,Ett urval av nattens verksamhet 00.00-07.00,"<p>Det har varit en natt med normal arbetsbelastning.</p>
<p>Polisen har utfört kontroller av personer och fordon på ett flertal platser i länet. Ingen resulterade i någon brottsmisstanke.</p>"
299174,2024-09-30,2024,Sammanfattning natt,"Norrbotten, okänd kommun",,False,False,False,167,Ett urval av polisens arbete klockan 22:00 – 07:00,<p>Polisen har utfört kontroller av ett antal personer och fordon som inte har resulterat i någon brottsmisstanke. I övrigt finns inga händelser att rapportera om.</p>
299822,2024-10-09,2024,Sammanfattning natt,"Norrbotten, okänd kommun",,False,False,False,163,Ett urval av polisens arbete klockan 22:00 – 07:00,<p>Polisen har utfört kontroller av ett antal personer och fordon som inte resulterat i någon brottsmisstanke. I övrigt finns inga händelser att rapportera om.</p>
299975,2024-10-11,2024,Sammanfattning natt,"Norrbotten, okänd kommun",,False,False,False,69,Nattens polisverksamhet i Norrbottens län.,<p>Det finns inga ärenden att rapportera om från natten i länet. </p>
300316,2024-10-16,2024,Sammanfattning natt,"Norrbotten, okänd kommun",,False,False,False,117,Ett urval av nattens polisverksamhet 22.00–07.00.,<p>Polisen har under natten utfört kontroller av personer och fordon som inte resulterat i någon brottsmisstanke.</p>
300669,2024-10-21,2024,Sammanfattning natt,"Norrbotten, okänd kommun",,False,False,False,116,Ett urval av nattens polisverksamhet.,<p>Polisen har utfört ett flertal kontroller av personer och fordon som inte resulterat i någon brottsmisstanke.</p>
300908,2024-10-24,2024,Sammanfattning natt,"Norrbotten, okänd kommun",,False,False,False,68,Nattens polisverksamhet i Norrbottens län.,<p>Det finns inga ärenden att rapportera om från natten i länet.</p>
301746,2024-11-05,2024,Sammanfattning natt,"Norrbotten, okänd kommun",,False,False,False,167,Ett urval av polisens arbete klockan 22:00 – 07:00,<p>Polisen har utfört ett antal kontroller av personer och fordon som inte har resulterat i någon brottsmisstanke. I övrigt finns inga händelser att rapportera om.</p>
301881,2024-11-07,2024,Sammanfattning natt,"Norrbotten, okänd kommun",,False,False,False,3,"Norrbotten, inga händelser att rapportera om",nan
302155,2024-11-11,2024,Sammanfattning natt,"Norrbotten, okänd kommun",,False,False,False,3,"Norrbotten, inga händelser att rapportera om",nan
303432,2024-11-28,2024,Sammanfattning natt,"Norrbotten, okänd kommun",,False,False,False,69,Nattens polisverksamhet i Norrbottens län.,<p>Det finns inga ärenden att rapportera om från natten i länet. </p>
304845,2024-12-19,2024,Sammanfattning natt,"Norrbotten, okänd kommun",,False,False,False,160,Ett urval av polisens arbete under natten.,<p>Polisen har genomfört ett antal kontroller av personer och fordon som inte har resulterat i någon anmälan. I övrigt finns inga ärenden att rapportera om.</p>
305479,2024-12-29,2024,Sammanfattning natt,"Norrbotten, okänd kommun",,False,False,True,161,Ett urval av nattens polisverksamhet klockan 00:00-07:00.,"<p>Sedan midnatt har fyra personer i länet omhändertagits enligt LOB, lagen om omhändertagande av berusade personer. Två av dessa överlämnades till anhöriga.</p>"
305882,2025-01-04,2025,Sammanfattning natt,"Norrbotten, okänd kommun",,False,False,False,117,Ett urval av nattens polisverksamhet 00.00 – 07.00.,<p>Polisen har under natten utfört kontroller av personer och fordon som inte resulterat i någon brottsmisstanke.</p>
306576,2025-01-14,2025,Sammanfattning natt,"Norrbotten, okänd kommun",,False,False,False,50,Ett urval av polisens arbete under natten.,<p>Inga ärenden att rapportera om från natten.</p>
307163,2025-01-22,2025,Sammanfattning natt,"Norrbotten, okänd kommun",,False,False,False,161,Ett urval av polisens arbete under natten.,<p>Polisen har utfört kontroller av ett antal personer och fordon som inte resulterat i någon brottsmisstanke. I övrigt finns inga ärenden att rapportera om.</p>
308243,2025-02-06,2025,Sammanfattning natt,"Norrbotten, okänd kommun",,False,False,False,61,Nattens polisverksamhet i Norrbottens län.,<p>Det finns inga ärenden att rapportera om från natten. </p>
308597,2025-02-11,2025,Sammanfattning natt,"Norrbotten, okänd kommun",,True,False,False,122,"Norrbotten, ett urval av nattens polisverksamhet","<p>Kl 00:00-07:00, polisen har kontrollerat ett antal personer och fordon som inte resulterat i någon brottsmisstanke.</p>"
308847,2025-02-14,2025,Sammanfattning natt,"Norrbotten, okänd kommun",,False,False,False,162,Ett urval av polisens arbete under natten.,<p>Polisen har utfört kontroller av ett antal personer och fordon som inte har resulterat i någon brottsmisstanke. I övrigt finns inga ärenden att rapportera.</p>
309292,2025-02-20,2025,Sammanfattning natt,"Norrbotten, okänd kommun",,False,False,False,106,"Norrbotten, ett urval av nattens polisverksamhet",<p>Polisen har kontrollerat ett antal personer och fordon som inte resulterat i någon brottsmisstanke.</p>
312609,2025-04-07,2025,Sammanfattning natt,"Norrbotten, okänd kommun",,False,False,False,162,Ett urval av polisens arbete klockan 22:00 – 07:00.,<p>Polisen har utfört ett antal kontroller av personer och fordon som inte har resulterat i någon brottsmisstanke. I övrigt finns inga ärenden att rapportera.</p>
312693,2025-04-08,2025,Sammanfattning natt,"Norrbotten, okänd kommun",,False,False,False,162,Ett urval av polisens arbete klockan 22:00 – 07:00.,<p>Polisen har utfört ett antal kontroller av personer och fordon som inte har resulterat i någon brottsmisstanke. I övrigt finns inga ärenden att rapportera.</p>
315078,2025-05-12,2025,Sammanfattning natt,"Norrbotten, okänd kommun",,False,False,False,104,Det finns inga händelser att rapportera om.,<p>Polisen har utfört kontroller av personer och fordon som inte resulterat i någon brottsmisstanke.</p>
315857,2025-05-22,2025,Sammanfattning natt,"Norrbotten, okänd kommun",,False,False,False,79,Nattens polisverksamhet i Norrbottens län.,<p>Det finns inga ärenden att rapportera om från natten i Norrbottens län. </p>
318132,2025-06-23,2025,Sammanfattning natt,"Norrbotten, okänd kommun",,False,False,False,180,Ett urval av polisens arbete under natten.,<p>Polisen har genomfört ett antal kontroller av personer och fordon som inte har resulterat i någon brottsmisstanke. I övrigt finns inga ärenden från natten att rapportera om.</p>
318579,2025-06-30,2025,Sammanfattning natt,"Norrbotten, okänd kommun",,False,False,False,50,Ett urval av polisens arbete under natten.,<p>Inga ärenden att rapportera om från natten.</p>
319134,2025-07-09,2025,Sammanfattning natt,"Norrbotten, okänd kommun",,True,False,False,122,"Norrbotten, ett urval av nattens polisverksamhet","<p>Kl 00:00-07:00, polisen har kontrollerat ett antal personer och fordon som inte resulterat i någon brottsmisstanke.</p>"
363092,2025-09-09,2025,Sammanfattning natt,"Norrbotten, okänd kommun",,False,False,False,50,Ett urval av polisens arbete under natten.,<p>Inga ärenden att rapportera om från natten.</p>
364013,2025-09-10,2025,Sammanfattning natt,"Norrbotten, okänd kommun",,False,False,False,3,"Norrbotten, inga händelser att rapportera om",nan
384659,2025-10-06,2025,Sammanfattning natt,"Norrbotten, okänd kommun",,True,False,False,231,"Norrbotten, ett urval av nattens polisverksamhet","<p>Kl 00:00-07:00, polisen har kontrollerat ett antal personer och fordon som inte resulterat i någon brottsmisstanke. Några har dock fått böter efter hastighetsöverträdelser och en har fått böter på grund av bländande helljus.</p>"
388953,2025-10-10,2025,Sammanfattning natt,"Norrbotten, okänd kommun",,False,False,False,3,Inga ärenden att rapportera om från natten.,nan
396331,2025-10-16,2025,Sammanfattning natt,"Norrbotten, okänd kommun",,False,False,False,106,"Norrbotten, ett urval av nattens polisverksamhet",<p>Polisen har kontrollerat ett antal personer och fordon som inte resulterat i någon brottsmisstanke.</p>
406623,2025-10-27,2025,Sammanfattning natt,"Norrbotten, okänd kommun",,False,False,False,106,"Norrbotten, ett urval av nattens polisverksamhet",<p>Polisen har kontrollerat ett antal personer och fordon som inte resulterat i någon brottsmisstanke.</p>
409719,2025-10-31,2025,Sammanfattning natt,"Norrbotten, okänd kommun",,False,False,False,3,"Norrbotten, inga händelser att rapportera om",nan
418101,2025-11-11,2025,Sammanfattning natt,"Norrbotten, okänd kommun",,False,False,False,106,"Norrbotten, ett urval av nattens polisverksamhet",<p>Polisen har kontrollerat ett antal personer och fordon som inte resulterat i någon brottsmisstanke.</p>
440650,2025-12-04,2025,Sammanfattning natt,"Norrbotten, okänd kommun",,False,True,False,263,Ett urval av polisens arbete under natten.,"<p>Ett antal viltolyckor har rapporterats in till polisen under natten. De har skett på Riksväg 99 Kardis, Pajala, Länsväg 356 Vändträsk, Boden, Riksväg 95 Merkenäs, Arjeplog och i Lovikka, Pajala. Inga personskador finns registrerade i samband med olyckorna.</p>"
450111,2025-12-15,2025,Sammanfattning natt,"Norrbotten, okänd kommun",,False,True,False,431,"Norrbotten, ett urval av nattens polisverksamhet","<p>Polisen har kontrollerat ett antal personer och fordon som inte resulterat i någon brottsmisstanke.</p>
<p>Viltolyckor och renpåkörningar har anmälts till polisen under natten. Olyckorna har inträffat på följande platser:</p>
<ul>
<li>Riksväg 97 öster om Mattisudden, Jokkmokk</li>
<li>E10 Svartbyn, Överkalix</li>
<li>Degerbäcken, Boden</li>
<li>E10/Gamla riksvägen, Kalix</li>
<li>Riksväg 95 Börstberget, Arvidsjaur</li>
</ul>"
462091,2025-12-30,2025,Sammanfattning natt,"Norrbotten, okänd kommun",,True,True,False,308,"Norrbotten, ett urval av nattens polisverksamhet","<p>Kl 00:00-07:00, polisen har kontrollerat ett antal personer och fordon som inte resulterat i någon brottsmisstanke.</p>
<p>Trafikolyckor, där bilister kolliderat med renar, har anmälts till polisen under natten. Olyckorna har inträffat på E10 vid Skröven i Gällivare och på E45 strax norr om Jokkmokk.</p>"
473105,2026-01-14,2026,Sammanfattning natt,"Norrbotten, okänd kommun",,False,False,False,69,Nattens polisverksamhet i Norrbottens län.,<p>Det finns inga ärenden att rapportera om från natten i länet. </p>
483569,2026-01-28,2026,Sammanfattning natt,"Norrbotten, okänd kommun",,True,False,False,171,"Norrbotten, ett urval av nattens polisverksamhet","<p>Kl 00:00-07:00, polisen har kontrollerat ett antal personer och fordon som inte resulterat i någon brottsmisstanke samt hanterat ärende kopplat till psykisk ohälsa.</p>"
496997,2026-02-22,2026,Sammanfattning natt,"Norrbotten, okänd kommun",,False,True,True,283,Ett urval av nattens polisverksamhet klockan 00:00-07:00:,"<p>Från midnatt har två personer i Luleå och en i Boden omhändertagits enligt LOB, lagen om omhändertagande av berusade personer. Polisen i Luleå har också tagit upp en anmälan om sexuellt ofredande i krogmiljö. </p>
<p>I övrigt finns inga ärenden att rapportera om från natten. </p>"
497631,2026-03-04,2026,Sammanfattning natt,"Norrbotten, okänd kommun",,True,True,False,243,"Norrbotten, ett urval av nattens polisverksamhet","<p>Kl 00:00-07:00, polisen har kontrollerat ett antal personer och fordon som inte resulterat i någon brottsmisstanke.</p>
<p>Viltolyckor och renpåkörningar har anmälts i Gällivare, Jokkmokk och Älvsbyn. Inga personskador har rapporterats.</p>"
498134,2026-03-12,2026,Sammanfattning natt,"Norrbotten, okänd kommun",,False,False,False,69,Nattens polisverksamhet i Norrbottens län.,<p>Det finns inga ärenden att rapportera om från natten i länet. </p>
498522,2026-03-19,2026,Sammanfattning natt,"Norrbotten, okänd kommun",,False,False,True,174,Ett urval av nattens polisverksamhet 22.00–07.00.,"<p>Två personer har under natten omhändertagits för fylleri.</p>
<p>Polisen har även utfört kontroller av personer och fordon som inte resulterat i någon brottsmisstanke.</p>"
499264,2026-03-31,2026,Sammanfattning natt,"Norrbotten, okänd kommun",,False,False,False,106,"Norrbotten, ett urval av nattens polisverksamhet",<p>Polisen har kontrollerat ett antal personer och fordon som inte resulterat i någon brottsmisstanke.</p>
499665,2026-04-06,2026,Sammanfattning natt,"Norrbotten, okänd kommun",,False,False,False,3,Inga ärenden att rapportera om från natten.,nan
501577,2026-05-05,2026,Sammanfattning natt,"Norrbotten, okänd kommun",,False,False,False,3,"Norrbotten, inga händelser att rapportera om",nan
504360,2026-06-16,2026,Sammanfattning natt,"Norrbotten, okänd kommun",,False,False,False,3,Inga ärenden att rapportera om från natten.,nan
506815,2026-07-27,2026,Sammanfattning natt,"Norrbotten, okänd kommun",,False,False,False,106,Polisens nattarbete i Norrbotten – ett urval,<p>Polisen har kontrollerat ett antal personer och fordon som inte resulterat i någon brottsmisstanke.</p>
507427,2026-08-07,2026,Sammanfattning natt,"Norrbotten, okänd kommun",,False,False,False,3,"Norrbotten, inga händelser att rapportera om",nan
507821,2026-08-14,2026,Sammanfattning natt,"Norrbotten, okänd kommun",,False,False,False,3,Inga ärenden att rapportera om från natten.,nan
509097,2026-09-04,2026,Sammanfattning natt,"Norrbotten, okänd kommun",,False,False,False,3,"Norrbotten, inga händelser att rapportera om",nan
509397,2026-09-09,2026,Sammanfattning natt,"Norrbotten, okänd kommun",,False,False,False,3,Inga ärenden att rapportera om från natten.,nan
510624,2026-09-29,2026,Sammanfattning natt,"Norrbotten, okänd kommun",,False,False,False,3,"Norrbotten, det finns inga händelser att rapportera om.",nan
510972,2026-10-05,2026,Sammanfattning natt,"Norrbotten, okänd kommun",,False,False,False,3,"Norrbotten, inga händelser att rapportera om.",nan
