year,month,geography_group,type_original,event_count
2016,10,Arjeplogs kommun,Fjällräddning,1
2016,10,Arjeplogs kommun,Försvunnen person,1
2016,10,Arjeplogs kommun,"Trafikolycka,  vilt",1
2016,10,Arvidsjaurs kommun,Brand,1
2016,10,Arvidsjaurs kommun,Misshandel,1
2016,10,Arvidsjaurs kommun,"Motorfordon,  anträffat stulet",1
2016,10,Arvidsjaurs kommun,"Trafikolycka,  singel",1
2016,10,Arvidsjaurs kommun,"Trafikolycka,  vilt",1
2016,10,Bodens kommun,Kontroll person/fordon,2
2016,10,Bodens kommun,Rattfylleri,2
2016,10,Bodens kommun,Arbetsplatsolycka,1
2016,10,Bodens kommun,Fylleri/LOB,1
2016,10,Bodens kommun,Stöld/inbrott,1
2016,10,Bodens kommun,"Trafikolycka,  personskada",1
2016,10,Bodens kommun,"Trafikolycka,  vilt",1
2016,10,Gällivare kommun,Stöld/inbrott,2
2016,10,Gällivare kommun,"Trafikolycka,  vilt",2
2016,10,Gällivare kommun,Arbetsplatsolycka,1
2016,10,Gällivare kommun,Brand,1
2016,10,Gällivare kommun,Bråk,1
2016,10,Gällivare kommun,Fylleri/LOB,1
2016,10,Gällivare kommun,Inbrott,1
2016,10,Gällivare kommun,Trafikolycka,1
2016,10,Gällivare kommun,"Trafikolycka,  singel",1
2016,10,Haparanda kommun,Sammanfattning dag,1
2016,10,Haparanda kommun,Stöld,1
2016,10,Haparanda kommun,Stöld/inbrott,1
2016,10,Haparanda kommun,Trafikbrott,1
2016,10,Haparanda kommun,Trafikolycka,1
2016,10,Haparanda kommun,"Trafikolycka,  singel",1
2016,10,Haparanda kommun,Övrigt,1
2016,10,Jokkmokks kommun,Brand,1
2016,10,Jokkmokks kommun,Trafikbrott,1
2016,10,Kalix kommun,Stöld,3
2016,10,Kalix kommun,Brand,1
2016,10,Kalix kommun,Fylleri/LOB,1
2016,10,Kalix kommun,Inbrott,1
2016,10,Kalix kommun,"Trafikolycka,  vilt",1
2016,10,Kiruna kommun,Arbetsplatsolycka,1
2016,10,Kiruna kommun,Fylleri/LOB,1
2016,10,Kiruna kommun,Försvunnen person,1
2016,10,Kiruna kommun,"Motorfordon,  stöld",1
2016,10,Kiruna kommun,Rattfylleri,1
2016,10,Kiruna kommun,Trafikolycka,1
2016,10,Kiruna kommun,"Trafikolycka,  smitning från",1
2016,10,Luleå kommun,"Trafikolycka,  vilt",6
2016,10,Luleå kommun,Fylleri/LOB,4
2016,10,Luleå kommun,"Trafikolycka,  personskada",4
2016,10,Luleå kommun,Rattfylleri,3
2016,10,Luleå kommun,Skadegörelse,3
2016,10,Luleå kommun,Stöld,3
2016,10,Luleå kommun,Inbrott,2
2016,10,Luleå kommun,Trafikbrott,2
2016,10,Luleå kommun,Brand,1
2016,10,Luleå kommun,Bråk,1
2016,10,Luleå kommun,"Inbrott,  försök",1
2016,10,Luleå kommun,Kontroll person/fordon,1
2016,10,Luleå kommun,Misshandel,1
2016,10,Luleå kommun,Olaga intrång/hemfridsbrott,1
2016,10,Luleå kommun,Trafikolycka,1
2016,10,Luleå kommun,"Trafikolycka,  singel",1
2016,10,Luleå kommun,Övrigt,1
2016,10,"Norrbotten, okänd kommun",Sammanfattning natt,10
2016,10,"Norrbotten, okänd kommun",Sammanfattning förmiddag,6
2016,10,"Norrbotten, okänd kommun",Sammanfattning dag,2
2016,10,"Norrbotten, okänd kommun",Sammanfattning eftermiddag,2
2016,10,"Norrbotten, okänd kommun",Sammanfattning kväll,2
2016,10,"Norrbotten, okänd kommun",Övrigt,2
2016,10,"Norrbotten, okänd kommun",Inbrott,1
2016,10,"Norrbotten, okänd kommun",Sammanfattning kväll och natt,1
2016,10,Pajala kommun,Bedrägeri,1
2016,10,Pajala kommun,Kontroll person/fordon,1
2016,10,Piteå kommun,Stöld/inbrott,3
2016,10,Piteå kommun,"Trafikolycka,  vilt",2
2016,10,Piteå kommun,Arbetsplatsolycka,1
2016,10,Piteå kommun,Brand,1
2016,10,Piteå kommun,Försvunnen person,1
2016,10,Piteå kommun,Misshandel,1
2016,10,Piteå kommun,Rattfylleri,1
2016,10,Piteå kommun,Rån övrigt,1
2016,10,Piteå kommun,Stöld,1
2016,10,Piteå kommun,Trafikbrott,1
2016,10,Piteå kommun,Trafikhinder,1
2016,10,Älvsbyns kommun,Trafikbrott,1
2016,10,Älvsbyns kommun,Trafikolycka,1
2016,10,Älvsbyns kommun,"Trafikolycka,  personskada",1
2016,10,Överkalix kommun,Stöld/inbrott,2
2016,10,Överkalix kommun,"Trafikolycka,  vilt",1
2016,10,Övertorneå kommun,Försvunnen person,1
2016,10,Övertorneå kommun,Trafikolycka,1
2016,10,Övertorneå kommun,"Trafikolycka,  singel",1
2016,10,Övertorneå kommun,"Trafikolycka,  vilt",1
2016,11,Arjeplogs kommun,Försvunnen person,1
2016,11,Arjeplogs kommun,"Trafikolycka,  vilt",1
2016,11,Arvidsjaurs kommun,Rattfylleri,3
2016,11,Arvidsjaurs kommun,Olaga hot,1
2016,11,Arvidsjaurs kommun,Trafikhinder,1
2016,11,Arvidsjaurs kommun,Trafikolycka,1
2016,11,Bodens kommun,Rattfylleri,4
2016,11,Bodens kommun,Trafikolycka,3
2016,11,Bodens kommun,"Trafikolycka,  vilt",3
2016,11,Bodens kommun,Brand,2
2016,11,Bodens kommun,"Trafikolycka,  singel",2
2016,11,Bodens kommun,Bedrägeri,1
2016,11,Bodens kommun,Djur skadat/omhändertaget,1
2016,11,Bodens kommun,Kontroll person/fordon,1
2016,11,Bodens kommun,Narkotikabrott,1
2016,11,Bodens kommun,Snatteri,1
2016,11,Bodens kommun,"Trafikolycka,  personskada",1
2016,11,Gällivare kommun,Trafikolycka,7
2016,11,Gällivare kommun,"Trafikolycka,  personskada",3
2016,11,Gällivare kommun,"Trafikolycka,  vilt",3
2016,11,Gällivare kommun,Övrigt,2
2016,11,Gällivare kommun,Arbetsplatsolycka,1
2016,11,Gällivare kommun,Försvunnen person,1
2016,11,Gällivare kommun,Sammanfattning natt,1
2016,11,Gällivare kommun,Skadegörelse,1
2016,11,Gällivare kommun,Stöld,1
2016,11,Gällivare kommun,Stöld/inbrott,1
2016,11,Haparanda kommun,"Motorfordon,  stöld",1
2016,11,Haparanda kommun,Rattfylleri,1
2016,11,Haparanda kommun,Stöld,1
2016,11,Haparanda kommun,Trafikolycka,1
2016,11,Jokkmokks kommun,Narkotikabrott,1
2016,11,Jokkmokks kommun,"Trafikolycka,  vilt",1
2016,11,Kalix kommun,Misshandel,2
2016,11,Kalix kommun,Olaga hot,2
2016,11,Kalix kommun,"Trafikolycka,  personskada",2
2016,11,Kalix kommun,Narkotikabrott,1
2016,11,Kalix kommun,Trafikhinder,1
2016,11,Kalix kommun,Trafikolycka,1
2016,11,Kalix kommun,"Trafikolycka,  singel",1
2016,11,Kalix kommun,Övrigt,1
2016,11,Kiruna kommun,Brand,2
2016,11,Kiruna kommun,Trafikolycka,2
2016,11,Kiruna kommun,Djur skadat/omhändertaget,1
2016,11,Kiruna kommun,Misshandel,1
2016,11,Kiruna kommun,Rattfylleri,1
2016,11,Kiruna kommun,Skadegörelse,1
2016,11,Kiruna kommun,"Trafikolycka,  personskada",1
2016,11,Kiruna kommun,"Trafikolycka,  singel",1
2016,11,Kiruna kommun,"Trafikolycka,  vilt",1
2016,11,Luleå kommun,Trafikolycka,11
2016,11,Luleå kommun,Rattfylleri,9
2016,11,Luleå kommun,Stöld,4
2016,11,Luleå kommun,Bråk,3
2016,11,Luleå kommun,Kontroll person/fordon,3
2016,11,Luleå kommun,Arbetsplatsolycka,2
2016,11,Luleå kommun,Brand,2
2016,11,Luleå kommun,Narkotikabrott,2
2016,11,Luleå kommun,Sammanfattning eftermiddag,2
2016,11,Luleå kommun,Skadegörelse,2
2016,11,Luleå kommun,Övrigt,2
2016,11,Luleå kommun,Bedrägeri,1
2016,11,Luleå kommun,Djur skadat/omhändertaget,1
2016,11,Luleå kommun,Fylleri/LOB,1
2016,11,Luleå kommun,Inbrott,1
2016,11,Luleå kommun,Knivlagen,1
2016,11,Luleå kommun,Misshandel,1
2016,11,Luleå kommun,Olaga hot,1
2016,11,Luleå kommun,Olaga intrång/hemfridsbrott,1
2016,11,Luleå kommun,Olovlig körning,1
2016,11,Luleå kommun,Rån,1
2016,11,Luleå kommun,Sammanfattning natt,1
2016,11,Luleå kommun,Snatteri,1
2016,11,Luleå kommun,Stöld/inbrott,1
2016,11,Luleå kommun,Trafikhinder,1
2016,11,Luleå kommun,"Trafikolycka,  personskada",1
2016,11,Luleå kommun,"Trafikolycka,  singel",1
2016,11,Luleå kommun,"Trafikolycka,  smitning från",1
2016,11,Luleå kommun,"Trafikolycka,  vilt",1
2016,11,"Norrbotten, okänd kommun",Sammanfattning natt,20
2016,11,"Norrbotten, okänd kommun",Övrigt,7
2016,11,"Norrbotten, okänd kommun",Sammanfattning förmiddag,6
2016,11,"Norrbotten, okänd kommun","Trafikolycka,  vilt",5
2016,11,"Norrbotten, okänd kommun",Sammanfattning eftermiddag,2
2016,11,"Norrbotten, okänd kommun",Sammanfattning kväll,2
2016,11,"Norrbotten, okänd kommun",Tillfälligt obemannat,2
2016,11,"Norrbotten, okänd kommun",Sammanfattning dag,1
2016,11,"Norrbotten, okänd kommun",Sammanfattning helg,1
2016,11,"Norrbotten, okänd kommun",Trafikhinder,1
2016,11,"Norrbotten, okänd kommun","Trafikolycka,  singel",1
2016,11,Pajala kommun,"Trafikolycka,  vilt",4
2016,11,Piteå kommun,Trafikolycka,3
2016,11,Piteå kommun,Rattfylleri,2
2016,11,Piteå kommun,"Trafikolycka,  personskada",2
2016,11,Piteå kommun,Brand,1
2016,11,Piteå kommun,Kontroll person/fordon,1
2016,11,Piteå kommun,Misshandel,1
2016,11,Piteå kommun,Sammanfattning natt,1
2016,11,Piteå kommun,Sjukdom/olycksfall,1
2016,11,Piteå kommun,Stöld,1
2016,11,Piteå kommun,"Trafikolycka,  singel",1
2016,11,Piteå kommun,Övrigt,1
2016,11,Älvsbyns kommun,"Trafikolycka,  vilt",4
2016,11,Älvsbyns kommun,Kontroll person/fordon,1
2016,11,Älvsbyns kommun,Stöld,1
2016,11,Överkalix kommun,Räddningsinsats,1
2016,11,Överkalix kommun,Trafikolycka,1
2016,11,Överkalix kommun,"Trafikolycka,  vilt",1
2016,11,Övertorneå kommun,"Trafikolycka,  singel",2
2016,11,Övertorneå kommun,"Trafikolycka,  personskada",1
2016,11,Övertorneå kommun,"Trafikolycka,  vilt",1
2016,12,Arjeplogs kommun,"Trafikolycka,  vilt",5
2016,12,Arjeplogs kommun,Djur skadat/omhändertaget,1
2016,12,Arjeplogs kommun,Fjällräddning,1
2016,12,Arjeplogs kommun,Räddningsinsats,1
2016,12,Arjeplogs kommun,Trafikhinder,1
2016,12,Arjeplogs kommun,"Trafikolycka,  smitning från",1
2016,12,Arvidsjaurs kommun,Stöld/inbrott,2
2016,12,Arvidsjaurs kommun,Trafikolycka,2
2016,12,Arvidsjaurs kommun,Stöld,1
2016,12,Bodens kommun,Trafikolycka,5
2016,12,Bodens kommun,Rattfylleri,4
2016,12,Bodens kommun,"Trafikolycka,  vilt",4
2016,12,Bodens kommun,Stöld/inbrott,3
2016,12,Bodens kommun,Brand,2
2016,12,Bodens kommun,Anträffat gods,1
2016,12,Bodens kommun,Djur skadat/omhändertaget,1
2016,12,Bodens kommun,Inbrott,1
2016,12,Bodens kommun,Misshandel,1
2016,12,Bodens kommun,"Motorfordon,  stöld",1
2016,12,Bodens kommun,Olaga hot,1
2016,12,Bodens kommun,Trafikbrott,1
2016,12,Bodens kommun,Trafikhinder,1
2016,12,Bodens kommun,"Trafikolycka,  personskada",1
2016,12,Bodens kommun,"Trafikolycka,  smitning från",1
2016,12,Gällivare kommun,Trafikolycka,4
2016,12,Gällivare kommun,"Trafikolycka,  singel",4
2016,12,Gällivare kommun,Rattfylleri,3
2016,12,Gällivare kommun,Fylleri/LOB,2
2016,12,Gällivare kommun,Stöld/inbrott,2
2016,12,Gällivare kommun,"Trafikolycka,  personskada",2
2016,12,Gällivare kommun,Inbrott,1
2016,12,Gällivare kommun,Kontroll person/fordon,1
2016,12,Gällivare kommun,Misshandel,1
2016,12,Gällivare kommun,Trafikkontroll,1
2016,12,Gällivare kommun,"Trafikolycka,  smitning från",1
2016,12,Gällivare kommun,"Trafikolycka,  vilt",1
2016,12,Haparanda kommun,Trafikolycka,5
2016,12,Haparanda kommun,Rattfylleri,3
2016,12,Haparanda kommun,Bedrägeri,2
2016,12,Haparanda kommun,Olaga hot,2
2016,12,Haparanda kommun,Fylleri/LOB,1
2016,12,Haparanda kommun,Misshandel,1
2016,12,Haparanda kommun,Trafikhinder,1
2016,12,Haparanda kommun,"Trafikolycka,  personskada",1
2016,12,Haparanda kommun,"Trafikolycka,  smitning från",1
2016,12,Jokkmokks kommun,"Trafikolycka,  vilt",3
2016,12,Jokkmokks kommun,Stöld/inbrott,2
2016,12,Jokkmokks kommun,Rattfylleri,1
2016,12,Kalix kommun,"Trafikolycka,  vilt",7
2016,12,Kalix kommun,Trafikolycka,6
2016,12,Kalix kommun,Brand,2
2016,12,Kalix kommun,Rattfylleri,2
2016,12,Kalix kommun,Stöld,2
2016,12,Kalix kommun,"Trafikolycka,  smitning från",2
2016,12,Kalix kommun,Anträffat gods,1
2016,12,Kalix kommun,Sammanfattning natt,1
2016,12,Kalix kommun,Stöld/inbrott,1
2016,12,Kalix kommun,Trafikhinder,1
2016,12,Kalix kommun,"Trafikolycka,  personskada",1
2016,12,Kalix kommun,Övrigt,1
2016,12,Kiruna kommun,"Trafikolycka,  vilt",7
2016,12,Kiruna kommun,Trafikolycka,3
2016,12,Kiruna kommun,Sammanfattning natt,2
2016,12,Kiruna kommun,"Trafikolycka,  personskada",2
2016,12,Kiruna kommun,Brand,1
2016,12,Kiruna kommun,Bråk,1
2016,12,Kiruna kommun,Djur skadat/omhändertaget,1
2016,12,Kiruna kommun,Rattfylleri,1
2016,12,Kiruna kommun,"Trafikolycka,  smitning från",1
2016,12,Kiruna kommun,Övrigt,1
2016,12,Luleå kommun,Trafikolycka,13
2016,12,Luleå kommun,"Trafikolycka,  vilt",9
2016,12,Luleå kommun,Rattfylleri,8
2016,12,Luleå kommun,"Trafikolycka,  singel",7
2016,12,Luleå kommun,Stöld/inbrott,6
2016,12,Luleå kommun,Brand,3
2016,12,Luleå kommun,Misshandel,3
2016,12,Luleå kommun,Trafikhinder,3
2016,12,Luleå kommun,"Trafikolycka,  personskada",3
2016,12,Luleå kommun,Fylleri/LOB,2
2016,12,Luleå kommun,Kontroll person/fordon,2
2016,12,Luleå kommun,Stöld,2
2016,12,Luleå kommun,Djur skadat/omhändertaget,1
2016,12,Luleå kommun,Försvunnen person,1
2016,12,Luleå kommun,Inbrott,1
2016,12,Luleå kommun,"Misshandel,  grov",1
2016,12,Luleå kommun,Narkotikabrott,1
2016,12,Luleå kommun,Ofog barn/ungdom,1
2016,12,Luleå kommun,Olaga hot,1
2016,12,Luleå kommun,Rån,1
2016,12,Luleå kommun,Sammanfattning kväll,1
2016,12,Luleå kommun,Sammanfattning natt,1
2016,12,Luleå kommun,Skadegörelse,1
2016,12,"Norrbotten, okänd kommun",Sammanfattning natt,13
2016,12,"Norrbotten, okänd kommun",Sammanfattning förmiddag,4
2016,12,"Norrbotten, okänd kommun",Sammanfattning kväll,3
2016,12,"Norrbotten, okänd kommun",Sammanfattning dag,1
2016,12,"Norrbotten, okänd kommun",Sammanfattning eftermiddag,1
2016,12,"Norrbotten, okänd kommun",Sammanfattning kväll och natt,1
2016,12,"Norrbotten, okänd kommun",Trafikhinder,1
2016,12,"Norrbotten, okänd kommun","Trafikolycka,  singel",1
2016,12,"Norrbotten, okänd kommun",Övrigt,1
2016,12,Pajala kommun,"Trafikolycka,  vilt",7
2016,12,Pajala kommun,Trafikolycka,2
2016,12,Pajala kommun,"Farligt föremål,  misstänkt",1
2016,12,Pajala kommun,"Trafikolycka,  singel",1
2016,12,Piteå kommun,Trafikolycka,9
2016,12,Piteå kommun,"Trafikolycka,  personskada",3
2016,12,Piteå kommun,Djur skadat/omhändertaget,2
2016,12,Piteå kommun,Försvunnen person,2
2016,12,Piteå kommun,Kontroll person/fordon,2
2016,12,Piteå kommun,Övrigt,2
2016,12,Piteå kommun,Bedrägeri,1
2016,12,Piteå kommun,Brand automatlarm,1
2016,12,Piteå kommun,Rattfylleri,1
2016,12,Piteå kommun,Skadegörelse,1
2016,12,Piteå kommun,Trafikhinder,1
2016,12,Piteå kommun,"Trafikolycka,  vilt",1
2016,12,Älvsbyns kommun,"Trafikolycka,  vilt",3
2016,12,Älvsbyns kommun,Arbetsplatsolycka,1
2016,12,Älvsbyns kommun,Brand,1
2016,12,Älvsbyns kommun,Bråk,1
2016,12,Älvsbyns kommun,Rattfylleri,1
2016,12,Älvsbyns kommun,Trafikolycka,1
2016,12,Älvsbyns kommun,"Trafikolycka,  singel",1
2016,12,Överkalix kommun,"Trafikolycka,  vilt",3
2016,12,Överkalix kommun,Trafikolycka,2
2016,12,Överkalix kommun,Djur skadat/omhändertaget,1
2016,12,Överkalix kommun,Våld/hot mot tjänsteman,1
2016,12,Övertorneå kommun,"Trafikolycka,  vilt",2
2016,12,Övertorneå kommun,Narkotikabrott,1
2016,12,Övertorneå kommun,Rattfylleri,1
2016,12,Övertorneå kommun,Trafikhinder,1
2016,12,Övertorneå kommun,"Trafikolycka,  personskada",1
2017,1,Arjeplogs kommun,Trafikolycka,3
2017,1,Arjeplogs kommun,"Trafikolycka,  vilt",2
2017,1,Arjeplogs kommun,Arbetsplatsolycka,1
2017,1,Arjeplogs kommun,Fjällräddning,1
2017,1,Arvidsjaurs kommun,Trafikolycka,2
2017,1,Arvidsjaurs kommun,"Trafikolycka,  singel",2
2017,1,Arvidsjaurs kommun,Inbrott,1
2017,1,Arvidsjaurs kommun,"Trafikolycka,  vilt",1
2017,1,Bodens kommun,"Trafikolycka,  vilt",5
2017,1,Bodens kommun,Trafikolycka,3
2017,1,Bodens kommun,Rattfylleri,2
2017,1,Bodens kommun,Stöld/inbrott,2
2017,1,Bodens kommun,Djur skadat/omhändertaget,1
2017,1,Bodens kommun,Fylleri/LOB,1
2017,1,Bodens kommun,Larm Överfall,1
2017,1,Bodens kommun,Misshandel,1
2017,1,Bodens kommun,"Misshandel,  grov",1
2017,1,Bodens kommun,Olaga hot,1
2017,1,Bodens kommun,Sammanfattning eftermiddag,1
2017,1,Bodens kommun,Sammanfattning natt,1
2017,1,Bodens kommun,Trafikbrott,1
2017,1,Bodens kommun,"Trafikolycka,  personskada",1
2017,1,Gällivare kommun,Trafikolycka,6
2017,1,Gällivare kommun,"Trafikolycka,  vilt",4
2017,1,Gällivare kommun,Bråk,1
2017,1,Gällivare kommun,Djur skadat/omhändertaget,1
2017,1,Gällivare kommun,Fjällräddning,1
2017,1,Gällivare kommun,Larm Överfall,1
2017,1,Gällivare kommun,Rattfylleri,1
2017,1,Gällivare kommun,"Trafikolycka,  smitning från",1
2017,1,Gällivare kommun,Övrigt,1
2017,1,Haparanda kommun,Rattfylleri,2
2017,1,Haparanda kommun,"Motorfordon,  stöld",1
2017,1,Haparanda kommun,Trafikkontroll,1
2017,1,Jokkmokks kommun,Trafikolycka,2
2017,1,Jokkmokks kommun,"Trafikolycka,  singel",2
2017,1,Jokkmokks kommun,Djur skadat/omhändertaget,1
2017,1,Jokkmokks kommun,Rattfylleri,1
2017,1,Jokkmokks kommun,"Trafikolycka,  personskada",1
2017,1,Jokkmokks kommun,"Trafikolycka,  smitning från",1
2017,1,Jokkmokks kommun,"Trafikolycka,  vilt",1
2017,1,Kalix kommun,Trafikolycka,4
2017,1,Kalix kommun,"Trafikolycka,  vilt",3
2017,1,Kalix kommun,Räddningsinsats,2
2017,1,Kalix kommun,Stöld/inbrott,2
2017,1,Kalix kommun,Trafikhinder,2
2017,1,Kalix kommun,Djur skadat/omhändertaget,1
2017,1,Kalix kommun,Försvunnen person,1
2017,1,Kalix kommun,Narkotikabrott,1
2017,1,Kalix kommun,Sammanfattning natt,1
2017,1,Kalix kommun,Snatteri,1
2017,1,Kalix kommun,"Stöld,  försök",1
2017,1,Kalix kommun,Trafikbrott,1
2017,1,Kalix kommun,"Trafikolycka,  singel",1
2017,1,Kiruna kommun,Trafikolycka,8
2017,1,Kiruna kommun,"Trafikolycka,  vilt",7
2017,1,Kiruna kommun,Trafikhinder,4
2017,1,Kiruna kommun,Djur skadat/omhändertaget,2
2017,1,Kiruna kommun,Inbrott,2
2017,1,Kiruna kommun,Skadegörelse,2
2017,1,Kiruna kommun,Arbetsplatsolycka,1
2017,1,Kiruna kommun,"Farligt föremål,  misstänkt",1
2017,1,Kiruna kommun,Stöld/inbrott,1
2017,1,Kiruna kommun,Trafikbrott,1
2017,1,Kiruna kommun,Trafikkontroll,1
2017,1,Kiruna kommun,"Trafikolycka,  smitning från",1
2017,1,Luleå kommun,Trafikolycka,15
2017,1,Luleå kommun,Rattfylleri,11
2017,1,Luleå kommun,Djur skadat/omhändertaget,6
2017,1,Luleå kommun,Brand,5
2017,1,Luleå kommun,Narkotikabrott,3
2017,1,Luleå kommun,Stöld/inbrott,3
2017,1,Luleå kommun,Trafikkontroll,3
2017,1,Luleå kommun,"Trafikolycka,  singel",3
2017,1,Luleå kommun,"Trafikolycka,  vilt",3
2017,1,Luleå kommun,Arbetsplatsolycka,2
2017,1,Luleå kommun,Försvunnen person,2
2017,1,Luleå kommun,Misshandel,2
2017,1,Luleå kommun,Sammanfattning kväll och natt,2
2017,1,Luleå kommun,Stöld,2
2017,1,Luleå kommun,Bedrägeri,1
2017,1,Luleå kommun,Brand automatlarm,1
2017,1,Luleå kommun,Knivlagen,1
2017,1,Luleå kommun,Kontroll person/fordon,1
2017,1,Luleå kommun,"Motorfordon,  anträffat stulet",1
2017,1,Luleå kommun,Sammanfattning eftermiddag,1
2017,1,Luleå kommun,Sammanfattning förmiddag,1
2017,1,Luleå kommun,Sammanfattning kväll,1
2017,1,Luleå kommun,Sammanfattning natt,1
2017,1,Luleå kommun,Sjukdom/olycksfall,1
2017,1,Luleå kommun,Trafikbrott,1
2017,1,Luleå kommun,Trafikhinder,1
2017,1,Luleå kommun,"Trafikolycka,  personskada",1
2017,1,Luleå kommun,Uppdatering,1
2017,1,Luleå kommun,Våld/hot mot tjänsteman,1
2017,1,Luleå kommun,Övrigt,1
2017,1,"Norrbotten, okänd kommun",Sammanfattning förmiddag,11
2017,1,"Norrbotten, okänd kommun",Sammanfattning natt,10
2017,1,"Norrbotten, okänd kommun",Sammanfattning kväll,3
2017,1,"Norrbotten, okänd kommun",Fjällräddning,1
2017,1,"Norrbotten, okänd kommun",Sammanfattning eftermiddag,1
2017,1,"Norrbotten, okänd kommun",Sammanfattning kväll och natt,1
2017,1,"Norrbotten, okänd kommun",Trafikhinder,1
2017,1,"Norrbotten, okänd kommun",Övrigt,1
2017,1,Pajala kommun,"Trafikolycka,  vilt",2
2017,1,Pajala kommun,Försvunnen person,1
2017,1,Pajala kommun,Trafikolycka,1
2017,1,Pajala kommun,"Trafikolycka,  singel",1
2017,1,Piteå kommun,Trafikolycka,5
2017,1,Piteå kommun,Rattfylleri,4
2017,1,Piteå kommun,Sammanfattning natt,2
2017,1,Piteå kommun,Stöld/inbrott,2
2017,1,Piteå kommun,Trafikbrott,2
2017,1,Piteå kommun,"Trafikolycka,  singel",2
2017,1,Piteå kommun,Övrigt,2
2017,1,Piteå kommun,Bedrägeri,1
2017,1,Piteå kommun,Fylleri/LOB,1
2017,1,Piteå kommun,Olovlig körning,1
2017,1,Piteå kommun,Skadegörelse,1
2017,1,Piteå kommun,Trafikhinder,1
2017,1,Piteå kommun,"Trafikolycka,  smitning från",1
2017,1,Piteå kommun,"Trafikolycka,  vilt",1
2017,1,Älvsbyns kommun,"Trafikolycka,  vilt",4
2017,1,Älvsbyns kommun,Narkotikabrott,1
2017,1,Älvsbyns kommun,Trafikkontroll,1
2017,1,Älvsbyns kommun,Trafikolycka,1
2017,1,Överkalix kommun,Brand,2
2017,1,Överkalix kommun,Trafikolycka,1
2017,1,Överkalix kommun,"Trafikolycka,  singel",1
2017,1,Överkalix kommun,"Trafikolycka,  vilt",1
2017,1,Övertorneå kommun,Trafikolycka,2
2017,1,Övertorneå kommun,Misshandel,1
2017,1,Övertorneå kommun,"Trafikolycka,  vilt",1
2017,2,Arjeplogs kommun,Trafikolycka,3
2017,2,Arjeplogs kommun,Fjällräddning,1
2017,2,Arjeplogs kommun,Trafikhinder,1
2017,2,Arvidsjaurs kommun,Trafikolycka,3
2017,2,Arvidsjaurs kommun,Trafikkontroll,2
2017,2,Arvidsjaurs kommun,"Trafikolycka,  vilt",2
2017,2,Arvidsjaurs kommun,Bråk,1
2017,2,Arvidsjaurs kommun,"Trafikolycka,  personskada",1
2017,2,Bodens kommun,Brand,2
2017,2,Bodens kommun,Fylleri/LOB,2
2017,2,Bodens kommun,Rattfylleri,2
2017,2,Bodens kommun,Stöld/inbrott,2
2017,2,Bodens kommun,"Trafikolycka,  personskada",2
2017,2,Bodens kommun,"Trafikolycka,  vilt",2
2017,2,Bodens kommun,Djur skadat/omhändertaget,1
2017,2,Bodens kommun,Misshandel,1
2017,2,Bodens kommun,Sjukdom/olycksfall,1
2017,2,Bodens kommun,Skadegörelse,1
2017,2,Bodens kommun,Trafikhinder,1
2017,2,Gällivare kommun,Trafikolycka,3
2017,2,Gällivare kommun,Arbetsplatsolycka,2
2017,2,Gällivare kommun,Brand,2
2017,2,Gällivare kommun,Djur skadat/omhändertaget,1
2017,2,Gällivare kommun,Fylleri/LOB,1
2017,2,Gällivare kommun,Narkotikabrott,1
2017,2,Gällivare kommun,Sammanfattning eftermiddag,1
2017,2,Gällivare kommun,Stöld/inbrott,1
2017,2,Gällivare kommun,Trafikkontroll,1
2017,2,Gällivare kommun,"Trafikolycka,  vilt",1
2017,2,Haparanda kommun,Rattfylleri,4
2017,2,Haparanda kommun,Kontroll person/fordon,2
2017,2,Haparanda kommun,Trafikolycka,2
2017,2,Haparanda kommun,Bråk,1
2017,2,Haparanda kommun,Fylleri/LOB,1
2017,2,Haparanda kommun,Stöld,1
2017,2,Haparanda kommun,Stöld/inbrott,1
2017,2,Haparanda kommun,Trafikbrott,1
2017,2,Haparanda kommun,Våld/hot mot tjänsteman,1
2017,2,Jokkmokks kommun,"Trafikolycka,  vilt",3
2017,2,Jokkmokks kommun,Djur skadat/omhändertaget,2
2017,2,Jokkmokks kommun,Fylleri/LOB,2
2017,2,Jokkmokks kommun,Rattfylleri,2
2017,2,Jokkmokks kommun,Kontroll person/fordon,1
2017,2,Jokkmokks kommun,Narkotikabrott,1
2017,2,Jokkmokks kommun,Trafikolycka,1
2017,2,Jokkmokks kommun,"Trafikolycka,  singel",1
2017,2,Kalix kommun,"Trafikolycka,  singel",4
2017,2,Kalix kommun,Brand,2
2017,2,Kalix kommun,Stöld,2
2017,2,Kalix kommun,"Trafikolycka,  vilt",2
2017,2,Kalix kommun,Försvunnen person,1
2017,2,Kalix kommun,Kontroll person/fordon,1
2017,2,Kalix kommun,Rattfylleri,1
2017,2,Kalix kommun,Trafikkontroll,1
2017,2,Kalix kommun,Trafikolycka,1
2017,2,Kalix kommun,Våld/hot mot tjänsteman,1
2017,2,Kiruna kommun,"Trafikolycka,  singel",5
2017,2,Kiruna kommun,Trafikkontroll,4
2017,2,Kiruna kommun,"Trafikolycka,  vilt",3
2017,2,Kiruna kommun,Brand,2
2017,2,Kiruna kommun,Fjällräddning,2
2017,2,Kiruna kommun,Olaga hot,2
2017,2,Kiruna kommun,Trafikolycka,2
2017,2,Kiruna kommun,Övrigt,2
2017,2,Kiruna kommun,Räddningsinsats,1
2017,2,Kiruna kommun,Sammanfattning natt,1
2017,2,Kiruna kommun,Snatteri,1
2017,2,Kiruna kommun,Trafikhinder,1
2017,2,Kiruna kommun,"Trafikolycka,  personskada",1
2017,2,Luleå kommun,Trafikolycka,12
2017,2,Luleå kommun,"Trafikolycka,  vilt",6
2017,2,Luleå kommun,Rattfylleri,5
2017,2,Luleå kommun,Arbetsplatsolycka,3
2017,2,Luleå kommun,Misshandel,3
2017,2,Luleå kommun,Olaga hot,3
2017,2,Luleå kommun,Sammanfattning natt,3
2017,2,Luleå kommun,Stöld,3
2017,2,Luleå kommun,"Trafikolycka,  personskada",3
2017,2,Luleå kommun,Fylleri/LOB,2
2017,2,Luleå kommun,Trafikbrott,2
2017,2,Luleå kommun,Trafikhinder,2
2017,2,Luleå kommun,Trafikkontroll,2
2017,2,Luleå kommun,Övrigt,2
2017,2,Luleå kommun,Bedrägeri,1
2017,2,Luleå kommun,Brand,1
2017,2,Luleå kommun,Bråk,1
2017,2,Luleå kommun,Inbrott,1
2017,2,Luleå kommun,Larm Överfall,1
2017,2,Luleå kommun,"Motorfordon,  stöld",1
2017,2,Luleå kommun,Narkotikabrott,1
2017,2,Luleå kommun,Snatteri,1
2017,2,Luleå kommun,"Stöld,  försök",1
2017,2,Luleå kommun,Stöld/inbrott,1
2017,2,Luleå kommun,"Trafikolycka,  singel",1
2017,2,"Norrbotten, okänd kommun",Sammanfattning natt,13
2017,2,"Norrbotten, okänd kommun",Sammanfattning förmiddag,4
2017,2,"Norrbotten, okänd kommun",Övrigt,4
2017,2,"Norrbotten, okänd kommun",Sammanfattning dag,2
2017,2,"Norrbotten, okänd kommun",Sammanfattning kväll,1
2017,2,"Norrbotten, okänd kommun",Sammanfattning kväll och natt,1
2017,2,"Norrbotten, okänd kommun",Trafikkontroll,1
2017,2,"Norrbotten, okänd kommun",Trafikolycka,1
2017,2,Piteå kommun,Trafikolycka,9
2017,2,Piteå kommun,Trafikkontroll,8
2017,2,Piteå kommun,Rattfylleri,3
2017,2,Piteå kommun,Brand,2
2017,2,Piteå kommun,"Trafikolycka,  personskada",2
2017,2,Piteå kommun,Arbetsplatsolycka,1
2017,2,Piteå kommun,Bråk,1
2017,2,Piteå kommun,Kontroll person/fordon,1
2017,2,Piteå kommun,"Motorfordon,  stöld",1
2017,2,Piteå kommun,Narkotikabrott,1
2017,2,Piteå kommun,Stöld/inbrott,1
2017,2,Piteå kommun,Trafikhinder,1
2017,2,Piteå kommun,"Trafikolycka,  vilt",1
2017,2,Älvsbyns kommun,Rattfylleri,2
2017,2,Älvsbyns kommun,Misshandel,1
2017,2,Älvsbyns kommun,Skadegörelse,1
2017,2,Älvsbyns kommun,"Trafikolycka,  vilt",1
2017,2,Överkalix kommun,Trafikolycka,2
2017,2,Överkalix kommun,Rattfylleri,1
2017,2,Överkalix kommun,Trafikhinder,1
2017,2,Övertorneå kommun,Rattfylleri,1
2017,2,Övertorneå kommun,"Trafikolycka,  personskada",1
2017,2,Övertorneå kommun,"Trafikolycka,  vilt",1
2017,3,Arjeplogs kommun,Fjällräddning,7
2017,3,Arjeplogs kommun,Trafikolycka,1
2017,3,Arjeplogs kommun,"Trafikolycka,  personskada",1
2017,3,Arvidsjaurs kommun,Trafikolycka,2
2017,3,Arvidsjaurs kommun,"Trafikolycka,  singel",2
2017,3,Arvidsjaurs kommun,Brand,1
2017,3,Arvidsjaurs kommun,Fjällräddning,1
2017,3,Arvidsjaurs kommun,Sammanfattning förmiddag,1
2017,3,Arvidsjaurs kommun,"Trafikolycka,  personskada",1
2017,3,Arvidsjaurs kommun,"Trafikolycka,  vilt",1
2017,3,Bodens kommun,Sammanfattning natt,4
2017,3,Bodens kommun,Stöld/inbrott,3
2017,3,Bodens kommun,Inbrott,2
2017,3,Bodens kommun,Narkotikabrott,2
2017,3,Bodens kommun,Trafikolycka,2
2017,3,Bodens kommun,Arbetsplatsolycka,1
2017,3,Bodens kommun,Brand,1
2017,3,Bodens kommun,Bråk,1
2017,3,Bodens kommun,Misshandel,1
2017,3,Bodens kommun,Mord/dråp,1
2017,3,Bodens kommun,Rattfylleri,1
2017,3,Bodens kommun,Sammanfattning kväll,1
2017,3,Bodens kommun,Sjukdom/olycksfall,1
2017,3,Bodens kommun,Skadegörelse,1
2017,3,Bodens kommun,Trafikbrott,1
2017,3,Bodens kommun,"Trafikolycka,  vilt",1
2017,3,Bodens kommun,Uppdatering,1
2017,3,Gällivare kommun,Rattfylleri,5
2017,3,Gällivare kommun,Trafikolycka,3
2017,3,Gällivare kommun,"Trafikolycka,  vilt",3
2017,3,Gällivare kommun,Bråk,2
2017,3,Gällivare kommun,Djur skadat/omhändertaget,2
2017,3,Gällivare kommun,"Misshandel,  grov",1
2017,3,Gällivare kommun,Sammanfattning förmiddag,1
2017,3,Gällivare kommun,Sammanfattning natt,1
2017,3,Gällivare kommun,Snatteri,1
2017,3,Gällivare kommun,Stöld,1
2017,3,Gällivare kommun,Stöld/inbrott,1
2017,3,Gällivare kommun,Trafikbrott,1
2017,3,Gällivare kommun,"Trafikolycka,  personskada",1
2017,3,Haparanda kommun,Bråk,2
2017,3,Haparanda kommun,Rattfylleri,2
2017,3,Haparanda kommun,Fylleri/LOB,1
2017,3,Haparanda kommun,Narkotikabrott,1
2017,3,Haparanda kommun,Sammanfattning kväll,1
2017,3,Haparanda kommun,Sjukdom/olycksfall,1
2017,3,Haparanda kommun,Trafikkontroll,1
2017,3,Haparanda kommun,Trafikolycka,1
2017,3,Haparanda kommun,"Trafikolycka,  vilt",1
2017,3,Jokkmokks kommun,Fjällräddning,3
2017,3,Jokkmokks kommun,"Trafikolycka,  vilt",3
2017,3,Jokkmokks kommun,Trafikhinder,2
2017,3,Jokkmokks kommun,Brand,1
2017,3,Jokkmokks kommun,Inbrott,1
2017,3,Jokkmokks kommun,Räddningsinsats,1
2017,3,Jokkmokks kommun,"Trafikolycka,  personskada",1
2017,3,Kalix kommun,Narkotikabrott,3
2017,3,Kalix kommun,Rattfylleri,3
2017,3,Kalix kommun,Trafikkontroll,2
2017,3,Kalix kommun,Brand,1
2017,3,Kalix kommun,Bråk,1
2017,3,Kalix kommun,Fylleri/LOB,1
2017,3,Kalix kommun,Olaga hot,1
2017,3,Kalix kommun,Stöld/inbrott,1
2017,3,Kalix kommun,Trafikolycka,1
2017,3,Kalix kommun,"Trafikolycka,  singel",1
2017,3,Kiruna kommun,Trafikolycka,5
2017,3,Kiruna kommun,Rattfylleri,4
2017,3,Kiruna kommun,Räddningsinsats,3
2017,3,Kiruna kommun,Bråk,2
2017,3,Kiruna kommun,Fjällräddning,2
2017,3,Kiruna kommun,Skadegörelse,2
2017,3,Kiruna kommun,Brand,1
2017,3,Kiruna kommun,Narkotikabrott,1
2017,3,Kiruna kommun,Rån väpnat,1
2017,3,Kiruna kommun,"Trafikolycka,  personskada",1
2017,3,Kiruna kommun,"Trafikolycka,  singel",1
2017,3,Luleå kommun,Trafikolycka,12
2017,3,Luleå kommun,Rattfylleri,6
2017,3,Luleå kommun,Fylleri/LOB,5
2017,3,Luleå kommun,Brand,4
2017,3,Luleå kommun,Detonation,4
2017,3,Luleå kommun,Bråk,3
2017,3,Luleå kommun,Misshandel,3
2017,3,Luleå kommun,Trafikhinder,3
2017,3,Luleå kommun,Arbetsplatsolycka,2
2017,3,Luleå kommun,Kontroll person/fordon,2
2017,3,Luleå kommun,Olaga hot,2
2017,3,Luleå kommun,Djur skadat/omhändertaget,1
2017,3,Luleå kommun,Olaga intrång/hemfridsbrott,1
2017,3,Luleå kommun,Sammanfattning eftermiddag,1
2017,3,Luleå kommun,Sammanfattning förmiddag,1
2017,3,Luleå kommun,Sammanfattning natt,1
2017,3,Luleå kommun,Stöld,1
2017,3,Luleå kommun,Stöld/inbrott,1
2017,3,Luleå kommun,Trafikkontroll,1
2017,3,Luleå kommun,"Trafikolycka,  singel",1
2017,3,Luleå kommun,"Trafikolycka,  vilt",1
2017,3,Luleå kommun,Vapenlagen,1
2017,3,Luleå kommun,Övrigt,1
2017,3,"Norrbotten, okänd kommun",Sammanfattning natt,16
2017,3,"Norrbotten, okänd kommun",Sammanfattning förmiddag,8
2017,3,"Norrbotten, okänd kommun",Trafikkontroll,8
2017,3,"Norrbotten, okänd kommun",Sammanfattning eftermiddag,4
2017,3,"Norrbotten, okänd kommun",Sammanfattning kväll,4
2017,3,"Norrbotten, okänd kommun",Sammanfattning kväll och natt,2
2017,3,"Norrbotten, okänd kommun",Bombhot,1
2017,3,"Norrbotten, okänd kommun",Fjällräddning,1
2017,3,"Norrbotten, okänd kommun",Sammanfattning dag,1
2017,3,"Norrbotten, okänd kommun",Övrigt,1
2017,3,Pajala kommun,Brand,1
2017,3,Pajala kommun,Trafikolycka,1
2017,3,Pajala kommun,"Trafikolycka,  vilt",1
2017,3,Piteå kommun,Trafikolycka,4
2017,3,Piteå kommun,Rattfylleri,3
2017,3,Piteå kommun,"Trafikolycka,  personskada",3
2017,3,Piteå kommun,Djur skadat/omhändertaget,2
2017,3,Piteå kommun,Trafikhinder,2
2017,3,Piteå kommun,Bråk,1
2017,3,Piteå kommun,Inbrott,1
2017,3,Piteå kommun,Misshandel,1
2017,3,Piteå kommun,Narkotikabrott,1
2017,3,Piteå kommun,Sammanfattning natt,1
2017,3,Piteå kommun,Sjukdom/olycksfall,1
2017,3,Piteå kommun,Trafikkontroll,1
2017,3,Piteå kommun,"Trafikolycka,  singel",1
2017,3,Piteå kommun,Våld/hot mot tjänsteman,1
2017,3,Älvsbyns kommun,Arbetsplatsolycka,2
2017,3,Älvsbyns kommun,Bråk,1
2017,3,Älvsbyns kommun,Djur skadat/omhändertaget,1
2017,3,Älvsbyns kommun,Misshandel,1
2017,3,Älvsbyns kommun,Rattfylleri,1
2017,3,Älvsbyns kommun,Trafikhinder,1
2017,3,Älvsbyns kommun,Trafikkontroll,1
2017,3,Älvsbyns kommun,"Trafikolycka,  singel",1
2017,3,Älvsbyns kommun,"Trafikolycka,  vilt",1
2017,3,Överkalix kommun,"Mord/dråp,  försök",2
2017,3,Överkalix kommun,"Trafikolycka,  vilt",1
2017,3,Övertorneå kommun,Brand,1
2017,3,Övertorneå kommun,Kontroll person/fordon,1
2017,3,Övertorneå kommun,Trafikbrott,1
2017,4,Arjeplogs kommun,Fjällräddning,3
2017,4,Arjeplogs kommun,Trafikolycka,2
2017,4,Arjeplogs kommun,Sammanfattning natt,1
2017,4,Arjeplogs kommun,Skadegörelse,1
2017,4,Arjeplogs kommun,Trafikkontroll,1
2017,4,Arvidsjaurs kommun,Djur skadat/omhändertaget,1
2017,4,Arvidsjaurs kommun,Inbrott,1
2017,4,Arvidsjaurs kommun,Misshandel,1
2017,4,Bodens kommun,Rattfylleri,2
2017,4,Bodens kommun,Sammanfattning kväll,2
2017,4,Bodens kommun,Stöld,2
2017,4,Bodens kommun,Anträffat gods,1
2017,4,Bodens kommun,Fylleri/LOB,1
2017,4,Bodens kommun,Inbrott,1
2017,4,Bodens kommun,Narkotikabrott,1
2017,4,Bodens kommun,Sedlighetsbrott,1
2017,4,Bodens kommun,Stöld/inbrott,1
2017,4,Bodens kommun,Trafikolycka,1
2017,4,Gällivare kommun,Fjällräddning,3
2017,4,Gällivare kommun,Rattfylleri,3
2017,4,Gällivare kommun,Bråk,1
2017,4,Gällivare kommun,Fylleri/LOB,1
2017,4,Gällivare kommun,Försvunnen person,1
2017,4,Gällivare kommun,Sammanfattning förmiddag,1
2017,4,Gällivare kommun,Sammanfattning natt,1
2017,4,Gällivare kommun,Trafikkontroll,1
2017,4,Gällivare kommun,"Trafikolycka,  singel",1
2017,4,Gällivare kommun,"Trafikolycka,  vilt",1
2017,4,Haparanda kommun,Uppdatering,3
2017,4,Haparanda kommun,Försvunnen person,2
2017,4,Haparanda kommun,Trafikbrott,2
2017,4,Haparanda kommun,Bråk,1
2017,4,Haparanda kommun,Fylleri/LOB,1
2017,4,Haparanda kommun,Misshandel,1
2017,4,Haparanda kommun,Rattfylleri,1
2017,4,Haparanda kommun,Rån övrigt,1
2017,4,Haparanda kommun,Stöld,1
2017,4,Haparanda kommun,Stöld/inbrott,1
2017,4,Haparanda kommun,Trafikolycka,1
2017,4,Haparanda kommun,Övrigt,1
2017,4,Jokkmokks kommun,Rattfylleri,5
2017,4,Jokkmokks kommun,Fjällräddning,1
2017,4,Jokkmokks kommun,Sammanfattning natt,1
2017,4,Jokkmokks kommun,Trafikbrott,1
2017,4,Jokkmokks kommun,Trafikkontroll,1
2017,4,Jokkmokks kommun,"Trafikolycka,  smitning från",1
2017,4,Jokkmokks kommun,Övrigt,1
2017,4,Kalix kommun,Rattfylleri,3
2017,4,Kalix kommun,Fylleri/LOB,1
2017,4,Kalix kommun,Misshandel,1
2017,4,Kalix kommun,Narkotikabrott,1
2017,4,Kalix kommun,Sammanfattning kväll och natt,1
2017,4,Kalix kommun,Trafikolycka,1
2017,4,Kiruna kommun,Trafikolycka,5
2017,4,Kiruna kommun,Brand,2
2017,4,Kiruna kommun,Fjällräddning,2
2017,4,Kiruna kommun,Fylleri/LOB,2
2017,4,Kiruna kommun,Stöld/inbrott,2
2017,4,Kiruna kommun,Bråk,1
2017,4,Kiruna kommun,Inbrott,1
2017,4,Kiruna kommun,Larm Överfall,1
2017,4,Kiruna kommun,Rattfylleri,1
2017,4,Kiruna kommun,"Trafikolycka,  personskada",1
2017,4,Kiruna kommun,"Trafikolycka,  singel",1
2017,4,Luleå kommun,Trafikolycka,6
2017,4,Luleå kommun,Skadegörelse,5
2017,4,Luleå kommun,Fylleri/LOB,4
2017,4,Luleå kommun,Rattfylleri,4
2017,4,Luleå kommun,Stöld,4
2017,4,Luleå kommun,Narkotikabrott,3
2017,4,Luleå kommun,Uppdatering,3
2017,4,Luleå kommun,Brand,2
2017,4,Luleå kommun,Kontroll person/fordon,2
2017,4,Luleå kommun,Sammanfattning natt,2
2017,4,Luleå kommun,Stöld/inbrott,2
2017,4,Luleå kommun,"Trafikolycka,  singel",2
2017,4,Luleå kommun,Övrigt,2
2017,4,Luleå kommun,"Farligt föremål,  misstänkt",1
2017,4,Luleå kommun,Sammanfattning förmiddag,1
2017,4,Luleå kommun,Trafikbrott,1
2017,4,Luleå kommun,Trafikkontroll,1
2017,4,Luleå kommun,"Trafikolycka,  personskada",1
2017,4,Luleå kommun,"Trafikolycka,  vilt",1
2017,4,"Norrbotten, okänd kommun",Sammanfattning natt,20
2017,4,"Norrbotten, okänd kommun",Sammanfattning förmiddag,7
2017,4,"Norrbotten, okänd kommun",Sammanfattning kväll,5
2017,4,"Norrbotten, okänd kommun",Sammanfattning kväll och natt,4
2017,4,"Norrbotten, okänd kommun",Tillfälligt obemannat,3
2017,4,"Norrbotten, okänd kommun",Sammanfattning dag,2
2017,4,"Norrbotten, okänd kommun",Sammanfattning eftermiddag,2
2017,4,"Norrbotten, okänd kommun",Trafikkontroll,2
2017,4,Pajala kommun,Rattfylleri,2
2017,4,Piteå kommun,"Trafikolycka,  singel",3
2017,4,Piteå kommun,Misshandel,2
2017,4,Piteå kommun,Trafikolycka,2
2017,4,Piteå kommun,Alkohollagen,1
2017,4,Piteå kommun,Djur skadat/omhändertaget,1
2017,4,Piteå kommun,Larm Överfall,1
2017,4,Piteå kommun,Sammanfattning natt,1
2017,4,Piteå kommun,Snatteri,1
2017,4,Piteå kommun,Stöld,1
2017,4,Piteå kommun,Stöld/inbrott,1
2017,4,Piteå kommun,"Trafikolycka,  personskada",1
2017,4,Älvsbyns kommun,Brand,1
2017,4,Älvsbyns kommun,Misshandel,1
2017,4,Älvsbyns kommun,Narkotikabrott,1
2017,4,Älvsbyns kommun,Rattfylleri,1
2017,4,Älvsbyns kommun,Räddningsinsats,1
2017,4,Älvsbyns kommun,Trafikkontroll,1
2017,4,Överkalix kommun,Brand,1
2017,4,Överkalix kommun,Rattfylleri,1
2017,4,Övertorneå kommun,Rattfylleri,1
2017,4,Övertorneå kommun,Trafikhinder,1
2017,5,Arjeplogs kommun,Trafikkontroll,1
2017,5,Arjeplogs kommun,"Trafikolycka,  vilt",1
2017,5,Arvidsjaurs kommun,Misshandel,1
2017,5,Arvidsjaurs kommun,Skadegörelse,1
2017,5,Arvidsjaurs kommun,Stöld/inbrott,1
2017,5,Bodens kommun,Rattfylleri,6
2017,5,Bodens kommun,Brand,3
2017,5,Bodens kommun,Misshandel,3
2017,5,Bodens kommun,Stöld/inbrott,3
2017,5,Bodens kommun,Trafikolycka,3
2017,5,Bodens kommun,Försvunnen person,2
2017,5,Bodens kommun,Olaga hot,2
2017,5,Bodens kommun,Stöld,2
2017,5,Bodens kommun,Trafikkontroll,2
2017,5,Bodens kommun,Bråk,1
2017,5,Bodens kommun,"Farligt föremål,  misstänkt",1
2017,5,Bodens kommun,Skadegörelse,1
2017,5,Bodens kommun,Snatteri,1
2017,5,Bodens kommun,Trafikbrott,1
2017,5,Bodens kommun,"Trafikolycka,  vilt",1
2017,5,Gällivare kommun,Rattfylleri,3
2017,5,Gällivare kommun,Skadegörelse,2
2017,5,Gällivare kommun,Trafikolycka,2
2017,5,Gällivare kommun,Arbetsplatsolycka,1
2017,5,Gällivare kommun,Bedrägeri,1
2017,5,Gällivare kommun,Brand,1
2017,5,Gällivare kommun,Bråk,1
2017,5,Gällivare kommun,Fjällräddning,1
2017,5,Gällivare kommun,Försvunnen person,1
2017,5,Gällivare kommun,Olaga hot,1
2017,5,Haparanda kommun,Djur skadat/omhändertaget,1
2017,5,Haparanda kommun,Rattfylleri,1
2017,5,Haparanda kommun,Stöld/inbrott,1
2017,5,Haparanda kommun,Trafikolycka,1
2017,5,Haparanda kommun,"Trafikolycka,  personskada",1
2017,5,Jokkmokks kommun,"Trafikolycka,  vilt",1
2017,5,Kalix kommun,Narkotikabrott,2
2017,5,Kalix kommun,Stöld,2
2017,5,Kalix kommun,Stöld/inbrott,2
2017,5,Kalix kommun,Trafikkontroll,2
2017,5,Kalix kommun,Trafikolycka,2
2017,5,Kalix kommun,Övrigt,2
2017,5,Kalix kommun,Inbrott,1
2017,5,Kalix kommun,"Misshandel,  grov",1
2017,5,Kalix kommun,Rattfylleri,1
2017,5,Kiruna kommun,Fjällräddning,3
2017,5,Kiruna kommun,Bråk,2
2017,5,Kiruna kommun,Djur skadat/omhändertaget,2
2017,5,Kiruna kommun,Narkotikabrott,2
2017,5,Kiruna kommun,Larm Inbrott,1
2017,5,Kiruna kommun,Misshandel,1
2017,5,Kiruna kommun,Mord/dråp,1
2017,5,Kiruna kommun,Rattfylleri,1
2017,5,Kiruna kommun,Sammanfattning natt,1
2017,5,Kiruna kommun,Skadegörelse,1
2017,5,Kiruna kommun,Trafikkontroll,1
2017,5,Kiruna kommun,Trafikolycka,1
2017,5,Kiruna kommun,"Trafikolycka,  vilt",1
2017,5,Luleå kommun,Rattfylleri,9
2017,5,Luleå kommun,Uppdatering,6
2017,5,Luleå kommun,Trafikolycka,5
2017,5,Luleå kommun,Sammanfattning natt,4
2017,5,Luleå kommun,Fylleri/LOB,3
2017,5,Luleå kommun,Misshandel,3
2017,5,Luleå kommun,Snatteri,3
2017,5,Luleå kommun,Arbetsplatsolycka,2
2017,5,Luleå kommun,Bråk,2
2017,5,Luleå kommun,Stöld,2
2017,5,Luleå kommun,Stöld/inbrott,2
2017,5,Luleå kommun,Trafikbrott,2
2017,5,Luleå kommun,Trafikkontroll,2
2017,5,Luleå kommun,Bedrägeri,1
2017,5,Luleå kommun,Försvunnen person,1
2017,5,Luleå kommun,Ofredande/förargelse,1
2017,5,Luleå kommun,Räddningsinsats,1
2017,5,Luleå kommun,Rån,1
2017,5,Luleå kommun,Sammanfattning kväll,1
2017,5,Luleå kommun,Sammanfattning kväll och natt,1
2017,5,Luleå kommun,Skadegörelse,1
2017,5,Luleå kommun,Skottlossning,1
2017,5,Luleå kommun,Trafikhinder,1
2017,5,Luleå kommun,"Trafikolycka,  personskada",1
2017,5,Luleå kommun,"Trafikolycka,  singel",1
2017,5,Luleå kommun,"Trafikolycka,  smitning från",1
2017,5,"Norrbotten, okänd kommun",Sammanfattning natt,10
2017,5,"Norrbotten, okänd kommun",Sammanfattning förmiddag,7
2017,5,"Norrbotten, okänd kommun",Trafikkontroll,5
2017,5,"Norrbotten, okänd kommun",Sammanfattning kväll och natt,3
2017,5,"Norrbotten, okänd kommun",Sammanfattning eftermiddag,2
2017,5,"Norrbotten, okänd kommun",Sammanfattning kväll,2
2017,5,"Norrbotten, okänd kommun",Sammanfattning dag,1
2017,5,"Norrbotten, okänd kommun",Sammanfattning vecka,1
2017,5,"Norrbotten, okänd kommun",Stöld,1
2017,5,"Norrbotten, okänd kommun",Tillfälligt obemannat,1
2017,5,"Norrbotten, okänd kommun",Övrigt,1
2017,5,Pajala kommun,Brand,1
2017,5,Piteå kommun,Rattfylleri,3
2017,5,Piteå kommun,Sammanfattning natt,3
2017,5,Piteå kommun,Bråk,2
2017,5,Piteå kommun,Stöld,2
2017,5,Piteå kommun,Anträffad död,1
2017,5,Piteå kommun,Brand,1
2017,5,Piteå kommun,Larm Överfall,1
2017,5,Piteå kommun,Misshandel,1
2017,5,Piteå kommun,"Misshandel,  grov",1
2017,5,Piteå kommun,Ofog barn/ungdom,1
2017,5,Piteå kommun,Sammanfattning kväll,1
2017,5,Piteå kommun,Snatteri,1
2017,5,Piteå kommun,Trafikbrott,1
2017,5,Piteå kommun,"Trafikolycka,  personskada",1
2017,5,Piteå kommun,"Trafikolycka,  singel",1
2017,5,Älvsbyns kommun,Stöld,2
2017,5,Älvsbyns kommun,Sammanfattning kväll och natt,1
2017,5,Älvsbyns kommun,Övrigt,1
2017,5,Överkalix kommun,Stöld/inbrott,1
2017,5,Överkalix kommun,"Trafikolycka,  singel",1
2017,5,Övertorneå kommun,Brand,1
2017,5,Övertorneå kommun,Bråk,1
2017,5,Övertorneå kommun,Misshandel,1
2017,5,Övertorneå kommun,Olaga hot,1
2017,5,Övertorneå kommun,Sammanfattning natt,1
2017,5,Övertorneå kommun,"Trafikolycka,  vilt",1
2017,6,Arjeplogs kommun,"Trafikolycka,  vilt",2
2017,6,Arvidsjaurs kommun,Rattfylleri,1
2017,6,Arvidsjaurs kommun,Stöld,1
2017,6,Bodens kommun,Rattfylleri,5
2017,6,Bodens kommun,Sammanfattning natt,3
2017,6,Bodens kommun,Bråk,2
2017,6,Bodens kommun,Stöld/inbrott,2
2017,6,Bodens kommun,Trafikkontroll,2
2017,6,Bodens kommun,Trafikolycka,2
2017,6,Bodens kommun,Brand,1
2017,6,Bodens kommun,Djur skadat/omhändertaget,1
2017,6,Bodens kommun,Fylleri/LOB,1
2017,6,Bodens kommun,Försvunnen person,1
2017,6,Bodens kommun,Larm Överfall,1
2017,6,Bodens kommun,Misshandel,1
2017,6,Bodens kommun,Trafikbrott,1
2017,6,Gällivare kommun,Rattfylleri,4
2017,6,Gällivare kommun,Fylleri/LOB,2
2017,6,Gällivare kommun,Trafikkontroll,2
2017,6,Gällivare kommun,Brand,1
2017,6,Gällivare kommun,Försvunnen person,1
2017,6,Gällivare kommun,Olaga hot,1
2017,6,Gällivare kommun,Olovlig körning,1
2017,6,Gällivare kommun,Sedlighetsbrott,1
2017,6,Gällivare kommun,Stöld,1
2017,6,Gällivare kommun,Trafikbrott,1
2017,6,Gällivare kommun,Trafikolycka,1
2017,6,Gällivare kommun,"Trafikolycka,  singel",1
2017,6,Gällivare kommun,"Trafikolycka,  vilt",1
2017,6,Gällivare kommun,Övrigt,1
2017,6,Haparanda kommun,Stöld/inbrott,3
2017,6,Haparanda kommun,Fylleri/LOB,1
2017,6,Haparanda kommun,"Motorfordon,  stöld",1
2017,6,Haparanda kommun,Rån,1
2017,6,Haparanda kommun,Trafikkontroll,1
2017,6,Haparanda kommun,"Trafikolycka,  singel",1
2017,6,Jokkmokks kommun,Rattfylleri,1
2017,6,Jokkmokks kommun,Trafikbrott,1
2017,6,Jokkmokks kommun,Övrigt,1
2017,6,Kalix kommun,Trafikolycka,3
2017,6,Kalix kommun,Stöld/inbrott,2
2017,6,Kalix kommun,Fylleri/LOB,1
2017,6,Kalix kommun,Rattfylleri,1
2017,6,Kalix kommun,Sammanfattning kväll,1
2017,6,Kalix kommun,Sammanfattning natt,1
2017,6,Kalix kommun,Trafikbrott,1
2017,6,Kalix kommun,"Trafikolycka,  vilt",1
2017,6,Kiruna kommun,Sammanfattning natt,4
2017,6,Kiruna kommun,Arbetsplatsolycka,2
2017,6,Kiruna kommun,Narkotikabrott,2
2017,6,Kiruna kommun,Rattfylleri,2
2017,6,Kiruna kommun,Stöld/inbrott,2
2017,6,Kiruna kommun,Brand,1
2017,6,Kiruna kommun,Fjällräddning,1
2017,6,Kiruna kommun,Fylleri/LOB,1
2017,6,Kiruna kommun,Inbrott,1
2017,6,Kiruna kommun,Misshandel,1
2017,6,Kiruna kommun,"Mord/dråp,  försök",1
2017,6,Kiruna kommun,Räddningsinsats,1
2017,6,Kiruna kommun,Stöld,1
2017,6,Kiruna kommun,Trafikolycka,1
2017,6,Kiruna kommun,Övrigt,1
2017,6,Kiruna kommun,,1
2017,6,Luleå kommun,Trafikbrott,5
2017,6,Luleå kommun,Djur skadat/omhändertaget,3
2017,6,Luleå kommun,Fylleri/LOB,3
2017,6,Luleå kommun,Rattfylleri,3
2017,6,Luleå kommun,Trafikolycka,3
2017,6,Luleå kommun,Inbrott,2
2017,6,Luleå kommun,Skadegörelse,2
2017,6,Luleå kommun,Stöld/inbrott,2
2017,6,Luleå kommun,"Trafikolycka,  smitning från",2
2017,6,Luleå kommun,Brand,1
2017,6,Luleå kommun,Bråk,1
2017,6,Luleå kommun,Försvunnen person,1
2017,6,Luleå kommun,"Motorfordon,  stöld",1
2017,6,Luleå kommun,Narkotikabrott,1
2017,6,Luleå kommun,Rån väpnat,1
2017,6,Luleå kommun,Sammanfattning kväll,1
2017,6,Luleå kommun,Sammanfattning natt,1
2017,6,Luleå kommun,Stöld,1
2017,6,Luleå kommun,Trafikhinder,1
2017,6,Luleå kommun,Trafikkontroll,1
2017,6,Luleå kommun,"Trafikolycka,  personskada",1
2017,6,Luleå kommun,"Trafikolycka,  singel",1
2017,6,Luleå kommun,"Trafikolycka,  vilt",1
2017,6,Luleå kommun,Övrigt,1
2017,6,"Norrbotten, okänd kommun",Sammanfattning natt,17
2017,6,"Norrbotten, okänd kommun",Sammanfattning kväll,8
2017,6,"Norrbotten, okänd kommun",Sammanfattning förmiddag,6
2017,6,"Norrbotten, okänd kommun",Sammanfattning kväll och natt,3
2017,6,"Norrbotten, okänd kommun",Sammanfattning eftermiddag,2
2017,6,"Norrbotten, okänd kommun",Övrigt,2
2017,6,"Norrbotten, okänd kommun",Inbrott,1
2017,6,"Norrbotten, okänd kommun",Sammanfattning dag,1
2017,6,"Norrbotten, okänd kommun",Tillfälligt obemannat,1
2017,6,"Norrbotten, okänd kommun","Trafikolycka,  personskada",1
2017,6,Pajala kommun,Räddningsinsats,3
2017,6,Pajala kommun,Narkotikabrott,2
2017,6,Pajala kommun,Rattfylleri,1
2017,6,Pajala kommun,Trafikolycka,1
2017,6,Piteå kommun,Stöld/inbrott,4
2017,6,Piteå kommun,Arbetsplatsolycka,2
2017,6,Piteå kommun,Misshandel,2
2017,6,Piteå kommun,Rattfylleri,2
2017,6,Piteå kommun,Trafikbrott,2
2017,6,Piteå kommun,Trafikkontroll,2
2017,6,Piteå kommun,Brand,1
2017,6,Piteå kommun,Bråk,1
2017,6,Piteå kommun,Fylleri/LOB,1
2017,6,Piteå kommun,Kontroll person/fordon,1
2017,6,Piteå kommun,Ofredande/förargelse,1
2017,6,Piteå kommun,Sammanfattning kväll,1
2017,6,Piteå kommun,Sammanfattning natt,1
2017,6,Piteå kommun,Trafikolycka,1
2017,6,Piteå kommun,"Trafikolycka,  personskada",1
2017,6,Piteå kommun,"Trafikolycka,  singel",1
2017,6,Piteå kommun,"Trafikolycka,  vilt",1
2017,6,Älvsbyns kommun,Trafikbrott,1
2017,6,Överkalix kommun,"Motorfordon,  stöld",1
2017,6,Överkalix kommun,Rattfylleri,1
2017,6,Överkalix kommun,Stöld,1
2017,6,Övertorneå kommun,Fylleri/LOB,1
2017,6,Övertorneå kommun,Rattfylleri,1
2017,7,Arjeplogs kommun,Fjällräddning,1
2017,7,Arjeplogs kommun,Räddningsinsats,1
2017,7,Arvidsjaurs kommun,Försvunnen person,2
2017,7,Arvidsjaurs kommun,Brand,1
2017,7,Arvidsjaurs kommun,Misshandel,1
2017,7,Arvidsjaurs kommun,Trafikhinder,1
2017,7,Arvidsjaurs kommun,"Trafikolycka,  vilt",1
2017,7,Bodens kommun,Stöld,2
2017,7,Bodens kommun,Stöld/inbrott,2
2017,7,Bodens kommun,Brand,1
2017,7,Bodens kommun,Fylleri/LOB,1
2017,7,Bodens kommun,Misshandel,1
2017,7,Bodens kommun,Sammanfattning natt,1
2017,7,Bodens kommun,Snatteri,1
2017,7,Bodens kommun,Trafikbrott,1
2017,7,Bodens kommun,"Trafikolycka,  personskada",1
2017,7,Bodens kommun,"Trafikolycka,  singel",1
2017,7,Bodens kommun,"Trafikolycka,  vilt",1
2017,7,Gällivare kommun,Sammanfattning natt,2
2017,7,Gällivare kommun,Stöld/inbrott,2
2017,7,Gällivare kommun,Trafikkontroll,2
2017,7,Gällivare kommun,Brand,1
2017,7,Gällivare kommun,Djur skadat/omhändertaget,1
2017,7,Gällivare kommun,Fjällräddning,1
2017,7,Gällivare kommun,Sammanfattning dag,1
2017,7,Gällivare kommun,Skadegörelse,1
2017,7,Gällivare kommun,Trafikolycka,1
2017,7,Gällivare kommun,"Trafikolycka,  personskada",1
2017,7,Gällivare kommun,"Trafikolycka,  singel",1
2017,7,Gällivare kommun,,1
2017,7,Haparanda kommun,"Trafikolycka,  personskada",2
2017,7,Haparanda kommun,Rattfylleri,1
2017,7,Haparanda kommun,Stöld/inbrott,1
2017,7,Haparanda kommun,Trafikbrott,1
2017,7,Haparanda kommun,Övrigt,1
2017,7,Jokkmokks kommun,Fjällräddning,3
2017,7,Jokkmokks kommun,Brand,1
2017,7,Jokkmokks kommun,Sjukdom/olycksfall,1
2017,7,Jokkmokks kommun,Stöld,1
2017,7,Jokkmokks kommun,"Trafikolycka,  vilt",1
2017,7,Kalix kommun,"Trafikolycka,  vilt",2
2017,7,Kalix kommun,Försvunnen person,1
2017,7,Kalix kommun,Rattfylleri,1
2017,7,Kalix kommun,Sammanfattning kväll,1
2017,7,Kalix kommun,Sammanfattning natt,1
2017,7,Kalix kommun,Stöld,1
2017,7,Kalix kommun,Stöld/inbrott,1
2017,7,Kalix kommun,Trafikbrott,1
2017,7,Kalix kommun,Trafikkontroll,1
2017,7,Kalix kommun,"Trafikolycka,  singel",1
2017,7,Kiruna kommun,Fjällräddning,6
2017,7,Kiruna kommun,Sammanfattning natt,2
2017,7,Kiruna kommun,Fylleri/LOB,1
2017,7,Kiruna kommun,"Misshandel,  grov",1
2017,7,Kiruna kommun,Räddningsinsats,1
2017,7,Kiruna kommun,Trafikolycka,1
2017,7,Kiruna kommun,Vapenlagen,1
2017,7,Luleå kommun,Fylleri/LOB,5
2017,7,Luleå kommun,Stöld/inbrott,5
2017,7,Luleå kommun,Trafikolycka,4
2017,7,Luleå kommun,Trafikkontroll,3
2017,7,Luleå kommun,Övrigt,3
2017,7,Luleå kommun,Misshandel,2
2017,7,Luleå kommun,"Motorfordon,  anträffat stulet",2
2017,7,Luleå kommun,Rattfylleri,2
2017,7,Luleå kommun,Sammanfattning natt,2
2017,7,Luleå kommun,Stöld,2
2017,7,Luleå kommun,Trafikbrott,2
2017,7,Luleå kommun,Trafikhinder,2
2017,7,Luleå kommun,Brand,1
2017,7,Luleå kommun,Försvunnen person,1
2017,7,Luleå kommun,"Inbrott,  försök",1
2017,7,Luleå kommun,Larm Överfall,1
2017,7,Luleå kommun,Ofredande/förargelse,1
2017,7,Luleå kommun,Olaga hot,1
2017,7,Luleå kommun,Olaga intrång/hemfridsbrott,1
2017,7,Luleå kommun,Snatteri,1
2017,7,Luleå kommun,"Trafikolycka,  personskada",1
2017,7,Luleå kommun,"Trafikolycka,  singel",1
2017,7,Luleå kommun,"Trafikolycka,  vilt",1
2017,7,Luleå kommun,Våld/hot mot tjänsteman,1
2017,7,"Norrbotten, okänd kommun",Sammanfattning natt,22
2017,7,"Norrbotten, okänd kommun",Tillfälligt obemannat,5
2017,7,"Norrbotten, okänd kommun",Sammanfattning förmiddag,4
2017,7,"Norrbotten, okänd kommun",Sammanfattning kväll,4
2017,7,"Norrbotten, okänd kommun",Sammanfattning dag,2
2017,7,"Norrbotten, okänd kommun",Sammanfattning eftermiddag,2
2017,7,"Norrbotten, okänd kommun",Sammanfattning kväll och natt,2
2017,7,"Norrbotten, okänd kommun",Övrigt,2
2017,7,Pajala kommun,Rattfylleri,3
2017,7,Pajala kommun,"Trafikolycka,  vilt",3
2017,7,Pajala kommun,Anträffat gods,1
2017,7,Pajala kommun,Brand,1
2017,7,Pajala kommun,Trafikkontroll,1
2017,7,Piteå kommun,Fylleri/LOB,6
2017,7,Piteå kommun,Rattfylleri,4
2017,7,Piteå kommun,Stöld/inbrott,3
2017,7,Piteå kommun,Trafikolycka,3
2017,7,Piteå kommun,"Trafikolycka,  singel",3
2017,7,Piteå kommun,Trafikkontroll,2
2017,7,Piteå kommun,Djur skadat/omhändertaget,1
2017,7,Piteå kommun,Ofredande/förargelse,1
2017,7,Piteå kommun,Polisinsats/kommendering,1
2017,7,Piteå kommun,Sammanfattning natt,1
2017,7,Piteå kommun,Sjukdom/olycksfall,1
2017,7,Piteå kommun,"Trafikolycka,  vilt",1
2017,7,Älvsbyns kommun,"Trafikolycka,  vilt",2
2017,7,Älvsbyns kommun,Brand,1
2017,7,Älvsbyns kommun,Försvunnen person,1
2017,7,Älvsbyns kommun,Sammanfattning natt,1
2017,7,Älvsbyns kommun,Trafikolycka,1
2017,7,Överkalix kommun,"Trafikolycka,  vilt",2
2017,7,Överkalix kommun,Stöld/inbrott,1
2017,7,Övertorneå kommun,Stöld/inbrott,2
2017,7,Övertorneå kommun,Sammanfattning kväll,1
2017,7,Övertorneå kommun,"Trafikolycka,  personskada",1
2017,7,Övertorneå kommun,"Trafikolycka,  vilt",1
2017,8,Arjeplogs kommun,Fjällräddning,2
2017,8,Arjeplogs kommun,Bråk,1
2017,8,Arvidsjaurs kommun,Arbetsplatsolycka,1
2017,8,Arvidsjaurs kommun,Rattfylleri,1
2017,8,Arvidsjaurs kommun,Trafikbrott,1
2017,8,Arvidsjaurs kommun,Trafikolycka,1
2017,8,Arvidsjaurs kommun,"Trafikolycka,  vilt",1
2017,8,Bodens kommun,Sammanfattning kväll,3
2017,8,Bodens kommun,Misshandel,2
2017,8,Bodens kommun,Stöld/inbrott,2
2017,8,Bodens kommun,"Trafikolycka,  personskada",2
2017,8,Bodens kommun,Brand,1
2017,8,Bodens kommun,Försvunnen person,1
2017,8,Bodens kommun,Larm Överfall,1
2017,8,Bodens kommun,Ofredande/förargelse,1
2017,8,Bodens kommun,Olaga hot,1
2017,8,Bodens kommun,Rattfylleri,1
2017,8,Bodens kommun,Sammanfattning natt,1
2017,8,Bodens kommun,Skadegörelse,1
2017,8,Bodens kommun,Stöld,1
2017,8,Bodens kommun,Trafikkontroll,1
2017,8,Bodens kommun,Trafikolycka,1
2017,8,Gällivare kommun,"Trafikolycka,  vilt",3
2017,8,Gällivare kommun,Fjällräddning,2
2017,8,Gällivare kommun,Rattfylleri,2
2017,8,Gällivare kommun,Bråk,1
2017,8,Gällivare kommun,Försvunnen person,1
2017,8,Gällivare kommun,Inbrott,1
2017,8,Gällivare kommun,Sammanfattning kväll,1
2017,8,Gällivare kommun,Stöld,1
2017,8,Gällivare kommun,Stöld/inbrott,1
2017,8,Gällivare kommun,Trafikkontroll,1
2017,8,Gällivare kommun,Trafikolycka,1
2017,8,Gällivare kommun,"Trafikolycka,  singel",1
2017,8,Gällivare kommun,Övrigt,1
2017,8,Haparanda kommun,Olaga hot,1
2017,8,Haparanda kommun,Skadegörelse,1
2017,8,Haparanda kommun,Stöld,1
2017,8,Haparanda kommun,Trafikolycka,1
2017,8,Haparanda kommun,"Trafikolycka,  personskada",1
2017,8,Jokkmokks kommun,Fjällräddning,3
2017,8,Jokkmokks kommun,"Trafikolycka,  vilt",3
2017,8,Jokkmokks kommun,Trafikbrott,2
2017,8,Jokkmokks kommun,Arbetsplatsolycka,1
2017,8,Jokkmokks kommun,Rattfylleri,1
2017,8,Kalix kommun,Stöld/inbrott,2
2017,8,Kalix kommun,Trafikkontroll,2
2017,8,Kalix kommun,Brand,1
2017,8,Kalix kommun,Fylleri/LOB,1
2017,8,Kalix kommun,Narkotikabrott,1
2017,8,Kalix kommun,Trafikhinder,1
2017,8,Kalix kommun,"Trafikolycka,  vilt",1
2017,8,Kiruna kommun,Fjällräddning,14
2017,8,Kiruna kommun,Misshandel,3
2017,8,Kiruna kommun,Trafikkontroll,3
2017,8,Kiruna kommun,Trafikhinder,2
2017,8,Kiruna kommun,Övrigt,2
2017,8,Kiruna kommun,Försvunnen person,1
2017,8,Kiruna kommun,Narkotikabrott,1
2017,8,Kiruna kommun,Rattfylleri,1
2017,8,Kiruna kommun,Sammanfattning natt,1
2017,8,Kiruna kommun,Skadegörelse,1
2017,8,Kiruna kommun,Trafikbrott,1
2017,8,Kiruna kommun,Trafikolycka,1
2017,8,Kiruna kommun,"Trafikolycka,  personskada",1
2017,8,Kiruna kommun,"Trafikolycka,  vilt",1
2017,8,Luleå kommun,Sammanfattning natt,7
2017,8,Luleå kommun,Fylleri/LOB,6
2017,8,Luleå kommun,Stöld,5
2017,8,Luleå kommun,Rattfylleri,3
2017,8,Luleå kommun,Skadegörelse,3
2017,8,Luleå kommun,Trafikkontroll,3
2017,8,Luleå kommun,Försvunnen person,2
2017,8,Luleå kommun,Misshandel,2
2017,8,Luleå kommun,"Motorfordon,  anträffat stulet",2
2017,8,Luleå kommun,Trafikbrott,2
2017,8,Luleå kommun,Trafikolycka,2
2017,8,Luleå kommun,"Trafikolycka,  personskada",2
2017,8,Luleå kommun,Övrigt,2
2017,8,Luleå kommun,Arbetsplatsolycka,1
2017,8,Luleå kommun,Bedrägeri,1
2017,8,Luleå kommun,Brand,1
2017,8,Luleå kommun,"Misshandel,  grov",1
2017,8,Luleå kommun,Ofredande/förargelse,1
2017,8,Luleå kommun,Rån,1
2017,8,Luleå kommun,Snatteri,1
2017,8,Luleå kommun,Vållande till kroppsskada,1
2017,8,"Norrbotten, okänd kommun",Sammanfattning natt,18
2017,8,"Norrbotten, okänd kommun",Sammanfattning förmiddag,5
2017,8,"Norrbotten, okänd kommun",Sammanfattning kväll,5
2017,8,"Norrbotten, okänd kommun",Tillfälligt obemannat,5
2017,8,"Norrbotten, okänd kommun",Sammanfattning eftermiddag,2
2017,8,"Norrbotten, okänd kommun",Sammanfattning kväll och natt,2
2017,8,"Norrbotten, okänd kommun",Sammanfattning dag,1
2017,8,"Norrbotten, okänd kommun",Sammanfattning vecka,1
2017,8,"Norrbotten, okänd kommun",Trafikkontroll,1
2017,8,"Norrbotten, okänd kommun",Övrigt,1
2017,8,Pajala kommun,Misshandel,1
2017,8,Pajala kommun,Trafikolycka,1
2017,8,Pajala kommun,"Trafikolycka,  smitning från",1
2017,8,Pajala kommun,"Trafikolycka,  vilt",1
2017,8,Piteå kommun,Trafikkontroll,5
2017,8,Piteå kommun,Rattfylleri,4
2017,8,Piteå kommun,Stöld,4
2017,8,Piteå kommun,Trafikolycka,3
2017,8,Piteå kommun,Stöld/inbrott,2
2017,8,Piteå kommun,Djur skadat/omhändertaget,1
2017,8,Piteå kommun,Inbrott,1
2017,8,Piteå kommun,Narkotikabrott,1
2017,8,Piteå kommun,Ofog barn/ungdom,1
2017,8,Piteå kommun,Sammanfattning natt,1
2017,8,Piteå kommun,"Stöld,  försök",1
2017,8,Piteå kommun,Trafikhinder,1
2017,8,Älvsbyns kommun,Räddningsinsats,1
2017,8,Älvsbyns kommun,Trafikbrott,1
2017,8,Älvsbyns kommun,Trafikkontroll,1
2017,8,Älvsbyns kommun,Trafikolycka,1
2017,8,Älvsbyns kommun,"Trafikolycka,  personskada",1
2017,8,Älvsbyns kommun,"Trafikolycka,  vilt",1
2017,8,Överkalix kommun,Rattfylleri,1
2017,8,Överkalix kommun,Trafikolycka,1
2017,8,Övertorneå kommun,Försvunnen person,2
2017,8,Övertorneå kommun,"Trafikolycka,  vilt",2
2017,8,Övertorneå kommun,Stöld/inbrott,1
2017,8,Övertorneå kommun,Övrigt,1
2017,9,Arjeplogs kommun,"Trafikolycka,  vilt",2
2017,9,Arjeplogs kommun,Stöld/inbrott,1
2017,9,Arjeplogs kommun,Övrigt,1
2017,9,Arvidsjaurs kommun,Trafikolycka,3
2017,9,Arvidsjaurs kommun,"Trafikolycka,  vilt",3
2017,9,Arvidsjaurs kommun,Stöld/inbrott,2
2017,9,Arvidsjaurs kommun,Fjällräddning,1
2017,9,Arvidsjaurs kommun,Misshandel,1
2017,9,Arvidsjaurs kommun,Rattfylleri,1
2017,9,Arvidsjaurs kommun,Sammanfattning natt,1
2017,9,Arvidsjaurs kommun,Trafikkontroll,1
2017,9,Bodens kommun,Trafikbrott,3
2017,9,Bodens kommun,Misshandel,2
2017,9,Bodens kommun,Stöld,2
2017,9,Bodens kommun,Trafikkontroll,2
2017,9,Bodens kommun,Trafikolycka,2
2017,9,Bodens kommun,Bedrägeri,1
2017,9,Bodens kommun,Brand,1
2017,9,Bodens kommun,Fylleri/LOB,1
2017,9,Bodens kommun,Försvunnen person,1
2017,9,Bodens kommun,Kontroll person/fordon,1
2017,9,Bodens kommun,"Mord/dråp,  försök",1
2017,9,Bodens kommun,Rattfylleri,1
2017,9,Bodens kommun,Sammanfattning natt,1
2017,9,Bodens kommun,"Stöld,  ringa",1
2017,9,Bodens kommun,Stöld/inbrott,1
2017,9,Bodens kommun,"Trafikolycka,  singel",1
2017,9,Bodens kommun,"Trafikolycka,  vilt",1
2017,9,Gällivare kommun,Fjällräddning,5
2017,9,Gällivare kommun,Trafikkontroll,3
2017,9,Gällivare kommun,Trafikolycka,3
2017,9,Gällivare kommun,Fylleri/LOB,2
2017,9,Gällivare kommun,Sammanfattning natt,2
2017,9,Gällivare kommun,Stöld,2
2017,9,Gällivare kommun,Trafikbrott,2
2017,9,Gällivare kommun,"Trafikolycka,  vilt",2
2017,9,Gällivare kommun,Bråk,1
2017,9,Gällivare kommun,Rattfylleri,1
2017,9,Gällivare kommun,Stöld/inbrott,1
2017,9,Haparanda kommun,Trafikkontroll,2
2017,9,Haparanda kommun,Bråk,1
2017,9,Haparanda kommun,Fylleri/LOB,1
2017,9,Haparanda kommun,Narkotikabrott,1
2017,9,Haparanda kommun,Polisinsats/kommendering,1
2017,9,Haparanda kommun,Rattfylleri,1
2017,9,Haparanda kommun,Skadegörelse,1
2017,9,Haparanda kommun,Trafikolycka,1
2017,9,Haparanda kommun,Vållande till kroppsskada,1
2017,9,Jokkmokks kommun,"Trafikolycka,  vilt",3
2017,9,Jokkmokks kommun,Fjällräddning,1
2017,9,Jokkmokks kommun,Trafikbrott,1
2017,9,Jokkmokks kommun,"Trafikolycka,  smitning från",1
2017,9,Kalix kommun,"Trafikolycka,  vilt",3
2017,9,Kalix kommun,Stöld/inbrott,2
2017,9,Kalix kommun,Försvunnen person,1
2017,9,Kalix kommun,Rattfylleri,1
2017,9,Kalix kommun,Skadegörelse,1
2017,9,Kalix kommun,Övrigt,1
2017,9,Kiruna kommun,Fjällräddning,6
2017,9,Kiruna kommun,Trafikkontroll,6
2017,9,Kiruna kommun,"Trafikolycka,  vilt",3
2017,9,Kiruna kommun,Stöld,2
2017,9,Kiruna kommun,Trafikbrott,2
2017,9,Kiruna kommun,Fylleri/LOB,1
2017,9,Kiruna kommun,Kontroll person/fordon,1
2017,9,Kiruna kommun,Rattfylleri,1
2017,9,Kiruna kommun,Skadegörelse,1
2017,9,Kiruna kommun,Stöld/inbrott,1
2017,9,Kiruna kommun,"Trafikolycka,  personskada",1
2017,9,Luleå kommun,Sammanfattning natt,8
2017,9,Luleå kommun,Stöld/inbrott,7
2017,9,Luleå kommun,Rattfylleri,4
2017,9,Luleå kommun,Trafikkontroll,4
2017,9,Luleå kommun,Trafikolycka,4
2017,9,Luleå kommun,Fylleri/LOB,3
2017,9,Luleå kommun,Trafikbrott,3
2017,9,Luleå kommun,Uppdatering,3
2017,9,Luleå kommun,Övrigt,3
2017,9,Luleå kommun,Brand,2
2017,9,Luleå kommun,Bråk,2
2017,9,Luleå kommun,"Motorfordon,  stöld",2
2017,9,Luleå kommun,Narkotikabrott,2
2017,9,Luleå kommun,Skadegörelse,2
2017,9,Luleå kommun,"Trafikolycka,  vilt",2
2017,9,Luleå kommun,Arbetsplatsolycka,1
2017,9,Luleå kommun,Djur skadat/omhändertaget,1
2017,9,Luleå kommun,Försvunnen person,1
2017,9,Luleå kommun,Larm Överfall,1
2017,9,Luleå kommun,Misshandel,1
2017,9,Luleå kommun,"Misshandel,  grov",1
2017,9,Luleå kommun,Olaga hot,1
2017,9,Luleå kommun,Olaga intrång/hemfridsbrott,1
2017,9,Luleå kommun,Polisinsats/kommendering,1
2017,9,Luleå kommun,Sammanfattning kväll,1
2017,9,Luleå kommun,Sammanfattning kväll och natt,1
2017,9,Luleå kommun,Skottlossning,1
2017,9,Luleå kommun,Stöld,1
2017,9,Luleå kommun,"Stöld,  ringa",1
2017,9,Luleå kommun,"Trafikolycka,  personskada",1
2017,9,Luleå kommun,Våld/hot mot tjänsteman,1
2017,9,"Norrbotten, okänd kommun",Sammanfattning natt,15
2017,9,"Norrbotten, okänd kommun","Trafikolycka,  vilt",6
2017,9,"Norrbotten, okänd kommun",Sammanfattning kväll,5
2017,9,"Norrbotten, okänd kommun",Övrigt,3
2017,9,"Norrbotten, okänd kommun",Sammanfattning förmiddag,2
2017,9,"Norrbotten, okänd kommun",Sammanfattning kväll och natt,2
2017,9,"Norrbotten, okänd kommun",Kontroll person/fordon,1
2017,9,"Norrbotten, okänd kommun",Sammanfattning dag,1
2017,9,"Norrbotten, okänd kommun",Sammanfattning eftermiddag,1
2017,9,"Norrbotten, okänd kommun",Trafikkontroll,1
2017,9,Pajala kommun,"Trafikolycka,  vilt",2
2017,9,Pajala kommun,Rattfylleri,1
2017,9,Pajala kommun,Stöld/inbrott,1
2017,9,Pajala kommun,"Trafikolycka,  smitning från",1
2017,9,Piteå kommun,Trafikkontroll,9
2017,9,Piteå kommun,Kontroll person/fordon,2
2017,9,Piteå kommun,Rattfylleri,2
2017,9,Piteå kommun,Stöld/inbrott,2
2017,9,Piteå kommun,Trafikolycka,2
2017,9,Piteå kommun,"Trafikolycka,  smitning från",2
2017,9,Piteå kommun,Sammanfattning eftermiddag,1
2017,9,Piteå kommun,Sammanfattning kväll och natt,1
2017,9,Piteå kommun,Stöld,1
2017,9,Piteå kommun,"Trafikolycka,  personskada",1
2017,9,Älvsbyns kommun,Trafikkontroll,2
2017,9,Älvsbyns kommun,"Trafikolycka,  vilt",2
2017,9,Älvsbyns kommun,Anträffat gods,1
2017,9,Älvsbyns kommun,Arbetsplatsolycka,1
2017,9,Älvsbyns kommun,Djur skadat/omhändertaget,1
2017,9,Älvsbyns kommun,Försvunnen person,1
2017,9,Älvsbyns kommun,Olovlig körning,1
2017,9,Älvsbyns kommun,Räddningsinsats,1
2017,9,Älvsbyns kommun,Skadegörelse,1
2017,9,Älvsbyns kommun,Uppdatering,1
2017,9,Överkalix kommun,Rattfylleri,1
2017,9,Överkalix kommun,Skadegörelse,1
2017,9,Överkalix kommun,Stöld/inbrott,1
2017,9,Övertorneå kommun,Fylleri/LOB,1
2017,9,Övertorneå kommun,Olaga hot,1
2017,9,Övertorneå kommun,"Trafikolycka,  personskada",1
2017,10,Arjeplogs kommun,Trafikolycka,1
2017,10,Arjeplogs kommun,"Trafikolycka,  vilt",1
2017,10,Arvidsjaurs kommun,Trafikkontroll,2
2017,10,Arvidsjaurs kommun,Räddningsinsats,1
2017,10,Arvidsjaurs kommun,"Trafikolycka,  vilt",1
2017,10,Bodens kommun,Trafikbrott,4
2017,10,Bodens kommun,Trafikolycka,4
2017,10,Bodens kommun,Stöld/inbrott,3
2017,10,Bodens kommun,Trafikkontroll,3
2017,10,Bodens kommun,Rattfylleri,2
2017,10,Bodens kommun,Sammanfattning kväll,2
2017,10,Bodens kommun,Fylleri/LOB,1
2017,10,Bodens kommun,Kontroll person/fordon,1
2017,10,Bodens kommun,"Motorfordon,  stöld",1
2017,10,Bodens kommun,Sammanfattning natt,1
2017,10,Bodens kommun,"Trafikolycka,  personskada",1
2017,10,Bodens kommun,"Trafikolycka,  smitning från",1
2017,10,Bodens kommun,Övrigt,1
2017,10,Gällivare kommun,"Trafikolycka,  vilt",4
2017,10,Gällivare kommun,Arbetsplatsolycka,3
2017,10,Gällivare kommun,Övrigt,3
2017,10,Gällivare kommun,Djur skadat/omhändertaget,2
2017,10,Gällivare kommun,Trafikkontroll,2
2017,10,Gällivare kommun,Trafikolycka,2
2017,10,Gällivare kommun,Uppdatering,2
2017,10,Gällivare kommun,Fylleri/LOB,1
2017,10,Gällivare kommun,Larm Överfall,1
2017,10,Gällivare kommun,"Motorfordon,  anträffat stulet",1
2017,10,Gällivare kommun,Sammanfattning natt,1
2017,10,Gällivare kommun,Skadegörelse,1
2017,10,Gällivare kommun,Trafikbrott,1
2017,10,Gällivare kommun,Trafikhinder,1
2017,10,Gällivare kommun,"Trafikolycka,  singel",1
2017,10,Gällivare kommun,"Trafikolycka,  smitning från",1
2017,10,Haparanda kommun,"Trafikolycka,  vilt",2
2017,10,Haparanda kommun,Arbetsplatsolycka,1
2017,10,Haparanda kommun,Sammanfattning dag,1
2017,10,Haparanda kommun,Skadegörelse,1
2017,10,Haparanda kommun,Stöld/inbrott,1
2017,10,Haparanda kommun,Trafikolycka,1
2017,10,Haparanda kommun,Övrigt,1
2017,10,Jokkmokks kommun,"Trafikolycka,  vilt",3
2017,10,Jokkmokks kommun,"Trafikolycka,  personskada",2
2017,10,Jokkmokks kommun,Rattfylleri,1
2017,10,Jokkmokks kommun,Räddningsinsats,1
2017,10,Jokkmokks kommun,Skadegörelse,1
2017,10,Jokkmokks kommun,Trafikolycka,1
2017,10,Kalix kommun,Stöld/inbrott,2
2017,10,Kalix kommun,"Trafikolycka,  vilt",2
2017,10,Kalix kommun,Olaga hot,1
2017,10,Kalix kommun,Rattfylleri,1
2017,10,Kalix kommun,Sammanfattning natt,1
2017,10,Kalix kommun,Skadegörelse,1
2017,10,Kalix kommun,Stöld,1
2017,10,Kalix kommun,Trafikolycka,1
2017,10,Kalix kommun,"Trafikolycka,  smitning från",1
2017,10,Kiruna kommun,Fjällräddning,2
2017,10,Kiruna kommun,Trafikolycka,2
2017,10,Kiruna kommun,"Trafikolycka,  vilt",2
2017,10,Kiruna kommun,Bedrägeri,1
2017,10,Kiruna kommun,Brand,1
2017,10,Kiruna kommun,Fylleri/LOB,1
2017,10,Kiruna kommun,Narkotikabrott,1
2017,10,Kiruna kommun,Räddningsinsats,1
2017,10,Kiruna kommun,Sammanfattning kväll,1
2017,10,Kiruna kommun,Trafikbrott,1
2017,10,Kiruna kommun,Trafikhinder,1
2017,10,Kiruna kommun,Trafikkontroll,1
2017,10,Luleå kommun,Rattfylleri,6
2017,10,Luleå kommun,Trafikbrott,5
2017,10,Luleå kommun,Trafikkontroll,5
2017,10,Luleå kommun,Trafikolycka,5
2017,10,Luleå kommun,"Trafikolycka,  vilt",5
2017,10,Luleå kommun,Bråk,4
2017,10,Luleå kommun,Sammanfattning natt,4
2017,10,Luleå kommun,Övrigt,4
2017,10,Luleå kommun,Fylleri/LOB,3
2017,10,Luleå kommun,Stöld,2
2017,10,Luleå kommun,Försvunnen person,1
2017,10,Luleå kommun,Knivlagen,1
2017,10,Luleå kommun,Larm Inbrott,1
2017,10,Luleå kommun,Larm Överfall,1
2017,10,Luleå kommun,Misshandel,1
2017,10,Luleå kommun,"Mord/dråp,  försök",1
2017,10,Luleå kommun,"Motorfordon,  stöld",1
2017,10,Luleå kommun,Olaga hot,1
2017,10,Luleå kommun,Ordningslagen,1
2017,10,Luleå kommun,Räddningsinsats,1
2017,10,Luleå kommun,"Stöld,  ringa",1
2017,10,Luleå kommun,Stöld/inbrott,1
2017,10,Luleå kommun,"Trafikolycka,  personskada",1
2017,10,Luleå kommun,"Trafikolycka,  smitning från",1
2017,10,"Norrbotten, okänd kommun",Sammanfattning natt,21
2017,10,"Norrbotten, okänd kommun",Sammanfattning dag,7
2017,10,"Norrbotten, okänd kommun",Sammanfattning förmiddag,6
2017,10,"Norrbotten, okänd kommun",Sammanfattning kväll,4
2017,10,"Norrbotten, okänd kommun",Tillfälligt obemannat,3
2017,10,"Norrbotten, okänd kommun",Övrigt,3
2017,10,"Norrbotten, okänd kommun",Sammanfattning eftermiddag,2
2017,10,"Norrbotten, okänd kommun",Sammanfattning kväll och natt,2
2017,10,"Norrbotten, okänd kommun",Bedrägeri,1
2017,10,"Norrbotten, okänd kommun",Stöld,1
2017,10,"Norrbotten, okänd kommun","Trafikolycka,  vilt",1
2017,10,Pajala kommun,"Trafikolycka,  vilt",4
2017,10,Pajala kommun,"Trafikolycka,  singel",2
2017,10,Pajala kommun,Trafikolycka,1
2017,10,Piteå kommun,Trafikkontroll,7
2017,10,Piteå kommun,Rattfylleri,3
2017,10,Piteå kommun,Skadegörelse,3
2017,10,Piteå kommun,Stöld,3
2017,10,Piteå kommun,Trafikolycka,3
2017,10,Piteå kommun,Stöld/inbrott,2
2017,10,Piteå kommun,"Trafikolycka,  vilt",2
2017,10,Piteå kommun,Fylleri/LOB,1
2017,10,Piteå kommun,Försvunnen person,1
2017,10,Piteå kommun,Misshandel,1
2017,10,Piteå kommun,"Mord/dråp,  försök",1
2017,10,Piteå kommun,"Stöld,  försök",1
2017,10,Piteå kommun,Trafikbrott,1
2017,10,Piteå kommun,Våldtäkt,1
2017,10,Piteå kommun,Övrigt,1
2017,10,Älvsbyns kommun,Trafikkontroll,1
2017,10,Överkalix kommun,"Trafikolycka,  vilt",3
2017,10,Överkalix kommun,Stöld,2
2017,10,Överkalix kommun,"Motorfordon,  stöld",1
2017,10,Övertorneå kommun,"Trafikolycka,  vilt",6
2017,11,Arjeplogs kommun,"Trafikolycka,  vilt",5
2017,11,Arjeplogs kommun,Fjällräddning,2
2017,11,Arjeplogs kommun,Rattfylleri,2
2017,11,Arjeplogs kommun,Trafikkontroll,1
2017,11,Arjeplogs kommun,Trafikolycka,1
2017,11,Arvidsjaurs kommun,"Trafikolycka,  vilt",6
2017,11,Arvidsjaurs kommun,Trafikkontroll,4
2017,11,Arvidsjaurs kommun,Trafikolycka,2
2017,11,Arvidsjaurs kommun,Rattfylleri,1
2017,11,Arvidsjaurs kommun,"Trafikolycka,  personskada",1
2017,11,Arvidsjaurs kommun,"Trafikolycka,  singel",1
2017,11,Arvidsjaurs kommun,"Trafikolycka,  smitning från",1
2017,11,Bodens kommun,Trafikkontroll,5
2017,11,Bodens kommun,"Trafikolycka,  vilt",5
2017,11,Bodens kommun,Trafikolycka,4
2017,11,Bodens kommun,Fylleri/LOB,3
2017,11,Bodens kommun,Stöld/inbrott,3
2017,11,Bodens kommun,Brand,2
2017,11,Bodens kommun,Trafikbrott,2
2017,11,Bodens kommun,Anträffat gods,1
2017,11,Bodens kommun,Försvunnen person,1
2017,11,Bodens kommun,Larm Inbrott,1
2017,11,Bodens kommun,Rattfylleri,1
2017,11,Bodens kommun,Stöld,1
2017,11,Gällivare kommun,"Trafikolycka,  vilt",8
2017,11,Gällivare kommun,Stöld/inbrott,5
2017,11,Gällivare kommun,Trafikolycka,4
2017,11,Gällivare kommun,Bråk,1
2017,11,Gällivare kommun,Djur skadat/omhändertaget,1
2017,11,Gällivare kommun,Fylleri/LOB,1
2017,11,Gällivare kommun,"Motorfordon,  stöld",1
2017,11,Gällivare kommun,Rattfylleri,1
2017,11,Gällivare kommun,"Trafikolycka,  singel",1
2017,11,Haparanda kommun,Trafikolycka,2
2017,11,Haparanda kommun,"Trafikolycka,  vilt",2
2017,11,Haparanda kommun,Arbetsplatsolycka,1
2017,11,Haparanda kommun,Brand,1
2017,11,Haparanda kommun,Sammanfattning kväll och natt,1
2017,11,Haparanda kommun,Sammanfattning natt,1
2017,11,Haparanda kommun,Trafikbrott,1
2017,11,Jokkmokks kommun,"Trafikolycka,  vilt",3
2017,11,Jokkmokks kommun,Försvunnen person,1
2017,11,Jokkmokks kommun,Narkotikabrott,1
2017,11,Jokkmokks kommun,Stöld/inbrott,1
2017,11,Jokkmokks kommun,Trafikbrott,1
2017,11,Jokkmokks kommun,Trafikkontroll,1
2017,11,Kalix kommun,"Trafikolycka,  vilt",9
2017,11,Kalix kommun,Stöld/inbrott,5
2017,11,Kalix kommun,Trafikolycka,3
2017,11,Kalix kommun,Stöld,2
2017,11,Kalix kommun,Arbetsplatsolycka,1
2017,11,Kalix kommun,Fylleri/LOB,1
2017,11,Kalix kommun,"Motorfordon,  stöld",1
2017,11,Kalix kommun,Narkotikabrott,1
2017,11,Kalix kommun,Rattfylleri,1
2017,11,Kalix kommun,Trafikbrott,1
2017,11,Kalix kommun,Trafikhinder,1
2017,11,Kiruna kommun,Trafikolycka,3
2017,11,Kiruna kommun,"Trafikolycka,  vilt",3
2017,11,Kiruna kommun,Narkotikabrott,2
2017,11,Kiruna kommun,Trafikhinder,2
2017,11,Kiruna kommun,Övrigt,2
2017,11,Kiruna kommun,Fylleri/LOB,1
2017,11,Kiruna kommun,Rattfylleri,1
2017,11,Kiruna kommun,Sammanfattning kväll,1
2017,11,Kiruna kommun,"Stöld,  ringa",1
2017,11,Kiruna kommun,"Trafikolycka,  personskada",1
2017,11,Luleå kommun,Trafikolycka,17
2017,11,Luleå kommun,"Trafikolycka,  vilt",7
2017,11,Luleå kommun,Trafikkontroll,6
2017,11,Luleå kommun,Sammanfattning natt,5
2017,11,Luleå kommun,"Trafikolycka,  personskada",5
2017,11,Luleå kommun,Stöld/inbrott,4
2017,11,Luleå kommun,Rattfylleri,3
2017,11,Luleå kommun,Trafikbrott,3
2017,11,Luleå kommun,Fylleri/LOB,2
2017,11,Luleå kommun,Kontroll person/fordon,2
2017,11,Luleå kommun,Larm Överfall,2
2017,11,Luleå kommun,Narkotikabrott,2
2017,11,Luleå kommun,Stöld,2
2017,11,Luleå kommun,Övrigt,2
2017,11,Luleå kommun,Arbetsplatsolycka,1
2017,11,Luleå kommun,Bedrägeri,1
2017,11,Luleå kommun,Bråk,1
2017,11,Luleå kommun,Försvunnen person,1
2017,11,Luleå kommun,Inbrott,1
2017,11,Luleå kommun,Misshandel,1
2017,11,Luleå kommun,"Motorfordon,  anträffat stulet",1
2017,11,Luleå kommun,"Motorfordon,  stöld",1
2017,11,Luleå kommun,Olaga hot,1
2017,11,Luleå kommun,Sammanfattning kväll,1
2017,11,Luleå kommun,Skadegörelse,1
2017,11,Luleå kommun,Trafikhinder,1
2017,11,Luleå kommun,Våld/hot mot tjänsteman,1
2017,11,"Norrbotten, okänd kommun",Sammanfattning natt,22
2017,11,"Norrbotten, okänd kommun",Tillfälligt obemannat,10
2017,11,"Norrbotten, okänd kommun",Övrigt,10
2017,11,"Norrbotten, okänd kommun",Sammanfattning kväll,5
2017,11,"Norrbotten, okänd kommun",Sammanfattning eftermiddag,3
2017,11,"Norrbotten, okänd kommun","Trafikolycka,  vilt",3
2017,11,"Norrbotten, okänd kommun",Sammanfattning kväll och natt,2
2017,11,"Norrbotten, okänd kommun",Sammanfattning helg,1
2017,11,"Norrbotten, okänd kommun",Stöld,1
2017,11,Pajala kommun,"Trafikolycka,  vilt",7
2017,11,Pajala kommun,Stöld/inbrott,1
2017,11,Pajala kommun,Trafikolycka,1
2017,11,Piteå kommun,Trafikolycka,9
2017,11,Piteå kommun,Stöld/inbrott,6
2017,11,Piteå kommun,Trafikkontroll,6
2017,11,Piteå kommun,"Trafikolycka,  vilt",6
2017,11,Piteå kommun,Trafikbrott,3
2017,11,Piteå kommun,"Trafikolycka,  personskada",3
2017,11,Piteå kommun,Arbetsplatsolycka,2
2017,11,Piteå kommun,Misshandel,2
2017,11,Piteå kommun,Narkotikabrott,2
2017,11,Piteå kommun,Rattfylleri,2
2017,11,Piteå kommun,Olaga frihetsberövande,1
2017,11,Piteå kommun,Trafikhinder,1
2017,11,Piteå kommun,"Trafikolycka,  singel",1
2017,11,Piteå kommun,"Trafikolycka,  smitning från",1
2017,11,Piteå kommun,Vapenlagen,1
2017,11,Piteå kommun,Övrigt,1
2017,11,Älvsbyns kommun,"Trafikolycka,  vilt",3
2017,11,Älvsbyns kommun,Brand,1
2017,11,Älvsbyns kommun,Misshandel,1
2017,11,Älvsbyns kommun,Rattfylleri,1
2017,11,Älvsbyns kommun,Skadegörelse,1
2017,11,Älvsbyns kommun,Stöld,1
2017,11,Älvsbyns kommun,Trafikbrott,1
2017,11,Överkalix kommun,"Trafikolycka,  vilt",2
2017,11,Överkalix kommun,Rattfylleri,1
2017,11,Överkalix kommun,Trafikkontroll,1
2017,11,Överkalix kommun,"Trafikolycka,  singel",1
2017,11,Överkalix kommun,"Trafikolycka,  smitning från",1
2017,11,Övertorneå kommun,"Trafikolycka,  vilt",2
2017,11,Övertorneå kommun,Fylleri/LOB,1
2017,11,Övertorneå kommun,Trafikbrott,1
2017,11,Övertorneå kommun,Trafikolycka,1
2017,11,Övertorneå kommun,Övrigt,1
2017,12,Arjeplogs kommun,"Trafikolycka,  vilt",5
2017,12,Arjeplogs kommun,Trafikolycka,2
2017,12,Arjeplogs kommun,Trafikkontroll,1
2017,12,Arvidsjaurs kommun,"Trafikolycka,  vilt",3
2017,12,Arvidsjaurs kommun,Trafikkontroll,2
2017,12,Arvidsjaurs kommun,Rattfylleri,1
2017,12,Arvidsjaurs kommun,Stöld/inbrott,1
2017,12,Bodens kommun,Rattfylleri,5
2017,12,Bodens kommun,Trafikolycka,5
2017,12,Bodens kommun,Stöld/inbrott,3
2017,12,Bodens kommun,Larm Överfall,2
2017,12,Bodens kommun,Trafikkontroll,2
2017,12,Bodens kommun,Brand,1
2017,12,Bodens kommun,Djur skadat/omhändertaget,1
2017,12,Bodens kommun,Kontroll person/fordon,1
2017,12,Bodens kommun,Rån övrigt,1
2017,12,Bodens kommun,Sammanfattning natt,1
2017,12,Bodens kommun,Skadegörelse,1
2017,12,Bodens kommun,"Stöld,  ringa",1
2017,12,Bodens kommun,Trafikbrott,1
2017,12,Bodens kommun,"Trafikolycka,  vilt",1
2017,12,Bodens kommun,Uppdatering,1
2017,12,Gällivare kommun,Trafikkontroll,3
2017,12,Gällivare kommun,"Trafikolycka,  vilt",3
2017,12,Gällivare kommun,Stöld/inbrott,2
2017,12,Gällivare kommun,Trafikbrott,2
2017,12,Gällivare kommun,Trafikolycka,2
2017,12,Gällivare kommun,Arbetsplatsolycka,1
2017,12,Gällivare kommun,Bedrägeri,1
2017,12,Gällivare kommun,Brand,1
2017,12,Gällivare kommun,Bråk,1
2017,12,Gällivare kommun,Djur skadat/omhändertaget,1
2017,12,Gällivare kommun,Fjällräddning,1
2017,12,Gällivare kommun,Inbrott,1
2017,12,Gällivare kommun,Larm Inbrott,1
2017,12,Gällivare kommun,Misshandel,1
2017,12,Gällivare kommun,Skadegörelse,1
2017,12,Gällivare kommun,"Trafikolycka,  smitning från",1
2017,12,Haparanda kommun,Brand,2
2017,12,Haparanda kommun,Trafikolycka,2
2017,12,Haparanda kommun,Övrigt,2
2017,12,Haparanda kommun,Misshandel,1
2017,12,Haparanda kommun,Sammanfattning natt,1
2017,12,Haparanda kommun,Trafikbrott,1
2017,12,Haparanda kommun,"Trafikolycka,  vilt",1
2017,12,Jokkmokks kommun,"Trafikolycka,  vilt",8
2017,12,Jokkmokks kommun,Försvunnen person,1
2017,12,Jokkmokks kommun,Misshandel,1
2017,12,Jokkmokks kommun,Trafikolycka,1
2017,12,Jokkmokks kommun,"Trafikolycka,  singel",1
2017,12,Kalix kommun,Stöld/inbrott,6
2017,12,Kalix kommun,"Trafikolycka,  vilt",6
2017,12,Kalix kommun,Brand,2
2017,12,Kalix kommun,Trafikolycka,2
2017,12,Kalix kommun,Arbetsplatsolycka,1
2017,12,Kalix kommun,Djur skadat/omhändertaget,1
2017,12,Kalix kommun,Sammanfattning natt,1
2017,12,Kalix kommun,Trafikhinder,1
2017,12,Kalix kommun,"Trafikolycka,  personskada",1
2017,12,Kalix kommun,Övrigt,1
2017,12,Kiruna kommun,Trafikkontroll,5
2017,12,Kiruna kommun,Trafikolycka,4
2017,12,Kiruna kommun,Trafikbrott,2
2017,12,Kiruna kommun,Fjällräddning,1
2017,12,Kiruna kommun,Olaga hot,1
2017,12,Kiruna kommun,Olaga intrång/hemfridsbrott,1
2017,12,Kiruna kommun,Rattfylleri,1
2017,12,Kiruna kommun,Övrigt,1
2017,12,Luleå kommun,Trafikolycka,9
2017,12,Luleå kommun,Trafikkontroll,5
2017,12,Luleå kommun,Rattfylleri,4
2017,12,Luleå kommun,Bråk,3
2017,12,Luleå kommun,Sammanfattning natt,3
2017,12,Luleå kommun,Stöld,3
2017,12,Luleå kommun,"Trafikolycka,  vilt",3
2017,12,Luleå kommun,Fylleri/LOB,2
2017,12,Luleå kommun,Larm Överfall,2
2017,12,Luleå kommun,Olaga hot,2
2017,12,Luleå kommun,Skadegörelse,2
2017,12,Luleå kommun,Stöld/inbrott,2
2017,12,Luleå kommun,Arbetsplatsolycka,1
2017,12,Luleå kommun,Brand,1
2017,12,Luleå kommun,Kontroll person/fordon,1
2017,12,Luleå kommun,Narkotikabrott,1
2017,12,Luleå kommun,Trafikbrott,1
2017,12,Luleå kommun,Trafikhinder,1
2017,12,Luleå kommun,"Trafikolycka,  personskada",1
2017,12,Luleå kommun,"Trafikolycka,  singel",1
2017,12,Luleå kommun,"Trafikolycka,  smitning från",1
2017,12,Luleå kommun,Övrigt,1
2017,12,"Norrbotten, okänd kommun",Sammanfattning natt,23
2017,12,"Norrbotten, okänd kommun",Övrigt,23
2017,12,"Norrbotten, okänd kommun",Tillfälligt obemannat,8
2017,12,"Norrbotten, okänd kommun",Sammanfattning kväll,6
2017,12,"Norrbotten, okänd kommun",Sammanfattning förmiddag,4
2017,12,"Norrbotten, okänd kommun",Sammanfattning dag,2
2017,12,"Norrbotten, okänd kommun",Sammanfattning kväll och natt,2
2017,12,"Norrbotten, okänd kommun","Trafikolycka,  vilt",2
2017,12,"Norrbotten, okänd kommun","Stöld,  försök",1
2017,12,"Norrbotten, okänd kommun",Trafikhinder,1
2017,12,"Norrbotten, okänd kommun",Trafikkontroll,1
2017,12,Pajala kommun,Djur skadat/omhändertaget,1
2017,12,Pajala kommun,Stöld/inbrott,1
2017,12,Pajala kommun,Trafikolycka,1
2017,12,Piteå kommun,Trafikolycka,8
2017,12,Piteå kommun,Trafikkontroll,7
2017,12,Piteå kommun,"Trafikolycka,  vilt",3
2017,12,Piteå kommun,Arbetsplatsolycka,2
2017,12,Piteå kommun,Brand,2
2017,12,Piteå kommun,Bråk,2
2017,12,Piteå kommun,"Trafikolycka,  singel",2
2017,12,Piteå kommun,Bedrägeri,1
2017,12,Piteå kommun,Fylleri/LOB,1
2017,12,Piteå kommun,Larm Överfall,1
2017,12,Piteå kommun,"Mord/dråp,  försök",1
2017,12,Piteå kommun,Sammanfattning dag,1
2017,12,Piteå kommun,Sammanfattning kväll,1
2017,12,Piteå kommun,"Trafikolycka,  personskada",1
2017,12,Piteå kommun,Våldtäkt,1
2017,12,Älvsbyns kommun,Trafikolycka,2
2017,12,Älvsbyns kommun,"Trafikolycka,  personskada",1
2017,12,Älvsbyns kommun,"Trafikolycka,  vilt",1
2017,12,Överkalix kommun,"Trafikolycka,  vilt",5
2017,12,Överkalix kommun,"Trafikolycka,  personskada",1
2017,12,Överkalix kommun,"Trafikolycka,  smitning från",1
2017,12,Övertorneå kommun,Fylleri/LOB,2
2017,12,Övertorneå kommun,Rattfylleri,2
2017,12,Övertorneå kommun,"Trafikolycka,  vilt",2
2017,12,Övertorneå kommun,Trafikolycka,1
2018,1,Arjeplogs kommun,Trafikolycka,2
2018,1,Arjeplogs kommun,Brand,1
2018,1,Arjeplogs kommun,Fjällräddning,1
2018,1,Arjeplogs kommun,Olovlig körning,1
2018,1,Arjeplogs kommun,Sammanfattning kväll och natt,1
2018,1,Arjeplogs kommun,"Trafikolycka,  vilt",1
2018,1,Arvidsjaurs kommun,Trafikkontroll,4
2018,1,Arvidsjaurs kommun,Brand,1
2018,1,Arvidsjaurs kommun,Trafikhinder,1
2018,1,Bodens kommun,Trafikolycka,3
2018,1,Bodens kommun,"Trafikolycka,  vilt",3
2018,1,Bodens kommun,Arbetsplatsolycka,2
2018,1,Bodens kommun,Fylleri/LOB,2
2018,1,Bodens kommun,"Motorfordon,  stöld",2
2018,1,Bodens kommun,"Stöld,  ringa",2
2018,1,Bodens kommun,Trafikbrott,2
2018,1,Bodens kommun,Häleri,1
2018,1,Bodens kommun,Olaga hot,1
2018,1,Bodens kommun,Rattfylleri,1
2018,1,Bodens kommun,Sammanfattning natt,1
2018,1,Bodens kommun,Stöld/inbrott,1
2018,1,Bodens kommun,Trafikhinder,1
2018,1,Bodens kommun,Trafikkontroll,1
2018,1,Gällivare kommun,Trafikolycka,5
2018,1,Gällivare kommun,"Trafikolycka,  vilt",4
2018,1,Gällivare kommun,Arbetsplatsolycka,2
2018,1,Gällivare kommun,Fjällräddning,2
2018,1,Gällivare kommun,Trafikbrott,2
2018,1,Gällivare kommun,Bråk,1
2018,1,Gällivare kommun,Inbrott,1
2018,1,Gällivare kommun,Narkotikabrott,1
2018,1,Gällivare kommun,Ofredande/förargelse,1
2018,1,Gällivare kommun,Rattfylleri,1
2018,1,Gällivare kommun,Sammanfattning natt,1
2018,1,Gällivare kommun,Trafikkontroll,1
2018,1,Haparanda kommun,Stöld,2
2018,1,Haparanda kommun,Larm Överfall,1
2018,1,Haparanda kommun,Misshandel,1
2018,1,Haparanda kommun,Sammanfattning kväll och natt,1
2018,1,Haparanda kommun,Trafikolycka,1
2018,1,Haparanda kommun,"Trafikolycka,  vilt",1
2018,1,Jokkmokks kommun,Trafikolycka,2
2018,1,Jokkmokks kommun,Djur skadat/omhändertaget,1
2018,1,Kalix kommun,Stöld/inbrott,2
2018,1,Kalix kommun,Trafikkontroll,2
2018,1,Kalix kommun,Arbetsplatsolycka,1
2018,1,Kalix kommun,Narkotikabrott,1
2018,1,Kalix kommun,Rattfylleri,1
2018,1,Kalix kommun,Sammanfattning natt,1
2018,1,Kalix kommun,"Stöld,  ringa",1
2018,1,Kalix kommun,"Trafikolycka,  smitning från",1
2018,1,Kalix kommun,"Trafikolycka,  vilt",1
2018,1,Kiruna kommun,Trafikkontroll,6
2018,1,Kiruna kommun,Trafikhinder,3
2018,1,Kiruna kommun,Fjällräddning,1
2018,1,Kiruna kommun,Fylleri/LOB,1
2018,1,Kiruna kommun,Larm Överfall,1
2018,1,Kiruna kommun,Rattfylleri,1
2018,1,Kiruna kommun,Sammanfattning natt,1
2018,1,Kiruna kommun,Stöld,1
2018,1,Kiruna kommun,Trafikbrott,1
2018,1,Kiruna kommun,"Trafikolycka,  personskada",1
2018,1,Kiruna kommun,"Trafikolycka,  smitning från",1
2018,1,Luleå kommun,Trafikolycka,10
2018,1,Luleå kommun,Trafikkontroll,5
2018,1,Luleå kommun,"Stöld,  ringa",4
2018,1,Luleå kommun,Trafikbrott,4
2018,1,Luleå kommun,"Trafikolycka,  personskada",4
2018,1,Luleå kommun,Fylleri/LOB,3
2018,1,Luleå kommun,"Motorfordon,  stöld",3
2018,1,Luleå kommun,Rattfylleri,3
2018,1,Luleå kommun,Sammanfattning natt,3
2018,1,Luleå kommun,Olaga hot,2
2018,1,Luleå kommun,Stöld/inbrott,2
2018,1,Luleå kommun,Trafikhinder,2
2018,1,Luleå kommun,"Trafikolycka,  singel",2
2018,1,Luleå kommun,"Trafikolycka,  vilt",2
2018,1,Luleå kommun,Uppdatering,2
2018,1,Luleå kommun,Övrigt,2
2018,1,Luleå kommun,Arbetsplatsolycka,1
2018,1,Luleå kommun,Bråk,1
2018,1,Luleå kommun,"Farligt föremål,  misstänkt",1
2018,1,Luleå kommun,Kontroll person/fordon,1
2018,1,Luleå kommun,Larm Överfall,1
2018,1,Luleå kommun,Misshandel,1
2018,1,Luleå kommun,Narkotikabrott,1
2018,1,Luleå kommun,Ofredande/förargelse,1
2018,1,Luleå kommun,Rån,1
2018,1,Luleå kommun,Sammanfattning förmiddag,1
2018,1,Luleå kommun,Stöld,1
2018,1,Luleå kommun,Våld/hot mot tjänsteman,1
2018,1,"Norrbotten, okänd kommun",Övrigt,22
2018,1,"Norrbotten, okänd kommun",Sammanfattning natt,16
2018,1,"Norrbotten, okänd kommun",Tillfälligt obemannat,6
2018,1,"Norrbotten, okänd kommun",Sammanfattning förmiddag,5
2018,1,"Norrbotten, okänd kommun",Sammanfattning kväll,1
2018,1,"Norrbotten, okänd kommun",Sammanfattning kväll och natt,1
2018,1,"Norrbotten, okänd kommun",Trafikkontroll,1
2018,1,"Norrbotten, okänd kommun","Trafikolycka,  vilt",1
2018,1,Pajala kommun,Inbrott,1
2018,1,Pajala kommun,"Trafikolycka,  personskada",1
2018,1,Piteå kommun,Trafikolycka,8
2018,1,Piteå kommun,"Trafikolycka,  personskada",5
2018,1,Piteå kommun,Stöld,4
2018,1,Piteå kommun,Trafikkontroll,4
2018,1,Piteå kommun,Rån väpnat,2
2018,1,Piteå kommun,Sammanfattning kväll,2
2018,1,Piteå kommun,Sammanfattning natt,2
2018,1,Piteå kommun,Arbetsplatsolycka,1
2018,1,Piteå kommun,Brand,1
2018,1,Piteå kommun,Rattfylleri,1
2018,1,Piteå kommun,Skadegörelse,1
2018,1,Piteå kommun,Trafikhinder,1
2018,1,Piteå kommun,"Trafikolycka,  vilt",1
2018,1,Älvsbyns kommun,Trafikolycka,2
2018,1,Älvsbyns kommun,Trafikhinder,1
2018,1,Älvsbyns kommun,"Trafikolycka,  vilt",1
2018,1,Älvsbyns kommun,trafikhinder,1
2018,1,Övertorneå kommun,Rattfylleri,3
2018,1,Övertorneå kommun,Trafikhinder,2
2018,1,Övertorneå kommun,Skadegörelse,1
2018,1,Övertorneå kommun,Trafikkontroll,1
2018,1,Övertorneå kommun,Trafikolycka,1
2018,2,Arjeplogs kommun,Fjällräddning,2
2018,2,Arjeplogs kommun,Kontroll person/fordon,1
2018,2,Arjeplogs kommun,Trafikhinder,1
2018,2,Arvidsjaurs kommun,Trafikkontroll,9
2018,2,Arvidsjaurs kommun,Brand,1
2018,2,Arvidsjaurs kommun,"Misshandel,  grov",1
2018,2,Arvidsjaurs kommun,Rattfylleri,1
2018,2,Arvidsjaurs kommun,Sammanfattning natt,1
2018,2,Arvidsjaurs kommun,"Trafikolycka,  vilt",1
2018,2,Bodens kommun,Trafikkontroll,4
2018,2,Bodens kommun,Trafikolycka,4
2018,2,Bodens kommun,Trafikbrott,3
2018,2,Bodens kommun,Rattfylleri,2
2018,2,Bodens kommun,Sammanfattning natt,2
2018,2,Bodens kommun,Stöld,2
2018,2,Bodens kommun,Trafikhinder,2
2018,2,Bodens kommun,"Trafikolycka,  personskada",2
2018,2,Bodens kommun,Djur skadat/omhändertaget,1
2018,2,Bodens kommun,Inbrott,1
2018,2,Bodens kommun,Misshandel,1
2018,2,Bodens kommun,"Stöld,  ringa",1
2018,2,Bodens kommun,Stöld/inbrott,1
2018,2,Bodens kommun,Våld/hot mot tjänsteman,1
2018,2,Gällivare kommun,Trafikkontroll,5
2018,2,Gällivare kommun,Trafikolycka,4
2018,2,Gällivare kommun,Larm Överfall,3
2018,2,Gällivare kommun,Trafikbrott,3
2018,2,Gällivare kommun,Brand,1
2018,2,Gällivare kommun,Stöld,1
2018,2,Gällivare kommun,"Stöld,  ringa",1
2018,2,Gällivare kommun,Trafikhinder,1
2018,2,Gällivare kommun,"Trafikolycka,  personskada",1
2018,2,Gällivare kommun,"Trafikolycka,  vilt",1
2018,2,Haparanda kommun,Olaga hot,2
2018,2,Haparanda kommun,Stöld,2
2018,2,Haparanda kommun,Inbrott,1
2018,2,Haparanda kommun,Skadegörelse,1
2018,2,Haparanda kommun,Stöld/inbrott,1
2018,2,Jokkmokks kommun,"Trafikolycka,  vilt",2
2018,2,Jokkmokks kommun,Narkotikabrott,1
2018,2,Jokkmokks kommun,Rattfylleri,1
2018,2,Jokkmokks kommun,Skadegörelse,1
2018,2,Jokkmokks kommun,Trafikbrott,1
2018,2,Jokkmokks kommun,Trafikkontroll,1
2018,2,Jokkmokks kommun,Trafikolycka,1
2018,2,Jokkmokks kommun,"Trafikolycka,  personskada",1
2018,2,Jokkmokks kommun,Övrigt,1
2018,2,Kalix kommun,Sammanfattning natt,4
2018,2,Kalix kommun,Stöld/inbrott,3
2018,2,Kalix kommun,"Trafikolycka,  personskada",3
2018,2,Kalix kommun,"Stöld,  ringa",2
2018,2,Kalix kommun,Trafikhinder,2
2018,2,Kalix kommun,Bråk,1
2018,2,Kalix kommun,Misshandel,1
2018,2,Kalix kommun,Skadegörelse,1
2018,2,Kalix kommun,Stöld,1
2018,2,Kalix kommun,"Stöld,  försök",1
2018,2,Kalix kommun,Trafikolycka,1
2018,2,Kalix kommun,"Trafikolycka,  vilt",1
2018,2,Kiruna kommun,Fjällräddning,5
2018,2,Kiruna kommun,Trafikolycka,3
2018,2,Kiruna kommun,"Trafikolycka,  vilt",2
2018,2,Kiruna kommun,Brand,1
2018,2,Kiruna kommun,Rattfylleri,1
2018,2,Kiruna kommun,Sammanfattning natt,1
2018,2,Kiruna kommun,Skadegörelse,1
2018,2,Kiruna kommun,Stöld/inbrott,1
2018,2,Kiruna kommun,Trafikbrott,1
2018,2,Kiruna kommun,"Trafikolycka,  personskada",1
2018,2,Luleå kommun,Trafikolycka,9
2018,2,Luleå kommun,Rattfylleri,7
2018,2,Luleå kommun,"Trafikolycka,  personskada",6
2018,2,Luleå kommun,Trafikkontroll,4
2018,2,Luleå kommun,"Motorfordon,  stöld",3
2018,2,Luleå kommun,Olaga hot,3
2018,2,Luleå kommun,Larm Överfall,2
2018,2,Luleå kommun,Sammanfattning kväll,2
2018,2,Luleå kommun,Stöld,2
2018,2,Luleå kommun,Stöld/inbrott,2
2018,2,Luleå kommun,"Trafikolycka,  vilt",2
2018,2,Luleå kommun,Fylleri/LOB,1
2018,2,Luleå kommun,Inbrott,1
2018,2,Luleå kommun,Kontroll person/fordon,1
2018,2,Luleå kommun,Misshandel,1
2018,2,Luleå kommun,Rån övrigt,1
2018,2,Luleå kommun,Sammanfattning kväll och natt,1
2018,2,Luleå kommun,"Stöld,  försök",1
2018,2,Luleå kommun,Trafikbrott,1
2018,2,Luleå kommun,Trafikhinder,1
2018,2,Luleå kommun,Övrigt,1
2018,2,"Norrbotten, okänd kommun",Övrigt,31
2018,2,"Norrbotten, okänd kommun",Sammanfattning natt,17
2018,2,"Norrbotten, okänd kommun",Sammanfattning kväll,9
2018,2,"Norrbotten, okänd kommun",Sammanfattning förmiddag,6
2018,2,"Norrbotten, okänd kommun",Sammanfattning kväll och natt,2
2018,2,"Norrbotten, okänd kommun",Tillfälligt obemannat,2
2018,2,"Norrbotten, okänd kommun",Sammanfattning eftermiddag,1
2018,2,"Norrbotten, okänd kommun","Stöld,  ringa",1
2018,2,Pajala kommun,Olovlig körning,1
2018,2,Pajala kommun,Stöld/inbrott,1
2018,2,Pajala kommun,Trafikbrott,1
2018,2,Pajala kommun,"Trafikolycka,  vilt",1
2018,2,Piteå kommun,Rattfylleri,6
2018,2,Piteå kommun,Trafikhinder,3
2018,2,Piteå kommun,Trafikkontroll,3
2018,2,Piteå kommun,Arbetsplatsolycka,2
2018,2,Piteå kommun,Larm Överfall,2
2018,2,Piteå kommun,Trafikolycka,2
2018,2,Piteå kommun,Fylleri/LOB,1
2018,2,Piteå kommun,Misshandel,1
2018,2,Piteå kommun,Olaga intrång/hemfridsbrott,1
2018,2,Piteå kommun,Sammanfattning kväll,1
2018,2,Piteå kommun,"Stöld,  ringa",1
2018,2,Piteå kommun,Trafikbrott,1
2018,2,Piteå kommun,"Trafikolycka,  singel",1
2018,2,Piteå kommun,Våld/hot mot tjänsteman,1
2018,2,Älvsbyns kommun,"Trafikolycka,  vilt",3
2018,2,Älvsbyns kommun,Stöld,1
2018,2,Överkalix kommun,Rattfylleri,1
2018,2,Övertorneå kommun,Trafikkontroll,2
2018,2,Övertorneå kommun,Rattfylleri,1
2018,3,Arjeplogs kommun,Fjällräddning,2
2018,3,Arjeplogs kommun,Trafikbrott,1
2018,3,Arjeplogs kommun,Trafikkontroll,1
2018,3,Arjeplogs kommun,Trafikolycka,1
2018,3,Arvidsjaurs kommun,Trafikkontroll,6
2018,3,Bodens kommun,Trafikkontroll,11
2018,3,Bodens kommun,Trafikolycka,5
2018,3,Bodens kommun,Narkotikabrott,2
2018,3,Bodens kommun,Olaga hot,2
2018,3,Bodens kommun,Rattfylleri,2
2018,3,Bodens kommun,Stöld,2
2018,3,Bodens kommun,Stöld/inbrott,2
2018,3,Bodens kommun,Trafikbrott,2
2018,3,Bodens kommun,Våld/hot mot tjänsteman,2
2018,3,Bodens kommun,Försvunnen person,1
2018,3,Bodens kommun,Larm Överfall,1
2018,3,Bodens kommun,"Motorfordon,  anträffat stulet",1
2018,3,Bodens kommun,"Trafikolycka,  personskada",1
2018,3,Bodens kommun,"Trafikolycka,  singel",1
2018,3,Bodens kommun,Uppdatering,1
2018,3,Bodens kommun,Övrigt,1
2018,3,Gällivare kommun,Trafikkontroll,10
2018,3,Gällivare kommun,Trafikolycka,3
2018,3,Gällivare kommun,Narkotikabrott,2
2018,3,Gällivare kommun,Rattfylleri,2
2018,3,Gällivare kommun,Sammanfattning natt,2
2018,3,Gällivare kommun,Stöld/inbrott,2
2018,3,Gällivare kommun,Arbetsplatsolycka,1
2018,3,Gällivare kommun,Brand,1
2018,3,Gällivare kommun,Fylleri/LOB,1
2018,3,Gällivare kommun,Kontroll person/fordon,1
2018,3,Gällivare kommun,"Mord/dråp,  försök",1
2018,3,Gällivare kommun,Skadegörelse,1
2018,3,Gällivare kommun,"Trafikolycka,  personskada",1
2018,3,Haparanda kommun,Trafikolycka,5
2018,3,Haparanda kommun,Trafikkontroll,3
2018,3,Haparanda kommun,Misshandel,2
2018,3,Haparanda kommun,"Trafikolycka,  personskada",2
2018,3,Haparanda kommun,Larm Överfall,1
2018,3,Haparanda kommun,Olaga hot,1
2018,3,Haparanda kommun,Rattfylleri,1
2018,3,Haparanda kommun,"Stöld,  ringa",1
2018,3,Haparanda kommun,"Trafikolycka,  smitning från",1
2018,3,Jokkmokks kommun,Fjällräddning,4
2018,3,Jokkmokks kommun,Trafikolycka,2
2018,3,Jokkmokks kommun,Bedrägeri,1
2018,3,Jokkmokks kommun,Räddningsinsats,1
2018,3,Jokkmokks kommun,Trafikbrott,1
2018,3,Jokkmokks kommun,Trafikkontroll,1
2018,3,Kalix kommun,Trafikkontroll,4
2018,3,Kalix kommun,Olaga hot,1
2018,3,Kalix kommun,Rattfylleri,1
2018,3,Kalix kommun,Sammanfattning kväll och natt,1
2018,3,Kalix kommun,Stöld/inbrott,1
2018,3,Kalix kommun,Trafikbrott,1
2018,3,Kalix kommun,Trafikhinder,1
2018,3,Kalix kommun,Trafikolycka,1
2018,3,Kalix kommun,"Trafikolycka,  personskada",1
2018,3,Kiruna kommun,Fjällräddning,9
2018,3,Kiruna kommun,Trafikkontroll,7
2018,3,Kiruna kommun,Brand,4
2018,3,Kiruna kommun,Rattfylleri,2
2018,3,Kiruna kommun,Bråk,1
2018,3,Kiruna kommun,Djur skadat/omhändertaget,1
2018,3,Kiruna kommun,Olaga hot,1
2018,3,Kiruna kommun,Sammanfattning natt,1
2018,3,Kiruna kommun,"Stöld,  ringa",1
2018,3,Luleå kommun,Trafikolycka,13
2018,3,Luleå kommun,Sammanfattning natt,6
2018,3,Luleå kommun,Trafikkontroll,6
2018,3,Luleå kommun,Rattfylleri,5
2018,3,Luleå kommun,"Stöld,  ringa",4
2018,3,Luleå kommun,Stöld/inbrott,4
2018,3,Luleå kommun,Uppdatering,4
2018,3,Luleå kommun,Misshandel,2
2018,3,Luleå kommun,Olaga hot,2
2018,3,Luleå kommun,Trafikbrott,2
2018,3,Luleå kommun,Övrigt,2
2018,3,Luleå kommun,Brand,1
2018,3,Luleå kommun,Fylleri/LOB,1
2018,3,Luleå kommun,Larm Överfall,1
2018,3,Luleå kommun,"Mord/dråp,  försök",1
2018,3,Luleå kommun,Stöld,1
2018,3,Luleå kommun,"Trafikolycka,  personskada",1
2018,3,"Norrbotten, okänd kommun",Övrigt,30
2018,3,"Norrbotten, okänd kommun",Sammanfattning natt,14
2018,3,"Norrbotten, okänd kommun",Fjällräddning,3
2018,3,"Norrbotten, okänd kommun",Sammanfattning förmiddag,3
2018,3,"Norrbotten, okänd kommun",Sammanfattning eftermiddag,2
2018,3,"Norrbotten, okänd kommun",Sammanfattning kväll och natt,2
2018,3,"Norrbotten, okänd kommun",Sammanfattning dag,1
2018,3,"Norrbotten, okänd kommun",Sammanfattning kväll,1
2018,3,"Norrbotten, okänd kommun",Tillfälligt obemannat,1
2018,3,Pajala kommun,Trafikolycka,2
2018,3,Pajala kommun,Trafikkontroll,1
2018,3,Pajala kommun,"Trafikolycka,  personskada",1
2018,3,Piteå kommun,Trafikkontroll,13
2018,3,Piteå kommun,Trafikolycka,6
2018,3,Piteå kommun,Sammanfattning natt,3
2018,3,Piteå kommun,"Trafikolycka,  personskada",3
2018,3,Piteå kommun,Misshandel,2
2018,3,Piteå kommun,Trafikhinder,2
2018,3,Piteå kommun,Övrigt,2
2018,3,Piteå kommun,Brand,1
2018,3,Piteå kommun,Rattfylleri,1
2018,3,Älvsbyns kommun,Trafikkontroll,3
2018,3,Älvsbyns kommun,Rattfylleri,2
2018,3,Älvsbyns kommun,Brand,1
2018,3,Älvsbyns kommun,Olaga hot,1
2018,3,Älvsbyns kommun,Trafikolycka,1
2018,3,Älvsbyns kommun,"Trafikolycka,  personskada",1
2018,3,Överkalix kommun,Misshandel,1
2018,3,Överkalix kommun,Trafikkontroll,1
2018,3,Överkalix kommun,Trafikolycka,1
2018,3,Överkalix kommun,"Trafikolycka,  singel",1
2018,3,Överkalix kommun,"Trafikolycka,  vilt",1
2018,3,Övertorneå kommun,Stöld,1
2018,3,Övertorneå kommun,Stöld/inbrott,1
2018,3,Övertorneå kommun,Trafikbrott,1
2018,4,Arjeplogs kommun,Fjällräddning,1
2018,4,Arjeplogs kommun,Misshandel,1
2018,4,Arvidsjaurs kommun,Fjällräddning,1
2018,4,Arvidsjaurs kommun,Trafikbrott,1
2018,4,Arvidsjaurs kommun,Trafikolycka,1
2018,4,Arvidsjaurs kommun,"Trafikolycka,  vilt",1
2018,4,Bodens kommun,Trafikkontroll,10
2018,4,Bodens kommun,Rattfylleri,4
2018,4,Bodens kommun,Fylleri/LOB,3
2018,4,Bodens kommun,Arbetsplatsolycka,2
2018,4,Bodens kommun,Stöld/inbrott,2
2018,4,Bodens kommun,Trafikbrott,2
2018,4,Bodens kommun,Trafikolycka,2
2018,4,Bodens kommun,Brand,1
2018,4,Bodens kommun,Inbrott,1
2018,4,Bodens kommun,Lagen om hundar och katter,1
2018,4,Bodens kommun,Ofredande/förargelse,1
2018,4,Bodens kommun,Sammanfattning natt,1
2018,4,Bodens kommun,Skadegörelse,1
2018,4,Bodens kommun,Stöld,1
2018,4,Bodens kommun,"Stöld,  försök",1
2018,4,Bodens kommun,"Stöld,  ringa",1
2018,4,Gällivare kommun,Fjällräddning,3
2018,4,Gällivare kommun,Trafikbrott,3
2018,4,Gällivare kommun,Fylleri/LOB,2
2018,4,Gällivare kommun,Bedrägeri,1
2018,4,Gällivare kommun,Larm Överfall,1
2018,4,Gällivare kommun,Sammanfattning natt,1
2018,4,Gällivare kommun,Stöld/inbrott,1
2018,4,Gällivare kommun,Trafikhinder,1
2018,4,Gällivare kommun,Trafikkontroll,1
2018,4,Gällivare kommun,Trafikolycka,1
2018,4,Gällivare kommun,Våldtäkt,1
2018,4,Haparanda kommun,Rattfylleri,2
2018,4,Haparanda kommun,Trafikkontroll,2
2018,4,Haparanda kommun,Fylleri/LOB,1
2018,4,Haparanda kommun,Försvunnen person,1
2018,4,Haparanda kommun,Larm Överfall,1
2018,4,Haparanda kommun,Ofredande/förargelse,1
2018,4,Haparanda kommun,Stöld,1
2018,4,Haparanda kommun,Stöld/inbrott,1
2018,4,Haparanda kommun,Trafikbrott,1
2018,4,Jokkmokks kommun,Fjällräddning,2
2018,4,Jokkmokks kommun,Narkotikabrott,2
2018,4,Jokkmokks kommun,Djur skadat/omhändertaget,1
2018,4,Jokkmokks kommun,Sammanfattning natt,1
2018,4,Jokkmokks kommun,Trafikbrott,1
2018,4,Jokkmokks kommun,Trafikkontroll,1
2018,4,Jokkmokks kommun,"Trafikolycka,  vilt",1
2018,4,Kalix kommun,Brand,2
2018,4,Kalix kommun,Trafikkontroll,2
2018,4,Kalix kommun,Trafikolycka,2
2018,4,Kalix kommun,Bråk,1
2018,4,Kalix kommun,Djur skadat/omhändertaget,1
2018,4,Kalix kommun,Narkotikabrott,1
2018,4,Kalix kommun,Rattfylleri,1
2018,4,Kiruna kommun,Trafikkontroll,7
2018,4,Kiruna kommun,Fjällräddning,4
2018,4,Kiruna kommun,Rattfylleri,2
2018,4,Kiruna kommun,Trafikolycka,2
2018,4,Kiruna kommun,Ofredande/förargelse,1
2018,4,Kiruna kommun,Olaga hot,1
2018,4,Kiruna kommun,Stöld,1
2018,4,Kiruna kommun,Stöld/inbrott,1
2018,4,Kiruna kommun,Trafikbrott,1
2018,4,Luleå kommun,Trafikkontroll,14
2018,4,Luleå kommun,Rattfylleri,7
2018,4,Luleå kommun,"Stöld,  ringa",6
2018,4,Luleå kommun,Fylleri/LOB,5
2018,4,Luleå kommun,Skadegörelse,4
2018,4,Luleå kommun,Stöld/inbrott,4
2018,4,Luleå kommun,Trafikolycka,3
2018,4,Luleå kommun,Övrigt,3
2018,4,Luleå kommun,Bråk,2
2018,4,Luleå kommun,Misshandel,2
2018,4,Luleå kommun,Trafikhinder,2
2018,4,Luleå kommun,"Trafikolycka,  vilt",2
2018,4,Luleå kommun,Uppdatering,2
2018,4,Luleå kommun,Brand,1
2018,4,Luleå kommun,Larm Överfall,1
2018,4,Luleå kommun,"Motorfordon,  stöld",1
2018,4,Luleå kommun,Sammanfattning kväll,1
2018,4,Luleå kommun,Sammanfattning natt,1
2018,4,Luleå kommun,Stöld,1
2018,4,Luleå kommun,"Våldtäkt,  försök",1
2018,4,"Norrbotten, okänd kommun",Övrigt,23
2018,4,"Norrbotten, okänd kommun",Sammanfattning natt,21
2018,4,"Norrbotten, okänd kommun",Sammanfattning förmiddag,8
2018,4,"Norrbotten, okänd kommun",Sammanfattning kväll,4
2018,4,"Norrbotten, okänd kommun",Sammanfattning kväll och natt,4
2018,4,"Norrbotten, okänd kommun",Trafikkontroll,2
2018,4,"Norrbotten, okänd kommun",Fjällräddning,1
2018,4,"Norrbotten, okänd kommun",Rattfylleri,1
2018,4,"Norrbotten, okänd kommun",Sammanfattning dag,1
2018,4,"Norrbotten, okänd kommun",Stöld,1
2018,4,"Norrbotten, okänd kommun",Trafikbrott,1
2018,4,Pajala kommun,Sammanfattning natt,1
2018,4,Pajala kommun,Trafikkontroll,1
2018,4,Pajala kommun,"Trafikolycka,  vilt",1
2018,4,Piteå kommun,Trafikkontroll,8
2018,4,Piteå kommun,Sammanfattning natt,3
2018,4,Piteå kommun,Fylleri/LOB,2
2018,4,Piteå kommun,Trafikbrott,2
2018,4,Piteå kommun,Trafikolycka,2
2018,4,Piteå kommun,Brand,1
2018,4,Piteå kommun,Lagen om hundar och katter,1
2018,4,Piteå kommun,Larm Överfall,1
2018,4,Piteå kommun,Narkotikabrott,1
2018,4,Piteå kommun,Olaga hot,1
2018,4,Piteå kommun,Rattfylleri,1
2018,4,Piteå kommun,Trafikhinder,1
2018,4,Piteå kommun,"Trafikolycka,  singel",1
2018,4,Piteå kommun,"Trafikolycka,  vilt",1
2018,4,Piteå kommun,Våld/hot mot tjänsteman,1
2018,4,Älvsbyns kommun,Trafikolycka,1
2018,4,Överkalix kommun,Trafikolycka,2
2018,4,Överkalix kommun,Fylleri/LOB,1
2018,4,Överkalix kommun,Försvunnen person,1
2018,4,Överkalix kommun,Trafikbrott,1
2018,4,Överkalix kommun,"Trafikolycka,  singel",1
2018,4,Övertorneå kommun,Trafikkontroll,3
2018,4,Övertorneå kommun,"Trafikolycka,  personskada",1
2018,5,Arjeplogs kommun,Trafikkontroll,2
2018,5,Arjeplogs kommun,Arbetsplatsolycka,1
2018,5,Arvidsjaurs kommun,Rattfylleri,2
2018,5,Arvidsjaurs kommun,Djur skadat/omhändertaget,1
2018,5,Arvidsjaurs kommun,Stöld,1
2018,5,Arvidsjaurs kommun,Stöld/inbrott,1
2018,5,Arvidsjaurs kommun,Trafikkontroll,1
2018,5,Bodens kommun,Trafikkontroll,6
2018,5,Bodens kommun,Övrigt,3
2018,5,Bodens kommun,Misshandel,2
2018,5,Bodens kommun,Trafikhinder,2
2018,5,Bodens kommun,Trafikolycka,2
2018,5,Bodens kommun,Fylleri/LOB,1
2018,5,Bodens kommun,"Motorfordon,  anträffat stulet",1
2018,5,Bodens kommun,Sammanfattning natt,1
2018,5,Bodens kommun,Skadegörelse,1
2018,5,Bodens kommun,"Stöld,  ringa",1
2018,5,Bodens kommun,Trafikbrott,1
2018,5,Gällivare kommun,Trafikkontroll,6
2018,5,Gällivare kommun,Sammanfattning natt,3
2018,5,Gällivare kommun,Fjällräddning,2
2018,5,Gällivare kommun,"Stöld,  ringa",2
2018,5,Gällivare kommun,Brand,1
2018,5,Gällivare kommun,Bråk,1
2018,5,Gällivare kommun,Djur skadat/omhändertaget,1
2018,5,Gällivare kommun,Narkotikabrott,1
2018,5,Gällivare kommun,Sammanfattning kväll och natt,1
2018,5,Gällivare kommun,"Trafikolycka,  vilt",1
2018,5,Gällivare kommun,Våld/hot mot tjänsteman,1
2018,5,Haparanda kommun,Brand,1
2018,5,Haparanda kommun,Fylleri/LOB,1
2018,5,Haparanda kommun,Trafikolycka,1
2018,5,Jokkmokks kommun,Fjällräddning,1
2018,5,Jokkmokks kommun,Trafikkontroll,1
2018,5,Kalix kommun,Stöld/inbrott,2
2018,5,Kalix kommun,Trafikolycka,2
2018,5,Kalix kommun,Brand,1
2018,5,Kalix kommun,Djur skadat/omhändertaget,1
2018,5,Kalix kommun,"Misshandel,  grov",1
2018,5,Kalix kommun,Rattfylleri,1
2018,5,Kalix kommun,"Trafikolycka,  singel",1
2018,5,Kiruna kommun,Trafikkontroll,4
2018,5,Kiruna kommun,Brand,3
2018,5,Kiruna kommun,Fjällräddning,3
2018,5,Kiruna kommun,Misshandel,3
2018,5,Kiruna kommun,"Trafikolycka,  personskada",2
2018,5,Kiruna kommun,"Misshandel,  grov",1
2018,5,Kiruna kommun,Narkotikabrott,1
2018,5,Kiruna kommun,Ofredande/förargelse,1
2018,5,Kiruna kommun,Rattfylleri,1
2018,5,Kiruna kommun,Sammanfattning natt,1
2018,5,Kiruna kommun,Skadegörelse,1
2018,5,Kiruna kommun,Stöld,1
2018,5,Kiruna kommun,Övrigt,1
2018,5,Luleå kommun,"Stöld,  ringa",10
2018,5,Luleå kommun,Rattfylleri,9
2018,5,Luleå kommun,Fylleri/LOB,7
2018,5,Luleå kommun,Trafikkontroll,7
2018,5,Luleå kommun,Trafikbrott,6
2018,5,Luleå kommun,Stöld,5
2018,5,Luleå kommun,Stöld/inbrott,4
2018,5,Luleå kommun,Kontroll person/fordon,2
2018,5,Luleå kommun,Sammanfattning natt,2
2018,5,Luleå kommun,Trafikolycka,2
2018,5,Luleå kommun,Arbetsplatsolycka,1
2018,5,Luleå kommun,Brand,1
2018,5,Luleå kommun,Ofredande/förargelse,1
2018,5,Luleå kommun,Olaga hot,1
2018,5,Luleå kommun,Skadegörelse,1
2018,5,Luleå kommun,"Stöld,  försök",1
2018,5,Luleå kommun,Trafikhinder,1
2018,5,Luleå kommun,"Trafikolycka,  personskada",1
2018,5,Luleå kommun,Uppdatering,1
2018,5,Luleå kommun,Vapenlagen,1
2018,5,Luleå kommun,Övrigt,1
2018,5,"Norrbotten, okänd kommun",Övrigt,29
2018,5,"Norrbotten, okänd kommun",Sammanfattning natt,21
2018,5,"Norrbotten, okänd kommun",Sammanfattning förmiddag,4
2018,5,"Norrbotten, okänd kommun",Sammanfattning dag,3
2018,5,"Norrbotten, okänd kommun",Sammanfattning eftermiddag,2
2018,5,"Norrbotten, okänd kommun",Sammanfattning kväll,1
2018,5,"Norrbotten, okänd kommun",Sammanfattning kväll och natt,1
2018,5,"Norrbotten, okänd kommun",Trafikkontroll,1
2018,5,Pajala kommun,Brand,1
2018,5,Pajala kommun,Försvunnen person,1
2018,5,Pajala kommun,Trafikbrott,1
2018,5,Pajala kommun,Trafikkontroll,1
2018,5,Pajala kommun,Trafikolycka,1
2018,5,Pajala kommun,"Trafikolycka,  vilt",1
2018,5,Piteå kommun,Trafikkontroll,4
2018,5,Piteå kommun,Rattfylleri,3
2018,5,Piteå kommun,Trafikolycka,3
2018,5,Piteå kommun,Brand,2
2018,5,Piteå kommun,Trafikbrott,2
2018,5,Piteå kommun,Fylleri/LOB,1
2018,5,Piteå kommun,Narkotikabrott,1
2018,5,Piteå kommun,Stöld,1
2018,5,Piteå kommun,"Stöld,  försök",1
2018,5,Piteå kommun,"Trafikolycka,  vilt",1
2018,5,Piteå kommun,Våld/hot mot tjänsteman,1
2018,5,Älvsbyns kommun,Inbrott,1
2018,5,Älvsbyns kommun,"Misshandel,  grov",1
2018,5,Älvsbyns kommun,Trafikkontroll,1
2018,5,Älvsbyns kommun,Trafikolycka,1
2018,5,Överkalix kommun,"Trafikolycka,  vilt",1
2018,5,Övertorneå kommun,Rattfylleri,1
2018,5,Övertorneå kommun,"Trafikolycka,  singel",1
2018,6,Arjeplogs kommun,Trafikkontroll,2
2018,6,Arvidsjaurs kommun,Trafikkontroll,2
2018,6,Arvidsjaurs kommun,"Trafikolycka,  personskada",2
2018,6,Arvidsjaurs kommun,"Trafikolycka,  vilt",1
2018,6,Bodens kommun,Trafikkontroll,10
2018,6,Bodens kommun,Brand,2
2018,6,Bodens kommun,"Stöld,  ringa",2
2018,6,Bodens kommun,Stöld/inbrott,2
2018,6,Bodens kommun,Fylleri/LOB,1
2018,6,Bodens kommun,Kontroll person/fordon,1
2018,6,Bodens kommun,Olaga intrång/hemfridsbrott,1
2018,6,Bodens kommun,Skadegörelse,1
2018,6,Bodens kommun,Trafikbrott,1
2018,6,Bodens kommun,Trafikolycka,1
2018,6,Bodens kommun,"Trafikolycka,  vilt",1
2018,6,Bodens kommun,Övrigt,1
2018,6,Gällivare kommun,Trafikbrott,2
2018,6,Gällivare kommun,Trafikkontroll,2
2018,6,Gällivare kommun,Arbetsplatsolycka,1
2018,6,Gällivare kommun,Fylleri/LOB,1
2018,6,Gällivare kommun,Rattfylleri,1
2018,6,Gällivare kommun,Sammanfattning kväll och natt,1
2018,6,Gällivare kommun,Sedlighetsbrott,1
2018,6,Gällivare kommun,Skadegörelse,1
2018,6,Gällivare kommun,Stöld/inbrott,1
2018,6,Gällivare kommun,"Trafikolycka,  smitning från",1
2018,6,Haparanda kommun,Fylleri/LOB,2
2018,6,Haparanda kommun,Rattfylleri,1
2018,6,Haparanda kommun,Stöld,1
2018,6,Haparanda kommun,"Stöld,  ringa",1
2018,6,Haparanda kommun,Trafikbrott,1
2018,6,Haparanda kommun,Trafikkontroll,1
2018,6,Haparanda kommun,"Trafikolycka,  personskada",1
2018,6,Haparanda kommun,Övrigt,1
2018,6,Jokkmokks kommun,Fjällräddning,1
2018,6,Jokkmokks kommun,Olaga hot,1
2018,6,Jokkmokks kommun,Rattfylleri,1
2018,6,Jokkmokks kommun,Trafikolycka,1
2018,6,Jokkmokks kommun,"Trafikolycka,  vilt",1
2018,6,Kalix kommun,Trafikkontroll,4
2018,6,Kalix kommun,Brand,2
2018,6,Kalix kommun,Rattfylleri,2
2018,6,Kalix kommun,Sammanfattning kväll,1
2018,6,Kalix kommun,Skadegörelse,1
2018,6,Kalix kommun,"Trafikolycka,  singel",1
2018,6,Kalix kommun,Uppdatering,1
2018,6,Kiruna kommun,Trafikkontroll,8
2018,6,Kiruna kommun,Trafikbrott,2
2018,6,Kiruna kommun,Bedrägeri,1
2018,6,Kiruna kommun,Fjällräddning,1
2018,6,Kiruna kommun,Rattfylleri,1
2018,6,Kiruna kommun,Stöld/inbrott,1
2018,6,Luleå kommun,Trafikkontroll,12
2018,6,Luleå kommun,Trafikolycka,7
2018,6,Luleå kommun,Rattfylleri,6
2018,6,Luleå kommun,Trafikbrott,5
2018,6,Luleå kommun,Sammanfattning natt,4
2018,6,Luleå kommun,"Stöld,  ringa",4
2018,6,Luleå kommun,Narkotikabrott,3
2018,6,Luleå kommun,Stöld,3
2018,6,Luleå kommun,Brand,2
2018,6,Luleå kommun,Skadegörelse,2
2018,6,Luleå kommun,Arbetsplatsolycka,1
2018,6,Luleå kommun,Fylleri/LOB,1
2018,6,Luleå kommun,Larm Överfall,1
2018,6,Luleå kommun,Misshandel,1
2018,6,Luleå kommun,"Mord/dråp,  försök",1
2018,6,Luleå kommun,"Motorfordon,  anträffat stulet",1
2018,6,Luleå kommun,Räddningsinsats,1
2018,6,Luleå kommun,Rån,1
2018,6,Luleå kommun,Stöld/inbrott,1
2018,6,Luleå kommun,Trafikhinder,1
2018,6,Luleå kommun,"Trafikolycka,  personskada",1
2018,6,Luleå kommun,"Trafikolycka,  singel",1
2018,6,Luleå kommun,"Trafikolycka,  vilt",1
2018,6,Luleå kommun,Övrigt,1
2018,6,"Norrbotten, okänd kommun",Övrigt,29
2018,6,"Norrbotten, okänd kommun",Sammanfattning natt,24
2018,6,"Norrbotten, okänd kommun",Sammanfattning förmiddag,4
2018,6,"Norrbotten, okänd kommun",Sammanfattning dag,3
2018,6,"Norrbotten, okänd kommun",Trafikkontroll,2
2018,6,"Norrbotten, okänd kommun",Sammanfattning eftermiddag,1
2018,6,"Norrbotten, okänd kommun",Sammanfattning kväll,1
2018,6,"Norrbotten, okänd kommun",Sammanfattning kväll och natt,1
2018,6,Pajala kommun,Stöld/inbrott,1
2018,6,Pajala kommun,Trafikbrott,1
2018,6,Pajala kommun,Trafikolycka,1
2018,6,Piteå kommun,Trafikkontroll,6
2018,6,Piteå kommun,Trafikolycka,5
2018,6,Piteå kommun,Rattfylleri,4
2018,6,Piteå kommun,Arbetsplatsolycka,2
2018,6,Piteå kommun,"Trafikolycka,  personskada",2
2018,6,Piteå kommun,Brand,1
2018,6,Piteå kommun,"Motorfordon,  anträffat stulet",1
2018,6,Piteå kommun,Narkotikabrott,1
2018,6,Piteå kommun,"Rån,  försök",1
2018,6,Piteå kommun,Sammanfattning kväll och natt,1
2018,6,Piteå kommun,Skadegörelse,1
2018,6,Piteå kommun,Stöld/inbrott,1
2018,6,Piteå kommun,"Trafikolycka,  singel",1
2018,6,Älvsbyns kommun,Arbetsplatsolycka,1
2018,6,Älvsbyns kommun,Misshandel,1
2018,6,Älvsbyns kommun,"Trafikolycka,  personskada",1
2018,6,Älvsbyns kommun,"Trafikolycka,  vilt",1
2018,6,Överkalix kommun,Rattfylleri,1
2018,6,Övertorneå kommun,Rattfylleri,1
2018,6,Övertorneå kommun,Stöld/inbrott,1
2018,7,Arvidsjaurs kommun,Rattfylleri,2
2018,7,Arvidsjaurs kommun,Stöld,1
2018,7,Arvidsjaurs kommun,Trafikkontroll,1
2018,7,Arvidsjaurs kommun,"Trafikolycka,  personskada",1
2018,7,Bodens kommun,Trafikkontroll,5
2018,7,Bodens kommun,Försvunnen person,2
2018,7,Bodens kommun,Rattfylleri,2
2018,7,Bodens kommun,"Stöld,  ringa",2
2018,7,Bodens kommun,Fjällräddning,1
2018,7,Bodens kommun,Fylleri/LOB,1
2018,7,Bodens kommun,Stöld,1
2018,7,Bodens kommun,"Stöld,  försök",1
2018,7,Bodens kommun,Trafikbrott,1
2018,7,Bodens kommun,Trafikolycka,1
2018,7,Bodens kommun,"Trafikolycka,  smitning från",1
2018,7,Gällivare kommun,Stöld/inbrott,2
2018,7,Gällivare kommun,Trafikbrott,2
2018,7,Gällivare kommun,Trafikolycka,2
2018,7,Gällivare kommun,Brand,1
2018,7,Gällivare kommun,Larm Överfall,1
2018,7,Gällivare kommun,Sammanfattning natt,1
2018,7,Gällivare kommun,Stöld,1
2018,7,Gällivare kommun,Trafikkontroll,1
2018,7,Haparanda kommun,Stöld,1
2018,7,Haparanda kommun,Trafikbrott,1
2018,7,Haparanda kommun,Trafikolycka,1
2018,7,Jokkmokks kommun,Fjällräddning,4
2018,7,Jokkmokks kommun,Försvunnen person,1
2018,7,Jokkmokks kommun,Stöld/inbrott,1
2018,7,Jokkmokks kommun,"Trafikolycka,  vilt",1
2018,7,Kalix kommun,Trafikolycka,3
2018,7,Kalix kommun,Brand,2
2018,7,Kalix kommun,Stöld/inbrott,2
2018,7,Kalix kommun,Djur skadat/omhändertaget,1
2018,7,Kalix kommun,Fylleri/LOB,1
2018,7,Kalix kommun,Försvunnen person,1
2018,7,Kalix kommun,"Inbrott,  försök",1
2018,7,Kalix kommun,Rattfylleri,1
2018,7,Kalix kommun,Sammanfattning natt,1
2018,7,Kalix kommun,Trafikbrott,1
2018,7,Kiruna kommun,Fjällräddning,4
2018,7,Kiruna kommun,Trafikkontroll,4
2018,7,Kiruna kommun,Arbetsplatsolycka,1
2018,7,Kiruna kommun,Bråk,1
2018,7,Kiruna kommun,Fylleri/LOB,1
2018,7,Kiruna kommun,Rattfylleri,1
2018,7,Kiruna kommun,Trafikbrott,1
2018,7,Kiruna kommun,Trafikolycka,1
2018,7,Kiruna kommun,"Trafikolycka,  personskada",1
2018,7,Kiruna kommun,"Trafikolycka,  singel",1
2018,7,Kiruna kommun,"Trafikolycka,  vilt",1
2018,7,Kiruna kommun,Övrigt,1
2018,7,Luleå kommun,Trafikolycka,5
2018,7,Luleå kommun,Fylleri/LOB,4
2018,7,Luleå kommun,"Stöld,  ringa",3
2018,7,Luleå kommun,Trafikbrott,3
2018,7,Luleå kommun,Trafikhinder,3
2018,7,Luleå kommun,Brand,2
2018,7,Luleå kommun,Olaga intrång/hemfridsbrott,2
2018,7,Luleå kommun,Rattfylleri,2
2018,7,Luleå kommun,Skadegörelse,2
2018,7,Luleå kommun,Trafikkontroll,2
2018,7,Luleå kommun,"Trafikolycka,  personskada",2
2018,7,Luleå kommun,Bråk,1
2018,7,Luleå kommun,"Farligt föremål,  misstänkt",1
2018,7,Luleå kommun,Inbrott,1
2018,7,Luleå kommun,Misshandel,1
2018,7,Luleå kommun,"Motorfordon,  stöld",1
2018,7,Luleå kommun,Sammanfattning kväll,1
2018,7,Luleå kommun,"Stöld,  försök",1
2018,7,Luleå kommun,Stöld/inbrott,1
2018,7,Luleå kommun,"Trafikolycka,  vilt",1
2018,7,Luleå kommun,Våldtäkt,1
2018,7,Luleå kommun,Övrigt,1
2018,7,"Norrbotten, okänd kommun",Övrigt,29
2018,7,"Norrbotten, okänd kommun",Sammanfattning natt,27
2018,7,"Norrbotten, okänd kommun",Sammanfattning kväll,3
2018,7,"Norrbotten, okänd kommun",Polisinsats/kommendering,1
2018,7,"Norrbotten, okänd kommun",Rattfylleri,1
2018,7,"Norrbotten, okänd kommun",Sammanfattning dag,1
2018,7,"Norrbotten, okänd kommun",Sammanfattning eftermiddag,1
2018,7,"Norrbotten, okänd kommun",Sammanfattning förmiddag,1
2018,7,"Norrbotten, okänd kommun",Trafikolycka,1
2018,7,Piteå kommun,Fylleri/LOB,10
2018,7,Piteå kommun,Trafikkontroll,4
2018,7,Piteå kommun,Trafikolycka,3
2018,7,Piteå kommun,Misshandel,2
2018,7,Piteå kommun,Rattfylleri,2
2018,7,Piteå kommun,Sammanfattning natt,2
2018,7,Piteå kommun,Övrigt,2
2018,7,Piteå kommun,Arbetsplatsolycka,1
2018,7,Piteå kommun,Sammanfattning kväll,1
2018,7,Piteå kommun,Stöld,1
2018,7,Piteå kommun,Stöld/inbrott,1
2018,7,Piteå kommun,Trafikbrott,1
2018,7,Piteå kommun,"Trafikolycka,  personskada",1
2018,7,Älvsbyns kommun,Skadegörelse,1
2018,7,Älvsbyns kommun,Stöld/inbrott,1
2018,7,Älvsbyns kommun,Trafikolycka,1
2018,7,Älvsbyns kommun,"Trafikolycka,  vilt",1
2018,7,Överkalix kommun,Trafikbrott,1
2018,7,Överkalix kommun,Trafikolycka,1
2018,7,Övertorneå kommun,Ofredande/förargelse,1
2018,7,Övertorneå kommun,Trafikkontroll,1
2018,7,Övertorneå kommun,Trafikolycka,1
2018,8,Arvidsjaurs kommun,Trafikkontroll,2
2018,8,Arvidsjaurs kommun,Trafikolycka,2
2018,8,Arvidsjaurs kommun,"Trafikolycka,  vilt",2
2018,8,Arvidsjaurs kommun,Rattfylleri,1
2018,8,Arvidsjaurs kommun,Sammanfattning natt,1
2018,8,Bodens kommun,Trafikkontroll,4
2018,8,Bodens kommun,Ofredande/förargelse,3
2018,8,Bodens kommun,Sammanfattning natt,3
2018,8,Bodens kommun,Stöld/inbrott,3
2018,8,Bodens kommun,Rattfylleri,2
2018,8,Bodens kommun,Skadegörelse,2
2018,8,Bodens kommun,Trafikolycka,2
2018,8,Bodens kommun,Arbetsplatsolycka,1
2018,8,Bodens kommun,Brand,1
2018,8,Bodens kommun,Rån,1
2018,8,Bodens kommun,Sammanfattning kväll,1
2018,8,Bodens kommun,"Stöld,  ringa",1
2018,8,Gällivare kommun,Trafikbrott,5
2018,8,Gällivare kommun,Stöld/inbrott,3
2018,8,Gällivare kommun,Fjällräddning,2
2018,8,Gällivare kommun,Fylleri/LOB,1
2018,8,Gällivare kommun,Trafikkontroll,1
2018,8,Haparanda kommun,Fylleri/LOB,1
2018,8,Haparanda kommun,Kontroll person/fordon,1
2018,8,Haparanda kommun,Olaga hot,1
2018,8,Haparanda kommun,Rattfylleri,1
2018,8,Haparanda kommun,Stöld,1
2018,8,Haparanda kommun,Trafikkontroll,1
2018,8,Haparanda kommun,Trafikolycka,1
2018,8,Haparanda kommun,"Trafikolycka,  personskada",1
2018,8,Haparanda kommun,Våld/hot mot tjänsteman,1
2018,8,Jokkmokks kommun,Fjällräddning,5
2018,8,Jokkmokks kommun,Trafikkontroll,2
2018,8,Jokkmokks kommun,Skadegörelse,1
2018,8,Jokkmokks kommun,Stöld,1
2018,8,Kalix kommun,Trafikolycka,4
2018,8,Kalix kommun,Stöld/inbrott,3
2018,8,Kalix kommun,Trafikkontroll,3
2018,8,Kalix kommun,Rattfylleri,2
2018,8,Kalix kommun,Brand,1
2018,8,Kalix kommun,Försvunnen person,1
2018,8,Kiruna kommun,Fjällräddning,11
2018,8,Kiruna kommun,Trafikkontroll,5
2018,8,Kiruna kommun,Trafikbrott,3
2018,8,Kiruna kommun,Rattfylleri,2
2018,8,Kiruna kommun,Arbetsplatsolycka,1
2018,8,Kiruna kommun,Trafikolycka,1
2018,8,Kiruna kommun,"Trafikolycka,  vilt",1
2018,8,Luleå kommun,Trafikkontroll,13
2018,8,Luleå kommun,Rattfylleri,4
2018,8,Luleå kommun,Misshandel,3
2018,8,Luleå kommun,Trafikolycka,3
2018,8,Luleå kommun,Fylleri/LOB,2
2018,8,Luleå kommun,Narkotikabrott,2
2018,8,Luleå kommun,"Stöld,  ringa",2
2018,8,Luleå kommun,Trafikbrott,2
2018,8,Luleå kommun,"Våldtäkt,  försök",2
2018,8,Luleå kommun,Brand,1
2018,8,Luleå kommun,"Mord/dråp,  försök",1
2018,8,Luleå kommun,Räddningsinsats,1
2018,8,Luleå kommun,Sammanfattning natt,1
2018,8,Luleå kommun,Skadegörelse,1
2018,8,Luleå kommun,Stöld/inbrott,1
2018,8,Luleå kommun,Trafikhinder,1
2018,8,Luleå kommun,"Trafikolycka,  vilt",1
2018,8,Luleå kommun,Uppdatering,1
2018,8,Luleå kommun,Övrigt,1
2018,8,"Norrbotten, okänd kommun",Övrigt,29
2018,8,"Norrbotten, okänd kommun",Sammanfattning natt,27
2018,8,"Norrbotten, okänd kommun",Sammanfattning kväll och natt,4
2018,8,"Norrbotten, okänd kommun",Sammanfattning förmiddag,3
2018,8,"Norrbotten, okänd kommun",Trafikkontroll,3
2018,8,"Norrbotten, okänd kommun",Bedrägeri,2
2018,8,"Norrbotten, okänd kommun",Sammanfattning kväll,2
2018,8,Pajala kommun,"Trafikolycka,  vilt",4
2018,8,Pajala kommun,Brand,1
2018,8,Pajala kommun,Inbrott,1
2018,8,Pajala kommun,Räddningsinsats,1
2018,8,Pajala kommun,Trafikolycka,1
2018,8,Piteå kommun,Trafikkontroll,14
2018,8,Piteå kommun,Rattfylleri,3
2018,8,Piteå kommun,Trafikolycka,3
2018,8,Piteå kommun,Misshandel,2
2018,8,Piteå kommun,Arbetsplatsolycka,1
2018,8,Piteå kommun,Djur skadat/omhändertaget,1
2018,8,Piteå kommun,Räddningsinsats,1
2018,8,Piteå kommun,Sammanfattning natt,1
2018,8,Piteå kommun,Stöld,1
2018,8,Piteå kommun,Stöld/inbrott,1
2018,8,Piteå kommun,Trafikbrott,1
2018,8,Älvsbyns kommun,"Trafikolycka,  vilt",2
2018,8,Älvsbyns kommun,Skadegörelse,1
2018,8,Älvsbyns kommun,Trafikkontroll,1
2018,8,Älvsbyns kommun,Trafikolycka,1
2018,8,Överkalix kommun,"Trafikolycka,  vilt",2
2018,8,Överkalix kommun,Brand,1
2018,8,Övertorneå kommun,"Trafikolycka,  vilt",2
2018,8,Övertorneå kommun,"Stöld,  ringa",1
2018,8,Övertorneå kommun,Trafikbrott,1
2018,8,Övertorneå kommun,Trafikkontroll,1
2018,9,Arjeplogs kommun,Trafikkontroll,3
2018,9,Arvidsjaurs kommun,Trafikkontroll,4
2018,9,Arvidsjaurs kommun,Brand,1
2018,9,Arvidsjaurs kommun,Fylleri/LOB,1
2018,9,Arvidsjaurs kommun,Trafikolycka,1
2018,9,Arvidsjaurs kommun,"Trafikolycka,  vilt",1
2018,9,Bodens kommun,Trafikkontroll,6
2018,9,Bodens kommun,Rattfylleri,3
2018,9,Bodens kommun,Trafikbrott,3
2018,9,Bodens kommun,"Trafikolycka,  vilt",2
2018,9,Bodens kommun,Försvunnen person,1
2018,9,Bodens kommun,Misshandel,1
2018,9,Bodens kommun,"Motorfordon,  stöld",1
2018,9,Bodens kommun,Rån övrigt,1
2018,9,Bodens kommun,"Stöld,  ringa",1
2018,9,Bodens kommun,Stöld/inbrott,1
2018,9,Bodens kommun,Trafikolycka,1
2018,9,Bodens kommun,"Trafikolycka,  personskada",1
2018,9,Bodens kommun,Vapenlagen,1
2018,9,Gällivare kommun,Rattfylleri,2
2018,9,Gällivare kommun,Sammanfattning natt,2
2018,9,Gällivare kommun,Trafikbrott,2
2018,9,Gällivare kommun,Fjällräddning,1
2018,9,Gällivare kommun,Stöld/inbrott,1
2018,9,Gällivare kommun,Trafikkontroll,1
2018,9,Gällivare kommun,Trafikolycka,1
2018,9,Gällivare kommun,Våld/hot mot tjänsteman,1
2018,9,Haparanda kommun,Trafikkontroll,3
2018,9,Haparanda kommun,Rattfylleri,2
2018,9,Haparanda kommun,Trafikolycka,2
2018,9,Haparanda kommun,Brand,1
2018,9,Haparanda kommun,"Trafikolycka,  vilt",1
2018,9,Jokkmokks kommun,Stöld/inbrott,2
2018,9,Jokkmokks kommun,Brand,1
2018,9,Jokkmokks kommun,Fjällräddning,1
2018,9,Jokkmokks kommun,Försvunnen person,1
2018,9,Jokkmokks kommun,Skadegörelse,1
2018,9,Kalix kommun,Stöld/inbrott,4
2018,9,Kalix kommun,Trafikolycka,3
2018,9,Kalix kommun,Trafikkontroll,2
2018,9,Kalix kommun,Djur skadat/omhändertaget,1
2018,9,Kalix kommun,Kontroll person/fordon,1
2018,9,Kalix kommun,Narkotikabrott,1
2018,9,Kalix kommun,Rattfylleri,1
2018,9,Kalix kommun,Skadegörelse,1
2018,9,Kalix kommun,Trafikbrott,1
2018,9,Kiruna kommun,Fjällräddning,8
2018,9,Kiruna kommun,Brand,3
2018,9,Kiruna kommun,Rattfylleri,2
2018,9,Kiruna kommun,Trafikkontroll,2
2018,9,Kiruna kommun,Bråk,1
2018,9,Kiruna kommun,Djur skadat/omhändertaget,1
2018,9,Kiruna kommun,Narkotikabrott,1
2018,9,Kiruna kommun,Olaga intrång/hemfridsbrott,1
2018,9,Kiruna kommun,Sammanfattning natt,1
2018,9,Kiruna kommun,Skadegörelse,1
2018,9,Kiruna kommun,Trafikbrott,1
2018,9,Kiruna kommun,Trafikhinder,1
2018,9,Kiruna kommun,Uppdatering,1
2018,9,Luleå kommun,Trafikkontroll,17
2018,9,Luleå kommun,Trafikbrott,7
2018,9,Luleå kommun,Trafikolycka,7
2018,9,Luleå kommun,Rattfylleri,6
2018,9,Luleå kommun,Fylleri/LOB,4
2018,9,Luleå kommun,"Stöld,  ringa",4
2018,9,Luleå kommun,Stöld/inbrott,4
2018,9,Luleå kommun,Skadegörelse,3
2018,9,Luleå kommun,Stöld,3
2018,9,Luleå kommun,Arbetsplatsolycka,1
2018,9,Luleå kommun,Brand,1
2018,9,Luleå kommun,Försvunnen person,1
2018,9,Luleå kommun,Knivlagen,1
2018,9,Luleå kommun,"Motorfordon,  anträffat stulet",1
2018,9,Luleå kommun,Olaga hot,1
2018,9,Luleå kommun,Sammanfattning natt,1
2018,9,Luleå kommun,"Trafikolycka,  singel",1
2018,9,Luleå kommun,"Trafikolycka,  smitning från",1
2018,9,Luleå kommun,"Trafikolycka,  vilt",1
2018,9,Luleå kommun,Våld/hot mot tjänsteman,1
2018,9,"Norrbotten, okänd kommun",Övrigt,27
2018,9,"Norrbotten, okänd kommun",Sammanfattning natt,20
2018,9,"Norrbotten, okänd kommun",Sammanfattning dygn,2
2018,9,"Norrbotten, okänd kommun",Sammanfattning kväll,2
2018,9,"Norrbotten, okänd kommun",Sammanfattning kväll och natt,2
2018,9,"Norrbotten, okänd kommun",Bedrägeri,1
2018,9,"Norrbotten, okänd kommun",Försvunnen person,1
2018,9,"Norrbotten, okänd kommun",Sammanfattning dag,1
2018,9,"Norrbotten, okänd kommun",Sammanfattning förmiddag,1
2018,9,"Norrbotten, okänd kommun",Stöld/inbrott,1
2018,9,Pajala kommun,Trafikbrott,1
2018,9,Pajala kommun,Trafikolycka,1
2018,9,Pajala kommun,"Trafikolycka,  vilt",1
2018,9,Piteå kommun,Trafikkontroll,14
2018,9,Piteå kommun,Stöld/inbrott,3
2018,9,Piteå kommun,Misshandel,2
2018,9,Piteå kommun,Arbetsplatsolycka,1
2018,9,Piteå kommun,Stöld,1
2018,9,Piteå kommun,Trafikbrott,1
2018,9,Piteå kommun,Trafikolycka,1
2018,9,Älvsbyns kommun,Trafikolycka,2
2018,9,Älvsbyns kommun,Kontroll person/fordon,1
2018,9,Älvsbyns kommun,Rattfylleri,1
2018,9,Älvsbyns kommun,Sjukdom/olycksfall,1
2018,9,Älvsbyns kommun,Trafikkontroll,1
2018,9,Älvsbyns kommun,"Trafikolycka,  vilt",1
2018,9,Övertorneå kommun,Stöld,1
2018,9,Övertorneå kommun,Trafikbrott,1
2018,9,Övertorneå kommun,Trafikkontroll,1
2018,10,Arjeplogs kommun,"Trafikolycka,  vilt",2
2018,10,Arjeplogs kommun,Narkotikabrott,1
2018,10,Arjeplogs kommun,Rattfylleri,1
2018,10,Arjeplogs kommun,Trafikkontroll,1
2018,10,Arvidsjaurs kommun,Trafikkontroll,9
2018,10,Arvidsjaurs kommun,"Trafikolycka,  vilt",5
2018,10,Arvidsjaurs kommun,Narkotikabrott,2
2018,10,Arvidsjaurs kommun,Trafikolycka,2
2018,10,Arvidsjaurs kommun,Rattfylleri,1
2018,10,Arvidsjaurs kommun,Övrigt,1
2018,10,Bodens kommun,Trafikkontroll,17
2018,10,Bodens kommun,Stöld,5
2018,10,Bodens kommun,Trafikbrott,5
2018,10,Bodens kommun,Stöld/inbrott,4
2018,10,Bodens kommun,Trafikolycka,4
2018,10,Bodens kommun,Fylleri/LOB,3
2018,10,Bodens kommun,"Trafikolycka,  vilt",3
2018,10,Bodens kommun,Bråk,2
2018,10,Bodens kommun,Misshandel,2
2018,10,Bodens kommun,Brand,1
2018,10,Bodens kommun,Olaga hot,1
2018,10,Bodens kommun,Sammanfattning natt,1
2018,10,Bodens kommun,Skadegörelse,1
2018,10,Bodens kommun,"Trafikolycka,  personskada",1
2018,10,Bodens kommun,"Trafikolycka,  singel",1
2018,10,Gällivare kommun,"Trafikolycka,  vilt",9
2018,10,Gällivare kommun,Trafikbrott,4
2018,10,Gällivare kommun,Fylleri/LOB,3
2018,10,Gällivare kommun,Trafikkontroll,3
2018,10,Gällivare kommun,Rattfylleri,2
2018,10,Gällivare kommun,Stöld/inbrott,2
2018,10,Gällivare kommun,Försvunnen person,1
2018,10,Gällivare kommun,Narkotikabrott,1
2018,10,Gällivare kommun,"Stöld,  ringa",1
2018,10,Gällivare kommun,"Trafikolycka,  personskada",1
2018,10,Gällivare kommun,Uppdatering,1
2018,10,Gällivare kommun,Våldtäkt,1
2018,10,Haparanda kommun,Misshandel,1
2018,10,Haparanda kommun,Narkotikabrott,1
2018,10,Haparanda kommun,Rattfylleri,1
2018,10,Haparanda kommun,Sammanfattning kväll och natt,1
2018,10,Haparanda kommun,Skadegörelse,1
2018,10,Haparanda kommun,Stöld/inbrott,1
2018,10,Haparanda kommun,"Trafikolycka,  vilt",1
2018,10,Jokkmokks kommun,"Trafikolycka,  vilt",3
2018,10,Jokkmokks kommun,Brand,1
2018,10,Jokkmokks kommun,Misshandel,1
2018,10,Jokkmokks kommun,Trafikolycka,1
2018,10,Kalix kommun,Uppdatering,6
2018,10,Kalix kommun,Trafikolycka,5
2018,10,Kalix kommun,Trafikkontroll,3
2018,10,Kalix kommun,Stöld,2
2018,10,Kalix kommun,Inbrott,1
2018,10,Kalix kommun,Misshandel,1
2018,10,Kalix kommun,Mord/dråp,1
2018,10,Kalix kommun,Narkotikabrott,1
2018,10,Kalix kommun,"Trafikolycka,  vilt",1
2018,10,Kalix kommun,Övrigt,1
2018,10,Kiruna kommun,Trafikkontroll,6
2018,10,Kiruna kommun,Trafikbrott,3
2018,10,Kiruna kommun,Trafikolycka,3
2018,10,Kiruna kommun,Arbetsplatsolycka,2
2018,10,Kiruna kommun,Rattfylleri,2
2018,10,Kiruna kommun,"Trafikolycka,  singel",2
2018,10,Kiruna kommun,Narkotikabrott,1
2018,10,Kiruna kommun,Olaga hot,1
2018,10,Kiruna kommun,Sammanfattning natt,1
2018,10,Kiruna kommun,"Trafikolycka,  vilt",1
2018,10,Kiruna kommun,Uppdatering,1
2018,10,Luleå kommun,Trafikkontroll,25
2018,10,Luleå kommun,Trafikbrott,10
2018,10,Luleå kommun,Trafikolycka,8
2018,10,Luleå kommun,"Trafikolycka,  vilt",8
2018,10,Luleå kommun,Rattfylleri,7
2018,10,Luleå kommun,Stöld/inbrott,7
2018,10,Luleå kommun,Stöld,5
2018,10,Luleå kommun,Fylleri/LOB,4
2018,10,Luleå kommun,Narkotikabrott,3
2018,10,Luleå kommun,Sammanfattning natt,3
2018,10,Luleå kommun,"Trafikolycka,  singel",3
2018,10,Luleå kommun,Arbetsplatsolycka,2
2018,10,Luleå kommun,Djur,2
2018,10,Luleå kommun,Misshandel,2
2018,10,Luleå kommun,"Stöld,  ringa",2
2018,10,Luleå kommun,Anträffat gods,1
2018,10,Luleå kommun,Kontroll person/fordon,1
2018,10,Luleå kommun,"Mord/dråp,  försök",1
2018,10,Luleå kommun,Skadegörelse,1
2018,10,Luleå kommun,Uppdatering,1
2018,10,Luleå kommun,Vapenlagen,1
2018,10,Luleå kommun,Övrigt,1
2018,10,"Norrbotten, okänd kommun",Övrigt,41
2018,10,"Norrbotten, okänd kommun",Sammanfattning natt,23
2018,10,"Norrbotten, okänd kommun",Sammanfattning förmiddag,2
2018,10,"Norrbotten, okänd kommun",Sammanfattning kväll och natt,2
2018,10,"Norrbotten, okänd kommun",Stöld/inbrott,2
2018,10,"Norrbotten, okänd kommun",Brand,1
2018,10,"Norrbotten, okänd kommun",Sammanfattning eftermiddag,1
2018,10,"Norrbotten, okänd kommun",Sammanfattning kväll,1
2018,10,"Norrbotten, okänd kommun",Trafikkontroll,1
2018,10,"Norrbotten, okänd kommun","Trafikolycka,  vilt",1
2018,10,Pajala kommun,"Trafikolycka,  vilt",4
2018,10,Pajala kommun,Trafikbrott,1
2018,10,Pajala kommun,Trafikolycka,1
2018,10,Piteå kommun,Trafikkontroll,13
2018,10,Piteå kommun,Stöld/inbrott,4
2018,10,Piteå kommun,Trafikbrott,4
2018,10,Piteå kommun,"Trafikolycka,  vilt",4
2018,10,Piteå kommun,Arbetsplatsolycka,3
2018,10,Piteå kommun,Trafikolycka,3
2018,10,Piteå kommun,Bråk,2
2018,10,Piteå kommun,Försvunnen person,2
2018,10,Piteå kommun,Övrigt,2
2018,10,Piteå kommun,Fylleri/LOB,1
2018,10,Piteå kommun,Kontroll person/fordon,1
2018,10,Piteå kommun,Narkotikabrott,1
2018,10,Piteå kommun,Sammanfattning kväll,1
2018,10,Piteå kommun,Skadegörelse,1
2018,10,Piteå kommun,"Stöld,  ringa",1
2018,10,Piteå kommun,"Trafikolycka,  personskada",1
2018,10,Piteå kommun,"Trafikolycka,  singel",1
2018,10,Piteå kommun,Uppdatering,1
2018,10,Piteå kommun,Våld/hot mot tjänsteman,1
2018,10,Älvsbyns kommun,Stöld,2
2018,10,Älvsbyns kommun,Stöld/inbrott,2
2018,10,Älvsbyns kommun,Trafikkontroll,2
2018,10,Älvsbyns kommun,Olaga hot,1
2018,10,Älvsbyns kommun,"Stöld,  ringa",1
2018,10,Älvsbyns kommun,Trafikbrott,1
2018,10,Älvsbyns kommun,Trafikolycka,1
2018,10,Älvsbyns kommun,"Trafikolycka,  vilt",1
2018,10,Överkalix kommun,Trafikkontroll,1
2018,10,Överkalix kommun,Trafikolycka,1
2018,10,Överkalix kommun,"Trafikolycka,  personskada",1
2018,10,Överkalix kommun,"Trafikolycka,  singel",1
2018,10,Överkalix kommun,"Trafikolycka,  vilt",1
2018,10,Övertorneå kommun,"Trafikolycka,  vilt",4
2018,10,Övertorneå kommun,Brand,1
2018,10,Övertorneå kommun,Sammanfattning natt,1
2018,11,Arjeplogs kommun,"Trafikolycka,  vilt",1
2018,11,Arvidsjaurs kommun,"Trafikolycka,  vilt",5
2018,11,Arvidsjaurs kommun,Trafikkontroll,3
2018,11,Arvidsjaurs kommun,"Motorfordon,  anträffat stulet",1
2018,11,Arvidsjaurs kommun,Rattfylleri,1
2018,11,Bodens kommun,Trafikkontroll,15
2018,11,Bodens kommun,Stöld,5
2018,11,Bodens kommun,Brand,3
2018,11,Bodens kommun,Sammanfattning natt,3
2018,11,Bodens kommun,Trafikbrott,3
2018,11,Bodens kommun,"Trafikolycka,  personskada",3
2018,11,Bodens kommun,"Trafikolycka,  vilt",3
2018,11,Bodens kommun,Fylleri/LOB,2
2018,11,Bodens kommun,Olaga hot,2
2018,11,Bodens kommun,"Trafikolycka,  singel",2
2018,11,Bodens kommun,Bråk,1
2018,11,Bodens kommun,Misshandel,1
2018,11,Bodens kommun,Mord/dråp,1
2018,11,Bodens kommun,"Motorfordon,  anträffat stulet",1
2018,11,Bodens kommun,Narkotikabrott,1
2018,11,Bodens kommun,Trafikolycka,1
2018,11,Bodens kommun,Våld/hot mot tjänsteman,1
2018,11,Gällivare kommun,"Trafikolycka,  vilt",5
2018,11,Gällivare kommun,Brand,2
2018,11,Gällivare kommun,Trafikkontroll,2
2018,11,Gällivare kommun,Trafikolycka,2
2018,11,Gällivare kommun,Arbetsplatsolycka,1
2018,11,Gällivare kommun,Djur,1
2018,11,Gällivare kommun,Försvunnen person,1
2018,11,Gällivare kommun,Kontroll person/fordon,1
2018,11,Gällivare kommun,Misshandel,1
2018,11,Gällivare kommun,Stöld,1
2018,11,Gällivare kommun,Trafikhinder,1
2018,11,Gällivare kommun,"Trafikolycka,  singel",1
2018,11,Haparanda kommun,"Trafikolycka,  vilt",2
2018,11,Haparanda kommun,Arbetsplatsolycka,1
2018,11,Haparanda kommun,Narkotikabrott,1
2018,11,Haparanda kommun,Rattfylleri,1
2018,11,Haparanda kommun,Rån,1
2018,11,Haparanda kommun,Skadegörelse,1
2018,11,Haparanda kommun,Stöld/inbrott,1
2018,11,Haparanda kommun,"Trafikolycka,  personskada",1
2018,11,Haparanda kommun,"Trafikolycka,  singel",1
2018,11,Jokkmokks kommun,"Trafikolycka,  vilt",2
2018,11,Jokkmokks kommun,Inbrott,1
2018,11,Jokkmokks kommun,"Mord/dråp,  försök",1
2018,11,Jokkmokks kommun,Rattfylleri,1
2018,11,Jokkmokks kommun,Sammanfattning natt,1
2018,11,Jokkmokks kommun,Trafikbrott,1
2018,11,Jokkmokks kommun,Uppdatering,1
2018,11,Kalix kommun,Brand,3
2018,11,Kalix kommun,Trafikolycka,2
2018,11,Kalix kommun,"Trafikolycka,  singel",2
2018,11,Kalix kommun,Arbetsplatsolycka,1
2018,11,Kalix kommun,Bråk,1
2018,11,Kalix kommun,Djur,1
2018,11,Kalix kommun,Rattfylleri,1
2018,11,Kalix kommun,Trafikbrott,1
2018,11,Kalix kommun,"Trafikolycka,  vilt",1
2018,11,Kalix kommun,Uppdatering,1
2018,11,Kiruna kommun,Trafikkontroll,11
2018,11,Kiruna kommun,Trafikbrott,6
2018,11,Kiruna kommun,Trafikolycka,4
2018,11,Kiruna kommun,"Trafikolycka,  vilt",4
2018,11,Kiruna kommun,Rattfylleri,2
2018,11,Kiruna kommun,"Farligt föremål,  misstänkt",1
2018,11,Kiruna kommun,Narkotikabrott,1
2018,11,Kiruna kommun,Sammanfattning natt,1
2018,11,Kiruna kommun,"Trafikolycka,  personskada",1
2018,11,Kiruna kommun,Uppdatering,1
2018,11,Luleå kommun,Trafikkontroll,22
2018,11,Luleå kommun,Stöld,13
2018,11,Luleå kommun,"Trafikolycka,  vilt",7
2018,11,Luleå kommun,Fylleri/LOB,6
2018,11,Luleå kommun,Rattfylleri,6
2018,11,Luleå kommun,Trafikbrott,6
2018,11,Luleå kommun,Trafikolycka,6
2018,11,Luleå kommun,Narkotikabrott,5
2018,11,Luleå kommun,Olaga hot,3
2018,11,Luleå kommun,Stöld/inbrott,3
2018,11,Luleå kommun,Brand,2
2018,11,Luleå kommun,Skadegörelse,2
2018,11,Luleå kommun,Övrigt,2
2018,11,Luleå kommun,Anträffat gods,1
2018,11,Luleå kommun,Djur,1
2018,11,Luleå kommun,Inbrott,1
2018,11,Luleå kommun,Knivlagen,1
2018,11,Luleå kommun,Misshandel,1
2018,11,Luleå kommun,"Motorfordon,  anträffat stulet",1
2018,11,Luleå kommun,Rån övrigt,1
2018,11,Luleå kommun,Sammanfattning natt,1
2018,11,Luleå kommun,"Trafikolycka,  personskada",1
2018,11,Luleå kommun,"Trafikolycka,  singel",1
2018,11,Luleå kommun,"Trafikolycka,  smitning från",1
2018,11,Luleå kommun,Våld/hot mot tjänsteman,1
2018,11,"Norrbotten, okänd kommun",Övrigt,90
2018,11,"Norrbotten, okänd kommun",Sammanfattning natt,23
2018,11,"Norrbotten, okänd kommun",Sammanfattning kväll,3
2018,11,"Norrbotten, okänd kommun",Sammanfattning dag,2
2018,11,"Norrbotten, okänd kommun",Sammanfattning kväll och natt,2
2018,11,"Norrbotten, okänd kommun","Trafikolycka,  vilt",2
2018,11,"Norrbotten, okänd kommun",Sammanfattning eftermiddag,1
2018,11,Pajala kommun,"Trafikolycka,  vilt",6
2018,11,Pajala kommun,Trafikkontroll,3
2018,11,Pajala kommun,"Trafikolycka,  singel",2
2018,11,Piteå kommun,Trafikkontroll,21
2018,11,Piteå kommun,"Trafikolycka,  vilt",8
2018,11,Piteå kommun,Rattfylleri,5
2018,11,Piteå kommun,Trafikolycka,5
2018,11,Piteå kommun,Trafikbrott,3
2018,11,Piteå kommun,Brand,2
2018,11,Piteå kommun,Skadegörelse,2
2018,11,Piteå kommun,Stöld,2
2018,11,Piteå kommun,Detonation,1
2018,11,Piteå kommun,"Motorfordon,  anträffat stulet",1
2018,11,Piteå kommun,Olaga hot,1
2018,11,Piteå kommun,"Trafikolycka,  smitning från",1
2018,11,Älvsbyns kommun,"Trafikolycka,  vilt",3
2018,11,Älvsbyns kommun,"Motorfordon,  stöld",1
2018,11,Älvsbyns kommun,Trafikbrott,1
2018,11,Älvsbyns kommun,Trafikkontroll,1
2018,11,Älvsbyns kommun,"Trafikolycka,  singel",1
2018,11,Överkalix kommun,Trafikolycka,2
2018,11,Överkalix kommun,"Trafikolycka,  vilt",2
2018,11,Överkalix kommun,"Trafikolycka,  personskada",1
2018,11,Övertorneå kommun,"Trafikolycka,  vilt",6
2018,11,Övertorneå kommun,Trafikkontroll,2
2018,11,Övertorneå kommun,Rattfylleri,1
2018,11,Övertorneå kommun,Stöld,1
2018,11,Övertorneå kommun,Trafikbrott,1
2018,12,Arjeplogs kommun,"Trafikolycka,  vilt",6
2018,12,Arjeplogs kommun,Trafikkontroll,2
2018,12,Arvidsjaurs kommun,"Trafikolycka,  vilt",6
2018,12,Arvidsjaurs kommun,Trafikkontroll,2
2018,12,Arvidsjaurs kommun,Djur,1
2018,12,Arvidsjaurs kommun,Sammanfattning natt,1
2018,12,Arvidsjaurs kommun,Trafikolycka,1
2018,12,Bodens kommun,Trafikkontroll,21
2018,12,Bodens kommun,Trafikolycka,4
2018,12,Bodens kommun,Rattfylleri,3
2018,12,Bodens kommun,Stöld,3
2018,12,Bodens kommun,Trafikbrott,3
2018,12,Bodens kommun,Stöld/inbrott,2
2018,12,Bodens kommun,"Trafikolycka,  vilt",2
2018,12,Bodens kommun,Arbetsplatsolycka,1
2018,12,Bodens kommun,Brand,1
2018,12,Bodens kommun,Fylleri/LOB,1
2018,12,Bodens kommun,Misshandel,1
2018,12,Bodens kommun,"Motorfordon,  stöld",1
2018,12,Bodens kommun,Olaga hot,1
2018,12,Bodens kommun,Våld/hot mot tjänsteman,1
2018,12,Gällivare kommun,"Trafikolycka,  vilt",6
2018,12,Gällivare kommun,Trafikkontroll,4
2018,12,Gällivare kommun,Trafikolycka,3
2018,12,Gällivare kommun,Rattfylleri,2
2018,12,Gällivare kommun,"Trafikolycka,  singel",2
2018,12,Gällivare kommun,Anträffat gods,1
2018,12,Gällivare kommun,Sammanfattning natt,1
2018,12,Gällivare kommun,Skadegörelse,1
2018,12,Gällivare kommun,Stöld/inbrott,1
2018,12,Gällivare kommun,Trafikbrott,1
2018,12,Haparanda kommun,"Trafikolycka,  vilt",3
2018,12,Haparanda kommun,Trafikkontroll,2
2018,12,Haparanda kommun,Trafikolycka,2
2018,12,Haparanda kommun,Fylleri/LOB,1
2018,12,Haparanda kommun,Inbrott,1
2018,12,Haparanda kommun,Larm Överfall,1
2018,12,Haparanda kommun,Sammanfattning natt,1
2018,12,Haparanda kommun,Stöld,1
2018,12,Haparanda kommun,"Trafikolycka,  personskada",1
2018,12,Haparanda kommun,Uppdatering,1
2018,12,Jokkmokks kommun,Rattfylleri,2
2018,12,Jokkmokks kommun,Trafikolycka,1
2018,12,Jokkmokks kommun,"Trafikolycka,  vilt",1
2018,12,Kalix kommun,"Trafikolycka,  vilt",5
2018,12,Kalix kommun,Fylleri/LOB,2
2018,12,Kalix kommun,Trafikkontroll,2
2018,12,Kalix kommun,Trafikolycka,2
2018,12,Kalix kommun,Stöld/inbrott,1
2018,12,Kiruna kommun,Trafikkontroll,8
2018,12,Kiruna kommun,"Trafikolycka,  vilt",6
2018,12,Kiruna kommun,Stöld,4
2018,12,Kiruna kommun,Trafikolycka,4
2018,12,Kiruna kommun,Stöld/inbrott,2
2018,12,Kiruna kommun,Inbrott,1
2018,12,Kiruna kommun,Larm Överfall,1
2018,12,Kiruna kommun,"Mord/dråp,  försök",1
2018,12,Kiruna kommun,Rattfylleri,1
2018,12,Kiruna kommun,Sammanfattning natt,1
2018,12,Kiruna kommun,Skadegörelse,1
2018,12,Kiruna kommun,Trafikbrott,1
2018,12,Kiruna kommun,"Trafikolycka,  singel",1
2018,12,Luleå kommun,Trafikkontroll,21
2018,12,Luleå kommun,Rattfylleri,12
2018,12,Luleå kommun,Fylleri/LOB,7
2018,12,Luleå kommun,Stöld,7
2018,12,Luleå kommun,Stöld/inbrott,5
2018,12,Luleå kommun,Skadegörelse,4
2018,12,Luleå kommun,Trafikbrott,4
2018,12,Luleå kommun,Trafikolycka,4
2018,12,Luleå kommun,"Trafikolycka,  vilt",4
2018,12,Luleå kommun,Djur,3
2018,12,Luleå kommun,Misshandel,3
2018,12,Luleå kommun,Brand,2
2018,12,Luleå kommun,Inbrott,2
2018,12,Luleå kommun,"Trafikolycka,  personskada",2
2018,12,Luleå kommun,Alkohollagen,1
2018,12,Luleå kommun,Arbetsplatsolycka,1
2018,12,Luleå kommun,Häleri,1
2018,12,Luleå kommun,Larm Överfall,1
2018,12,Luleå kommun,Sammanfattning natt,1
2018,12,Luleå kommun,"Stöld,  försök",1
2018,12,Luleå kommun,Trafikhinder,1
2018,12,Luleå kommun,"Trafikolycka,  singel",1
2018,12,"Norrbotten, okänd kommun",Övrigt,70
2018,12,"Norrbotten, okänd kommun",Sammanfattning natt,24
2018,12,"Norrbotten, okänd kommun",Trafikkontroll,3
2018,12,"Norrbotten, okänd kommun","Trafikolycka,  vilt",2
2018,12,"Norrbotten, okänd kommun",Sammanfattning dag,1
2018,12,"Norrbotten, okänd kommun",Sammanfattning eftermiddag,1
2018,12,"Norrbotten, okänd kommun",Sammanfattning kväll,1
2018,12,"Norrbotten, okänd kommun",Stöld/inbrott,1
2018,12,Pajala kommun,"Trafikolycka,  vilt",14
2018,12,Pajala kommun,"Trafikolycka,  personskada",2
2018,12,Pajala kommun,Trafikkontroll,1
2018,12,Pajala kommun,Trafikolycka,1
2018,12,Piteå kommun,Trafikkontroll,24
2018,12,Piteå kommun,Trafikolycka,7
2018,12,Piteå kommun,Trafikbrott,5
2018,12,Piteå kommun,"Trafikolycka,  vilt",5
2018,12,Piteå kommun,Rattfylleri,4
2018,12,Piteå kommun,Försvunnen person,2
2018,12,Piteå kommun,Stöld,2
2018,12,Piteå kommun,Inbrott,1
2018,12,Piteå kommun,Larm Överfall,1
2018,12,Piteå kommun,Ofredande/förargelse,1
2018,12,Piteå kommun,Olaga hot,1
2018,12,Piteå kommun,Stöld/inbrott,1
2018,12,Piteå kommun,"Trafikolycka,  personskada",1
2018,12,Piteå kommun,"Trafikolycka,  singel",1
2018,12,Piteå kommun,"Trafikolycka,  smitning från",1
2018,12,Älvsbyns kommun,"Trafikolycka,  vilt",4
2018,12,Älvsbyns kommun,Rattfylleri,1
2018,12,Älvsbyns kommun,Trafikbrott,1
2018,12,Överkalix kommun,Trafikolycka,1
2018,12,Överkalix kommun,"Trafikolycka,  vilt",1
2018,12,Övertorneå kommun,Rattfylleri,2
2018,12,Övertorneå kommun,Trafikolycka,2
2018,12,Övertorneå kommun,"Trafikolycka,  vilt",1
2019,1,Arjeplogs kommun,"Trafikolycka,  vilt",2
2019,1,Arjeplogs kommun,Trafikbrott,1
2019,1,Arvidsjaurs kommun,Trafikkontroll,5
2019,1,Arvidsjaurs kommun,"Trafikolycka,  vilt",4
2019,1,Arvidsjaurs kommun,Trafikolycka,1
2019,1,Arvidsjaurs kommun,"Trafikolycka,  singel",1
2019,1,Bodens kommun,Trafikkontroll,10
2019,1,Bodens kommun,Trafikolycka,7
2019,1,Bodens kommun,Rattfylleri,6
2019,1,Bodens kommun,Stöld,6
2019,1,Bodens kommun,Narkotikabrott,4
2019,1,Bodens kommun,"Trafikolycka,  vilt",3
2019,1,Bodens kommun,Arbetsplatsolycka,2
2019,1,Bodens kommun,Brand,2
2019,1,Bodens kommun,Misshandel,2
2019,1,Bodens kommun,Trafikbrott,2
2019,1,Bodens kommun,"Motorfordon,  stöld",1
2019,1,Bodens kommun,Olaga hot,1
2019,1,Bodens kommun,Skadegörelse,1
2019,1,Bodens kommun,"Trafikolycka,  singel",1
2019,1,Gällivare kommun,Trafikolycka,6
2019,1,Gällivare kommun,"Trafikolycka,  vilt",5
2019,1,Gällivare kommun,Trafikbrott,2
2019,1,Gällivare kommun,Trafikkontroll,2
2019,1,Gällivare kommun,Arbetsplatsolycka,1
2019,1,Gällivare kommun,Fylleri/LOB,1
2019,1,Gällivare kommun,"Mord/dråp,  försök",1
2019,1,Haparanda kommun,"Trafikolycka,  vilt",2
2019,1,Haparanda kommun,Brand,1
2019,1,Haparanda kommun,Fylleri/LOB,1
2019,1,Haparanda kommun,Försvunnen person,1
2019,1,Haparanda kommun,Olaga hot,1
2019,1,Jokkmokks kommun,"Trafikolycka,  vilt",5
2019,1,Jokkmokks kommun,Stöld/inbrott,1
2019,1,Jokkmokks kommun,Trafikbrott,1
2019,1,Kalix kommun,Trafikolycka,4
2019,1,Kalix kommun,Brand,2
2019,1,Kalix kommun,"Trafikolycka,  vilt",2
2019,1,Kalix kommun,Misshandel,1
2019,1,Kalix kommun,Narkotikabrott,1
2019,1,Kalix kommun,Rattfylleri,1
2019,1,Kalix kommun,Trafikbrott,1
2019,1,Kiruna kommun,Trafikbrott,4
2019,1,Kiruna kommun,"Trafikolycka,  vilt",3
2019,1,Kiruna kommun,Fjällräddning,2
2019,1,Kiruna kommun,Trafikkontroll,2
2019,1,Kiruna kommun,"Trafikolycka,  personskada",2
2019,1,Kiruna kommun,Uppdatering,2
2019,1,Kiruna kommun,Narkotikabrott,1
2019,1,Kiruna kommun,Olaga hot,1
2019,1,Kiruna kommun,Rattfylleri,1
2019,1,Kiruna kommun,Sammanfattning dag,1
2019,1,Kiruna kommun,Sammanfattning kväll och natt,1
2019,1,Kiruna kommun,Sammanfattning natt,1
2019,1,Kiruna kommun,Stöld,1
2019,1,Kiruna kommun,"Trafikolycka,  singel",1
2019,1,Luleå kommun,Trafikkontroll,15
2019,1,Luleå kommun,Trafikolycka,13
2019,1,Luleå kommun,Stöld,9
2019,1,Luleå kommun,Fylleri/LOB,6
2019,1,Luleå kommun,"Trafikolycka,  vilt",6
2019,1,Luleå kommun,Sammanfattning natt,4
2019,1,Luleå kommun,Inbrott,2
2019,1,Luleå kommun,Narkotikabrott,2
2019,1,Luleå kommun,Trafikbrott,2
2019,1,Luleå kommun,Anträffat gods,1
2019,1,Luleå kommun,Djur,1
2019,1,Luleå kommun,Larm Överfall,1
2019,1,Luleå kommun,Misshandel,1
2019,1,Luleå kommun,Ofredande/förargelse,1
2019,1,Luleå kommun,Olaga hot,1
2019,1,Luleå kommun,Rån,1
2019,1,Luleå kommun,Skadegörelse,1
2019,1,"Norrbotten, okänd kommun",Övrigt,52
2019,1,"Norrbotten, okänd kommun",Sammanfattning natt,23
2019,1,"Norrbotten, okänd kommun",Sammanfattning eftermiddag,2
2019,1,"Norrbotten, okänd kommun",Sammanfattning förmiddag,2
2019,1,"Norrbotten, okänd kommun","Trafikolycka,  vilt",2
2019,1,"Norrbotten, okänd kommun",Brand,1
2019,1,"Norrbotten, okänd kommun",Trafikolycka,1
2019,1,Pajala kommun,"Trafikolycka,  vilt",5
2019,1,Piteå kommun,Trafikkontroll,9
2019,1,Piteå kommun,Trafikbrott,4
2019,1,Piteå kommun,Trafikolycka,4
2019,1,Piteå kommun,"Trafikolycka,  vilt",4
2019,1,Piteå kommun,Brand,2
2019,1,Piteå kommun,Rattfylleri,2
2019,1,Piteå kommun,Djur,1
2019,1,Piteå kommun,Mord/dråp,1
2019,1,Piteå kommun,Narkotikabrott,1
2019,1,Piteå kommun,Olovlig körning,1
2019,1,Piteå kommun,Sammanfattning natt,1
2019,1,Piteå kommun,Stöld/inbrott,1
2019,1,Piteå kommun,"Trafikolycka,  personskada",1
2019,1,Piteå kommun,"Trafikolycka,  singel",1
2019,1,Piteå kommun,Våld/hot mot tjänsteman,1
2019,1,Älvsbyns kommun,Stöld/inbrott,4
2019,1,Älvsbyns kommun,"Trafikolycka,  vilt",4
2019,1,Älvsbyns kommun,"Inbrott,  försök",1
2019,1,Älvsbyns kommun,Narkotikabrott,1
2019,1,Älvsbyns kommun,Rattfylleri,1
2019,1,Älvsbyns kommun,Trafikolycka,1
2019,1,Överkalix kommun,"Trafikolycka,  singel",1
2019,1,Överkalix kommun,"Trafikolycka,  vilt",1
2019,1,Övertorneå kommun,"Trafikolycka,  vilt",3
2019,1,Övertorneå kommun,Brand,1
2019,1,Övertorneå kommun,Olaga hot,1
2019,1,Övertorneå kommun,Rattfylleri,1
2019,1,Övertorneå kommun,Trafikbrott,1
2019,2,Arjeplogs kommun,Trafikkontroll,3
2019,2,Arjeplogs kommun,Sammanfattning natt,1
2019,2,Arjeplogs kommun,Trafikbrott,1
2019,2,Arjeplogs kommun,Trafikolycka,1
2019,2,Arjeplogs kommun,"Trafikolycka,  vilt",1
2019,2,Arvidsjaurs kommun,Trafikkontroll,8
2019,2,Arvidsjaurs kommun,Trafikbrott,2
2019,2,Bodens kommun,Trafikkontroll,24
2019,2,Bodens kommun,Stöld,4
2019,2,Bodens kommun,Rattfylleri,3
2019,2,Bodens kommun,Trafikbrott,3
2019,2,Bodens kommun,Fylleri/LOB,2
2019,2,Bodens kommun,Sammanfattning natt,2
2019,2,Bodens kommun,Arbetsplatsolycka,1
2019,2,Bodens kommun,Brand,1
2019,2,Bodens kommun,Knivlagen,1
2019,2,Bodens kommun,Misshandel,1
2019,2,Bodens kommun,"Misshandel,  grov",1
2019,2,Bodens kommun,Skadegörelse,1
2019,2,Bodens kommun,Trafikolycka,1
2019,2,Bodens kommun,"Trafikolycka,  singel",1
2019,2,Bodens kommun,"Trafikolycka,  vilt",1
2019,2,Gällivare kommun,Trafikbrott,6
2019,2,Gällivare kommun,Trafikkontroll,6
2019,2,Gällivare kommun,"Trafikolycka,  vilt",4
2019,2,Gällivare kommun,Sammanfattning natt,2
2019,2,Gällivare kommun,Stöld,2
2019,2,Gällivare kommun,Trafikolycka,2
2019,2,Gällivare kommun,"Motorfordon,  anträffat stulet",1
2019,2,Gällivare kommun,Narkotikabrott,1
2019,2,Haparanda kommun,Stöld,2
2019,2,Haparanda kommun,Trafikolycka,2
2019,2,Haparanda kommun,Fylleri/LOB,1
2019,2,Haparanda kommun,Rattfylleri,1
2019,2,Haparanda kommun,Sammanfattning natt,1
2019,2,Haparanda kommun,Stöld/inbrott,1
2019,2,Haparanda kommun,Trafikbrott,1
2019,2,Haparanda kommun,Trafikkontroll,1
2019,2,Jokkmokks kommun,Rattfylleri,2
2019,2,Jokkmokks kommun,Trafikkontroll,2
2019,2,Jokkmokks kommun,"Trafikolycka,  vilt",2
2019,2,Jokkmokks kommun,Misshandel,1
2019,2,Jokkmokks kommun,Skadegörelse,1
2019,2,Jokkmokks kommun,Trafikolycka,1
2019,2,Kalix kommun,Trafikbrott,3
2019,2,Kalix kommun,Trafikolycka,3
2019,2,Kalix kommun,Rattfylleri,2
2019,2,Kalix kommun,Brand,1
2019,2,Kalix kommun,Larm Överfall,1
2019,2,Kalix kommun,Missbruk av urkund,1
2019,2,Kalix kommun,Misshandel,1
2019,2,Kalix kommun,Narkotikabrott,1
2019,2,Kalix kommun,Stöld,1
2019,2,Kalix kommun,"Trafikolycka,  vilt",1
2019,2,Kiruna kommun,Trafikolycka,4
2019,2,Kiruna kommun,Brand,2
2019,2,Kiruna kommun,Fjällräddning,2
2019,2,Kiruna kommun,Trafikbrott,2
2019,2,Kiruna kommun,"Trafikolycka,  vilt",2
2019,2,Kiruna kommun,Arbetsplatsolycka,1
2019,2,Kiruna kommun,"Farligt föremål,  misstänkt",1
2019,2,Kiruna kommun,Inbrott,1
2019,2,Kiruna kommun,Narkotikabrott,1
2019,2,Kiruna kommun,Sammanfattning natt,1
2019,2,Kiruna kommun,Skadegörelse,1
2019,2,Kiruna kommun,Stöld,1
2019,2,Kiruna kommun,Trafikhinder,1
2019,2,Kiruna kommun,Trafikkontroll,1
2019,2,Kiruna kommun,"Trafikolycka,  singel",1
2019,2,Luleå kommun,Trafikkontroll,29
2019,2,Luleå kommun,Trafikolycka,21
2019,2,Luleå kommun,Fylleri/LOB,10
2019,2,Luleå kommun,Trafikbrott,6
2019,2,Luleå kommun,Stöld,5
2019,2,Luleå kommun,Misshandel,4
2019,2,Luleå kommun,Rattfylleri,3
2019,2,Luleå kommun,Brand,2
2019,2,Luleå kommun,Sammanfattning natt,2
2019,2,Luleå kommun,Stöld/inbrott,2
2019,2,Luleå kommun,Djur,1
2019,2,Luleå kommun,Larm Överfall,1
2019,2,Luleå kommun,Narkotikabrott,1
2019,2,Luleå kommun,Olovlig körning,1
2019,2,Luleå kommun,Trafikhinder,1
2019,2,Luleå kommun,"Trafikolycka,  smitning från",1
2019,2,"Norrbotten, okänd kommun",Sammanfattning natt,18
2019,2,"Norrbotten, okänd kommun",Övrigt,17
2019,2,"Norrbotten, okänd kommun",Fjällräddning,4
2019,2,"Norrbotten, okänd kommun","Trafikolycka,  vilt",3
2019,2,"Norrbotten, okänd kommun",Trafikolycka,2
2019,2,"Norrbotten, okänd kommun",Försvunnen person,1
2019,2,"Norrbotten, okänd kommun",Sammanfattning eftermiddag,1
2019,2,"Norrbotten, okänd kommun",Sammanfattning förmiddag,1
2019,2,"Norrbotten, okänd kommun",Sammanfattning kväll och natt,1
2019,2,"Norrbotten, okänd kommun",Stöld,1
2019,2,"Norrbotten, okänd kommun",Trafikkontroll,1
2019,2,Pajala kommun,"Trafikolycka,  vilt",3
2019,2,Pajala kommun,Rattfylleri,2
2019,2,Pajala kommun,Trafikkontroll,2
2019,2,Pajala kommun,Arbetsplatsolycka,1
2019,2,Piteå kommun,Trafikolycka,15
2019,2,Piteå kommun,Trafikkontroll,10
2019,2,Piteå kommun,Trafikbrott,9
2019,2,Piteå kommun,Stöld/inbrott,3
2019,2,Piteå kommun,"Motorfordon,  stöld",2
2019,2,Piteå kommun,Rattfylleri,2
2019,2,Piteå kommun,Arbetsplatsolycka,1
2019,2,Piteå kommun,Brand,1
2019,2,Piteå kommun,Trafikhinder,1
2019,2,Piteå kommun,"Trafikolycka,  vilt",1
2019,2,Älvsbyns kommun,Trafikkontroll,6
2019,2,Älvsbyns kommun,"Trafikolycka,  vilt",5
2019,2,Älvsbyns kommun,Trafikolycka,2
2019,2,Älvsbyns kommun,Fylleri/LOB,1
2019,2,Älvsbyns kommun,Rattfylleri,1
2019,2,Älvsbyns kommun,Trafikbrott,1
2019,2,Älvsbyns kommun,Trafikhinder,1
2019,2,Älvsbyns kommun,Övrigt,1
2019,2,Överkalix kommun,"Trafikolycka,  vilt",1
2019,2,Övertorneå kommun,Djur,2
2019,2,Övertorneå kommun,Trafikbrott,1
2019,3,Arjeplogs kommun,Trafikkontroll,4
2019,3,Arjeplogs kommun,Fjällräddning,3
2019,3,Arjeplogs kommun,Trafikolycka,1
2019,3,Arjeplogs kommun,"Trafikolycka,  vilt",1
2019,3,Arvidsjaurs kommun,Trafikkontroll,5
2019,3,Arvidsjaurs kommun,Rattfylleri,2
2019,3,Arvidsjaurs kommun,Stöld/inbrott,2
2019,3,Arvidsjaurs kommun,Olovlig körning,1
2019,3,Arvidsjaurs kommun,"Trafikolycka,  vilt",1
2019,3,Bodens kommun,Trafikkontroll,25
2019,3,Bodens kommun,Trafikbrott,7
2019,3,Bodens kommun,Fylleri/LOB,3
2019,3,Bodens kommun,Kontroll person/fordon,2
2019,3,Bodens kommun,Trafikolycka,2
2019,3,Bodens kommun,Arbetsplatsolycka,1
2019,3,Bodens kommun,Larm Överfall,1
2019,3,Bodens kommun,Misshandel,1
2019,3,Bodens kommun,Narkotikabrott,1
2019,3,Bodens kommun,Rattfylleri,1
2019,3,Bodens kommun,Sammanfattning natt,1
2019,3,Bodens kommun,Trafikhinder,1
2019,3,Bodens kommun,"Trafikolycka,  vilt",1
2019,3,Gällivare kommun,Trafikkontroll,7
2019,3,Gällivare kommun,"Trafikolycka,  vilt",4
2019,3,Gällivare kommun,Trafikbrott,3
2019,3,Gällivare kommun,Fylleri/LOB,2
2019,3,Gällivare kommun,Rattfylleri,2
2019,3,Gällivare kommun,Sammanfattning natt,2
2019,3,Gällivare kommun,Trafikolycka,2
2019,3,Gällivare kommun,Fjällräddning,1
2019,3,Gällivare kommun,Narkotikabrott,1
2019,3,Gällivare kommun,Skadegörelse,1
2019,3,Gällivare kommun,Stöld,1
2019,3,Haparanda kommun,Trafikbrott,2
2019,3,Haparanda kommun,Trafikkontroll,2
2019,3,Haparanda kommun,Fylleri/LOB,1
2019,3,Haparanda kommun,Olovlig körning,1
2019,3,Haparanda kommun,Rattfylleri,1
2019,3,Haparanda kommun,Stöld,1
2019,3,Haparanda kommun,Trafikolycka,1
2019,3,Jokkmokks kommun,"Trafikolycka,  vilt",6
2019,3,Jokkmokks kommun,Fjällräddning,4
2019,3,Jokkmokks kommun,Trafikolycka,2
2019,3,Kalix kommun,Trafikolycka,2
2019,3,Kalix kommun,"Trafikolycka,  vilt",2
2019,3,Kalix kommun,Djur,1
2019,3,Kalix kommun,Fylleri/LOB,1
2019,3,Kalix kommun,"Stöld,  försök",1
2019,3,Kalix kommun,Trafikbrott,1
2019,3,Kalix kommun,Trafikkontroll,1
2019,3,Kiruna kommun,Trafikbrott,9
2019,3,Kiruna kommun,Trafikkontroll,9
2019,3,Kiruna kommun,Fjällräddning,5
2019,3,Kiruna kommun,Trafikolycka,5
2019,3,Kiruna kommun,Rattfylleri,4
2019,3,Kiruna kommun,Stöld,2
2019,3,Kiruna kommun,Djur,1
2019,3,Kiruna kommun,Misshandel,1
2019,3,Kiruna kommun,Sammanfattning natt,1
2019,3,Kiruna kommun,Stöld/inbrott,1
2019,3,Kiruna kommun,"Trafikolycka,  vilt",1
2019,3,Luleå kommun,Trafikkontroll,20
2019,3,Luleå kommun,Trafikolycka,15
2019,3,Luleå kommun,Trafikbrott,8
2019,3,Luleå kommun,Rattfylleri,7
2019,3,Luleå kommun,Stöld,7
2019,3,Luleå kommun,Fylleri/LOB,6
2019,3,Luleå kommun,Sammanfattning natt,5
2019,3,Luleå kommun,Arbetsplatsolycka,3
2019,3,Luleå kommun,Brand,2
2019,3,Luleå kommun,Misshandel,2
2019,3,Luleå kommun,Narkotikabrott,2
2019,3,Luleå kommun,Trafikhinder,2
2019,3,Luleå kommun,"Trafikolycka,  vilt",2
2019,3,Luleå kommun,Försvunnen person,1
2019,3,Luleå kommun,Kontroll person/fordon,1
2019,3,Luleå kommun,Skadegörelse,1
2019,3,Luleå kommun,Övrigt,1
2019,3,"Norrbotten, okänd kommun",Sammanfattning natt,21
2019,3,"Norrbotten, okänd kommun",Övrigt,16
2019,3,"Norrbotten, okänd kommun",Sammanfattning förmiddag,1
2019,3,"Norrbotten, okänd kommun",Trafikkontroll,1
2019,3,Pajala kommun,"Trafikolycka,  vilt",3
2019,3,Pajala kommun,Arbetsplatsolycka,1
2019,3,Pajala kommun,Brand,1
2019,3,Pajala kommun,Försvunnen person,1
2019,3,Pajala kommun,Rattfylleri,1
2019,3,Pajala kommun,Stöld,1
2019,3,Pajala kommun,Trafikkontroll,1
2019,3,Piteå kommun,Trafikkontroll,14
2019,3,Piteå kommun,Misshandel,4
2019,3,Piteå kommun,Rattfylleri,4
2019,3,Piteå kommun,Trafikbrott,4
2019,3,Piteå kommun,Trafikolycka,3
2019,3,Piteå kommun,Larm Överfall,2
2019,3,Piteå kommun,Brand,1
2019,3,Piteå kommun,Sammanfattning natt,1
2019,3,Piteå kommun,Skadegörelse,1
2019,3,Piteå kommun,Stöld,1
2019,3,Piteå kommun,Trafikhinder,1
2019,3,Piteå kommun,"Trafikolycka,  singel",1
2019,3,Piteå kommun,"Trafikolycka,  vilt",1
2019,3,Älvsbyns kommun,Trafikkontroll,8
2019,3,Älvsbyns kommun,Narkotikabrott,1
2019,3,Älvsbyns kommun,Rattfylleri,1
2019,3,Älvsbyns kommun,Skyddslagen,1
2019,3,Älvsbyns kommun,Stöld/inbrott,1
2019,3,Älvsbyns kommun,Trafikolycka,1
2019,3,Älvsbyns kommun,"Trafikolycka,  vilt",1
2019,3,Överkalix kommun,Arbetsplatsolycka,1
2019,3,Överkalix kommun,Rattfylleri,1
2019,3,Överkalix kommun,Trafikolycka,1
2019,3,Övertorneå kommun,Trafikbrott,3
2019,3,Övertorneå kommun,Trafikolycka,1
2019,3,Övertorneå kommun,"Trafikolycka,  vilt",1
2019,4,Arjeplogs kommun,Trafikkontroll,8
2019,4,Arjeplogs kommun,Fjällräddning,2
2019,4,Arjeplogs kommun,Försvunnen person,1
2019,4,Arjeplogs kommun,Trafikbrott,1
2019,4,Arjeplogs kommun,Övrigt,1
2019,4,Arvidsjaurs kommun,Trafikkontroll,6
2019,4,Arvidsjaurs kommun,Trafikolycka,1
2019,4,Bodens kommun,Trafikkontroll,17
2019,4,Bodens kommun,Trafikbrott,7
2019,4,Bodens kommun,Fylleri/LOB,5
2019,4,Bodens kommun,Stöld,3
2019,4,Bodens kommun,Rattfylleri,2
2019,4,Bodens kommun,Djur,1
2019,4,Bodens kommun,Olaga hot,1
2019,4,Bodens kommun,Olovlig körning,1
2019,4,Bodens kommun,Räddningsinsats,1
2019,4,Bodens kommun,Sammanfattning natt,1
2019,4,Bodens kommun,Trafikolycka,1
2019,4,Gällivare kommun,Trafikkontroll,4
2019,4,Gällivare kommun,Trafikbrott,3
2019,4,Gällivare kommun,Arbetsplatsolycka,2
2019,4,Gällivare kommun,Fjällräddning,2
2019,4,Gällivare kommun,Misshandel,2
2019,4,Gällivare kommun,Rattfylleri,2
2019,4,Gällivare kommun,Fylleri/LOB,1
2019,4,Gällivare kommun,Försvunnen person,1
2019,4,Gällivare kommun,Narkotikabrott,1
2019,4,Gällivare kommun,Stöld,1
2019,4,Gällivare kommun,Trafikhinder,1
2019,4,Gällivare kommun,Trafikolycka,1
2019,4,Gällivare kommun,"Trafikolycka,  personskada",1
2019,4,Haparanda kommun,Trafikkontroll,5
2019,4,Haparanda kommun,Fylleri/LOB,2
2019,4,Haparanda kommun,Rattfylleri,2
2019,4,Haparanda kommun,Brand,1
2019,4,Haparanda kommun,Narkotikabrott,1
2019,4,Haparanda kommun,Sammanfattning natt,1
2019,4,Haparanda kommun,Stöld/inbrott,1
2019,4,Haparanda kommun,Trafikolycka,1
2019,4,Haparanda kommun,"Trafikolycka,  vilt",1
2019,4,Jokkmokks kommun,Fjällräddning,2
2019,4,Jokkmokks kommun,Trafikkontroll,1
2019,4,Jokkmokks kommun,Trafikolycka,1
2019,4,Jokkmokks kommun,"Trafikolycka,  vilt",1
2019,4,Jokkmokks kommun,Våld/hot mot tjänsteman,1
2019,4,Kalix kommun,Trafikkontroll,4
2019,4,Kalix kommun,Trafikbrott,3
2019,4,Kalix kommun,"Trafikolycka,  vilt",2
2019,4,Kalix kommun,Fylleri/LOB,1
2019,4,Kalix kommun,Mord/dråp,1
2019,4,Kalix kommun,"Mord/dråp,  försök",1
2019,4,Kalix kommun,"Motorfordon,  anträffat stulet",1
2019,4,Kalix kommun,Narkotikabrott,1
2019,4,Kalix kommun,Olaga hot,1
2019,4,Kalix kommun,Räddningsinsats,1
2019,4,Kalix kommun,Sammanfattning natt,1
2019,4,Kalix kommun,Trafikolycka,1
2019,4,Kalix kommun,Övrigt,1
2019,4,Kiruna kommun,Trafikkontroll,12
2019,4,Kiruna kommun,Rattfylleri,6
2019,4,Kiruna kommun,Fjällräddning,5
2019,4,Kiruna kommun,Trafikbrott,4
2019,4,Kiruna kommun,Trafikolycka,3
2019,4,Kiruna kommun,"Trafikolycka,  vilt",3
2019,4,Kiruna kommun,Övrigt,2
2019,4,Kiruna kommun,Larm Överfall,1
2019,4,Kiruna kommun,"Motorfordon,  anträffat stulet",1
2019,4,Kiruna kommun,Narkotikabrott,1
2019,4,Kiruna kommun,Skadegörelse,1
2019,4,Kiruna kommun,Trafikhinder,1
2019,4,Luleå kommun,Trafikkontroll,17
2019,4,Luleå kommun,Trafikbrott,11
2019,4,Luleå kommun,Trafikolycka,11
2019,4,Luleå kommun,Rattfylleri,10
2019,4,Luleå kommun,Fylleri/LOB,6
2019,4,Luleå kommun,Stöld,6
2019,4,Luleå kommun,Brand,4
2019,4,Luleå kommun,Stöld/inbrott,4
2019,4,Luleå kommun,Misshandel,3
2019,4,Luleå kommun,Räddningsinsats,3
2019,4,Luleå kommun,Bråk,2
2019,4,Luleå kommun,Narkotikabrott,2
2019,4,Luleå kommun,Sammanfattning natt,2
2019,4,Luleå kommun,Arbetsplatsolycka,1
2019,4,Luleå kommun,Inbrott,1
2019,4,Luleå kommun,Knivlagen,1
2019,4,Luleå kommun,Luftfartslagen,1
2019,4,Luleå kommun,"Motorfordon,  anträffat stulet",1
2019,4,Luleå kommun,Trafikhinder,1
2019,4,Luleå kommun,"Trafikolycka,  personskada",1
2019,4,Luleå kommun,"Trafikolycka,  singel",1
2019,4,Luleå kommun,"Trafikolycka,  smitning från",1
2019,4,Luleå kommun,Övrigt,1
2019,4,"Norrbotten, okänd kommun",Sammanfattning natt,23
2019,4,"Norrbotten, okänd kommun",Övrigt,14
2019,4,"Norrbotten, okänd kommun",Trafikkontroll,2
2019,4,"Norrbotten, okänd kommun",Brand,1
2019,4,"Norrbotten, okänd kommun",Häleri,1
2019,4,"Norrbotten, okänd kommun",Kontroll person/fordon,1
2019,4,"Norrbotten, okänd kommun",Sammanfattning eftermiddag,1
2019,4,"Norrbotten, okänd kommun",Sammanfattning kväll och natt,1
2019,4,"Norrbotten, okänd kommun",Trafikbrott,1
2019,4,Pajala kommun,Brand,1
2019,4,Pajala kommun,Trafikbrott,1
2019,4,Pajala kommun,Trafikkontroll,1
2019,4,Piteå kommun,Trafikkontroll,19
2019,4,Piteå kommun,Rattfylleri,5
2019,4,Piteå kommun,Trafikbrott,4
2019,4,Piteå kommun,Trafikolycka,4
2019,4,Piteå kommun,Arbetsplatsolycka,1
2019,4,Piteå kommun,Djur,1
2019,4,Piteå kommun,Häleri,1
2019,4,Piteå kommun,Larm Överfall,1
2019,4,Piteå kommun,Misshandel,1
2019,4,Piteå kommun,"Motorfordon,  stöld",1
2019,4,Piteå kommun,Stöld,1
2019,4,Älvsbyns kommun,Trafikbrott,2
2019,4,Älvsbyns kommun,Trafikkontroll,2
2019,4,Älvsbyns kommun,Stöld/inbrott,1
2019,4,Älvsbyns kommun,"Trafikolycka,  vilt",1
2019,4,Överkalix kommun,Rattfylleri,1
2019,4,Överkalix kommun,Trafikbrott,1
2019,4,Övertorneå kommun,Trafikolycka,2
2019,4,Övertorneå kommun,Sjukdom/olycksfall,1
2019,4,Övertorneå kommun,Trafikkontroll,1
2019,5,Arjeplogs kommun,Fjällräddning,2
2019,5,Arjeplogs kommun,Trafikkontroll,2
2019,5,Arvidsjaurs kommun,Trafikkontroll,4
2019,5,Arvidsjaurs kommun,Trafikbrott,1
2019,5,Arvidsjaurs kommun,"Trafikolycka,  vilt",1
2019,5,Bodens kommun,Trafikkontroll,20
2019,5,Bodens kommun,Trafikbrott,18
2019,5,Bodens kommun,Fylleri/LOB,4
2019,5,Bodens kommun,Stöld,4
2019,5,Bodens kommun,Rattfylleri,3
2019,5,Bodens kommun,Olovlig körning,2
2019,5,Bodens kommun,Sammanfattning natt,2
2019,5,Bodens kommun,Trafikolycka,2
2019,5,Bodens kommun,Brand,1
2019,5,Bodens kommun,Djur,1
2019,5,Bodens kommun,Larm Överfall,1
2019,5,Bodens kommun,Narkotikabrott,1
2019,5,Bodens kommun,"Trafikolycka,  personskada",1
2019,5,Bodens kommun,"Trafikolycka,  singel",1
2019,5,Gällivare kommun,Trafikkontroll,7
2019,5,Gällivare kommun,Trafikbrott,5
2019,5,Gällivare kommun,"Trafikolycka,  vilt",3
2019,5,Gällivare kommun,Sammanfattning natt,2
2019,5,Gällivare kommun,Arbetsplatsolycka,1
2019,5,Gällivare kommun,Brand,1
2019,5,Gällivare kommun,Djur,1
2019,5,Gällivare kommun,Fylleri/LOB,1
2019,5,Gällivare kommun,Skadegörelse,1
2019,5,Gällivare kommun,Trafikolycka,1
2019,5,Gällivare kommun,Vapenlagen,1
2019,5,Haparanda kommun,Rattfylleri,2
2019,5,Haparanda kommun,Trafikbrott,2
2019,5,Haparanda kommun,Trafikkontroll,2
2019,5,Haparanda kommun,Anträffad död,1
2019,5,Haparanda kommun,Fylleri/LOB,1
2019,5,Haparanda kommun,Stöld,1
2019,5,Haparanda kommun,Trafikolycka,1
2019,5,Jokkmokks kommun,Trafikkontroll,3
2019,5,Jokkmokks kommun,Trafikbrott,1
2019,5,Jokkmokks kommun,Trafikolycka,1
2019,5,Jokkmokks kommun,"Trafikolycka,  vilt",1
2019,5,Kalix kommun,Stöld,2
2019,5,Kalix kommun,Brand,1
2019,5,Kalix kommun,Fylleri/LOB,1
2019,5,Kalix kommun,Inbrott,1
2019,5,Kalix kommun,Misshandel,1
2019,5,Kalix kommun,Narkotikabrott,1
2019,5,Kalix kommun,Olaga hot,1
2019,5,Kalix kommun,Rattfylleri,1
2019,5,Kalix kommun,Sammanfattning natt,1
2019,5,Kalix kommun,Trafikbrott,1
2019,5,Kalix kommun,Trafikkontroll,1
2019,5,Kalix kommun,Trafikolycka,1
2019,5,Kiruna kommun,Skadegörelse,3
2019,5,Kiruna kommun,Trafikkontroll,3
2019,5,Kiruna kommun,Trafikolycka,2
2019,5,Kiruna kommun,"Trafikolycka,  vilt",2
2019,5,Kiruna kommun,Anträffat gods,1
2019,5,Kiruna kommun,Arbetsplatsolycka,1
2019,5,Kiruna kommun,Försvunnen person,1
2019,5,Kiruna kommun,Olaga hot,1
2019,5,Kiruna kommun,Rattfylleri,1
2019,5,Kiruna kommun,Sammanfattning natt,1
2019,5,Kiruna kommun,Sjukdom/olycksfall,1
2019,5,Kiruna kommun,Stöld,1
2019,5,Kiruna kommun,Trafikbrott,1
2019,5,Kiruna kommun,Trafikhinder,1
2019,5,Kiruna kommun,"Trafikolycka,  singel",1
2019,5,Kiruna kommun,Uppdatering,1
2019,5,Kiruna kommun,Våld/hot mot tjänsteman,1
2019,5,Kiruna kommun,Övrigt,1
2019,5,Luleå kommun,Trafikbrott,15
2019,5,Luleå kommun,Trafikkontroll,13
2019,5,Luleå kommun,Stöld,12
2019,5,Luleå kommun,Trafikolycka,7
2019,5,Luleå kommun,Rattfylleri,6
2019,5,Luleå kommun,Fylleri/LOB,4
2019,5,Luleå kommun,Brand,2
2019,5,Luleå kommun,Sammanfattning natt,2
2019,5,Luleå kommun,Stöld/inbrott,2
2019,5,Luleå kommun,Arbetsplatsolycka,1
2019,5,Luleå kommun,Djur,1
2019,5,Luleå kommun,Inbrott,1
2019,5,Luleå kommun,Larm Överfall,1
2019,5,Luleå kommun,Misshandel,1
2019,5,Luleå kommun,Narkotikabrott,1
2019,5,Luleå kommun,Rån,1
2019,5,Luleå kommun,Sammanfattning kväll och natt,1
2019,5,Luleå kommun,Skadegörelse,1
2019,5,Luleå kommun,"Trafikolycka,  smitning från",1
2019,5,Luleå kommun,"Trafikolycka,  vilt",1
2019,5,Luleå kommun,Övrigt,1
2019,5,"Norrbotten, okänd kommun",Sammanfattning natt,20
2019,5,"Norrbotten, okänd kommun",Övrigt,6
2019,5,"Norrbotten, okänd kommun",Inbrott,2
2019,5,"Norrbotten, okänd kommun",Sammanfattning förmiddag,2
2019,5,"Norrbotten, okänd kommun",Sammanfattning kväll,2
2019,5,"Norrbotten, okänd kommun",Arbetsplatsolycka,1
2019,5,"Norrbotten, okänd kommun",Sammanfattning kväll och natt,1
2019,5,"Norrbotten, okänd kommun",Trafikbrott,1
2019,5,"Norrbotten, okänd kommun",Trafikkontroll,1
2019,5,Pajala kommun,Rattfylleri,2
2019,5,Pajala kommun,Trafikbrott,2
2019,5,Pajala kommun,"Trafikolycka,  vilt",2
2019,5,Pajala kommun,Trafikkontroll,1
2019,5,Pajala kommun,"Trafikolycka,  singel",1
2019,5,Piteå kommun,Trafikkontroll,19
2019,5,Piteå kommun,Trafikbrott,10
2019,5,Piteå kommun,Trafikolycka,7
2019,5,Piteå kommun,Brand,3
2019,5,Piteå kommun,Rattfylleri,3
2019,5,Piteå kommun,Stöld,3
2019,5,Piteå kommun,Misshandel,2
2019,5,Piteå kommun,Övrigt,2
2019,5,Piteå kommun,Narkotikabrott,1
2019,5,Piteå kommun,Sammanfattning kväll,1
2019,5,Piteå kommun,Sjukdom/olycksfall,1
2019,5,Piteå kommun,Skadegörelse,1
2019,5,Piteå kommun,Stöld/inbrott,1
2019,5,Piteå kommun,Trafikhinder,1
2019,5,Piteå kommun,"Trafikolycka,  vilt",1
2019,5,Älvsbyns kommun,Rattfylleri,2
2019,5,Älvsbyns kommun,Trafikkontroll,2
2019,5,Älvsbyns kommun,Arbetsplatsolycka,1
2019,5,Älvsbyns kommun,Olaga hot,1
2019,5,Älvsbyns kommun,Stöld,1
2019,5,Älvsbyns kommun,Trafikbrott,1
2019,5,Älvsbyns kommun,Trafikolycka,1
2019,5,Älvsbyns kommun,"Trafikolycka,  vilt",1
2019,5,Överkalix kommun,Rattfylleri,1
2019,5,Överkalix kommun,Trafikolycka,1
2019,5,Överkalix kommun,"Trafikolycka,  vilt",1
2019,5,Övertorneå kommun,Trafikbrott,3
2019,5,Övertorneå kommun,"Trafikolycka,  vilt",2
2019,6,Arjeplogs kommun,Försvunnen person,3
2019,6,Arjeplogs kommun,Trafikkontroll,2
2019,6,Arjeplogs kommun,"Trafikolycka,  vilt",2
2019,6,Arjeplogs kommun,Brand,1
2019,6,Arvidsjaurs kommun,Trafikkontroll,5
2019,6,Arvidsjaurs kommun,Stöld/inbrott,1
2019,6,Bodens kommun,Trafikkontroll,17
2019,6,Bodens kommun,Stöld,4
2019,6,Bodens kommun,Trafikbrott,4
2019,6,Bodens kommun,Misshandel,2
2019,6,Bodens kommun,Stöld/inbrott,2
2019,6,Bodens kommun,Brand,1
2019,6,Bodens kommun,Inbrott,1
2019,6,Bodens kommun,Larm Överfall,1
2019,6,Bodens kommun,Olovlig körning,1
2019,6,Bodens kommun,Rattfylleri,1
2019,6,Bodens kommun,Rån övrigt,1
2019,6,Bodens kommun,Sammanfattning kväll,1
2019,6,Bodens kommun,Trafikhinder,1
2019,6,Gällivare kommun,Fylleri/LOB,3
2019,6,Gällivare kommun,Inbrott,2
2019,6,Gällivare kommun,Rattfylleri,2
2019,6,Gällivare kommun,Sammanfattning natt,2
2019,6,Gällivare kommun,Trafikkontroll,2
2019,6,Gällivare kommun,Trafikolycka,2
2019,6,Gällivare kommun,"Trafikolycka,  vilt",2
2019,6,Gällivare kommun,"Motorfordon,  anträffat stulet",1
2019,6,Gällivare kommun,Sammanfattning kväll,1
2019,6,Gällivare kommun,"Stöld,  försök",1
2019,6,Gällivare kommun,Trafikhinder,1
2019,6,Haparanda kommun,Trafikkontroll,4
2019,6,Haparanda kommun,Brand,2
2019,6,Haparanda kommun,Stöld/inbrott,2
2019,6,Haparanda kommun,Anträffad död,1
2019,6,Haparanda kommun,Bedrägeri,1
2019,6,Haparanda kommun,Fylleri/LOB,1
2019,6,Haparanda kommun,Misshandel,1
2019,6,Haparanda kommun,Ofredande/förargelse,1
2019,6,Haparanda kommun,Stöld,1
2019,6,Haparanda kommun,Trafikolycka,1
2019,6,Jokkmokks kommun,Sammanfattning natt,1
2019,6,Jokkmokks kommun,Trafikbrott,1
2019,6,Jokkmokks kommun,Trafikkontroll,1
2019,6,Jokkmokks kommun,Trafikolycka,1
2019,6,Jokkmokks kommun,"Trafikolycka,  vilt",1
2019,6,Kalix kommun,Trafikkontroll,4
2019,6,Kalix kommun,Rattfylleri,1
2019,6,Kalix kommun,Sammanfattning natt,1
2019,6,Kalix kommun,Stöld/inbrott,1
2019,6,Kalix kommun,Trafikolycka,1
2019,6,Kiruna kommun,Trafikkontroll,5
2019,6,Kiruna kommun,Arbetsplatsolycka,2
2019,6,Kiruna kommun,Fjällräddning,2
2019,6,Kiruna kommun,Trafikbrott,2
2019,6,Kiruna kommun,Fylleri/LOB,1
2019,6,Kiruna kommun,Olaga hot,1
2019,6,Kiruna kommun,Olovlig körning,1
2019,6,Kiruna kommun,"Trafikolycka,  vilt",1
2019,6,Kiruna kommun,Uppdatering,1
2019,6,Luleå kommun,Trafikkontroll,12
2019,6,Luleå kommun,Rattfylleri,9
2019,6,Luleå kommun,Trafikbrott,6
2019,6,Luleå kommun,Stöld/inbrott,5
2019,6,Luleå kommun,Fylleri/LOB,4
2019,6,Luleå kommun,Trafikolycka,4
2019,6,Luleå kommun,Sammanfattning natt,3
2019,6,Luleå kommun,Stöld,3
2019,6,Luleå kommun,Misshandel,2
2019,6,Luleå kommun,Arbetsplatsolycka,1
2019,6,Luleå kommun,Brand,1
2019,6,Luleå kommun,"Mord/dråp,  försök",1
2019,6,Luleå kommun,Narkotikabrott,1
2019,6,Luleå kommun,Ofredande/förargelse,1
2019,6,Luleå kommun,Olovlig körning,1
2019,6,Luleå kommun,"Rån,  försök",1
2019,6,Luleå kommun,Skadegörelse,1
2019,6,Luleå kommun,"Trafikolycka,  personskada",1
2019,6,Luleå kommun,Övrigt,1
2019,6,"Norrbotten, okänd kommun",Sammanfattning natt,20
2019,6,"Norrbotten, okänd kommun",Övrigt,14
2019,6,"Norrbotten, okänd kommun",Trafikkontroll,5
2019,6,"Norrbotten, okänd kommun",Sammanfattning förmiddag,2
2019,6,"Norrbotten, okänd kommun",Sammanfattning kväll,2
2019,6,"Norrbotten, okänd kommun",Sammanfattning kväll och natt,2
2019,6,"Norrbotten, okänd kommun",Arbetsplatsolycka,1
2019,6,"Norrbotten, okänd kommun",Inbrott,1
2019,6,"Norrbotten, okänd kommun",Sammanfattning eftermiddag,1
2019,6,"Norrbotten, okänd kommun",Trafikbrott,1
2019,6,"Norrbotten, okänd kommun","Trafikolycka,  vilt",1
2019,6,Pajala kommun,Trafikolycka,1
2019,6,Piteå kommun,Trafikkontroll,15
2019,6,Piteå kommun,Trafikbrott,6
2019,6,Piteå kommun,Försvunnen person,3
2019,6,Piteå kommun,Rattfylleri,3
2019,6,Piteå kommun,Misshandel,1
2019,6,Piteå kommun,Sammanfattning natt,1
2019,6,Piteå kommun,Skadegörelse,1
2019,6,Piteå kommun,Stöld,1
2019,6,Piteå kommun,Trafikolycka,1
2019,6,Älvsbyns kommun,Rattfylleri,2
2019,6,Älvsbyns kommun,Trafikkontroll,1
2019,6,Överkalix kommun,Trafikbrott,1
2019,6,Övertorneå kommun,Brand,1
2019,6,Övertorneå kommun,Sammanfattning natt,1
2019,7,Arjeplogs kommun,"Trafikolycka,  vilt",3
2019,7,Arjeplogs kommun,Uppdatering,2
2019,7,Arjeplogs kommun,Ofredande/förargelse,1
2019,7,Arjeplogs kommun,Trafikolycka,1
2019,7,Arjeplogs kommun,Övrigt,1
2019,7,Arvidsjaurs kommun,"Trafikolycka,  vilt",3
2019,7,Bodens kommun,Trafikkontroll,6
2019,7,Bodens kommun,Sammanfattning natt,4
2019,7,Bodens kommun,Trafikbrott,3
2019,7,Bodens kommun,Misshandel,2
2019,7,Bodens kommun,Rattfylleri,2
2019,7,Bodens kommun,Arbetsplatsolycka,1
2019,7,Bodens kommun,"Motorfordon,  stöld",1
2019,7,Bodens kommun,Olaga intrång,1
2019,7,Bodens kommun,Olovlig körning,1
2019,7,Bodens kommun,Skadegörelse,1
2019,7,Bodens kommun,Stöld,1
2019,7,Bodens kommun,Trafikolycka,1
2019,7,Bodens kommun,Övrigt,1
2019,7,Gällivare kommun,Trafikkontroll,4
2019,7,Gällivare kommun,Fjällräddning,3
2019,7,Gällivare kommun,Brand,2
2019,7,Gällivare kommun,Försvunnen person,2
2019,7,Gällivare kommun,Misshandel,2
2019,7,Gällivare kommun,Trafikbrott,2
2019,7,Gällivare kommun,Stöld/inbrott,1
2019,7,Haparanda kommun,Trafikbrott,2
2019,7,Haparanda kommun,Brand,1
2019,7,Haparanda kommun,Misshandel,1
2019,7,Haparanda kommun,Trafikkontroll,1
2019,7,Haparanda kommun,"Trafikolycka,  vilt",1
2019,7,Jokkmokks kommun,Fjällräddning,3
2019,7,Jokkmokks kommun,Försvunnen person,1
2019,7,Jokkmokks kommun,Skadegörelse,1
2019,7,Kalix kommun,Trafikkontroll,3
2019,7,Kalix kommun,Rattfylleri,2
2019,7,Kalix kommun,Trafikbrott,1
2019,7,Kalix kommun,Trafikolycka,1
2019,7,Kalix kommun,"Trafikolycka,  vilt",1
2019,7,Kiruna kommun,"Trafikolycka,  vilt",5
2019,7,Kiruna kommun,Fjällräddning,4
2019,7,Kiruna kommun,Trafikbrott,4
2019,7,Kiruna kommun,Trafikkontroll,4
2019,7,Kiruna kommun,Trafikolycka,2
2019,7,Kiruna kommun,Försvunnen person,1
2019,7,Kiruna kommun,Olovlig körning,1
2019,7,Kiruna kommun,Sammanfattning helg,1
2019,7,Kiruna kommun,Uppdatering,1
2019,7,Luleå kommun,Fylleri/LOB,12
2019,7,Luleå kommun,Trafikkontroll,8
2019,7,Luleå kommun,Trafikolycka,5
2019,7,Luleå kommun,Sammanfattning natt,3
2019,7,Luleå kommun,Stöld,3
2019,7,Luleå kommun,Trafikbrott,3
2019,7,Luleå kommun,Brand,2
2019,7,Luleå kommun,Försvunnen person,2
2019,7,Luleå kommun,"Inbrott,  försök",2
2019,7,Luleå kommun,"Motorfordon,  anträffat stulet",2
2019,7,Luleå kommun,Olovlig körning,2
2019,7,Luleå kommun,Rattfylleri,2
2019,7,Luleå kommun,"Trafikolycka,  vilt",2
2019,7,Luleå kommun,Uppdatering,2
2019,7,Luleå kommun,Bråk,1
2019,7,Luleå kommun,Knivlagen,1
2019,7,Luleå kommun,Larm Överfall,1
2019,7,Luleå kommun,Narkotikabrott,1
2019,7,Luleå kommun,Polisinsats/kommendering,1
2019,7,Luleå kommun,Sammanfattning kväll och natt,1
2019,7,Luleå kommun,Skadegörelse,1
2019,7,Luleå kommun,Stöld/inbrott,1
2019,7,Luleå kommun,"Trafikolycka,  personskada",1
2019,7,Luleå kommun,"Trafikolycka,  singel",1
2019,7,Luleå kommun,Övrigt,1
2019,7,"Norrbotten, okänd kommun",Övrigt,24
2019,7,"Norrbotten, okänd kommun",Sammanfattning natt,13
2019,7,"Norrbotten, okänd kommun",Sammanfattning kväll,3
2019,7,"Norrbotten, okänd kommun",Sammanfattning kväll och natt,3
2019,7,"Norrbotten, okänd kommun",Rattfylleri,2
2019,7,"Norrbotten, okänd kommun","Trafikolycka,  vilt",2
2019,7,"Norrbotten, okänd kommun",Sammanfattning dag,1
2019,7,"Norrbotten, okänd kommun",Trafikkontroll,1
2019,7,"Norrbotten, okänd kommun","Trafikolycka,  personskada",1
2019,7,Pajala kommun,"Trafikolycka,  vilt",2
2019,7,Pajala kommun,Försvunnen person,1
2019,7,Pajala kommun,Trafikkontroll,1
2019,7,Piteå kommun,Trafikkontroll,12
2019,7,Piteå kommun,Sammanfattning natt,6
2019,7,Piteå kommun,Trafikbrott,3
2019,7,Piteå kommun,Fylleri/LOB,2
2019,7,Piteå kommun,Försvunnen person,1
2019,7,Piteå kommun,Larm Överfall,1
2019,7,Piteå kommun,Ofredande/förargelse,1
2019,7,Piteå kommun,Olaga intrång,1
2019,7,Älvsbyns kommun,Trafikbrott,3
2019,7,Älvsbyns kommun,Försvunnen person,1
2019,7,Älvsbyns kommun,Trafikolycka,1
2019,7,Överkalix kommun,Misshandel,1
2019,7,Överkalix kommun,Stöld/inbrott,1
2019,7,Övertorneå kommun,Sammanfattning natt,1
2019,7,Övertorneå kommun,Trafikkontroll,1
2019,8,Arjeplogs kommun,Vapenlagen,1
2019,8,Arvidsjaurs kommun,Trafikkontroll,4
2019,8,Arvidsjaurs kommun,"Trafikolycka,  vilt",3
2019,8,Arvidsjaurs kommun,Misshandel,1
2019,8,Arvidsjaurs kommun,Trafikolycka,1
2019,8,Bodens kommun,Trafikbrott,5
2019,8,Bodens kommun,Trafikkontroll,5
2019,8,Bodens kommun,"Motorfordon,  anträffat stulet",3
2019,8,Bodens kommun,Fylleri/LOB,2
2019,8,Bodens kommun,Rattfylleri,2
2019,8,Bodens kommun,"Inbrott,  försök",1
2019,8,Bodens kommun,Misshandel,1
2019,8,Bodens kommun,"Mord/dråp,  försök",1
2019,8,Bodens kommun,Narkotikabrott,1
2019,8,Bodens kommun,Olaga hot,1
2019,8,Bodens kommun,Rån,1
2019,8,Bodens kommun,Stöld,1
2019,8,Bodens kommun,Trafikolycka,1
2019,8,Gällivare kommun,Trafikkontroll,4
2019,8,Gällivare kommun,"Trafikolycka,  vilt",3
2019,8,Gällivare kommun,Rattfylleri,2
2019,8,Gällivare kommun,Sammanfattning natt,2
2019,8,Gällivare kommun,Trafikolycka,2
2019,8,Gällivare kommun,Fylleri/LOB,1
2019,8,Gällivare kommun,Hemfridsbrott,1
2019,8,Gällivare kommun,Olovlig körning,1
2019,8,Gällivare kommun,Trafikbrott,1
2019,8,Haparanda kommun,Narkotikabrott,2
2019,8,Haparanda kommun,Trafikkontroll,2
2019,8,Haparanda kommun,Fylleri/LOB,1
2019,8,Haparanda kommun,Försvunnen person,1
2019,8,Haparanda kommun,Larm Överfall,1
2019,8,Haparanda kommun,Rattfylleri,1
2019,8,Haparanda kommun,Sammanfattning natt,1
2019,8,Haparanda kommun,Trafikbrott,1
2019,8,Haparanda kommun,Trafikhinder,1
2019,8,Haparanda kommun,Trafikolycka,1
2019,8,Haparanda kommun,"Trafikolycka,  smitning från",1
2019,8,Jokkmokks kommun,Fjällräddning,3
2019,8,Jokkmokks kommun,Olaga intrång,1
2019,8,Jokkmokks kommun,Rattfylleri,1
2019,8,Jokkmokks kommun,Sammanfattning kväll och natt,1
2019,8,Jokkmokks kommun,"Trafikolycka,  vilt",1
2019,8,Jokkmokks kommun,Övrigt,1
2019,8,Kalix kommun,Trafikkontroll,4
2019,8,Kalix kommun,Rattfylleri,3
2019,8,Kalix kommun,Trafikbrott,3
2019,8,Kalix kommun,Fylleri/LOB,1
2019,8,Kalix kommun,Inbrott,1
2019,8,Kalix kommun,Stöld,1
2019,8,Kalix kommun,Stöld/inbrott,1
2019,8,Kalix kommun,Trafikolycka,1
2019,8,Kiruna kommun,Fjällräddning,10
2019,8,Kiruna kommun,Trafikkontroll,3
2019,8,Kiruna kommun,Arbetsplatsolycka,2
2019,8,Kiruna kommun,Narkotikabrott,1
2019,8,Kiruna kommun,Olaga frihetsberövande/människorov,1
2019,8,Kiruna kommun,Rattfylleri,1
2019,8,Kiruna kommun,Sammanfattning natt,1
2019,8,Kiruna kommun,Skadegörelse,1
2019,8,Kiruna kommun,Stöld,1
2019,8,Kiruna kommun,Trafikbrott,1
2019,8,Kiruna kommun,Trafikolycka,1
2019,8,Luleå kommun,Trafikkontroll,16
2019,8,Luleå kommun,Stöld,6
2019,8,Luleå kommun,Trafikbrott,6
2019,8,Luleå kommun,Fylleri/LOB,5
2019,8,Luleå kommun,Trafikolycka,5
2019,8,Luleå kommun,Stöld/inbrott,3
2019,8,Luleå kommun,"Motorfordon,  anträffat stulet",2
2019,8,Luleå kommun,Sammanfattning kväll och natt,2
2019,8,Luleå kommun,Sammanfattning natt,2
2019,8,Luleå kommun,"Trafikolycka,  personskada",2
2019,8,Luleå kommun,Arbetsplatsolycka,1
2019,8,Luleå kommun,Bedrägeri,1
2019,8,Luleå kommun,Bråk,1
2019,8,Luleå kommun,Inbrott,1
2019,8,Luleå kommun,"Motorfordon,  stöld",1
2019,8,Luleå kommun,Narkotikabrott,1
2019,8,Luleå kommun,Rattfylleri,1
2019,8,Luleå kommun,Skadegörelse,1
2019,8,Luleå kommun,Trafikhinder,1
2019,8,"Norrbotten, okänd kommun",Sammanfattning natt,20
2019,8,"Norrbotten, okänd kommun",Övrigt,11
2019,8,"Norrbotten, okänd kommun",Trafikkontroll,4
2019,8,"Norrbotten, okänd kommun",Sammanfattning kväll och natt,2
2019,8,"Norrbotten, okänd kommun",Fjällräddning,1
2019,8,"Norrbotten, okänd kommun",Sammanfattning förmiddag,1
2019,8,"Norrbotten, okänd kommun",Sammanfattning kväll,1
2019,8,"Norrbotten, okänd kommun","Trafikolycka,  vilt",1
2019,8,Pajala kommun,"Trafikolycka,  vilt",3
2019,8,Pajala kommun,Rattfylleri,2
2019,8,Pajala kommun,Bedrägeri,1
2019,8,Pajala kommun,Inbrott,1
2019,8,Pajala kommun,Trafikkontroll,1
2019,8,Piteå kommun,Trafikkontroll,8
2019,8,Piteå kommun,Rattfylleri,3
2019,8,Piteå kommun,Skadegörelse,3
2019,8,Piteå kommun,Arbetsplatsolycka,2
2019,8,Piteå kommun,Trafikolycka,2
2019,8,Piteå kommun,Misshandel,1
2019,8,Piteå kommun,Uppdatering,1
2019,8,Älvsbyns kommun,Trafikbrott,2
2019,8,Älvsbyns kommun,Trafikkontroll,2
2019,8,Älvsbyns kommun,Misshandel,1
2019,8,Älvsbyns kommun,Uppdatering,1
2019,8,Överkalix kommun,Trafikolycka,1
2019,8,Överkalix kommun,"Trafikolycka,  vilt",1
2019,8,Övertorneå kommun,Trafikkontroll,3
2019,9,Arjeplogs kommun,Fjällräddning,2
2019,9,Arjeplogs kommun,Trafikkontroll,2
2019,9,Arjeplogs kommun,Trafikbrott,1
2019,9,Arjeplogs kommun,"Trafikolycka,  vilt",1
2019,9,Arvidsjaurs kommun,Trafikkontroll,5
2019,9,Arvidsjaurs kommun,"Motorfordon,  stöld",1
2019,9,Arvidsjaurs kommun,Rattfylleri,1
2019,9,Bodens kommun,Trafikkontroll,11
2019,9,Bodens kommun,Försvunnen person,6
2019,9,Bodens kommun,Brand,5
2019,9,Bodens kommun,Rattfylleri,5
2019,9,Bodens kommun,Trafikbrott,5
2019,9,Bodens kommun,Trafikolycka,4
2019,9,Bodens kommun,Uppdatering,3
2019,9,Bodens kommun,Arbetsplatsolycka,1
2019,9,Bodens kommun,Djur,1
2019,9,Bodens kommun,Fylleri/LOB,1
2019,9,Bodens kommun,Misshandel,1
2019,9,Bodens kommun,"Motorfordon,  anträffat stulet",1
2019,9,Bodens kommun,Narkotikabrott,1
2019,9,Bodens kommun,Skyddslagen,1
2019,9,Bodens kommun,Stöld/inbrott,1
2019,9,Bodens kommun,"Trafikolycka,  vilt",1
2019,9,Bodens kommun,Övrigt,1
2019,9,Gällivare kommun,Trafikbrott,7
2019,9,Gällivare kommun,"Trafikolycka,  vilt",5
2019,9,Gällivare kommun,Rattfylleri,4
2019,9,Gällivare kommun,Trafikkontroll,3
2019,9,Gällivare kommun,Trafikolycka,3
2019,9,Gällivare kommun,Brand,1
2019,9,Gällivare kommun,Fjällräddning,1
2019,9,Gällivare kommun,Fylleri/LOB,1
2019,9,Gällivare kommun,Sammanfattning natt,1
2019,9,Gällivare kommun,Stöld,1
2019,9,Haparanda kommun,Försvunnen person,4
2019,9,Haparanda kommun,Stöld,2
2019,9,Haparanda kommun,Larm Överfall,1
2019,9,Haparanda kommun,Sammanfattning kväll och natt,1
2019,9,Haparanda kommun,Skadegörelse,1
2019,9,Haparanda kommun,Trafikkontroll,1
2019,9,Haparanda kommun,Uppdatering,1
2019,9,Jokkmokks kommun,Fjällräddning,2
2019,9,Jokkmokks kommun,"Trafikolycka,  vilt",2
2019,9,Jokkmokks kommun,Rattfylleri,1
2019,9,Jokkmokks kommun,Trafikbrott,1
2019,9,Jokkmokks kommun,Trafikolycka,1
2019,9,Kalix kommun,Stöld/inbrott,4
2019,9,Kalix kommun,Brand,3
2019,9,Kalix kommun,Trafikbrott,3
2019,9,Kalix kommun,"Motorfordon,  stöld",2
2019,9,Kalix kommun,Rattfylleri,2
2019,9,Kalix kommun,Trafikkontroll,2
2019,9,Kalix kommun,Fylleri/LOB,1
2019,9,Kalix kommun,Inbrott,1
2019,9,Kalix kommun,Sammanfattning natt,1
2019,9,Kalix kommun,Trafikolycka,1
2019,9,Kalix kommun,"Trafikolycka,  personskada",1
2019,9,Kiruna kommun,Trafikkontroll,9
2019,9,Kiruna kommun,Trafikbrott,6
2019,9,Kiruna kommun,Trafikolycka,3
2019,9,Kiruna kommun,Fjällräddning,2
2019,9,Kiruna kommun,Olaga hot,2
2019,9,Kiruna kommun,Trafikhinder,2
2019,9,Kiruna kommun,Djur,1
2019,9,Kiruna kommun,Rattfylleri,1
2019,9,Kiruna kommun,Räddningsinsats,1
2019,9,Kiruna kommun,Sammanfattning natt,1
2019,9,Kiruna kommun,Sjukdom/olycksfall,1
2019,9,Kiruna kommun,Skadegörelse,1
2019,9,Kiruna kommun,Uppdatering,1
2019,9,Kiruna kommun,Övrigt,1
2019,9,Luleå kommun,Trafikkontroll,14
2019,9,Luleå kommun,Fylleri/LOB,6
2019,9,Luleå kommun,Rattfylleri,6
2019,9,Luleå kommun,Trafikolycka,5
2019,9,Luleå kommun,Misshandel,4
2019,9,Luleå kommun,Stöld,4
2019,9,Luleå kommun,Trafikbrott,4
2019,9,Luleå kommun,Skadegörelse,3
2019,9,Luleå kommun,Larm Överfall,2
2019,9,Luleå kommun,Sammanfattning natt,2
2019,9,Luleå kommun,Stöld/inbrott,2
2019,9,Luleå kommun,Trafikhinder,2
2019,9,Luleå kommun,"Trafikolycka,  smitning från",2
2019,9,Luleå kommun,"Trafikolycka,  vilt",2
2019,9,Luleå kommun,Ofredande/förargelse,1
2019,9,Luleå kommun,Sammanfattning kväll,1
2019,9,Luleå kommun,Sedlighetsbrott,1
2019,9,Luleå kommun,"Stöld,  försök",1
2019,9,Luleå kommun,"Trafikolycka,  personskada",1
2019,9,Luleå kommun,Uppdatering,1
2019,9,Luleå kommun,Våld/hot mot tjänsteman,1
2019,9,Luleå kommun,Våldtäkt,1
2019,9,"Norrbotten, okänd kommun",Sammanfattning natt,18
2019,9,"Norrbotten, okänd kommun",Övrigt,9
2019,9,"Norrbotten, okänd kommun",Inbrott,4
2019,9,"Norrbotten, okänd kommun",Trafikkontroll,4
2019,9,"Norrbotten, okänd kommun",Sammanfattning kväll och natt,2
2019,9,"Norrbotten, okänd kommun",Sammanfattning dag,1
2019,9,"Norrbotten, okänd kommun",Trafikbrott,1
2019,9,Pajala kommun,Trafikkontroll,2
2019,9,Pajala kommun,Rattfylleri,1
2019,9,Piteå kommun,Trafikkontroll,16
2019,9,Piteå kommun,Trafikbrott,11
2019,9,Piteå kommun,Rattfylleri,4
2019,9,Piteå kommun,"Trafikolycka,  vilt",4
2019,9,Piteå kommun,Sammanfattning natt,3
2019,9,Piteå kommun,Inbrott,2
2019,9,Piteå kommun,Narkotikabrott,2
2019,9,Piteå kommun,Trafikolycka,2
2019,9,Piteå kommun,Anträffat gods,1
2019,9,Piteå kommun,Arbetsplatsolycka,1
2019,9,Piteå kommun,Brand,1
2019,9,Piteå kommun,Olovlig körning,1
2019,9,Piteå kommun,Stöld,1
2019,9,Piteå kommun,Stöld/inbrott,1
2019,9,Älvsbyns kommun,"Trafikolycka,  vilt",3
2019,9,Älvsbyns kommun,Olaga hot,1
2019,9,Älvsbyns kommun,Trafikkontroll,1
2019,9,Överkalix kommun,Trafikolycka,2
2019,9,Övertorneå kommun,"Trafikolycka,  vilt",2
2019,9,Övertorneå kommun,Stöld/inbrott,1
2019,9,Övertorneå kommun,Trafikbrott,1
2019,10,Arjeplogs kommun,Larm Överfall,1
2019,10,Arjeplogs kommun,Skadegörelse,1
2019,10,Arjeplogs kommun,Trafikkontroll,1
2019,10,Arvidsjaurs kommun,Trafikkontroll,7
2019,10,Arvidsjaurs kommun,"Trafikolycka,  vilt",3
2019,10,Arvidsjaurs kommun,Rattfylleri,2
2019,10,Arvidsjaurs kommun,"Misshandel,  grov",1
2019,10,Arvidsjaurs kommun,"Trafikolycka,  singel",1
2019,10,Bodens kommun,Trafikbrott,7
2019,10,Bodens kommun,Trafikkontroll,6
2019,10,Bodens kommun,Narkotikabrott,2
2019,10,Bodens kommun,Rattfylleri,2
2019,10,Bodens kommun,Sammanfattning natt,2
2019,10,Bodens kommun,Stöld,2
2019,10,Bodens kommun,Trafikolycka,2
2019,10,Bodens kommun,"Trafikolycka,  vilt",2
2019,10,Bodens kommun,Brand,1
2019,10,Bodens kommun,Fylleri/LOB,1
2019,10,Bodens kommun,Inbrott,1
2019,10,Bodens kommun,Knivlagen,1
2019,10,Bodens kommun,Misshandel,1
2019,10,Bodens kommun,Olaga hot,1
2019,10,Bodens kommun,Skadegörelse,1
2019,10,Bodens kommun,Stöld/inbrott,1
2019,10,Bodens kommun,"Våldtäkt,  försök",1
2019,10,Gällivare kommun,Trafikbrott,5
2019,10,Gällivare kommun,Trafikkontroll,5
2019,10,Gällivare kommun,"Trafikolycka,  vilt",5
2019,10,Gällivare kommun,Sammanfattning kväll och natt,3
2019,10,Gällivare kommun,Trafikolycka,3
2019,10,Gällivare kommun,Fylleri/LOB,2
2019,10,Gällivare kommun,Stöld,2
2019,10,Gällivare kommun,Olovlig körning,1
2019,10,Gällivare kommun,Rattfylleri,1
2019,10,Gällivare kommun,Trafikhinder,1
2019,10,Gällivare kommun,"Trafikolycka,  singel",1
2019,10,Haparanda kommun,Rattfylleri,4
2019,10,Haparanda kommun,"Trafikolycka,  vilt",2
2019,10,Haparanda kommun,Brand,1
2019,10,Haparanda kommun,Inbrott,1
2019,10,Haparanda kommun,Larm Överfall,1
2019,10,Haparanda kommun,Misshandel,1
2019,10,Haparanda kommun,"Motorfordon,  stöld",1
2019,10,Haparanda kommun,Stöld,1
2019,10,Haparanda kommun,Trafikbrott,1
2019,10,Haparanda kommun,Trafikhinder,1
2019,10,Jokkmokks kommun,"Trafikolycka,  vilt",5
2019,10,Kalix kommun,Stöld/inbrott,3
2019,10,Kalix kommun,"Trafikolycka,  vilt",3
2019,10,Kalix kommun,Djur,2
2019,10,Kalix kommun,Trafikkontroll,2
2019,10,Kalix kommun,Sammanfattning natt,1
2019,10,Kalix kommun,Skadegörelse,1
2019,10,Kalix kommun,Trafikbrott,1
2019,10,Kalix kommun,Trafikolycka,1
2019,10,Kiruna kommun,Trafikolycka,4
2019,10,Kiruna kommun,Trafikbrott,2
2019,10,Kiruna kommun,Trafikkontroll,2
2019,10,Kiruna kommun,"Trafikolycka,  vilt",2
2019,10,Kiruna kommun,Arbetsplatsolycka,1
2019,10,Kiruna kommun,Brand,1
2019,10,Kiruna kommun,Misshandel,1
2019,10,Kiruna kommun,Olovlig körning,1
2019,10,Kiruna kommun,"Trafikolycka,  personskada",1
2019,10,Kiruna kommun,"Trafikolycka,  singel",1
2019,10,Luleå kommun,Trafikkontroll,9
2019,10,Luleå kommun,Fylleri/LOB,8
2019,10,Luleå kommun,Stöld,7
2019,10,Luleå kommun,Trafikbrott,7
2019,10,Luleå kommun,Sammanfattning natt,4
2019,10,Luleå kommun,Trafikolycka,4
2019,10,Luleå kommun,Larm Överfall,3
2019,10,Luleå kommun,Rattfylleri,3
2019,10,Luleå kommun,Brand,2
2019,10,Luleå kommun,Stöld/inbrott,2
2019,10,Luleå kommun,"Trafikolycka,  vilt",2
2019,10,Luleå kommun,Bedrägeri,1
2019,10,Luleå kommun,Förfalskningsbrott,1
2019,10,Luleå kommun,Misshandel,1
2019,10,Luleå kommun,"Mord/dråp,  försök",1
2019,10,Luleå kommun,Olovlig körning,1
2019,10,Luleå kommun,Rån,1
2019,10,Luleå kommun,Rån väpnat,1
2019,10,Luleå kommun,Rån övrigt,1
2019,10,Luleå kommun,Sammanfattning kväll och natt,1
2019,10,Luleå kommun,Skadegörelse,1
2019,10,Luleå kommun,"Stöld,  försök",1
2019,10,Luleå kommun,Trafikhinder,1
2019,10,Luleå kommun,"Trafikolycka,  singel",1
2019,10,Luleå kommun,Vapenlagen,1
2019,10,"Norrbotten, okänd kommun",Sammanfattning kväll och natt,13
2019,10,"Norrbotten, okänd kommun",Övrigt,9
2019,10,"Norrbotten, okänd kommun",Sammanfattning natt,8
2019,10,"Norrbotten, okänd kommun","Trafikolycka,  vilt",3
2019,10,"Norrbotten, okänd kommun",Sammanfattning dag,1
2019,10,"Norrbotten, okänd kommun",Sammanfattning förmiddag,1
2019,10,"Norrbotten, okänd kommun",Sammanfattning kväll,1
2019,10,Pajala kommun,"Trafikolycka,  vilt",6
2019,10,Pajala kommun,Arbetsplatsolycka,1
2019,10,Pajala kommun,Sammanfattning kväll och natt,1
2019,10,Pajala kommun,Stöld,1
2019,10,Piteå kommun,Trafikkontroll,14
2019,10,Piteå kommun,"Trafikolycka,  vilt",6
2019,10,Piteå kommun,Rattfylleri,4
2019,10,Piteå kommun,Trafikolycka,4
2019,10,Piteå kommun,"Trafikolycka,  personskada",2
2019,10,Piteå kommun,Anträffat gods,1
2019,10,Piteå kommun,Arbetsplatsolycka,1
2019,10,Piteå kommun,Misshandel,1
2019,10,Piteå kommun,Mord/dråp,1
2019,10,Piteå kommun,"Motorfordon,  stöld",1
2019,10,Piteå kommun,Ofredande/förargelse,1
2019,10,Piteå kommun,Sammanfattning natt,1
2019,10,Piteå kommun,Stöld/inbrott,1
2019,10,Piteå kommun,Trafikbrott,1
2019,10,Älvsbyns kommun,"Trafikolycka,  vilt",2
2019,10,Älvsbyns kommun,Olovlig körning,1
2019,10,Älvsbyns kommun,Rattfylleri,1
2019,10,Älvsbyns kommun,Trafikkontroll,1
2019,10,Älvsbyns kommun,Trafikolycka,1
2019,10,Överkalix kommun,Rattfylleri,3
2019,10,Överkalix kommun,"Trafikolycka,  vilt",2
2019,10,Överkalix kommun,Olaga hot,1
2019,10,Överkalix kommun,Trafikbrott,1
2019,10,Överkalix kommun,Trafikolycka,1
2019,10,Övertorneå kommun,"Trafikolycka,  vilt",4
2019,10,Övertorneå kommun,Rattfylleri,2
2019,11,Arjeplogs kommun,"Trafikolycka,  vilt",2
2019,11,Arjeplogs kommun,Rattfylleri,1
2019,11,Arvidsjaurs kommun,Trafikkontroll,5
2019,11,Arvidsjaurs kommun,"Trafikolycka,  vilt",5
2019,11,Arvidsjaurs kommun,Inbrott,1
2019,11,Arvidsjaurs kommun,Trafikbrott,1
2019,11,Bodens kommun,Trafikkontroll,8
2019,11,Bodens kommun,Trafikbrott,7
2019,11,Bodens kommun,"Trafikolycka,  vilt",4
2019,11,Bodens kommun,Misshandel,3
2019,11,Bodens kommun,Olaga hot,2
2019,11,Bodens kommun,Trafikolycka,2
2019,11,Bodens kommun,Knivlagen,1
2019,11,Bodens kommun,Narkotikabrott,1
2019,11,Bodens kommun,Rattfylleri,1
2019,11,Bodens kommun,Sammanfattning natt,1
2019,11,Bodens kommun,Stöld,1
2019,11,Bodens kommun,Stöld/inbrott,1
2019,11,Gällivare kommun,"Trafikolycka,  vilt",6
2019,11,Gällivare kommun,Trafikolycka,4
2019,11,Gällivare kommun,Arbetsplatsolycka,1
2019,11,Gällivare kommun,Rattfylleri,1
2019,11,Gällivare kommun,Stöld/inbrott,1
2019,11,Gällivare kommun,Trafikbrott,1
2019,11,Gällivare kommun,Trafikhinder,1
2019,11,Gällivare kommun,Trafikkontroll,1
2019,11,Haparanda kommun,Brand,1
2019,11,Haparanda kommun,Djur,1
2019,11,Haparanda kommun,Stöld,1
2019,11,Haparanda kommun,Stöld/inbrott,1
2019,11,Haparanda kommun,Trafikolycka,1
2019,11,Jokkmokks kommun,"Trafikolycka,  vilt",4
2019,11,Jokkmokks kommun,Trafikolycka,2
2019,11,Jokkmokks kommun,Brand,1
2019,11,Jokkmokks kommun,Narkotikabrott,1
2019,11,Jokkmokks kommun,Vållande till kroppsskada,1
2019,11,Kalix kommun,Misshandel,3
2019,11,Kalix kommun,Olaga hot,2
2019,11,Kalix kommun,Mord/dråp,1
2019,11,Kalix kommun,"Motorfordon,  stöld",1
2019,11,Kalix kommun,Narkotikabrott,1
2019,11,Kalix kommun,Skadegörelse,1
2019,11,Kalix kommun,Trafikkontroll,1
2019,11,Kalix kommun,"Trafikolycka,  smitning från",1
2019,11,Kiruna kommun,Trafikkontroll,8
2019,11,Kiruna kommun,"Trafikolycka,  vilt",4
2019,11,Kiruna kommun,Narkotikabrott,2
2019,11,Kiruna kommun,Fjällräddning,1
2019,11,Kiruna kommun,Sammanfattning natt,1
2019,11,Kiruna kommun,Trafikolycka,1
2019,11,Kiruna kommun,Vapenlagen,1
2019,11,Luleå kommun,Fylleri/LOB,6
2019,11,Luleå kommun,Trafikolycka,5
2019,11,Luleå kommun,Rattfylleri,4
2019,11,Luleå kommun,Trafikbrott,4
2019,11,Luleå kommun,Rån,3
2019,11,Luleå kommun,Stöld,3
2019,11,Luleå kommun,Trafikkontroll,3
2019,11,Luleå kommun,Sammanfattning natt,2
2019,11,Luleå kommun,Stöld/inbrott,2
2019,11,Luleå kommun,"Trafikolycka,  vilt",2
2019,11,Luleå kommun,Arbetsplatsolycka,1
2019,11,Luleå kommun,Brand,1
2019,11,Luleå kommun,Försvunnen person,1
2019,11,Luleå kommun,Inbrott,1
2019,11,Luleå kommun,Knivlagen,1
2019,11,Luleå kommun,Misshandel,1
2019,11,Luleå kommun,Räddningsinsats,1
2019,11,Luleå kommun,Skadegörelse,1
2019,11,Luleå kommun,Våldtäkt,1
2019,11,"Norrbotten, okänd kommun","Trafikolycka,  vilt",20
2019,11,"Norrbotten, okänd kommun",Sammanfattning natt,16
2019,11,"Norrbotten, okänd kommun",Sammanfattning kväll och natt,8
2019,11,"Norrbotten, okänd kommun",Övrigt,5
2019,11,"Norrbotten, okänd kommun",Trafikkontroll,4
2019,11,"Norrbotten, okänd kommun",Rattfylleri,1
2019,11,"Norrbotten, okänd kommun",Sammanfattning dag,1
2019,11,"Norrbotten, okänd kommun",Sammanfattning förmiddag,1
2019,11,"Norrbotten, okänd kommun",Skadegörelse,1
2019,11,Pajala kommun,"Trafikolycka,  vilt",3
2019,11,Pajala kommun,Rattfylleri,1
2019,11,Pajala kommun,Trafikbrott,1
2019,11,Pajala kommun,Trafikolycka,1
2019,11,Piteå kommun,Trafikkontroll,9
2019,11,Piteå kommun,Trafikolycka,7
2019,11,Piteå kommun,Rattfylleri,5
2019,11,Piteå kommun,Arbetsplatsolycka,3
2019,11,Piteå kommun,Försvunnen person,2
2019,11,Piteå kommun,Narkotikabrott,2
2019,11,Piteå kommun,Trafikbrott,2
2019,11,Piteå kommun,"Motorfordon,  anträffat stulet",1
2019,11,Piteå kommun,Rån övrigt,1
2019,11,Piteå kommun,"Rån,  försök",1
2019,11,Piteå kommun,Sammanfattning natt,1
2019,11,Piteå kommun,Stöld/inbrott,1
2019,11,Piteå kommun,Vapenlagen,1
2019,11,Piteå kommun,Övrigt,1
2019,11,Älvsbyns kommun,Brand,2
2019,11,Älvsbyns kommun,Misshandel,1
2019,11,Älvsbyns kommun,Rattfylleri,1
2019,11,Älvsbyns kommun,Sammanfattning natt,1
2019,11,Älvsbyns kommun,Trafikbrott,1
2019,11,Älvsbyns kommun,Trafikkontroll,1
2019,11,Älvsbyns kommun,Trafikolycka,1
2019,11,Älvsbyns kommun,"Trafikolycka,  vilt",1
2019,11,Överkalix kommun,Försvunnen person,1
2019,11,Överkalix kommun,Trafikolycka,1
2019,11,Överkalix kommun,"Trafikolycka,  vilt",1
2019,11,Övertorneå kommun,Misshandel,2
2019,11,Övertorneå kommun,Trafikolycka,1
2019,11,Övertorneå kommun,"Trafikolycka,  vilt",1
2019,12,Arjeplogs kommun,Trafikkontroll,1
2019,12,Arjeplogs kommun,"Trafikolycka,  vilt",1
2019,12,Arvidsjaurs kommun,Rattfylleri,2
2019,12,Arvidsjaurs kommun,Trafikkontroll,2
2019,12,Arvidsjaurs kommun,"Trafikolycka,  vilt",1
2019,12,Bodens kommun,Trafikkontroll,7
2019,12,Bodens kommun,Trafikbrott,6
2019,12,Bodens kommun,Trafikolycka,6
2019,12,Bodens kommun,Narkotikabrott,4
2019,12,Bodens kommun,Rattfylleri,3
2019,12,Bodens kommun,Sammanfattning natt,3
2019,12,Bodens kommun,Misshandel,2
2019,12,Bodens kommun,Övrigt,2
2019,12,Bodens kommun,Brand,1
2019,12,Bodens kommun,Djur,1
2019,12,Bodens kommun,Fylleri/LOB,1
2019,12,Bodens kommun,Försvunnen person,1
2019,12,Bodens kommun,Inbrott,1
2019,12,Bodens kommun,Mord/dråp,1
2019,12,Bodens kommun,Stöld,1
2019,12,Bodens kommun,"Stöld,  försök",1
2019,12,Bodens kommun,Stöld/inbrott,1
2019,12,Bodens kommun,"Trafikolycka,  vilt",1
2019,12,Bodens kommun,Våld/hot mot tjänsteman,1
2019,12,Gällivare kommun,Trafikkontroll,7
2019,12,Gällivare kommun,"Trafikolycka,  vilt",4
2019,12,Gällivare kommun,Trafikolycka,3
2019,12,Gällivare kommun,Fylleri/LOB,2
2019,12,Gällivare kommun,Trafikbrott,2
2019,12,Gällivare kommun,Djur,1
2019,12,Gällivare kommun,"Mord/dråp,  försök",1
2019,12,Gällivare kommun,"Motorfordon,  stöld",1
2019,12,Gällivare kommun,Stöld,1
2019,12,Haparanda kommun,Trafikkontroll,1
2019,12,Jokkmokks kommun,Arbetsplatsolycka,1
2019,12,Jokkmokks kommun,Trafikbrott,1
2019,12,Jokkmokks kommun,Trafikolycka,1
2019,12,Jokkmokks kommun,"Trafikolycka,  vilt",1
2019,12,Kalix kommun,Trafikolycka,3
2019,12,Kalix kommun,Rattfylleri,1
2019,12,Kalix kommun,Trafikbrott,1
2019,12,Kalix kommun,Trafikkontroll,1
2019,12,Kalix kommun,"Trafikolycka,  vilt",1
2019,12,Kiruna kommun,Trafikolycka,4
2019,12,Kiruna kommun,"Trafikolycka,  vilt",3
2019,12,Kiruna kommun,Trafikbrott,2
2019,12,Kiruna kommun,Brand,1
2019,12,Kiruna kommun,Rattfylleri,1
2019,12,Kiruna kommun,Stöld,1
2019,12,Kiruna kommun,Trafikkontroll,1
2019,12,Kiruna kommun,Uppdatering,1
2019,12,Luleå kommun,Trafikolycka,13
2019,12,Luleå kommun,Trafikkontroll,9
2019,12,Luleå kommun,Rattfylleri,8
2019,12,Luleå kommun,Stöld,7
2019,12,Luleå kommun,Trafikbrott,7
2019,12,Luleå kommun,Fylleri/LOB,4
2019,12,Luleå kommun,Narkotikabrott,3
2019,12,Luleå kommun,Sammanfattning natt,3
2019,12,Luleå kommun,"Trafikolycka,  vilt",3
2019,12,Luleå kommun,Arbetsplatsolycka,2
2019,12,Luleå kommun,Inbrott,2
2019,12,Luleå kommun,Stöld/inbrott,2
2019,12,Luleå kommun,Bedrägeri,1
2019,12,Luleå kommun,Brand,1
2019,12,Luleå kommun,Försvunnen person,1
2019,12,Luleå kommun,Misshandel,1
2019,12,Luleå kommun,"Mord/dråp,  försök",1
2019,12,Luleå kommun,"Motorfordon,  anträffat stulet",1
2019,12,Luleå kommun,Sammanfattning kväll,1
2019,12,Luleå kommun,Trafikhinder,1
2019,12,Luleå kommun,"Trafikolycka,  personskada",1
2019,12,Luleå kommun,"Trafikolycka,  singel",1
2019,12,"Norrbotten, okänd kommun","Trafikolycka,  vilt",21
2019,12,"Norrbotten, okänd kommun",Sammanfattning natt,19
2019,12,"Norrbotten, okänd kommun",Trafikkontroll,8
2019,12,"Norrbotten, okänd kommun",Övrigt,7
2019,12,"Norrbotten, okänd kommun",Sammanfattning kväll och natt,3
2019,12,"Norrbotten, okänd kommun",Sammanfattning kväll,2
2019,12,"Norrbotten, okänd kommun",Bedrägeri,1
2019,12,"Norrbotten, okänd kommun",Trafikhinder,1
2019,12,Pajala kommun,Sammanfattning natt,1
2019,12,Pajala kommun,Trafikolycka,1
2019,12,Piteå kommun,Trafikkontroll,11
2019,12,Piteå kommun,Trafikolycka,6
2019,12,Piteå kommun,Fylleri/LOB,3
2019,12,Piteå kommun,Djur,2
2019,12,Piteå kommun,Sammanfattning natt,2
2019,12,Piteå kommun,Stöld,2
2019,12,Piteå kommun,Arbetsplatsolycka,1
2019,12,Piteå kommun,Olaga hot,1
2019,12,Piteå kommun,Rattfylleri,1
2019,12,Piteå kommun,Trafikbrott,1
2019,12,Piteå kommun,Trafikhinder,1
2019,12,Piteå kommun,"Trafikolycka,  smitning från",1
2019,12,Piteå kommun,"Trafikolycka,  vilt",1
2019,12,Älvsbyns kommun,Rattfylleri,2
2019,12,Älvsbyns kommun,Trafikolycka,2
2019,12,Älvsbyns kommun,"Trafikolycka,  vilt",2
2019,12,Älvsbyns kommun,Inbrott,1
2019,12,Älvsbyns kommun,Trafikkontroll,1
2019,12,Överkalix kommun,Trafikbrott,2
2019,12,Överkalix kommun,Rattfylleri,1
2019,12,Överkalix kommun,Trafikolycka,1
2019,12,Överkalix kommun,"Trafikolycka,  singel",1
2019,12,Övertorneå kommun,Rattfylleri,1
2020,1,Arjeplogs kommun,Trafikkontroll,1
2020,1,Arjeplogs kommun,Trafikolycka,1
2020,1,Arvidsjaurs kommun,Trafikkontroll,4
2020,1,Arvidsjaurs kommun,Trafikbrott,2
2020,1,Arvidsjaurs kommun,Brand,1
2020,1,Bodens kommun,Trafikkontroll,15
2020,1,Bodens kommun,Trafikbrott,10
2020,1,Bodens kommun,Trafikolycka,3
2020,1,Bodens kommun,"Motorfordon,  anträffat stulet",2
2020,1,Bodens kommun,Rattfylleri,2
2020,1,Bodens kommun,Sammanfattning natt,2
2020,1,Bodens kommun,Stöld/inbrott,2
2020,1,Bodens kommun,Brand,1
2020,1,Bodens kommun,Mord/dråp,1
2020,1,Bodens kommun,Narkotikabrott,1
2020,1,Bodens kommun,Rån,1
2020,1,Bodens kommun,"Trafikolycka,  vilt",1
2020,1,Bodens kommun,Uppdatering,1
2020,1,Gällivare kommun,Trafikkontroll,5
2020,1,Gällivare kommun,"Trafikolycka,  vilt",5
2020,1,Gällivare kommun,Trafikbrott,3
2020,1,Gällivare kommun,Sammanfattning natt,2
2020,1,Gällivare kommun,"Motorfordon,  anträffat stulet",1
2020,1,Gällivare kommun,Rattfylleri,1
2020,1,Gällivare kommun,Trafikolycka,1
2020,1,Haparanda kommun,Häleri,1
2020,1,Haparanda kommun,"Motorfordon,  anträffat stulet",1
2020,1,Haparanda kommun,Skadegörelse,1
2020,1,Haparanda kommun,Stöld,1
2020,1,Haparanda kommun,Trafikkontroll,1
2020,1,Haparanda kommun,Trafikolycka,1
2020,1,Haparanda kommun,"Trafikolycka,  singel",1
2020,1,Jokkmokks kommun,Narkotikabrott,2
2020,1,Jokkmokks kommun,"Motorfordon,  anträffat stulet",1
2020,1,Jokkmokks kommun,Rattfylleri,1
2020,1,Jokkmokks kommun,"Trafikolycka,  vilt",1
2020,1,Kalix kommun,"Trafikolycka,  vilt",3
2020,1,Kalix kommun,Stöld,2
2020,1,Kalix kommun,Trafikolycka,2
2020,1,Kalix kommun,Olovlig körning,1
2020,1,Kalix kommun,Trafikbrott,1
2020,1,Kalix kommun,Trafikkontroll,1
2020,1,Kiruna kommun,Trafikbrott,9
2020,1,Kiruna kommun,Trafikolycka,5
2020,1,Kiruna kommun,"Trafikolycka,  vilt",4
2020,1,Kiruna kommun,Rattfylleri,3
2020,1,Kiruna kommun,Djur,1
2020,1,Kiruna kommun,Sammanfattning natt,1
2020,1,Kiruna kommun,Trafikkontroll,1
2020,1,Luleå kommun,Fylleri/LOB,10
2020,1,Luleå kommun,Stöld,10
2020,1,Luleå kommun,Trafikbrott,8
2020,1,Luleå kommun,Trafikolycka,8
2020,1,Luleå kommun,Rattfylleri,6
2020,1,Luleå kommun,Arbetsplatsolycka,2
2020,1,Luleå kommun,Brand,2
2020,1,Luleå kommun,"Motorfordon,  anträffat stulet",2
2020,1,Luleå kommun,Sammanfattning natt,2
2020,1,Luleå kommun,Skadegörelse,2
2020,1,Luleå kommun,Stöld/inbrott,2
2020,1,Luleå kommun,Trafikkontroll,2
2020,1,Luleå kommun,Övrigt,2
2020,1,Luleå kommun,Inbrott,1
2020,1,Luleå kommun,Knivlagen,1
2020,1,Luleå kommun,Misshandel,1
2020,1,Luleå kommun,Narkotikabrott,1
2020,1,Luleå kommun,Rån övrigt,1
2020,1,Luleå kommun,Trafikhinder,1
2020,1,Luleå kommun,"Trafikolycka,  singel",1
2020,1,Luleå kommun,Vapenlagen,1
2020,1,"Norrbotten, okänd kommun",Sammanfattning natt,23
2020,1,"Norrbotten, okänd kommun","Trafikolycka,  vilt",17
2020,1,"Norrbotten, okänd kommun",Övrigt,9
2020,1,"Norrbotten, okänd kommun",Trafikkontroll,7
2020,1,"Norrbotten, okänd kommun",Rattfylleri,1
2020,1,"Norrbotten, okänd kommun",Sammanfattning kväll och natt,1
2020,1,Pajala kommun,Rån,1
2020,1,Pajala kommun,Stöld,1
2020,1,Pajala kommun,Trafikkontroll,1
2020,1,Piteå kommun,Trafikkontroll,9
2020,1,Piteå kommun,Rattfylleri,5
2020,1,Piteå kommun,Trafikbrott,5
2020,1,Piteå kommun,Trafikolycka,4
2020,1,Piteå kommun,Narkotikabrott,2
2020,1,Piteå kommun,Sammanfattning natt,2
2020,1,Piteå kommun,Anträffad död,1
2020,1,Piteå kommun,Arbetsplatsolycka,1
2020,1,Piteå kommun,"Motorfordon,  anträffat stulet",1
2020,1,Piteå kommun,Sammanfattning kväll,1
2020,1,Piteå kommun,"Trafikolycka,  singel",1
2020,1,Älvsbyns kommun,Trafikkontroll,3
2020,1,Älvsbyns kommun,Rattfylleri,2
2020,1,Älvsbyns kommun,Trafikbrott,1
2020,1,Överkalix kommun,"Trafikolycka,  vilt",1
2020,1,Övertorneå kommun,Rattfylleri,2
2020,1,Övertorneå kommun,"Trafikolycka,  vilt",2
2020,1,Övertorneå kommun,Brand,1
2020,1,Övertorneå kommun,Inbrott,1
2020,1,Övertorneå kommun,Misshandel,1
2020,1,Övertorneå kommun,Trafikbrott,1
2020,1,Övertorneå kommun,Trafikkontroll,1
2020,2,Arjeplogs kommun,Trafikkontroll,3
2020,2,Arjeplogs kommun,Arbetsplatsolycka,1
2020,2,Arjeplogs kommun,Fjällräddning,1
2020,2,Arjeplogs kommun,Trafikolycka,1
2020,2,Arvidsjaurs kommun,Trafikkontroll,3
2020,2,Arvidsjaurs kommun,"Trafikolycka,  vilt",2
2020,2,Arvidsjaurs kommun,Rattfylleri,1
2020,2,Arvidsjaurs kommun,Trafikolycka,1
2020,2,Arvidsjaurs kommun,Övrigt,1
2020,2,Bodens kommun,Trafikkontroll,13
2020,2,Bodens kommun,Rattfylleri,3
2020,2,Bodens kommun,Trafikbrott,3
2020,2,Bodens kommun,Inbrott,2
2020,2,Bodens kommun,Sammanfattning natt,2
2020,2,Bodens kommun,Stöld,2
2020,2,Bodens kommun,Trafikolycka,2
2020,2,Bodens kommun,Misshandel,1
2020,2,Bodens kommun,"Trafikolycka,  vilt",1
2020,2,Gällivare kommun,Trafikkontroll,6
2020,2,Gällivare kommun,"Trafikolycka,  vilt",4
2020,2,Gällivare kommun,Trafikbrott,3
2020,2,Gällivare kommun,Trafikolycka,3
2020,2,Gällivare kommun,Brand,1
2020,2,Gällivare kommun,Fjällräddning,1
2020,2,Gällivare kommun,Rattfylleri,1
2020,2,Gällivare kommun,Räddningsinsats,1
2020,2,Gällivare kommun,Stöld,1
2020,2,Gällivare kommun,"Trafikolycka,  singel",1
2020,2,Gällivare kommun,Övrigt,1
2020,2,Haparanda kommun,Trafikolycka,3
2020,2,Haparanda kommun,Rattfylleri,1
2020,2,Haparanda kommun,Sammanfattning natt,1
2020,2,Haparanda kommun,Stöld,1
2020,2,Haparanda kommun,"Trafikolycka,  singel",1
2020,2,Jokkmokks kommun,Narkotikabrott,1
2020,2,Jokkmokks kommun,Olaga hot,1
2020,2,Jokkmokks kommun,Sammanfattning helg,1
2020,2,Jokkmokks kommun,Trafikbrott,1
2020,2,Jokkmokks kommun,"Trafikolycka,  vilt",1
2020,2,Kalix kommun,Trafikbrott,3
2020,2,Kalix kommun,Trafikolycka,3
2020,2,Kalix kommun,Trafikkontroll,2
2020,2,Kalix kommun,Misshandel,1
2020,2,Kalix kommun,"Motorfordon,  anträffat stulet",1
2020,2,Kalix kommun,"Motorfordon,  stöld",1
2020,2,Kalix kommun,Rattfylleri,1
2020,2,Kalix kommun,Skadegörelse,1
2020,2,Kalix kommun,Stöld/inbrott,1
2020,2,Kalix kommun,"Trafikolycka,  vilt",1
2020,2,Kiruna kommun,Fjällräddning,4
2020,2,Kiruna kommun,Trafikbrott,3
2020,2,Kiruna kommun,Trafikolycka,3
2020,2,Kiruna kommun,Narkotikabrott,1
2020,2,Kiruna kommun,Rattfylleri,1
2020,2,Luleå kommun,Trafikolycka,15
2020,2,Luleå kommun,Trafikkontroll,13
2020,2,Luleå kommun,Rattfylleri,7
2020,2,Luleå kommun,Trafikbrott,7
2020,2,Luleå kommun,Stöld,6
2020,2,Luleå kommun,Brand,2
2020,2,Luleå kommun,Arbetsplatsolycka,1
2020,2,Luleå kommun,Djur,1
2020,2,Luleå kommun,Fylleri/LOB,1
2020,2,Luleå kommun,Inbrott,1
2020,2,Luleå kommun,Knivlagen,1
2020,2,Luleå kommun,Misshandel,1
2020,2,Luleå kommun,"Motorfordon,  anträffat stulet",1
2020,2,Luleå kommun,Olovlig körning,1
2020,2,Luleå kommun,Sammanfattning natt,1
2020,2,Luleå kommun,Skadegörelse,1
2020,2,"Norrbotten, okänd kommun",Sammanfattning natt,21
2020,2,"Norrbotten, okänd kommun","Trafikolycka,  vilt",7
2020,2,"Norrbotten, okänd kommun",Övrigt,7
2020,2,"Norrbotten, okänd kommun",Trafikolycka,3
2020,2,"Norrbotten, okänd kommun",Rattfylleri,1
2020,2,"Norrbotten, okänd kommun",Trafikbrott,1
2020,2,"Norrbotten, okänd kommun",Trafikkontroll,1
2020,2,Pajala kommun,Trafikkontroll,2
2020,2,Pajala kommun,Brand,1
2020,2,Pajala kommun,Sammanfattning natt,1
2020,2,Pajala kommun,"Trafikolycka,  vilt",1
2020,2,Piteå kommun,Trafikkontroll,13
2020,2,Piteå kommun,Trafikolycka,8
2020,2,Piteå kommun,Trafikbrott,5
2020,2,Piteå kommun,Sammanfattning natt,2
2020,2,Piteå kommun,Bedrägeri,1
2020,2,Piteå kommun,Fylleri/LOB,1
2020,2,Piteå kommun,Rattfylleri,1
2020,2,Piteå kommun,Skadegörelse,1
2020,2,Piteå kommun,Stöld,1
2020,2,Piteå kommun,"Trafikolycka,  singel",1
2020,2,Älvsbyns kommun,Rattfylleri,3
2020,2,Älvsbyns kommun,Trafikolycka,2
2020,2,Älvsbyns kommun,"Trafikolycka,  vilt",1
2020,2,Överkalix kommun,Trafikolycka,1
2020,2,Övertorneå kommun,"Trafikolycka,  vilt",2
2020,2,Övertorneå kommun,Olovlig körning,1
2020,2,Övertorneå kommun,Trafikolycka,1
2020,2,Övertorneå kommun,Övrigt,1
2020,3,Arjeplogs kommun,Rattfylleri,1
2020,3,Arjeplogs kommun,Trafikkontroll,1
2020,3,Arjeplogs kommun,"Trafikolycka,  vilt",1
2020,3,Arvidsjaurs kommun,Trafikkontroll,1
2020,3,Bodens kommun,Trafikkontroll,9
2020,3,Bodens kommun,Trafikbrott,7
2020,3,Bodens kommun,Fylleri/LOB,2
2020,3,Bodens kommun,Misshandel,2
2020,3,Bodens kommun,Trafikolycka,2
2020,3,Bodens kommun,Rattfylleri,1
2020,3,Bodens kommun,Sammanfattning natt,1
2020,3,Gällivare kommun,Trafikkontroll,6
2020,3,Gällivare kommun,Narkotikabrott,3
2020,3,Gällivare kommun,Sammanfattning natt,3
2020,3,Gällivare kommun,Trafikolycka,3
2020,3,Gällivare kommun,Fylleri/LOB,2
2020,3,Gällivare kommun,Fjällräddning,1
2020,3,Gällivare kommun,Rattfylleri,1
2020,3,Gällivare kommun,Trafikbrott,1
2020,3,Gällivare kommun,"Trafikolycka,  singel",1
2020,3,Gällivare kommun,"Trafikolycka,  vilt",1
2020,3,Haparanda kommun,Stöld,2
2020,3,Haparanda kommun,Larm Överfall,1
2020,3,Haparanda kommun,"Motorfordon,  stöld",1
2020,3,Haparanda kommun,Sammanfattning natt,1
2020,3,Haparanda kommun,Stöld/inbrott,1
2020,3,Haparanda kommun,Trafikbrott,1
2020,3,Haparanda kommun,Trafikkontroll,1
2020,3,Haparanda kommun,Trafikolycka,1
2020,3,Jokkmokks kommun,"Trafikolycka,  vilt",4
2020,3,Jokkmokks kommun,Fjällräddning,1
2020,3,Jokkmokks kommun,Trafikkontroll,1
2020,3,Kalix kommun,Trafikbrott,6
2020,3,Kalix kommun,Rattfylleri,2
2020,3,Kalix kommun,Trafikkontroll,2
2020,3,Kalix kommun,Misshandel,1
2020,3,Kalix kommun,Narkotikabrott,1
2020,3,Kalix kommun,Ofredande/förargelse,1
2020,3,Kalix kommun,Trafikolycka,1
2020,3,Kalix kommun,"Trafikolycka,  vilt",1
2020,3,Kiruna kommun,Trafikbrott,4
2020,3,Kiruna kommun,Trafikolycka,3
2020,3,Kiruna kommun,Brand,2
2020,3,Kiruna kommun,Rattfylleri,2
2020,3,Kiruna kommun,Trafikkontroll,2
2020,3,Kiruna kommun,Våldtäkt,2
2020,3,Kiruna kommun,Arbetsplatsolycka,1
2020,3,Kiruna kommun,Fjällräddning,1
2020,3,Kiruna kommun,"Motorfordon,  stöld",1
2020,3,Kiruna kommun,Narkotikabrott,1
2020,3,Kiruna kommun,Sammanfattning natt,1
2020,3,Kiruna kommun,"Trafikolycka,  vilt",1
2020,3,Luleå kommun,Trafikbrott,15
2020,3,Luleå kommun,Trafikolycka,9
2020,3,Luleå kommun,Stöld,8
2020,3,Luleå kommun,Trafikkontroll,8
2020,3,Luleå kommun,Fylleri/LOB,5
2020,3,Luleå kommun,Rattfylleri,5
2020,3,Luleå kommun,Sammanfattning natt,4
2020,3,Luleå kommun,Skadegörelse,4
2020,3,Luleå kommun,Misshandel,3
2020,3,Luleå kommun,"Trafikolycka,  vilt",2
2020,3,Luleå kommun,Arbetsplatsolycka,1
2020,3,Luleå kommun,Inbrott,1
2020,3,Luleå kommun,"Motorfordon,  anträffat stulet",1
2020,3,Luleå kommun,Olovlig körning,1
2020,3,Luleå kommun,Sammanfattning kväll,1
2020,3,Luleå kommun,Stöld/inbrott,1
2020,3,Luleå kommun,Trafikhinder,1
2020,3,Luleå kommun,Våldtäkt,1
2020,3,"Norrbotten, okänd kommun",Sammanfattning natt,20
2020,3,"Norrbotten, okänd kommun",Övrigt,8
2020,3,"Norrbotten, okänd kommun",Sammanfattning kväll,4
2020,3,"Norrbotten, okänd kommun",Trafikkontroll,2
2020,3,"Norrbotten, okänd kommun",Trafikolycka,2
2020,3,"Norrbotten, okänd kommun",Fjällräddning,1
2020,3,"Norrbotten, okänd kommun",Trafikbrott,1
2020,3,"Norrbotten, okänd kommun","Trafikolycka,  vilt",1
2020,3,"Norrbotten, okänd kommun",Våldtäkt,1
2020,3,Pajala kommun,Trafikolycka,3
2020,3,Pajala kommun,Trafikkontroll,2
2020,3,Pajala kommun,Arbetsplatsolycka,1
2020,3,Pajala kommun,Trafikbrott,1
2020,3,Piteå kommun,Trafikkontroll,11
2020,3,Piteå kommun,Trafikbrott,9
2020,3,Piteå kommun,Trafikolycka,3
2020,3,Piteå kommun,Arbetsplatsolycka,2
2020,3,Piteå kommun,Brand,2
2020,3,Piteå kommun,Rattfylleri,2
2020,3,Piteå kommun,Fylleri/LOB,1
2020,3,Piteå kommun,Knivlagen,1
2020,3,Piteå kommun,Mord/dråp,1
2020,3,Piteå kommun,"Motorfordon,  anträffat stulet",1
2020,3,Piteå kommun,Sammanfattning natt,1
2020,3,Piteå kommun,Skadegörelse,1
2020,3,Piteå kommun,Stöld,1
2020,3,Piteå kommun,"Trafikolycka,  vilt",1
2020,3,Piteå kommun,Uppdatering,1
2020,3,Älvsbyns kommun,Stöld,1
2020,3,Älvsbyns kommun,Trafikbrott,1
2020,3,Älvsbyns kommun,Trafikolycka,1
2020,3,Överkalix kommun,Rattfylleri,2
2020,3,Överkalix kommun,Trafikbrott,1
2020,3,Överkalix kommun,Trafikkontroll,1
2020,3,Övertorneå kommun,Trafikbrott,1
2020,3,Övertorneå kommun,Trafikkontroll,1
2020,4,Arjeplogs kommun,Trafikkontroll,4
2020,4,Arjeplogs kommun,Rattfylleri,1
2020,4,Arvidsjaurs kommun,Trafikkontroll,2
2020,4,Arvidsjaurs kommun,Brand,1
2020,4,Bodens kommun,Trafikkontroll,15
2020,4,Bodens kommun,Trafikbrott,7
2020,4,Bodens kommun,Rattfylleri,3
2020,4,Bodens kommun,Misshandel,2
2020,4,Bodens kommun,"Motorfordon,  anträffat stulet",2
2020,4,Bodens kommun,Sammanfattning natt,2
2020,4,Bodens kommun,Brand,1
2020,4,Bodens kommun,Inbrott,1
2020,4,Bodens kommun,Narkotikabrott,1
2020,4,Bodens kommun,Rån övrigt,1
2020,4,Bodens kommun,Stöld/inbrott,1
2020,4,Bodens kommun,Trafikolycka,1
2020,4,Gällivare kommun,Trafikbrott,8
2020,4,Gällivare kommun,Rattfylleri,4
2020,4,Gällivare kommun,Trafikkontroll,4
2020,4,Gällivare kommun,Fylleri/LOB,2
2020,4,Gällivare kommun,Arbetsplatsolycka,1
2020,4,Gällivare kommun,Larm Överfall,1
2020,4,Gällivare kommun,Stöld/inbrott,1
2020,4,Gällivare kommun,Trafikolycka,1
2020,4,Gällivare kommun,Våld/hot mot tjänsteman,1
2020,4,Haparanda kommun,Trafikkontroll,4
2020,4,Haparanda kommun,Rattfylleri,2
2020,4,Haparanda kommun,Trafikbrott,2
2020,4,Haparanda kommun,Fylleri/LOB,1
2020,4,Haparanda kommun,Narkotikabrott,1
2020,4,Haparanda kommun,Olaga hot,1
2020,4,Haparanda kommun,Stöld,1
2020,4,Jokkmokks kommun,Fjällräddning,1
2020,4,Jokkmokks kommun,Trafikkontroll,1
2020,4,Kalix kommun,Trafikkontroll,7
2020,4,Kalix kommun,Trafikbrott,5
2020,4,Kalix kommun,Rattfylleri,2
2020,4,Kiruna kommun,Trafikbrott,8
2020,4,Kiruna kommun,Trafikkontroll,6
2020,4,Kiruna kommun,"Trafikolycka,  vilt",4
2020,4,Kiruna kommun,Rattfylleri,3
2020,4,Kiruna kommun,Fjällräddning,2
2020,4,Kiruna kommun,Brand,1
2020,4,Kiruna kommun,Skadegörelse,1
2020,4,Kiruna kommun,Stöld,1
2020,4,Luleå kommun,Trafikkontroll,11
2020,4,Luleå kommun,Trafikbrott,8
2020,4,Luleå kommun,Rattfylleri,7
2020,4,Luleå kommun,Stöld,6
2020,4,Luleå kommun,"Motorfordon,  anträffat stulet",5
2020,4,Luleå kommun,Trafikolycka,4
2020,4,Luleå kommun,"Trafikolycka,  vilt",4
2020,4,Luleå kommun,Arbetsplatsolycka,3
2020,4,Luleå kommun,Misshandel,3
2020,4,Luleå kommun,Fylleri/LOB,2
2020,4,Luleå kommun,Narkotikabrott,2
2020,4,Luleå kommun,Sammanfattning natt,2
2020,4,Luleå kommun,Bedrägeri,1
2020,4,Luleå kommun,Brand,1
2020,4,Luleå kommun,Bråk,1
2020,4,Luleå kommun,Försvunnen person,1
2020,4,Luleå kommun,Inbrott,1
2020,4,Luleå kommun,Olaga intrång,1
2020,4,Luleå kommun,Räddningsinsats,1
2020,4,Luleå kommun,Sammanfattning kväll,1
2020,4,Luleå kommun,"Stöld,  försök",1
2020,4,Luleå kommun,"Våldtäkt,  försök",1
2020,4,"Norrbotten, okänd kommun",Sammanfattning natt,25
2020,4,"Norrbotten, okänd kommun",Övrigt,6
2020,4,"Norrbotten, okänd kommun",Brand,1
2020,4,"Norrbotten, okänd kommun",Trafikkontroll,1
2020,4,Pajala kommun,Trafikkontroll,4
2020,4,Pajala kommun,Trafikbrott,3
2020,4,Pajala kommun,Brand,1
2020,4,Piteå kommun,Trafikbrott,11
2020,4,Piteå kommun,Trafikkontroll,9
2020,4,Piteå kommun,Rattfylleri,3
2020,4,Piteå kommun,Misshandel,2
2020,4,Piteå kommun,Sammanfattning natt,2
2020,4,Piteå kommun,Stöld/inbrott,2
2020,4,Piteå kommun,Brand,1
2020,4,Piteå kommun,Djur,1
2020,4,Piteå kommun,"Motorfordon,  anträffat stulet",1
2020,4,Piteå kommun,"Motorfordon,  stöld",1
2020,4,Piteå kommun,Narkotikabrott,1
2020,4,Piteå kommun,Olovlig körning,1
2020,4,Piteå kommun,Skadegörelse,1
2020,4,Piteå kommun,Stöld,1
2020,4,Piteå kommun,Trafikolycka,1
2020,4,Älvsbyns kommun,Brand,2
2020,4,Älvsbyns kommun,Misshandel,1
2020,4,Älvsbyns kommun,Trafikkontroll,1
2020,4,Älvsbyns kommun,Trafikolycka,1
2020,4,Överkalix kommun,Trafikbrott,5
2020,4,Överkalix kommun,Olovlig körning,2
2020,4,Överkalix kommun,Trafikkontroll,1
2020,4,Övertorneå kommun,Trafikkontroll,1
2020,5,Arjeplogs kommun,"Inbrott,  försök",1
2020,5,Arjeplogs kommun,Räddningsinsats,1
2020,5,Arvidsjaurs kommun,Rattfylleri,1
2020,5,Arvidsjaurs kommun,Sammanfattning kväll,1
2020,5,Arvidsjaurs kommun,Trafikkontroll,1
2020,5,Bodens kommun,Trafikkontroll,12
2020,5,Bodens kommun,Trafikbrott,7
2020,5,Bodens kommun,"Motorfordon,  anträffat stulet",2
2020,5,Bodens kommun,Trafikolycka,2
2020,5,Bodens kommun,Brand,1
2020,5,Bodens kommun,Knivlagen,1
2020,5,Bodens kommun,Narkotikabrott,1
2020,5,Bodens kommun,Rattfylleri,1
2020,5,Gällivare kommun,Misshandel,3
2020,5,Gällivare kommun,Rattfylleri,3
2020,5,Gällivare kommun,Trafikbrott,2
2020,5,Gällivare kommun,"Trafikolycka,  vilt",2
2020,5,Gällivare kommun,Brand,1
2020,5,Gällivare kommun,Fylleri/LOB,1
2020,5,Gällivare kommun,Sammanfattning kväll,1
2020,5,Gällivare kommun,Sammanfattning natt,1
2020,5,Gällivare kommun,Trafikkontroll,1
2020,5,Gällivare kommun,Våld/hot mot tjänsteman,1
2020,5,Haparanda kommun,Trafikkontroll,3
2020,5,Haparanda kommun,Försvunnen person,1
2020,5,Haparanda kommun,Inbrott,1
2020,5,Haparanda kommun,Sammanfattning natt,1
2020,5,Haparanda kommun,Trafikbrott,1
2020,5,Haparanda kommun,Trafikolycka,1
2020,5,Haparanda kommun,"Trafikolycka,  vilt",1
2020,5,Haparanda kommun,Uppdatering,1
2020,5,Jokkmokks kommun,Fjällräddning,1
2020,5,Jokkmokks kommun,Trafikbrott,1
2020,5,Kalix kommun,Trafikbrott,3
2020,5,Kalix kommun,Narkotikabrott,2
2020,5,Kalix kommun,Rattfylleri,2
2020,5,Kalix kommun,Brand,1
2020,5,Kalix kommun,Fylleri/LOB,1
2020,5,Kalix kommun,"Motorfordon,  stöld",1
2020,5,Kalix kommun,Sammanfattning natt,1
2020,5,Kalix kommun,Trafikkontroll,1
2020,5,Kalix kommun,Trafikolycka,1
2020,5,Kiruna kommun,Fjällräddning,4
2020,5,Kiruna kommun,Narkotikabrott,3
2020,5,Kiruna kommun,Brand,2
2020,5,Kiruna kommun,Rattfylleri,2
2020,5,Kiruna kommun,Trafikbrott,2
2020,5,Kiruna kommun,Trafikolycka,2
2020,5,Kiruna kommun,Arbetsplatsolycka,1
2020,5,Kiruna kommun,Bråk,1
2020,5,Kiruna kommun,Fylleri/LOB,1
2020,5,Kiruna kommun,Misshandel,1
2020,5,Kiruna kommun,Stöld,1
2020,5,Kiruna kommun,Övrigt,1
2020,5,Luleå kommun,Trafikbrott,10
2020,5,Luleå kommun,Trafikkontroll,9
2020,5,Luleå kommun,Rattfylleri,7
2020,5,Luleå kommun,Stöld,7
2020,5,Luleå kommun,Trafikolycka,6
2020,5,Luleå kommun,Misshandel,4
2020,5,Luleå kommun,Fylleri/LOB,3
2020,5,Luleå kommun,Stöld/inbrott,3
2020,5,Luleå kommun,Brand,2
2020,5,Luleå kommun,Narkotikabrott,2
2020,5,Luleå kommun,Olovlig körning,2
2020,5,Luleå kommun,Skadegörelse,2
2020,5,Luleå kommun,Försvunnen person,1
2020,5,Luleå kommun,Inbrott,1
2020,5,Luleå kommun,"Motorfordon,  anträffat stulet",1
2020,5,Luleå kommun,Ofredande/förargelse,1
2020,5,Luleå kommun,Olaga hot,1
2020,5,Luleå kommun,Rån,1
2020,5,Luleå kommun,Sammanfattning natt,1
2020,5,Luleå kommun,"Trafikolycka,  vilt",1
2020,5,"Norrbotten, okänd kommun",Sammanfattning natt,29
2020,5,"Norrbotten, okänd kommun",Övrigt,6
2020,5,"Norrbotten, okänd kommun",Sammanfattning kväll,5
2020,5,"Norrbotten, okänd kommun",Trafikkontroll,5
2020,5,"Norrbotten, okänd kommun",Trafikbrott,3
2020,5,Pajala kommun,Trafikbrott,1
2020,5,Pajala kommun,"Trafikolycka,  vilt",1
2020,5,Piteå kommun,Trafikolycka,6
2020,5,Piteå kommun,Trafikkontroll,5
2020,5,Piteå kommun,Rattfylleri,3
2020,5,Piteå kommun,Sammanfattning natt,3
2020,5,Piteå kommun,Arbetsplatsolycka,2
2020,5,Piteå kommun,"Motorfordon,  anträffat stulet",2
2020,5,Piteå kommun,Olaga frihetsberövande/människorov,2
2020,5,Piteå kommun,Trafikbrott,2
2020,5,Piteå kommun,Brand,1
2020,5,Piteå kommun,Misshandel,1
2020,5,Piteå kommun,Stöld,1
2020,5,Piteå kommun,Trafikhinder,1
2020,5,Piteå kommun,"Trafikolycka,  smitning från",1
2020,5,Piteå kommun,"Trafikolycka,  vilt",1
2020,5,Älvsbyns kommun,Trafikkontroll,4
2020,5,Älvsbyns kommun,Rattfylleri,2
2020,5,Älvsbyns kommun,Sammanfattning natt,1
2020,5,Älvsbyns kommun,"Trafikolycka,  vilt",1
2020,5,Överkalix kommun,Trafikbrott,2
2020,5,Överkalix kommun,Trafikkontroll,2
2020,5,Överkalix kommun,"Trafikolycka,  vilt",1
2020,5,Övertorneå kommun,Trafikbrott,1
2020,6,Arjeplogs kommun,Arbetsplatsolycka,1
2020,6,Arjeplogs kommun,Fjällräddning,1
2020,6,Arjeplogs kommun,Övrigt,1
2020,6,Arvidsjaurs kommun,Trafikkontroll,2
2020,6,Arvidsjaurs kommun,Rattfylleri,1
2020,6,Arvidsjaurs kommun,Stöld/inbrott,1
2020,6,Arvidsjaurs kommun,Trafikbrott,1
2020,6,Arvidsjaurs kommun,"Trafikolycka,  vilt",1
2020,6,Bodens kommun,Trafikkontroll,8
2020,6,Bodens kommun,Trafikbrott,6
2020,6,Bodens kommun,Sammanfattning natt,3
2020,6,Bodens kommun,Brand,2
2020,6,Bodens kommun,Rattfylleri,2
2020,6,Bodens kommun,Trafikolycka,2
2020,6,Bodens kommun,Försvunnen person,1
2020,6,Bodens kommun,Stöld,1
2020,6,Gällivare kommun,Sammanfattning natt,3
2020,6,Gällivare kommun,Trafikkontroll,2
2020,6,Gällivare kommun,Misshandel,1
2020,6,Gällivare kommun,Narkotikabrott,1
2020,6,Haparanda kommun,Trafikbrott,4
2020,6,Haparanda kommun,Arbetsplatsolycka,1
2020,6,Haparanda kommun,Misshandel,1
2020,6,Haparanda kommun,Rattfylleri,1
2020,6,Haparanda kommun,Stöld/inbrott,1
2020,6,Haparanda kommun,Trafikkontroll,1
2020,6,Haparanda kommun,Trafikolycka,1
2020,6,Haparanda kommun,Övrigt,1
2020,6,Jokkmokks kommun,Trafikbrott,1
2020,6,Kalix kommun,Trafikkontroll,3
2020,6,Kalix kommun,Trafikolycka,2
2020,6,Kalix kommun,Brand,1
2020,6,Kalix kommun,Inbrott,1
2020,6,Kalix kommun,Rattfylleri,1
2020,6,Kalix kommun,Stöld,1
2020,6,Kalix kommun,Stöld/inbrott,1
2020,6,Kalix kommun,"Trafikolycka,  vilt",1
2020,6,Kalix kommun,Våld/hot mot tjänsteman,1
2020,6,Kiruna kommun,Trafikbrott,7
2020,6,Kiruna kommun,Fjällräddning,6
2020,6,Kiruna kommun,Rattfylleri,3
2020,6,Kiruna kommun,Trafikkontroll,2
2020,6,Kiruna kommun,Fylleri/LOB,1
2020,6,Kiruna kommun,Sammanfattning natt,1
2020,6,Kiruna kommun,Trafikolycka,1
2020,6,Kiruna kommun,"Trafikolycka,  vilt",1
2020,6,Kiruna kommun,Övrigt,1
2020,6,Luleå kommun,Rattfylleri,5
2020,6,Luleå kommun,Stöld,5
2020,6,Luleå kommun,Trafikkontroll,5
2020,6,Luleå kommun,Fylleri/LOB,4
2020,6,Luleå kommun,Trafikbrott,3
2020,6,Luleå kommun,Anträffat gods,2
2020,6,Luleå kommun,Larm Överfall,2
2020,6,Luleå kommun,Misshandel,2
2020,6,Luleå kommun,Narkotikabrott,2
2020,6,Luleå kommun,Olovlig körning,2
2020,6,Luleå kommun,Trafikolycka,2
2020,6,Luleå kommun,"Trafikolycka,  singel",2
2020,6,Luleå kommun,Brand,1
2020,6,Luleå kommun,Djur,1
2020,6,Luleå kommun,Försvunnen person,1
2020,6,Luleå kommun,Inbrott,1
2020,6,Luleå kommun,"Misshandel,  grov",1
2020,6,Luleå kommun,Rån,1
2020,6,Luleå kommun,Sammanfattning natt,1
2020,6,Luleå kommun,Skadegörelse,1
2020,6,Luleå kommun,"Stöld,  försök",1
2020,6,Luleå kommun,Stöld/inbrott,1
2020,6,Luleå kommun,Trafikhinder,1
2020,6,Luleå kommun,"Trafikolycka,  vilt",1
2020,6,Luleå kommun,Övrigt,1
2020,6,"Norrbotten, okänd kommun",Sammanfattning natt,26
2020,6,"Norrbotten, okänd kommun",Trafikkontroll,4
2020,6,"Norrbotten, okänd kommun",Övrigt,3
2020,6,"Norrbotten, okänd kommun",Försvunnen person,2
2020,6,"Norrbotten, okänd kommun",Sammanfattning kväll,1
2020,6,"Norrbotten, okänd kommun",Sammanfattning kväll och natt,1
2020,6,"Norrbotten, okänd kommun",Trafikbrott,1
2020,6,"Norrbotten, okänd kommun","Trafikolycka,  vilt",1
2020,6,Pajala kommun,Trafikbrott,2
2020,6,Pajala kommun,Inbrott,1
2020,6,Piteå kommun,Trafikkontroll,7
2020,6,Piteå kommun,Trafikbrott,6
2020,6,Piteå kommun,Arbetsplatsolycka,2
2020,6,Piteå kommun,Stöld,2
2020,6,Piteå kommun,Trafikolycka,2
2020,6,Piteå kommun,"Trafikolycka,  vilt",2
2020,6,Piteå kommun,Anträffat gods,1
2020,6,Piteå kommun,Brand,1
2020,6,Piteå kommun,Fylleri/LOB,1
2020,6,Piteå kommun,"Motorfordon,  anträffat stulet",1
2020,6,Piteå kommun,Sedlighetsbrott,1
2020,6,Piteå kommun,Skadegörelse,1
2020,6,Piteå kommun,"Trafikolycka,  smitning från",1
2020,6,Älvsbyns kommun,Anträffad död,1
2020,6,Älvsbyns kommun,Rattfylleri,1
2020,6,Älvsbyns kommun,Trafikhinder,1
2020,6,Älvsbyns kommun,Trafikkontroll,1
2020,6,Älvsbyns kommun,Våld/hot mot tjänsteman,1
2020,6,Överkalix kommun,Olovlig körning,1
2020,6,Överkalix kommun,Trafikbrott,1
2020,6,Överkalix kommun,Trafikkontroll,1
2020,6,Övertorneå kommun,Trafikkontroll,2
2020,6,Övertorneå kommun,Trafikolycka,1
2020,7,Arjeplogs kommun,Trafikkontroll,2
2020,7,Arjeplogs kommun,Fjällräddning,1
2020,7,Arvidsjaurs kommun,Trafikbrott,3
2020,7,Arvidsjaurs kommun,Inbrott,2
2020,7,Arvidsjaurs kommun,Försvunnen person,1
2020,7,Arvidsjaurs kommun,Misshandel,1
2020,7,Arvidsjaurs kommun,Mord/dråp,1
2020,7,Arvidsjaurs kommun,Trafikolycka,1
2020,7,Arvidsjaurs kommun,"Trafikolycka,  vilt",1
2020,7,Bodens kommun,Trafikkontroll,7
2020,7,Bodens kommun,Trafikbrott,6
2020,7,Bodens kommun,Fylleri/LOB,2
2020,7,Bodens kommun,Olovlig körning,2
2020,7,Bodens kommun,Rattfylleri,2
2020,7,Bodens kommun,Trafikolycka,2
2020,7,Bodens kommun,Försvunnen person,1
2020,7,Bodens kommun,Misshandel,1
2020,7,Bodens kommun,Sammanfattning kväll och natt,1
2020,7,Bodens kommun,"Trafikolycka,  singel",1
2020,7,Bodens kommun,Uppdatering,1
2020,7,Gällivare kommun,Sammanfattning natt,3
2020,7,Gällivare kommun,Trafikkontroll,3
2020,7,Gällivare kommun,Arbetsplatsolycka,2
2020,7,Gällivare kommun,Fjällräddning,2
2020,7,Gällivare kommun,Misshandel,1
2020,7,Gällivare kommun,Stöld/inbrott,1
2020,7,Gällivare kommun,Trafikbrott,1
2020,7,Gällivare kommun,Trafikolycka,1
2020,7,Gällivare kommun,"Trafikolycka,  vilt",1
2020,7,Haparanda kommun,Sammanfattning kväll och natt,4
2020,7,Haparanda kommun,Trafikbrott,3
2020,7,Haparanda kommun,Anträffad död,1
2020,7,Haparanda kommun,Rattfylleri,1
2020,7,Haparanda kommun,Uppdatering,1
2020,7,Jokkmokks kommun,Fjällräddning,2
2020,7,Jokkmokks kommun,"Motorfordon,  anträffat stulet",1
2020,7,Jokkmokks kommun,Olovlig körning,1
2020,7,Jokkmokks kommun,Rattfylleri,1
2020,7,Jokkmokks kommun,Trafikolycka,1
2020,7,Jokkmokks kommun,"Trafikolycka,  vilt",1
2020,7,Kalix kommun,Rattfylleri,2
2020,7,Kalix kommun,Trafikbrott,2
2020,7,Kalix kommun,Trafikkontroll,2
2020,7,Kalix kommun,Försvunnen person,1
2020,7,Kalix kommun,"Motorfordon,  stöld",1
2020,7,Kalix kommun,Narkotikabrott,1
2020,7,Kalix kommun,Olaga hot,1
2020,7,Kalix kommun,Olovlig körning,1
2020,7,Kalix kommun,Sammanfattning natt,1
2020,7,Kalix kommun,Trafikolycka,1
2020,7,Kalix kommun,"Trafikolycka,  vilt",1
2020,7,Kalix kommun,"Våldtäkt,  försök",1
2020,7,Kiruna kommun,Fjällräddning,5
2020,7,Kiruna kommun,Sammanfattning natt,5
2020,7,Kiruna kommun,Trafikkontroll,3
2020,7,Kiruna kommun,Rattfylleri,2
2020,7,Kiruna kommun,Djur,1
2020,7,Kiruna kommun,Misshandel,1
2020,7,Kiruna kommun,Mord/dråp,1
2020,7,Kiruna kommun,Skadegörelse,1
2020,7,Kiruna kommun,Stöld,1
2020,7,Kiruna kommun,Trafikolycka,1
2020,7,Kiruna kommun,"Trafikolycka,  singel",1
2020,7,Luleå kommun,Trafikolycka,6
2020,7,Luleå kommun,Narkotikabrott,4
2020,7,Luleå kommun,Olovlig körning,4
2020,7,Luleå kommun,Rattfylleri,4
2020,7,Luleå kommun,Trafikkontroll,4
2020,7,Luleå kommun,Stöld,3
2020,7,Luleå kommun,"Trafikolycka,  singel",3
2020,7,Luleå kommun,Arbetsplatsolycka,2
2020,7,Luleå kommun,Trafikbrott,2
2020,7,Luleå kommun,Anträffat gods,1
2020,7,Luleå kommun,Bedrägeri,1
2020,7,Luleå kommun,Brand,1
2020,7,Luleå kommun,Djur,1
2020,7,Luleå kommun,Fylleri/LOB,1
2020,7,Luleå kommun,Larm Överfall,1
2020,7,Luleå kommun,"Motorfordon,  anträffat stulet",1
2020,7,Luleå kommun,Ofredande/förargelse,1
2020,7,Luleå kommun,Olaga hot,1
2020,7,Luleå kommun,Rån,1
2020,7,Luleå kommun,Sammanfattning kväll och natt,1
2020,7,Luleå kommun,Sammanfattning natt,1
2020,7,Luleå kommun,"Stöld,  försök",1
2020,7,Luleå kommun,Stöld/inbrott,1
2020,7,Luleå kommun,"Trafikolycka,  vilt",1
2020,7,Luleå kommun,Uppdatering,1
2020,7,"Norrbotten, okänd kommun",Sammanfattning natt,18
2020,7,"Norrbotten, okänd kommun",Övrigt,10
2020,7,"Norrbotten, okänd kommun",Sammanfattning kväll,2
2020,7,"Norrbotten, okänd kommun",Trafikkontroll,2
2020,7,"Norrbotten, okänd kommun","Trafikolycka,  vilt",2
2020,7,"Norrbotten, okänd kommun",Försvunnen person,1
2020,7,"Norrbotten, okänd kommun",Sammanfattning kväll och natt,1
2020,7,Pajala kommun,Trafikbrott,1
2020,7,Piteå kommun,Brand,3
2020,7,Piteå kommun,Sammanfattning natt,3
2020,7,Piteå kommun,Rattfylleri,2
2020,7,Piteå kommun,Trafikbrott,2
2020,7,Piteå kommun,Miljöbrott,1
2020,7,Piteå kommun,Misshandel,1
2020,7,Piteå kommun,Narkotikabrott,1
2020,7,Piteå kommun,Räddningsinsats,1
2020,7,Piteå kommun,Sammanfattning kväll,1
2020,7,Piteå kommun,Trafikkontroll,1
2020,7,Piteå kommun,"Trafikolycka,  singel",1
2020,7,Piteå kommun,Våldtäkt,1
2020,7,Älvsbyns kommun,Trafikbrott,1
2020,7,Älvsbyns kommun,"Trafikolycka,  vilt",1
2020,7,Älvsbyns kommun,Övrigt,1
2020,7,Överkalix kommun,Trafikkontroll,1
2020,7,Övertorneå kommun,Trafikbrott,1
2020,7,Övertorneå kommun,Trafikkontroll,1
2020,8,Arjeplogs kommun,Trafikkontroll,2
2020,8,Arjeplogs kommun,Stöld/inbrott,1
2020,8,Arjeplogs kommun,Trafikbrott,1
2020,8,Arjeplogs kommun,"Trafikolycka,  vilt",1
2020,8,Arvidsjaurs kommun,Trafikkontroll,2
2020,8,Arvidsjaurs kommun,"Motorfordon,  anträffat stulet",1
2020,8,Bodens kommun,Trafikbrott,12
2020,8,Bodens kommun,Trafikkontroll,7
2020,8,Bodens kommun,Stöld,3
2020,8,Bodens kommun,Fylleri/LOB,2
2020,8,Bodens kommun,Skadegörelse,2
2020,8,Bodens kommun,Arbetsplatsolycka,1
2020,8,Bodens kommun,Misshandel,1
2020,8,Bodens kommun,"Misshandel,  grov",1
2020,8,Bodens kommun,Narkotikabrott,1
2020,8,Bodens kommun,Sammanfattning natt,1
2020,8,Bodens kommun,Trafikolycka,1
2020,8,Bodens kommun,"Trafikolycka,  vilt",1
2020,8,Bodens kommun,Våld/hot mot tjänsteman,1
2020,8,Gällivare kommun,Trafikbrott,6
2020,8,Gällivare kommun,Sammanfattning natt,2
2020,8,Gällivare kommun,Trafikkontroll,2
2020,8,Gällivare kommun,Arbetsplatsolycka,1
2020,8,Gällivare kommun,Försvunnen person,1
2020,8,Gällivare kommun,Knivlagen,1
2020,8,Gällivare kommun,Rattfylleri,1
2020,8,Gällivare kommun,Stöld,1
2020,8,Gällivare kommun,Stöld/inbrott,1
2020,8,Gällivare kommun,Trafikolycka,1
2020,8,Haparanda kommun,Brand,2
2020,8,Haparanda kommun,Olaga hot,2
2020,8,Haparanda kommun,Stöld/inbrott,2
2020,8,Haparanda kommun,Trafikkontroll,2
2020,8,Haparanda kommun,Mord/dråp,1
2020,8,Haparanda kommun,Narkotikabrott,1
2020,8,Haparanda kommun,Trafikbrott,1
2020,8,Haparanda kommun,Trafikolycka,1
2020,8,Haparanda kommun,Övrigt,1
2020,8,Jokkmokks kommun,Fjällräddning,4
2020,8,Jokkmokks kommun,Inbrott,1
2020,8,Jokkmokks kommun,Rattfylleri,1
2020,8,Jokkmokks kommun,Stöld/inbrott,1
2020,8,Jokkmokks kommun,"Trafikolycka,  vilt",1
2020,8,Kalix kommun,Olovlig körning,2
2020,8,Kalix kommun,Trafikolycka,2
2020,8,Kalix kommun,Fylleri/LOB,1
2020,8,Kalix kommun,Försvunnen person,1
2020,8,Kalix kommun,Rattfylleri,1
2020,8,Kalix kommun,Stöld/inbrott,1
2020,8,Kalix kommun,Trafikbrott,1
2020,8,Kiruna kommun,Fjällräddning,9
2020,8,Kiruna kommun,Trafikbrott,5
2020,8,Kiruna kommun,Trafikkontroll,5
2020,8,Kiruna kommun,Stöld/inbrott,2
2020,8,Kiruna kommun,Trafikolycka,2
2020,8,Kiruna kommun,Fylleri/LOB,1
2020,8,Kiruna kommun,"Motorfordon,  anträffat stulet",1
2020,8,Kiruna kommun,Narkotikabrott,1
2020,8,Kiruna kommun,Sammanfattning natt,1
2020,8,Luleå kommun,Trafikkontroll,10
2020,8,Luleå kommun,Trafikbrott,7
2020,8,Luleå kommun,Brand,4
2020,8,Luleå kommun,Fylleri/LOB,4
2020,8,Luleå kommun,Rattfylleri,4
2020,8,Luleå kommun,Trafikolycka,4
2020,8,Luleå kommun,Stöld,3
2020,8,Luleå kommun,Misshandel,2
2020,8,Luleå kommun,"Motorfordon,  anträffat stulet",2
2020,8,Luleå kommun,Narkotikabrott,2
2020,8,Luleå kommun,Olaga hot,2
2020,8,Luleå kommun,Sammanfattning natt,2
2020,8,Luleå kommun,Stöld/inbrott,2
2020,8,Luleå kommun,Arbetsplatsolycka,1
2020,8,Luleå kommun,Bedrägeri,1
2020,8,Luleå kommun,Försvunnen person,1
2020,8,Luleå kommun,Mord/dråp,1
2020,8,Luleå kommun,"Motorfordon,  stöld",1
2020,8,Luleå kommun,Olaga intrång,1
2020,8,Luleå kommun,Rån,1
2020,8,Luleå kommun,Skadegörelse,1
2020,8,Luleå kommun,"Trafikolycka,  vilt",1
2020,8,Luleå kommun,Övrigt,1
2020,8,"Norrbotten, okänd kommun",Sammanfattning natt,24
2020,8,"Norrbotten, okänd kommun",Övrigt,13
2020,8,"Norrbotten, okänd kommun",Trafikkontroll,7
2020,8,"Norrbotten, okänd kommun",Fjällräddning,4
2020,8,"Norrbotten, okänd kommun",Sammanfattning kväll och natt,1
2020,8,"Norrbotten, okänd kommun",Stöld/inbrott,1
2020,8,"Norrbotten, okänd kommun",Trafikbrott,1
2020,8,Pajala kommun,"Trafikolycka,  vilt",2
2020,8,Pajala kommun,Sammanfattning natt,1
2020,8,Pajala kommun,Trafikbrott,1
2020,8,Pajala kommun,Trafikkontroll,1
2020,8,Pajala kommun,Trafikolycka,1
2020,8,Piteå kommun,Stöld,2
2020,8,Piteå kommun,Stöld/inbrott,2
2020,8,Piteå kommun,Trafikbrott,2
2020,8,Piteå kommun,Trafikkontroll,2
2020,8,Piteå kommun,Arbetsplatsolycka,1
2020,8,Piteå kommun,Brand,1
2020,8,Piteå kommun,Misshandel,1
2020,8,Piteå kommun,"Motorfordon,  anträffat stulet",1
2020,8,Piteå kommun,Rattfylleri,1
2020,8,Piteå kommun,Räddningsinsats,1
2020,8,Piteå kommun,Rån,1
2020,8,Piteå kommun,Sammanfattning natt,1
2020,8,Piteå kommun,Skadegörelse,1
2020,8,Piteå kommun,"Trafikolycka,  singel",1
2020,8,Piteå kommun,"Trafikolycka,  vilt",1
2020,8,Piteå kommun,Vållande till kroppsskada,1
2020,8,Älvsbyns kommun,Trafikbrott,4
2020,8,Älvsbyns kommun,Rattfylleri,3
2020,8,Älvsbyns kommun,"Motorfordon,  stöld",2
2020,8,Älvsbyns kommun,Arbetsplatsolycka,1
2020,8,Älvsbyns kommun,Brand,1
2020,8,Älvsbyns kommun,Försvunnen person,1
2020,8,Älvsbyns kommun,Stöld,1
2020,8,Älvsbyns kommun,Stöld/inbrott,1
2020,8,Älvsbyns kommun,Trafikkontroll,1
2020,8,Älvsbyns kommun,"Trafikolycka,  singel",1
2020,8,Överkalix kommun,"Mord/dråp,  försök",1
2020,8,Överkalix kommun,Stöld,1
2020,8,Övertorneå kommun,Rattfylleri,1
2020,8,Övertorneå kommun,Trafikbrott,1
2020,9,Arjeplogs kommun,"Motorfordon,  stöld",1
2020,9,Arvidsjaurs kommun,"Trafikolycka,  vilt",2
2020,9,Arvidsjaurs kommun,Inbrott,1
2020,9,Arvidsjaurs kommun,Sammanfattning natt,1
2020,9,Bodens kommun,Trafikkontroll,15
2020,9,Bodens kommun,Stöld,4
2020,9,Bodens kommun,Fylleri/LOB,3
2020,9,Bodens kommun,Olovlig körning,3
2020,9,Bodens kommun,Rattfylleri,2
2020,9,Bodens kommun,Sammanfattning natt,2
2020,9,Bodens kommun,Trafikbrott,2
2020,9,Bodens kommun,Bedrägeri,1
2020,9,Bodens kommun,Brand,1
2020,9,Bodens kommun,Knivlagen,1
2020,9,Bodens kommun,Misshandel,1
2020,9,Bodens kommun,"Motorfordon,  stöld",1
2020,9,Bodens kommun,Olaga hot,1
2020,9,Bodens kommun,Stöld/inbrott,1
2020,9,Gällivare kommun,Trafikkontroll,4
2020,9,Gällivare kommun,Trafikolycka,2
2020,9,Gällivare kommun,"Trafikolycka,  vilt",2
2020,9,Gällivare kommun,Brand,1
2020,9,Gällivare kommun,Försvunnen person,1
2020,9,Gällivare kommun,Misshandel,1
2020,9,Gällivare kommun,Sammanfattning natt,1
2020,9,Gällivare kommun,Stöld,1
2020,9,Gällivare kommun,Trafikbrott,1
2020,9,Gällivare kommun,"Trafikolycka,  singel",1
2020,9,Haparanda kommun,Trafikkontroll,2
2020,9,Haparanda kommun,Brand,1
2020,9,Haparanda kommun,Inbrott,1
2020,9,Haparanda kommun,Narkotikabrott,1
2020,9,Haparanda kommun,Olovlig körning,1
2020,9,Jokkmokks kommun,Fjällräddning,1
2020,9,Jokkmokks kommun,Trafikbrott,1
2020,9,Jokkmokks kommun,"Trafikolycka,  vilt",1
2020,9,Kalix kommun,Trafikkontroll,4
2020,9,Kalix kommun,Sammanfattning natt,3
2020,9,Kalix kommun,Trafikbrott,3
2020,9,Kalix kommun,Rattfylleri,2
2020,9,Kalix kommun,Stöld/inbrott,2
2020,9,Kalix kommun,Trafikolycka,2
2020,9,Kalix kommun,Inbrott,1
2020,9,Kalix kommun,Olovlig körning,1
2020,9,Kiruna kommun,Trafikbrott,6
2020,9,Kiruna kommun,Fjällräddning,2
2020,9,Kiruna kommun,Rattfylleri,2
2020,9,Kiruna kommun,Sammanfattning natt,2
2020,9,Kiruna kommun,Stöld,2
2020,9,Kiruna kommun,Skadegörelse,1
2020,9,Kiruna kommun,Stöld/inbrott,1
2020,9,Kiruna kommun,Trafikkontroll,1
2020,9,Kiruna kommun,Våldtäkt,1
2020,9,Luleå kommun,Trafikolycka,9
2020,9,Luleå kommun,Trafikkontroll,8
2020,9,Luleå kommun,Narkotikabrott,6
2020,9,Luleå kommun,Trafikbrott,6
2020,9,Luleå kommun,Stöld,5
2020,9,Luleå kommun,Rattfylleri,4
2020,9,Luleå kommun,Sammanfattning natt,3
2020,9,Luleå kommun,Arbetsplatsolycka,2
2020,9,Luleå kommun,Brand,2
2020,9,Luleå kommun,Misshandel,2
2020,9,Luleå kommun,"Motorfordon,  stöld",2
2020,9,Luleå kommun,Olovlig körning,2
2020,9,Luleå kommun,Skadegörelse,2
2020,9,Luleå kommun,Stöld/inbrott,2
2020,9,Luleå kommun,Inbrott,1
2020,9,Luleå kommun,Knivlagen,1
2020,9,Luleå kommun,"Motorfordon,  anträffat stulet",1
2020,9,Luleå kommun,"Trafikolycka,  personskada",1
2020,9,Luleå kommun,"Trafikolycka,  singel",1
2020,9,Luleå kommun,"Trafikolycka,  smitning från",1
2020,9,"Norrbotten, okänd kommun",Sammanfattning natt,20
2020,9,"Norrbotten, okänd kommun",Trafikkontroll,10
2020,9,"Norrbotten, okänd kommun",Övrigt,7
2020,9,"Norrbotten, okänd kommun",Sammanfattning kväll,2
2020,9,"Norrbotten, okänd kommun","Trafikolycka,  vilt",2
2020,9,"Norrbotten, okänd kommun",Sammanfattning eftermiddag,1
2020,9,"Norrbotten, okänd kommun",Trafikbrott,1
2020,9,"Norrbotten, okänd kommun",Uppdatering,1
2020,9,Pajala kommun,Trafikbrott,1
2020,9,Piteå kommun,Trafikkontroll,3
2020,9,Piteå kommun,Trafikolycka,3
2020,9,Piteå kommun,Skadegörelse,2
2020,9,Piteå kommun,Stöld,2
2020,9,Piteå kommun,Arbetsplatsolycka,1
2020,9,Piteå kommun,Fylleri/LOB,1
2020,9,Piteå kommun,Försvunnen person,1
2020,9,Piteå kommun,Inbrott,1
2020,9,Piteå kommun,Mord/dråp,1
2020,9,Piteå kommun,Olaga hot,1
2020,9,Piteå kommun,Olovlig körning,1
2020,9,Piteå kommun,Rattfylleri,1
2020,9,Piteå kommun,Räddningsinsats,1
2020,9,Piteå kommun,Sammanfattning kväll,1
2020,9,Piteå kommun,Stöld/inbrott,1
2020,9,Piteå kommun,"Trafikolycka,  vilt",1
2020,9,Älvsbyns kommun,Trafikkontroll,2
2020,9,Älvsbyns kommun,"Trafikolycka,  vilt",2
2020,9,Älvsbyns kommun,Inbrott,1
2020,9,Älvsbyns kommun,Rattfylleri,1
2020,9,Älvsbyns kommun,Stöld/inbrott,1
2020,9,Älvsbyns kommun,Trafikbrott,1
2020,9,Överkalix kommun,Trafikkontroll,1
2020,9,Övertorneå kommun,Trafikbrott,3
2020,9,Övertorneå kommun,"Trafikolycka,  vilt",2
2020,9,Övertorneå kommun,Trafikkontroll,1
2020,10,Arjeplogs kommun,"Trafikolycka,  vilt",1
2020,10,Arvidsjaurs kommun,Rattfylleri,2
2020,10,Arvidsjaurs kommun,Trafikolycka,2
2020,10,Arvidsjaurs kommun,"Trafikolycka,  vilt",2
2020,10,Arvidsjaurs kommun,Trafikkontroll,1
2020,10,Bodens kommun,Trafikkontroll,21
2020,10,Bodens kommun,Rattfylleri,8
2020,10,Bodens kommun,Trafikbrott,8
2020,10,Bodens kommun,Stöld/inbrott,4
2020,10,Bodens kommun,Misshandel,3
2020,10,Bodens kommun,Mord/dråp,2
2020,10,Bodens kommun,Stöld,2
2020,10,Bodens kommun,Arbetsplatsolycka,1
2020,10,Bodens kommun,Brand,1
2020,10,Bodens kommun,Knivlagen,1
2020,10,Bodens kommun,Narkotikabrott,1
2020,10,Bodens kommun,Sammanfattning natt,1
2020,10,Bodens kommun,Trafikolycka,1
2020,10,Gällivare kommun,Trafikbrott,6
2020,10,Gällivare kommun,Trafikolycka,4
2020,10,Gällivare kommun,Stöld/inbrott,3
2020,10,Gällivare kommun,Fjällräddning,2
2020,10,Gällivare kommun,Rattfylleri,2
2020,10,Gällivare kommun,Trafikkontroll,2
2020,10,Gällivare kommun,Brand,1
2020,10,Gällivare kommun,Misshandel,1
2020,10,Gällivare kommun,Narkotikabrott,1
2020,10,Gällivare kommun,Sammanfattning natt,1
2020,10,Gällivare kommun,Övrigt,1
2020,10,Haparanda kommun,Stöld,2
2020,10,Haparanda kommun,Trafikolycka,2
2020,10,Haparanda kommun,Fylleri/LOB,1
2020,10,Haparanda kommun,"Motorfordon,  anträffat stulet",1
2020,10,Haparanda kommun,Narkotikabrott,1
2020,10,Haparanda kommun,Rattfylleri,1
2020,10,Haparanda kommun,Sammanfattning natt,1
2020,10,Haparanda kommun,Stöld/inbrott,1
2020,10,Haparanda kommun,Övrigt,1
2020,10,Jokkmokks kommun,Stöld,1
2020,10,Jokkmokks kommun,"Trafikolycka,  vilt",1
2020,10,Kalix kommun,Rattfylleri,4
2020,10,Kalix kommun,Trafikkontroll,4
2020,10,Kalix kommun,Djur,2
2020,10,Kalix kommun,Trafikolycka,2
2020,10,Kalix kommun,Brand,1
2020,10,Kalix kommun,Fylleri/LOB,1
2020,10,Kalix kommun,Inbrott,1
2020,10,Kalix kommun,Kontroll person/fordon,1
2020,10,Kalix kommun,Misshandel,1
2020,10,Kalix kommun,"Motorfordon,  anträffat stulet",1
2020,10,Kalix kommun,Narkotikabrott,1
2020,10,Kalix kommun,Olaga hot,1
2020,10,Kalix kommun,Olovlig körning,1
2020,10,Kalix kommun,Sammanfattning natt,1
2020,10,Kalix kommun,Stöld/inbrott,1
2020,10,Kalix kommun,Trafikbrott,1
2020,10,Kiruna kommun,Rattfylleri,4
2020,10,Kiruna kommun,Trafikkontroll,4
2020,10,Kiruna kommun,Trafikbrott,3
2020,10,Kiruna kommun,Trafikolycka,2
2020,10,Kiruna kommun,Arbetsplatsolycka,1
2020,10,Kiruna kommun,Fjällräddning,1
2020,10,Kiruna kommun,"Trafikolycka,  vilt",1
2020,10,Luleå kommun,Trafikolycka,14
2020,10,Luleå kommun,Stöld,9
2020,10,Luleå kommun,Trafikkontroll,7
2020,10,Luleå kommun,Sammanfattning natt,6
2020,10,Luleå kommun,Fylleri/LOB,5
2020,10,Luleå kommun,Rattfylleri,5
2020,10,Luleå kommun,Narkotikabrott,4
2020,10,Luleå kommun,Stöld/inbrott,4
2020,10,Luleå kommun,Trafikbrott,3
2020,10,Luleå kommun,"Trafikolycka,  vilt",2
2020,10,Luleå kommun,Djur,1
2020,10,Luleå kommun,Inbrott,1
2020,10,Luleå kommun,Knivlagen,1
2020,10,Luleå kommun,Misshandel,1
2020,10,Luleå kommun,"Motorfordon,  anträffat stulet",1
2020,10,Luleå kommun,"Stöld,  försök",1
2020,10,Luleå kommun,Våldtäkt,1
2020,10,"Norrbotten, okänd kommun",Sammanfattning natt,18
2020,10,"Norrbotten, okänd kommun","Trafikolycka,  vilt",10
2020,10,"Norrbotten, okänd kommun",Trafikkontroll,8
2020,10,"Norrbotten, okänd kommun",Övrigt,6
2020,10,"Norrbotten, okänd kommun",Trafikolycka,3
2020,10,"Norrbotten, okänd kommun",Sammanfattning kväll,1
2020,10,Pajala kommun,Rattfylleri,2
2020,10,Pajala kommun,Trafikbrott,1
2020,10,Pajala kommun,Trafikkontroll,1
2020,10,Piteå kommun,Trafikolycka,7
2020,10,Piteå kommun,Stöld,4
2020,10,Piteå kommun,Trafikkontroll,3
2020,10,Piteå kommun,Inbrott,1
2020,10,Piteå kommun,"Motorfordon,  anträffat stulet",1
2020,10,Piteå kommun,Narkotikabrott,1
2020,10,Piteå kommun,Olovlig körning,1
2020,10,Piteå kommun,Rattfylleri,1
2020,10,Piteå kommun,Sammanfattning kväll,1
2020,10,Piteå kommun,Trafikbrott,1
2020,10,Älvsbyns kommun,Rattfylleri,2
2020,10,Älvsbyns kommun,"Trafikolycka,  vilt",2
2020,10,Älvsbyns kommun,Trafikbrott,1
2020,10,Älvsbyns kommun,Trafikkontroll,1
2020,10,Överkalix kommun,Sammanfattning natt,1
2020,10,Överkalix kommun,Trafikbrott,1
2020,10,Överkalix kommun,Trafikhinder,1
2020,10,Överkalix kommun,"Trafikolycka,  singel",1
2020,10,Övertorneå kommun,"Trafikolycka,  vilt",2
2020,10,Övertorneå kommun,Arbetsplatsolycka,1
2020,10,Övertorneå kommun,Djur,1
2020,11,Arjeplogs kommun,Rattfylleri,1
2020,11,Arjeplogs kommun,"Trafikolycka,  vilt",1
2020,11,Arvidsjaurs kommun,"Trafikolycka,  vilt",2
2020,11,Arvidsjaurs kommun,Trafikkontroll,1
2020,11,Arvidsjaurs kommun,Trafikolycka,1
2020,11,Bodens kommun,Trafikkontroll,21
2020,11,Bodens kommun,Trafikbrott,8
2020,11,Bodens kommun,Brand,2
2020,11,Bodens kommun,Rattfylleri,2
2020,11,Bodens kommun,Trafikolycka,2
2020,11,Bodens kommun,"Trafikolycka,  vilt",2
2020,11,Bodens kommun,Alkohollagen,1
2020,11,Bodens kommun,Arbetsplatsolycka,1
2020,11,Bodens kommun,Bråk,1
2020,11,Bodens kommun,Fylleri/LOB,1
2020,11,Bodens kommun,Försvunnen person,1
2020,11,Bodens kommun,Knivlagen,1
2020,11,Bodens kommun,Misshandel,1
2020,11,Bodens kommun,Narkotikabrott,1
2020,11,Bodens kommun,Olaga hot,1
2020,11,Bodens kommun,Olovlig körning,1
2020,11,Bodens kommun,Sammanfattning kväll,1
2020,11,Bodens kommun,"Trafikolycka,  singel",1
2020,11,Gällivare kommun,Trafikbrott,6
2020,11,Gällivare kommun,Rattfylleri,5
2020,11,Gällivare kommun,Trafikolycka,3
2020,11,Gällivare kommun,Brand,1
2020,11,Gällivare kommun,Fylleri/LOB,1
2020,11,Gällivare kommun,Misshandel,1
2020,11,Gällivare kommun,"Motorfordon,  anträffat stulet",1
2020,11,Gällivare kommun,"Trafikolycka,  personskada",1
2020,11,Gällivare kommun,"Trafikolycka,  vilt",1
2020,11,Haparanda kommun,Skadegörelse,1
2020,11,Haparanda kommun,Trafikkontroll,1
2020,11,Haparanda kommun,Trafikolycka,1
2020,11,Jokkmokks kommun,Sammanfattning natt,1
2020,11,Kalix kommun,Trafikolycka,3
2020,11,Kalix kommun,Stöld,2
2020,11,Kalix kommun,Olaga intrång,1
2020,11,Kalix kommun,Rattfylleri,1
2020,11,Kalix kommun,Trafikbrott,1
2020,11,Kalix kommun,"Trafikolycka,  vilt",1
2020,11,Kiruna kommun,Trafikbrott,8
2020,11,Kiruna kommun,Olovlig körning,2
2020,11,Kiruna kommun,Arbetsplatsolycka,1
2020,11,Kiruna kommun,Försvunnen person,1
2020,11,Kiruna kommun,Misshandel,1
2020,11,Kiruna kommun,Räddningsinsats,1
2020,11,Kiruna kommun,Trafikkontroll,1
2020,11,Kiruna kommun,Trafikolycka,1
2020,11,Kiruna kommun,"Trafikolycka,  vilt",1
2020,11,Luleå kommun,Stöld,12
2020,11,Luleå kommun,Trafikbrott,12
2020,11,Luleå kommun,Trafikkontroll,9
2020,11,Luleå kommun,Rattfylleri,5
2020,11,Luleå kommun,Sammanfattning natt,3
2020,11,Luleå kommun,Brand,2
2020,11,Luleå kommun,"Motorfordon,  anträffat stulet",2
2020,11,Luleå kommun,"Motorfordon,  stöld",2
2020,11,Luleå kommun,Narkotikabrott,2
2020,11,Luleå kommun,Rån,2
2020,11,Luleå kommun,Stöld/inbrott,2
2020,11,Luleå kommun,Trafikolycka,2
2020,11,Luleå kommun,"Trafikolycka,  vilt",2
2020,11,Luleå kommun,Arbetsplatsolycka,1
2020,11,Luleå kommun,Fylleri/LOB,1
2020,11,Luleå kommun,Inbrott,1
2020,11,Luleå kommun,"Inbrott,  försök",1
2020,11,Luleå kommun,Knivlagen,1
2020,11,Luleå kommun,Misshandel,1
2020,11,Luleå kommun,"Stöld,  försök",1
2020,11,Luleå kommun,Trafikhinder,1
2020,11,Luleå kommun,Våld/hot mot tjänsteman,1
2020,11,"Norrbotten, okänd kommun",Sammanfattning natt,23
2020,11,"Norrbotten, okänd kommun",Trafikkontroll,10
2020,11,"Norrbotten, okänd kommun","Trafikolycka,  vilt",9
2020,11,"Norrbotten, okänd kommun",Övrigt,8
2020,11,"Norrbotten, okänd kommun",Sammanfattning kväll,3
2020,11,"Norrbotten, okänd kommun",Sammanfattning eftermiddag,1
2020,11,"Norrbotten, okänd kommun",Sammanfattning kväll och natt,1
2020,11,"Norrbotten, okänd kommun",Sammanfattning vecka,1
2020,11,"Norrbotten, okänd kommun",Trafikbrott,1
2020,11,Pajala kommun,"Trafikolycka,  vilt",4
2020,11,Pajala kommun,Sammanfattning natt,1
2020,11,Piteå kommun,Trafikbrott,6
2020,11,Piteå kommun,Trafikolycka,6
2020,11,Piteå kommun,Trafikkontroll,5
2020,11,Piteå kommun,Rattfylleri,4
2020,11,Piteå kommun,"Trafikolycka,  vilt",3
2020,11,Piteå kommun,Misshandel,2
2020,11,Piteå kommun,Sammanfattning natt,2
2020,11,Piteå kommun,Stöld/inbrott,2
2020,11,Piteå kommun,Arbetsplatsolycka,1
2020,11,Piteå kommun,Fylleri/LOB,1
2020,11,Piteå kommun,Sammanfattning kväll,1
2020,11,Piteå kommun,Stöld,1
2020,11,Piteå kommun,"Trafikolycka,  singel",1
2020,11,Piteå kommun,"Trafikolycka,  smitning från",1
2020,11,Piteå kommun,Övrigt,1
2020,11,Älvsbyns kommun,Trafikolycka,2
2020,11,Älvsbyns kommun,Rattfylleri,1
2020,11,Älvsbyns kommun,Trafikbrott,1
2020,11,Älvsbyns kommun,Trafikkontroll,1
2020,11,Överkalix kommun,Brand,1
2020,11,Överkalix kommun,Rattfylleri,1
2020,11,Övertorneå kommun,"Trafikolycka,  vilt",3
2020,12,Arjeplogs kommun,Brand,1
2020,12,Arjeplogs kommun,Räddningsinsats,1
2020,12,Arjeplogs kommun,Trafikkontroll,1
2020,12,Arjeplogs kommun,Trafikolycka,1
2020,12,Arvidsjaurs kommun,Trafikkontroll,4
2020,12,Arvidsjaurs kommun,Trafikolycka,1
2020,12,Bodens kommun,Trafikkontroll,19
2020,12,Bodens kommun,Trafikbrott,9
2020,12,Bodens kommun,Trafikolycka,5
2020,12,Bodens kommun,Stöld,4
2020,12,Bodens kommun,Brand,1
2020,12,Bodens kommun,Försvunnen person,1
2020,12,Bodens kommun,Häleri,1
2020,12,Bodens kommun,Rattfylleri,1
2020,12,Bodens kommun,Sammanfattning natt,1
2020,12,Bodens kommun,"Trafikolycka,  vilt",1
2020,12,Gällivare kommun,Trafikbrott,7
2020,12,Gällivare kommun,"Trafikolycka,  vilt",4
2020,12,Gällivare kommun,Trafikkontroll,2
2020,12,Gällivare kommun,Arbetsplatsolycka,1
2020,12,Gällivare kommun,Knivlagen,1
2020,12,Gällivare kommun,"Mord/dråp,  försök",1
2020,12,Gällivare kommun,Rattfylleri,1
2020,12,Gällivare kommun,Sammanfattning natt,1
2020,12,Gällivare kommun,Stöld,1
2020,12,Haparanda kommun,Trafikbrott,2
2020,12,Haparanda kommun,Arbetsplatsolycka,1
2020,12,Haparanda kommun,Misshandel,1
2020,12,Haparanda kommun,Rattfylleri,1
2020,12,Haparanda kommun,Trafikkontroll,1
2020,12,Jokkmokks kommun,Trafikolycka,3
2020,12,Jokkmokks kommun,Rattfylleri,2
2020,12,Jokkmokks kommun,Sammanfattning natt,1
2020,12,Jokkmokks kommun,Trafikbrott,1
2020,12,Jokkmokks kommun,"Trafikolycka,  vilt",1
2020,12,Kalix kommun,Trafikbrott,3
2020,12,Kalix kommun,Rattfylleri,2
2020,12,Kalix kommun,Trafikkontroll,2
2020,12,Kalix kommun,Trafikolycka,2
2020,12,Kalix kommun,Arbetsplatsolycka,1
2020,12,Kalix kommun,Brand,1
2020,12,Kalix kommun,"Misshandel,  grov",1
2020,12,Kalix kommun,Narkotikabrott,1
2020,12,Kalix kommun,Olovlig körning,1
2020,12,Kalix kommun,Stöld,1
2020,12,Kalix kommun,Stöld/inbrott,1
2020,12,Kalix kommun,Trafikhinder,1
2020,12,Kiruna kommun,Trafikolycka,3
2020,12,Kiruna kommun,Uppdatering,3
2020,12,Kiruna kommun,Sammanfattning kväll,2
2020,12,Kiruna kommun,Försvunnen person,1
2020,12,Kiruna kommun,"Motorfordon,  anträffat stulet",1
2020,12,Kiruna kommun,Rattfylleri,1
2020,12,Kiruna kommun,Räddningsinsats,1
2020,12,Kiruna kommun,Sammanfattning natt,1
2020,12,Kiruna kommun,Skadegörelse,1
2020,12,Kiruna kommun,Trafikbrott,1
2020,12,Luleå kommun,Trafikkontroll,12
2020,12,Luleå kommun,Stöld,11
2020,12,Luleå kommun,Trafikolycka,7
2020,12,Luleå kommun,Rattfylleri,5
2020,12,Luleå kommun,Brand,3
2020,12,Luleå kommun,Försvunnen person,2
2020,12,Luleå kommun,Misshandel,2
2020,12,Luleå kommun,Trafikbrott,2
2020,12,Luleå kommun,Arbetsplatsolycka,1
2020,12,Luleå kommun,Fylleri/LOB,1
2020,12,Luleå kommun,Inbrott,1
2020,12,Luleå kommun,Knivlagen,1
2020,12,Luleå kommun,Narkotikabrott,1
2020,12,Luleå kommun,Olovlig körning,1
2020,12,Luleå kommun,Rån,1
2020,12,Luleå kommun,Sammanfattning natt,1
2020,12,Luleå kommun,Skadegörelse,1
2020,12,Luleå kommun,Stöld/inbrott,1
2020,12,Luleå kommun,"Trafikolycka,  vilt",1
2020,12,"Norrbotten, okänd kommun",Sammanfattning natt,23
2020,12,"Norrbotten, okänd kommun","Trafikolycka,  vilt",17
2020,12,"Norrbotten, okänd kommun",Trafikkontroll,13
2020,12,"Norrbotten, okänd kommun",Trafikbrott,4
2020,12,"Norrbotten, okänd kommun",Övrigt,4
2020,12,"Norrbotten, okänd kommun",Sammanfattning kväll,3
2020,12,Pajala kommun,"Trafikolycka,  vilt",2
2020,12,Pajala kommun,Trafikbrott,1
2020,12,Piteå kommun,Trafikkontroll,9
2020,12,Piteå kommun,Trafikbrott,5
2020,12,Piteå kommun,Rattfylleri,2
2020,12,Piteå kommun,Stöld,2
2020,12,Piteå kommun,Trafikolycka,2
2020,12,Piteå kommun,Brand,1
2020,12,Piteå kommun,Misshandel,1
2020,12,Piteå kommun,"Motorfordon,  anträffat stulet",1
2020,12,Piteå kommun,Narkotikabrott,1
2020,12,Piteå kommun,Sammanfattning natt,1
2020,12,Piteå kommun,Stöld/inbrott,1
2020,12,Älvsbyns kommun,Trafikbrott,6
2020,12,Älvsbyns kommun,Stöld,2
2020,12,Älvsbyns kommun,Brand,1
2020,12,Älvsbyns kommun,Trafikkontroll,1
2020,12,Älvsbyns kommun,"Trafikolycka,  vilt",1
2020,12,Överkalix kommun,"Trafikolycka,  vilt",2
2020,12,Övertorneå kommun,Sammanfattning natt,2
2020,12,Övertorneå kommun,"Trafikolycka,  vilt",2
2020,12,Övertorneå kommun,Olovlig körning,1
2020,12,Övertorneå kommun,Trafikbrott,1
2021,1,Arjeplogs kommun,"Trafikolycka,  vilt",1
2021,1,Arvidsjaurs kommun,Trafikbrott,3
2021,1,Arvidsjaurs kommun,Trafikolycka,3
2021,1,Arvidsjaurs kommun,Brand,2
2021,1,Arvidsjaurs kommun,Olovlig körning,2
2021,1,Arvidsjaurs kommun,Trafikkontroll,2
2021,1,Bodens kommun,Trafikkontroll,19
2021,1,Bodens kommun,Trafikbrott,8
2021,1,Bodens kommun,Stöld,4
2021,1,Bodens kommun,Brand,2
2021,1,Bodens kommun,Sammanfattning natt,2
2021,1,Bodens kommun,"Trafikolycka,  vilt",2
2021,1,Bodens kommun,Fylleri/LOB,1
2021,1,Bodens kommun,"Misshandel,  grov",1
2021,1,Bodens kommun,Narkotikabrott,1
2021,1,Bodens kommun,Rattfylleri,1
2021,1,Bodens kommun,Skadegörelse,1
2021,1,Bodens kommun,Trafikolycka,1
2021,1,Bodens kommun,Uppdatering,1
2021,1,Gällivare kommun,Trafikbrott,4
2021,1,Gällivare kommun,Trafikkontroll,4
2021,1,Gällivare kommun,Rattfylleri,2
2021,1,Gällivare kommun,"Trafikolycka,  vilt",2
2021,1,Gällivare kommun,Fylleri/LOB,1
2021,1,Gällivare kommun,Inbrott,1
2021,1,Gällivare kommun,Sammanfattning natt,1
2021,1,Gällivare kommun,Stöld/inbrott,1
2021,1,Gällivare kommun,Trafikolycka,1
2021,1,Haparanda kommun,Olaga hot,1
2021,1,Haparanda kommun,Rattfylleri,1
2021,1,Haparanda kommun,Trafikbrott,1
2021,1,Haparanda kommun,Trafikolycka,1
2021,1,Jokkmokks kommun,Rattfylleri,3
2021,1,Jokkmokks kommun,Narkotikabrott,1
2021,1,Jokkmokks kommun,Trafikolycka,1
2021,1,Kalix kommun,Trafikbrott,4
2021,1,Kalix kommun,Trafikolycka,3
2021,1,Kalix kommun,Brand,1
2021,1,Kalix kommun,Fylleri/LOB,1
2021,1,Kalix kommun,Sammanfattning kväll och natt,1
2021,1,Kalix kommun,Trafikkontroll,1
2021,1,Kalix kommun,"Trafikolycka,  vilt",1
2021,1,Kalix kommun,Övrigt,1
2021,1,Kiruna kommun,Trafikbrott,5
2021,1,Kiruna kommun,Sammanfattning natt,3
2021,1,Kiruna kommun,Brand,2
2021,1,Kiruna kommun,Trafikolycka,2
2021,1,Kiruna kommun,Misshandel,1
2021,1,Kiruna kommun,Stöld,1
2021,1,Kiruna kommun,"Trafikolycka,  singel",1
2021,1,Luleå kommun,Trafikkontroll,18
2021,1,Luleå kommun,Rattfylleri,7
2021,1,Luleå kommun,Trafikolycka,7
2021,1,Luleå kommun,Stöld,5
2021,1,Luleå kommun,Trafikbrott,5
2021,1,Luleå kommun,Fylleri/LOB,4
2021,1,Luleå kommun,Brand,3
2021,1,Luleå kommun,"Trafikolycka,  vilt",2
2021,1,Luleå kommun,Våld/hot mot tjänsteman,2
2021,1,Luleå kommun,Anträffad död,1
2021,1,Luleå kommun,Arbetsplatsolycka,1
2021,1,Luleå kommun,Misshandel,1
2021,1,Luleå kommun,Olovlig körning,1
2021,1,Luleå kommun,"Stöld,  försök",1
2021,1,Luleå kommun,"Trafikolycka,  personskada",1
2021,1,Luleå kommun,"Trafikolycka,  singel",1
2021,1,"Norrbotten, okänd kommun",Sammanfattning natt,23
2021,1,"Norrbotten, okänd kommun","Trafikolycka,  vilt",7
2021,1,"Norrbotten, okänd kommun",Sammanfattning kväll,4
2021,1,"Norrbotten, okänd kommun",Övrigt,3
2021,1,Pajala kommun,"Trafikolycka,  vilt",2
2021,1,Pajala kommun,Arbetsplatsolycka,1
2021,1,Pajala kommun,Trafikbrott,1
2021,1,Piteå kommun,Trafikolycka,7
2021,1,Piteå kommun,Trafikbrott,3
2021,1,Piteå kommun,Trafikkontroll,3
2021,1,Piteå kommun,Arbetsplatsolycka,1
2021,1,Piteå kommun,Fylleri/LOB,1
2021,1,Piteå kommun,"Motorfordon,  anträffat stulet",1
2021,1,Piteå kommun,Rattfylleri,1
2021,1,Piteå kommun,Sammanfattning kväll,1
2021,1,Piteå kommun,Sammanfattning natt,1
2021,1,Piteå kommun,Stöld,1
2021,1,Piteå kommun,Stöld/inbrott,1
2021,1,Älvsbyns kommun,Trafikkontroll,2
2021,1,Överkalix kommun,Larm Överfall,1
2021,1,Överkalix kommun,Olovlig körning,1
2021,1,Överkalix kommun,"Trafikolycka,  vilt",1
2021,1,Övertorneå kommun,Trafikbrott,3
2021,1,Övertorneå kommun,Olovlig körning,1
2021,1,Övertorneå kommun,Trafikolycka,1
2021,2,Arjeplogs kommun,Trafikolycka,2
2021,2,Arjeplogs kommun,Olaga hot,1
2021,2,Arvidsjaurs kommun,Trafikkontroll,3
2021,2,Arvidsjaurs kommun,Trafikolycka,1
2021,2,Arvidsjaurs kommun,"Trafikolycka,  personskada",1
2021,2,Bodens kommun,Trafikkontroll,32
2021,2,Bodens kommun,Trafikbrott,5
2021,2,Bodens kommun,Stöld,4
2021,2,Bodens kommun,Sammanfattning natt,3
2021,2,Bodens kommun,Arbetsplatsolycka,2
2021,2,Bodens kommun,Fylleri/LOB,1
2021,2,Bodens kommun,Olovlig körning,1
2021,2,Bodens kommun,Trafikolycka,1
2021,2,Bodens kommun,"Trafikolycka,  vilt",1
2021,2,Gällivare kommun,Trafikbrott,6
2021,2,Gällivare kommun,Trafikkontroll,5
2021,2,Gällivare kommun,Rattfylleri,2
2021,2,Gällivare kommun,Trafikolycka,2
2021,2,Gällivare kommun,"Trafikolycka,  vilt",2
2021,2,Gällivare kommun,Arbetsplatsolycka,1
2021,2,Gällivare kommun,Brand,1
2021,2,Gällivare kommun,Fjällräddning,1
2021,2,Haparanda kommun,Trafikolycka,2
2021,2,Haparanda kommun,Anträffad död,1
2021,2,Haparanda kommun,"Motorfordon,  anträffat stulet",1
2021,2,Haparanda kommun,"Motorfordon,  stöld",1
2021,2,Haparanda kommun,Trafikbrott,1
2021,2,Jokkmokks kommun,Trafikolycka,3
2021,2,Jokkmokks kommun,Arbetsplatsolycka,1
2021,2,Jokkmokks kommun,Brand,1
2021,2,Jokkmokks kommun,Trafikkontroll,1
2021,2,Jokkmokks kommun,"Trafikolycka,  vilt",1
2021,2,Kalix kommun,Trafikkontroll,2
2021,2,Kalix kommun,"Trafikolycka,  vilt",2
2021,2,Kalix kommun,"Misshandel,  grov",1
2021,2,Kalix kommun,Olovlig körning,1
2021,2,Kalix kommun,Skadegörelse,1
2021,2,Kalix kommun,Trafikolycka,1
2021,2,Kiruna kommun,Trafikbrott,7
2021,2,Kiruna kommun,Arbetsplatsolycka,2
2021,2,Kiruna kommun,Inbrott,2
2021,2,Kiruna kommun,Rattfylleri,2
2021,2,Kiruna kommun,Trafikkontroll,2
2021,2,Kiruna kommun,Fjällräddning,1
2021,2,Kiruna kommun,Sammanfattning natt,1
2021,2,Kiruna kommun,Skadegörelse,1
2021,2,Kiruna kommun,Stöld,1
2021,2,Luleå kommun,Stöld,10
2021,2,Luleå kommun,Trafikkontroll,9
2021,2,Luleå kommun,Trafikolycka,9
2021,2,Luleå kommun,Trafikbrott,5
2021,2,Luleå kommun,"Motorfordon,  anträffat stulet",4
2021,2,Luleå kommun,"Trafikolycka,  vilt",4
2021,2,Luleå kommun,Arbetsplatsolycka,2
2021,2,Luleå kommun,Rattfylleri,2
2021,2,Luleå kommun,Sammanfattning natt,2
2021,2,Luleå kommun,Bråk,1
2021,2,Luleå kommun,Knivlagen,1
2021,2,Luleå kommun,"Misshandel,  grov",1
2021,2,Luleå kommun,"Mord/dråp,  försök",1
2021,2,Luleå kommun,"Motorfordon,  stöld",1
2021,2,Luleå kommun,Narkotikabrott,1
2021,2,Luleå kommun,Olaga hot,1
2021,2,Luleå kommun,Rån,1
2021,2,Luleå kommun,Skadegörelse,1
2021,2,Luleå kommun,Trafikhinder,1
2021,2,Luleå kommun,Vapenlagen,1
2021,2,Luleå kommun,Våld/hot mot tjänsteman,1
2021,2,"Norrbotten, okänd kommun",Sammanfattning natt,27
2021,2,"Norrbotten, okänd kommun",Övrigt,8
2021,2,"Norrbotten, okänd kommun","Trafikolycka,  vilt",5
2021,2,"Norrbotten, okänd kommun",Trafikkontroll,4
2021,2,Pajala kommun,Trafikolycka,1
2021,2,Pajala kommun,"Trafikolycka,  vilt",1
2021,2,Piteå kommun,Trafikkontroll,8
2021,2,Piteå kommun,Trafikolycka,5
2021,2,Piteå kommun,Rattfylleri,3
2021,2,Piteå kommun,Arbetsplatsolycka,2
2021,2,Piteå kommun,Stöld,1
2021,2,Piteå kommun,Trafikbrott,1
2021,2,Piteå kommun,Trafikhinder,1
2021,2,Älvsbyns kommun,Trafikkontroll,3
2021,2,Älvsbyns kommun,Arbetsplatsolycka,1
2021,2,Älvsbyns kommun,"Motorfordon,  stöld",1
2021,2,Älvsbyns kommun,Rattfylleri,1
2021,2,Överkalix kommun,Trafikbrott,2
2021,2,Överkalix kommun,"Trafikolycka,  vilt",1
2021,2,Övertorneå kommun,Rattfylleri,1
2021,2,Övertorneå kommun,Trafikolycka,1
2021,3,Arjeplogs kommun,Trafikkontroll,2
2021,3,Arjeplogs kommun,Fjällräddning,1
2021,3,Arjeplogs kommun,Sammanfattning natt,1
2021,3,Arvidsjaurs kommun,Trafikkontroll,6
2021,3,Bodens kommun,Trafikkontroll,22
2021,3,Bodens kommun,Trafikbrott,4
2021,3,Bodens kommun,Fylleri/LOB,2
2021,3,Bodens kommun,Brand,1
2021,3,Bodens kommun,Försvunnen person,1
2021,3,Bodens kommun,Larm Överfall,1
2021,3,Bodens kommun,Misshandel,1
2021,3,Bodens kommun,Stöld,1
2021,3,Bodens kommun,"Trafikolycka,  vilt",1
2021,3,Gällivare kommun,Trafikkontroll,5
2021,3,Gällivare kommun,Brand,2
2021,3,Gällivare kommun,Sammanfattning natt,2
2021,3,Gällivare kommun,Trafikbrott,2
2021,3,Gällivare kommun,Trafikolycka,2
2021,3,Gällivare kommun,Arbetsplatsolycka,1
2021,3,Gällivare kommun,Rattfylleri,1
2021,3,Haparanda kommun,Trafikbrott,1
2021,3,Haparanda kommun,Trafikkontroll,1
2021,3,Haparanda kommun,Trafikolycka,1
2021,3,Jokkmokks kommun,Fjällräddning,1
2021,3,Jokkmokks kommun,Narkotikabrott,1
2021,3,Jokkmokks kommun,Trafikolycka,1
2021,3,Kalix kommun,Trafikkontroll,5
2021,3,Kalix kommun,Sammanfattning natt,3
2021,3,Kalix kommun,Brand,2
2021,3,Kalix kommun,Rattfylleri,2
2021,3,Kalix kommun,Trafikbrott,2
2021,3,Kalix kommun,"Misshandel,  grov",1
2021,3,Kalix kommun,Olovlig körning,1
2021,3,Kiruna kommun,Trafikkontroll,6
2021,3,Kiruna kommun,Trafikbrott,3
2021,3,Kiruna kommun,Fjällräddning,2
2021,3,Kiruna kommun,Arbetsplatsolycka,1
2021,3,Kiruna kommun,Rattfylleri,1
2021,3,Kiruna kommun,"Trafikolycka,  vilt",1
2021,3,Luleå kommun,Trafikkontroll,11
2021,3,Luleå kommun,Trafikbrott,8
2021,3,Luleå kommun,Rattfylleri,6
2021,3,Luleå kommun,Stöld,6
2021,3,Luleå kommun,Sammanfattning natt,5
2021,3,Luleå kommun,Trafikolycka,4
2021,3,Luleå kommun,Misshandel,2
2021,3,Luleå kommun,Narkotikabrott,2
2021,3,Luleå kommun,Sedlighetsbrott,2
2021,3,Luleå kommun,Brand,1
2021,3,Luleå kommun,"Farligt föremål,  misstänkt",1
2021,3,Luleå kommun,Fylleri/LOB,1
2021,3,Luleå kommun,Försvunnen person,1
2021,3,Luleå kommun,Inbrott,1
2021,3,Luleå kommun,Olovlig körning,1
2021,3,Luleå kommun,Skadegörelse,1
2021,3,Luleå kommun,"Stöld,  försök",1
2021,3,Luleå kommun,Stöld/inbrott,1
2021,3,Luleå kommun,Trafikhinder,1
2021,3,Luleå kommun,"Trafikolycka,  vilt",1
2021,3,"Norrbotten, okänd kommun",Sammanfattning natt,20
2021,3,"Norrbotten, okänd kommun",Trafikkontroll,20
2021,3,"Norrbotten, okänd kommun",Övrigt,17
2021,3,"Norrbotten, okänd kommun","Trafikolycka,  singel",1
2021,3,Pajala kommun,Sammanfattning natt,1
2021,3,Pajala kommun,Skadegörelse,1
2021,3,Pajala kommun,Trafikkontroll,1
2021,3,Pajala kommun,"Trafikolycka,  vilt",1
2021,3,Piteå kommun,Trafikkontroll,9
2021,3,Piteå kommun,Trafikbrott,7
2021,3,Piteå kommun,Stöld,2
2021,3,Piteå kommun,Trafikolycka,2
2021,3,Piteå kommun,Brand,1
2021,3,Piteå kommun,Mord/dråp,1
2021,3,Piteå kommun,"Trafikolycka,  vilt",1
2021,3,Älvsbyns kommun,Rattfylleri,1
2021,3,Älvsbyns kommun,Stöld,1
2021,3,Älvsbyns kommun,Trafikbrott,1
2021,3,Övertorneå kommun,Trafikbrott,2
2021,3,Övertorneå kommun,Rattfylleri,1
2021,4,Arvidsjaurs kommun,Trafikkontroll,1
2021,4,Bodens kommun,Trafikkontroll,21
2021,4,Bodens kommun,Trafikbrott,5
2021,4,Bodens kommun,Sammanfattning natt,4
2021,4,Bodens kommun,Stöld,3
2021,4,Bodens kommun,Rattfylleri,2
2021,4,Bodens kommun,Misshandel,1
2021,4,Bodens kommun,"Motorfordon,  anträffat stulet",1
2021,4,Bodens kommun,Olovlig körning,1
2021,4,Gällivare kommun,Trafikkontroll,8
2021,4,Gällivare kommun,Trafikolycka,5
2021,4,Gällivare kommun,Trafikbrott,3
2021,4,Gällivare kommun,Arbetsplatsolycka,1
2021,4,Gällivare kommun,Häleri,1
2021,4,Gällivare kommun,"Trafikolycka,  vilt",1
2021,4,Haparanda kommun,Trafikbrott,2
2021,4,Haparanda kommun,"Farligt föremål,  misstänkt",1
2021,4,Haparanda kommun,Inbrott,1
2021,4,Haparanda kommun,Olovlig körning,1
2021,4,Jokkmokks kommun,Fjällräddning,1
2021,4,Jokkmokks kommun,Rattfylleri,1
2021,4,Jokkmokks kommun,"Trafikolycka,  vilt",1
2021,4,Kalix kommun,Trafikbrott,6
2021,4,Kalix kommun,Narkotikabrott,2
2021,4,Kalix kommun,Sammanfattning natt,2
2021,4,Kalix kommun,Trafikolycka,2
2021,4,Kalix kommun,Arbetsplatsolycka,1
2021,4,Kalix kommun,"Motorfordon,  stöld",1
2021,4,Kalix kommun,Olovlig körning,1
2021,4,Kalix kommun,Rattfylleri,1
2021,4,Kalix kommun,Räddningsinsats,1
2021,4,Kalix kommun,Stöld,1
2021,4,Kalix kommun,Trafikkontroll,1
2021,4,Kalix kommun,Våld/hot mot tjänsteman,1
2021,4,Kiruna kommun,Trafikkontroll,9
2021,4,Kiruna kommun,Fjällräddning,3
2021,4,Kiruna kommun,Rattfylleri,3
2021,4,Kiruna kommun,"Farligt föremål,  misstänkt",1
2021,4,Kiruna kommun,Sammanfattning natt,1
2021,4,Kiruna kommun,Trafikbrott,1
2021,4,Kiruna kommun,Trafikolycka,1
2021,4,Kiruna kommun,Vapenlagen,1
2021,4,Luleå kommun,Trafikkontroll,9
2021,4,Luleå kommun,Trafikbrott,8
2021,4,Luleå kommun,Fylleri/LOB,7
2021,4,Luleå kommun,Stöld,5
2021,4,Luleå kommun,Olovlig körning,4
2021,4,Luleå kommun,Trafikolycka,4
2021,4,Luleå kommun,Sammanfattning natt,3
2021,4,Luleå kommun,Alkohollagen,2
2021,4,Luleå kommun,Brand,2
2021,4,Luleå kommun,Misshandel,2
2021,4,Luleå kommun,Mord/dråp,2
2021,4,Luleå kommun,Rattfylleri,2
2021,4,Luleå kommun,Stöld/inbrott,2
2021,4,Luleå kommun,Bedrägeri,1
2021,4,Luleå kommun,Knivlagen,1
2021,4,Luleå kommun,"Mord/dråp,  försök",1
2021,4,Luleå kommun,"Motorfordon,  anträffat stulet",1
2021,4,Luleå kommun,Narkotikabrott,1
2021,4,Luleå kommun,Olaga hot,1
2021,4,Luleå kommun,Olaga intrång,1
2021,4,Luleå kommun,Sedlighetsbrott,1
2021,4,Luleå kommun,Skadegörelse,1
2021,4,"Norrbotten, okänd kommun",Sammanfattning natt,26
2021,4,"Norrbotten, okänd kommun",Trafikkontroll,17
2021,4,"Norrbotten, okänd kommun",Övrigt,1
2021,4,Pajala kommun,Trafikkontroll,2
2021,4,Pajala kommun,Djur,1
2021,4,Pajala kommun,Trafikbrott,1
2021,4,Piteå kommun,Trafikkontroll,7
2021,4,Piteå kommun,Trafikbrott,3
2021,4,Piteå kommun,Misshandel,2
2021,4,Piteå kommun,Rattfylleri,2
2021,4,Piteå kommun,Skadegörelse,2
2021,4,Piteå kommun,Brand,1
2021,4,Piteå kommun,Försvunnen person,1
2021,4,Piteå kommun,Narkotikabrott,1
2021,4,Piteå kommun,Olaga hot,1
2021,4,Piteå kommun,Sammanfattning natt,1
2021,4,Piteå kommun,Stöld,1
2021,4,Piteå kommun,Trafikolycka,1
2021,4,Piteå kommun,"Trafikolycka,  vilt",1
2021,4,Älvsbyns kommun,Trafikkontroll,3
2021,4,Älvsbyns kommun,"Motorfordon,  stöld",1
2021,4,Älvsbyns kommun,Rattfylleri,1
2021,4,Överkalix kommun,Trafikolycka,1
2021,4,Överkalix kommun,Åldringsbrott,1
2021,4,Överkalix kommun,Övrigt,1
2021,4,Övertorneå kommun,Trafikbrott,3
2021,4,Övertorneå kommun,Trafikkontroll,2
2021,5,Arjeplogs kommun,Trafikkontroll,2
2021,5,Arvidsjaurs kommun,Trafikkontroll,5
2021,5,Arvidsjaurs kommun,Trafikolycka,1
2021,5,Bodens kommun,Trafikkontroll,16
2021,5,Bodens kommun,Trafikbrott,3
2021,5,Bodens kommun,Brand,2
2021,5,Bodens kommun,Misshandel,2
2021,5,Bodens kommun,Anträffat gods,1
2021,5,Bodens kommun,Olaga hot,1
2021,5,Bodens kommun,Olovlig körning,1
2021,5,Bodens kommun,Stöld,1
2021,5,Bodens kommun,"Trafikolycka,  vilt",1
2021,5,Bodens kommun,Uppdatering,1
2021,5,Bodens kommun,Övrigt,1
2021,5,Gällivare kommun,Trafikbrott,4
2021,5,Gällivare kommun,Trafikkontroll,3
2021,5,Gällivare kommun,Inbrott,2
2021,5,Gällivare kommun,Misshandel,2
2021,5,Gällivare kommun,Arbetsplatsolycka,1
2021,5,Gällivare kommun,Djur,1
2021,5,Gällivare kommun,"Motorfordon,  anträffat stulet",1
2021,5,Gällivare kommun,Rattfylleri,1
2021,5,Gällivare kommun,Rån övrigt,1
2021,5,Gällivare kommun,Sammanfattning natt,1
2021,5,Gällivare kommun,Stöld,1
2021,5,Gällivare kommun,Trafikolycka,1
2021,5,Gällivare kommun,"Trafikolycka,  vilt",1
2021,5,Haparanda kommun,"Mord/dråp,  försök",2
2021,5,Haparanda kommun,Anträffat gods,1
2021,5,Haparanda kommun,Uppdatering,1
2021,5,Jokkmokks kommun,Rattfylleri,1
2021,5,Kalix kommun,Brand,1
2021,5,Kalix kommun,Knivlagen,1
2021,5,Kalix kommun,Rattfylleri,1
2021,5,Kalix kommun,Sammanfattning natt,1
2021,5,Kalix kommun,Trafikkontroll,1
2021,5,Kalix kommun,Vapenlagen,1
2021,5,Kiruna kommun,Fjällräddning,3
2021,5,Kiruna kommun,Sammanfattning natt,2
2021,5,Kiruna kommun,Trafikbrott,2
2021,5,Kiruna kommun,Ofredande/förargelse,1
2021,5,Kiruna kommun,Rattfylleri,1
2021,5,Kiruna kommun,Skadegörelse,1
2021,5,Luleå kommun,Trafikkontroll,13
2021,5,Luleå kommun,Stöld,10
2021,5,Luleå kommun,Trafikolycka,8
2021,5,Luleå kommun,Rattfylleri,4
2021,5,Luleå kommun,Inbrott,3
2021,5,Luleå kommun,Misshandel,3
2021,5,Luleå kommun,"Motorfordon,  anträffat stulet",3
2021,5,Luleå kommun,Narkotikabrott,2
2021,5,Luleå kommun,Olaga intrång,2
2021,5,Luleå kommun,Olovlig körning,2
2021,5,Luleå kommun,Sammanfattning kväll,2
2021,5,Luleå kommun,Trafikbrott,2
2021,5,Luleå kommun,Arbetsplatsolycka,1
2021,5,Luleå kommun,Fylleri/LOB,1
2021,5,Luleå kommun,Olaga hot,1
2021,5,Luleå kommun,Ordningslagen,1
2021,5,Luleå kommun,Sammanfattning natt,1
2021,5,Luleå kommun,Stöld/inbrott,1
2021,5,Luleå kommun,"Trafikolycka,  smitning från",1
2021,5,Luleå kommun,Övrigt,1
2021,5,"Norrbotten, okänd kommun",Sammanfattning natt,25
2021,5,"Norrbotten, okänd kommun",Trafikkontroll,14
2021,5,"Norrbotten, okänd kommun",Övrigt,4
2021,5,"Norrbotten, okänd kommun",Fylleri/LOB,1
2021,5,"Norrbotten, okänd kommun",Sammanfattning kväll,1
2021,5,Pajala kommun,Rattfylleri,2
2021,5,Pajala kommun,"Motorfordon,  stöld",1
2021,5,Pajala kommun,Trafikkontroll,1
2021,5,Piteå kommun,Trafikkontroll,7
2021,5,Piteå kommun,Trafikbrott,5
2021,5,Piteå kommun,Rattfylleri,4
2021,5,Piteå kommun,"Motorfordon,  anträffat stulet",1
2021,5,Piteå kommun,Sammanfattning kväll och natt,1
2021,5,Piteå kommun,Skadegörelse,1
2021,5,Piteå kommun,Trafikolycka,1
2021,5,Älvsbyns kommun,Rattfylleri,2
2021,5,Älvsbyns kommun,Misshandel,1
2021,5,Älvsbyns kommun,Stöld,1
2021,5,Älvsbyns kommun,Trafikkontroll,1
2021,5,Älvsbyns kommun,Trafikolycka,1
2021,5,Överkalix kommun,Trafikbrott,1
2021,5,Överkalix kommun,Trafikkontroll,1
2021,5,Överkalix kommun,Trafikolycka,1
2021,5,Övertorneå kommun,Trafikolycka,2
2021,6,Arjeplogs kommun,Trafikkontroll,2
2021,6,Arjeplogs kommun,Fjällräddning,1
2021,6,Arvidsjaurs kommun,Arbetsplatsolycka,1
2021,6,Arvidsjaurs kommun,Trafikkontroll,1
2021,6,Arvidsjaurs kommun,Trafikolycka,1
2021,6,Bodens kommun,Trafikkontroll,12
2021,6,Bodens kommun,Trafikbrott,6
2021,6,Bodens kommun,Stöld,4
2021,6,Bodens kommun,Misshandel,3
2021,6,Bodens kommun,Trafikolycka,3
2021,6,Bodens kommun,Rattfylleri,2
2021,6,Bodens kommun,Brand,1
2021,6,Bodens kommun,Skadegörelse,1
2021,6,Bodens kommun,"Trafikolycka,  personskada",1
2021,6,Bodens kommun,"Trafikolycka,  singel",1
2021,6,Bodens kommun,Vapenlagen,1
2021,6,Gällivare kommun,Fylleri/LOB,3
2021,6,Gällivare kommun,Trafikkontroll,2
2021,6,Gällivare kommun,Arbetsplatsolycka,1
2021,6,Gällivare kommun,Försvunnen person,1
2021,6,Gällivare kommun,Inbrott,1
2021,6,Gällivare kommun,Misshandel,1
2021,6,Gällivare kommun,Rattfylleri,1
2021,6,Gällivare kommun,Skadegörelse,1
2021,6,Gällivare kommun,Trafikbrott,1
2021,6,Gällivare kommun,Trafikolycka,1
2021,6,Gällivare kommun,Övrigt,1
2021,6,Haparanda kommun,Försvunnen person,1
2021,6,Haparanda kommun,Sammanfattning natt,1
2021,6,Jokkmokks kommun,Brand,1
2021,6,Kalix kommun,Brand,2
2021,6,Kalix kommun,Olovlig körning,1
2021,6,Kalix kommun,Polisinsats/kommendering,1
2021,6,Kalix kommun,Rattfylleri,1
2021,6,Kalix kommun,Sammanfattning natt,1
2021,6,Kalix kommun,Trafikkontroll,1
2021,6,Kalix kommun,Övrigt,1
2021,6,Kiruna kommun,Trafikbrott,5
2021,6,Kiruna kommun,Trafikkontroll,3
2021,6,Kiruna kommun,Fjällräddning,1
2021,6,Kiruna kommun,Rattfylleri,1
2021,6,Kiruna kommun,Sammanfattning natt,1
2021,6,Kiruna kommun,Trafikolycka,1
2021,6,Luleå kommun,Stöld,16
2021,6,Luleå kommun,Trafikkontroll,12
2021,6,Luleå kommun,Trafikolycka,10
2021,6,Luleå kommun,Trafikbrott,6
2021,6,Luleå kommun,Misshandel,5
2021,6,Luleå kommun,Brand,3
2021,6,Luleå kommun,Fylleri/LOB,3
2021,6,Luleå kommun,Olovlig körning,2
2021,6,Luleå kommun,Rån,2
2021,6,Luleå kommun,Skadegörelse,2
2021,6,Luleå kommun,Anträffat gods,1
2021,6,Luleå kommun,Arbetsplatsolycka,1
2021,6,Luleå kommun,Inbrott,1
2021,6,Luleå kommun,"Misshandel,  grov",1
2021,6,Luleå kommun,"Motorfordon,  anträffat stulet",1
2021,6,Luleå kommun,Sammanfattning natt,1
2021,6,Luleå kommun,Stöld/inbrott,1
2021,6,Luleå kommun,Trafikhinder,1
2021,6,Luleå kommun,"Trafikolycka,  singel",1
2021,6,Luleå kommun,"Trafikolycka,  smitning från",1
2021,6,Luleå kommun,Våld/hot mot tjänsteman,1
2021,6,"Norrbotten, okänd kommun",Sammanfattning natt,24
2021,6,"Norrbotten, okänd kommun",Trafikkontroll,15
2021,6,"Norrbotten, okänd kommun",Rattfylleri,1
2021,6,"Norrbotten, okänd kommun",Trafikbrott,1
2021,6,"Norrbotten, okänd kommun",Övrigt,1
2021,6,Pajala kommun,Inbrott,2
2021,6,Pajala kommun,Försvunnen person,1
2021,6,Pajala kommun,Trafikbrott,1
2021,6,Pajala kommun,Trafikkontroll,1
2021,6,Piteå kommun,Brand,2
2021,6,Piteå kommun,Rattfylleri,2
2021,6,Piteå kommun,Trafikolycka,2
2021,6,Piteå kommun,Arbetsplatsolycka,1
2021,6,Piteå kommun,Försvunnen person,1
2021,6,Piteå kommun,"Mord/dråp,  försök",1
2021,6,Piteå kommun,Olaga hot,1
2021,6,Piteå kommun,Olovlig körning,1
2021,6,Piteå kommun,Sammanfattning natt,1
2021,6,Piteå kommun,"Stöld,  försök",1
2021,6,Piteå kommun,Trafikkontroll,1
2021,6,Älvsbyns kommun,Fylleri/LOB,1
2021,6,Älvsbyns kommun,Olovlig körning,1
2021,6,Älvsbyns kommun,Trafikkontroll,1
2021,6,Överkalix kommun,Rattfylleri,1
2021,6,Överkalix kommun,Trafikbrott,1
2021,6,Övertorneå kommun,Brand,1
2021,6,Övertorneå kommun,Trafikbrott,1
2021,7,Arjeplogs kommun,Trafikkontroll,3
2021,7,Arjeplogs kommun,Räddningsinsats,1
2021,7,Arvidsjaurs kommun,Trafikbrott,1
2021,7,Bodens kommun,Trafikkontroll,11
2021,7,Bodens kommun,Fylleri/LOB,2
2021,7,Bodens kommun,Stöld,2
2021,7,Bodens kommun,Trafikbrott,2
2021,7,Bodens kommun,Trafikolycka,2
2021,7,Bodens kommun,Våldtäkt,2
2021,7,Bodens kommun,Brand,1
2021,7,Bodens kommun,Hemfridsbrott,1
2021,7,Bodens kommun,"Trafikolycka,  smitning från",1
2021,7,Gällivare kommun,Sammanfattning natt,3
2021,7,Gällivare kommun,Trafikbrott,3
2021,7,Gällivare kommun,Trafikolycka,2
2021,7,Gällivare kommun,Fjällräddning,1
2021,7,Gällivare kommun,Försvunnen person,1
2021,7,Gällivare kommun,Narkotikabrott,1
2021,7,Gällivare kommun,Olovlig körning,1
2021,7,Gällivare kommun,Stöld,1
2021,7,Haparanda kommun,Försvunnen person,1
2021,7,Haparanda kommun,Mord/dråp,1
2021,7,Haparanda kommun,Trafikbrott,1
2021,7,Haparanda kommun,Uppdatering,1
2021,7,Haparanda kommun,Vapenlagen,1
2021,7,Jokkmokks kommun,Trafikolycka,2
2021,7,Kalix kommun,Narkotikabrott,2
2021,7,Kalix kommun,Misshandel,1
2021,7,Kalix kommun,Trafikbrott,1
2021,7,Kalix kommun,Trafikkontroll,1
2021,7,Kalix kommun,Trafikolycka,1
2021,7,Kiruna kommun,Fjällräddning,1
2021,7,Kiruna kommun,Försvunnen person,1
2021,7,Kiruna kommun,Skadegörelse,1
2021,7,Kiruna kommun,Stöld/inbrott,1
2021,7,Kiruna kommun,Trafikkontroll,1
2021,7,Kiruna kommun,"Trafikolycka,  singel",1
2021,7,Luleå kommun,Trafikkontroll,7
2021,7,Luleå kommun,Sammanfattning natt,6
2021,7,Luleå kommun,Trafikbrott,6
2021,7,Luleå kommun,Stöld,5
2021,7,Luleå kommun,Fylleri/LOB,3
2021,7,Luleå kommun,Trafikolycka,3
2021,7,Luleå kommun,Försvunnen person,2
2021,7,Luleå kommun,Rattfylleri,2
2021,7,Luleå kommun,Skadegörelse,2
2021,7,Luleå kommun,Hemfridsbrott,1
2021,7,Luleå kommun,Misshandel,1
2021,7,Luleå kommun,Mord/dråp,1
2021,7,Luleå kommun,"Motorfordon,  anträffat stulet",1
2021,7,Luleå kommun,Narkotikabrott,1
2021,7,Luleå kommun,Rån väpnat,1
2021,7,"Norrbotten, okänd kommun",Sammanfattning natt,19
2021,7,"Norrbotten, okänd kommun",Trafikkontroll,4
2021,7,"Norrbotten, okänd kommun","Trafikolycka,  vilt",2
2021,7,"Norrbotten, okänd kommun",Trafikbrott,1
2021,7,"Norrbotten, okänd kommun",Övrigt,1
2021,7,Pajala kommun,Försvunnen person,1
2021,7,Pajala kommun,Mord/dråp,1
2021,7,Pajala kommun,Trafikbrott,1
2021,7,Pajala kommun,Trafikkontroll,1
2021,7,Piteå kommun,Trafikolycka,3
2021,7,Piteå kommun,Trafikkontroll,2
2021,7,Piteå kommun,Arbetsplatsolycka,1
2021,7,Piteå kommun,Misshandel,1
2021,7,Piteå kommun,Olaga hot,1
2021,7,Piteå kommun,Sammanfattning natt,1
2021,7,Piteå kommun,Trafikbrott,1
2021,7,Älvsbyns kommun,Sammanfattning natt,1
2021,7,Älvsbyns kommun,Stöld,1
2021,7,Älvsbyns kommun,"Trafikolycka,  singel",1
2021,7,Överkalix kommun,Sammanfattning natt,1
2021,8,Arjeplogs kommun,Trafikkontroll,1
2021,8,Arvidsjaurs kommun,"Motorfordon,  anträffat stulet",1
2021,8,Arvidsjaurs kommun,Rattfylleri,1
2021,8,Arvidsjaurs kommun,Stöld,1
2021,8,Arvidsjaurs kommun,Trafikkontroll,1
2021,8,Arvidsjaurs kommun,"Trafikolycka,  vilt",1
2021,8,Bodens kommun,Trafikkontroll,17
2021,8,Bodens kommun,Trafikbrott,3
2021,8,Bodens kommun,Trafikolycka,2
2021,8,Bodens kommun,Brand,1
2021,8,Bodens kommun,Misshandel,1
2021,8,Bodens kommun,Skadegörelse,1
2021,8,Bodens kommun,Stöld,1
2021,8,Bodens kommun,Stöld/inbrott,1
2021,8,Gällivare kommun,Fjällräddning,3
2021,8,Gällivare kommun,Trafikkontroll,3
2021,8,Gällivare kommun,Olovlig körning,2
2021,8,Gällivare kommun,Sammanfattning natt,2
2021,8,Gällivare kommun,Stöld/inbrott,2
2021,8,Gällivare kommun,Brand,1
2021,8,Gällivare kommun,Trafikbrott,1
2021,8,Gällivare kommun,Trafikolycka,1
2021,8,Haparanda kommun,Brand,1
2021,8,Haparanda kommun,Rattfylleri,1
2021,8,Haparanda kommun,Skadegörelse,1
2021,8,Haparanda kommun,Trafikbrott,1
2021,8,Haparanda kommun,Trafikolycka,1
2021,8,Haparanda kommun,Vållande till kroppsskada,1
2021,8,Jokkmokks kommun,Fjällräddning,6
2021,8,Jokkmokks kommun,Inbrott,1
2021,8,Jokkmokks kommun,Trafikkontroll,1
2021,8,Kalix kommun,Inbrott,2
2021,8,Kalix kommun,Stöld/inbrott,2
2021,8,Kalix kommun,"Motorfordon,  anträffat stulet",1
2021,8,Kalix kommun,Olovlig körning,1
2021,8,Kalix kommun,Sammanfattning natt,1
2021,8,Kalix kommun,Stöld,1
2021,8,Kalix kommun,Trafikbrott,1
2021,8,Kiruna kommun,Fjällräddning,4
2021,8,Kiruna kommun,Trafikbrott,3
2021,8,Kiruna kommun,Sammanfattning natt,2
2021,8,Kiruna kommun,Stöld,2
2021,8,Kiruna kommun,Arbetsplatsolycka,1
2021,8,Kiruna kommun,Brand,1
2021,8,Kiruna kommun,Försvunnen person,1
2021,8,Kiruna kommun,Narkotikabrott,1
2021,8,Kiruna kommun,Trafikolycka,1
2021,8,Luleå kommun,Stöld,9
2021,8,Luleå kommun,Trafikkontroll,8
2021,8,Luleå kommun,Trafikolycka,8
2021,8,Luleå kommun,Trafikbrott,4
2021,8,Luleå kommun,Arbetsplatsolycka,3
2021,8,Luleå kommun,Misshandel,3
2021,8,Luleå kommun,"Stöld,  försök",3
2021,8,Luleå kommun,Fylleri/LOB,2
2021,8,Luleå kommun,Försvunnen person,1
2021,8,Luleå kommun,Inbrott,1
2021,8,Luleå kommun,"Misshandel,  grov",1
2021,8,Luleå kommun,Narkotikabrott,1
2021,8,Luleå kommun,Olaga hot,1
2021,8,Luleå kommun,Olovlig körning,1
2021,8,Luleå kommun,Rattfylleri,1
2021,8,Luleå kommun,Räddningsinsats,1
2021,8,Luleå kommun,Skadegörelse,1
2021,8,Luleå kommun,"Skottlossning,  misstänkt",1
2021,8,Luleå kommun,"Trafikolycka,  smitning från",1
2021,8,Luleå kommun,Uppdatering,1
2021,8,Luleå kommun,Våld/hot mot tjänsteman,1
2021,8,Luleå kommun,Våldtäkt,1
2021,8,"Norrbotten, okänd kommun",Sammanfattning natt,25
2021,8,"Norrbotten, okänd kommun",Trafikkontroll,18
2021,8,"Norrbotten, okänd kommun",Stöld/inbrott,2
2021,8,"Norrbotten, okänd kommun",Brand,1
2021,8,"Norrbotten, okänd kommun",Trafikbrott,1
2021,8,Pajala kommun,Trafikbrott,2
2021,8,Pajala kommun,Rattfylleri,1
2021,8,Piteå kommun,Trafikkontroll,2
2021,8,Piteå kommun,Trafikolycka,2
2021,8,Piteå kommun,"Trafikolycka,  personskada",2
2021,8,Piteå kommun,Brand,1
2021,8,Piteå kommun,Misshandel,1
2021,8,Piteå kommun,"Motorfordon,  stöld",1
2021,8,Piteå kommun,Olovlig körning,1
2021,8,Piteå kommun,Trafikbrott,1
2021,8,Älvsbyns kommun,Inbrott,1
2021,8,Överkalix kommun,"Trafikolycka,  vilt",1
2021,9,Arjeplogs kommun,Trafikkontroll,3
2021,9,Arjeplogs kommun,Fjällräddning,1
2021,9,Arjeplogs kommun,"Trafikolycka,  vilt",1
2021,9,Arvidsjaurs kommun,Trafikkontroll,1
2021,9,Arvidsjaurs kommun,"Trafikolycka,  vilt",1
2021,9,Bodens kommun,Trafikkontroll,12
2021,9,Bodens kommun,Trafikbrott,5
2021,9,Bodens kommun,Fylleri/LOB,2
2021,9,Bodens kommun,Inbrott,2
2021,9,Bodens kommun,Narkotikabrott,2
2021,9,Bodens kommun,Misshandel,1
2021,9,Bodens kommun,"Misshandel,  grov",1
2021,9,Bodens kommun,Olovlig körning,1
2021,9,Bodens kommun,Rattfylleri,1
2021,9,Bodens kommun,Stöld,1
2021,9,Bodens kommun,"Stöld,  försök",1
2021,9,Bodens kommun,Våld/hot mot tjänsteman,1
2021,9,Gällivare kommun,Trafikkontroll,3
2021,9,Gällivare kommun,Rattfylleri,2
2021,9,Gällivare kommun,Trafikbrott,2
2021,9,Gällivare kommun,Trafikolycka,2
2021,9,Gällivare kommun,"Trafikolycka,  vilt",2
2021,9,Gällivare kommun,Arbetsplatsolycka,1
2021,9,Gällivare kommun,Brand,1
2021,9,Gällivare kommun,Inbrott,1
2021,9,Gällivare kommun,Stöld,1
2021,9,Haparanda kommun,Försvunnen person,1
2021,9,Haparanda kommun,Rattfylleri,1
2021,9,Haparanda kommun,Sammanfattning natt,1
2021,9,Haparanda kommun,Stöld,1
2021,9,Jokkmokks kommun,Trafikolycka,1
2021,9,Kalix kommun,Trafikbrott,2
2021,9,Kalix kommun,"Trafikolycka,  vilt",2
2021,9,Kalix kommun,Rattfylleri,1
2021,9,Kalix kommun,Stöld,1
2021,9,Kalix kommun,Trafikkontroll,1
2021,9,Kalix kommun,Vapenlagen,1
2021,9,Kiruna kommun,Trafikkontroll,3
2021,9,Kiruna kommun,Sammanfattning natt,2
2021,9,Kiruna kommun,Trafikbrott,2
2021,9,Kiruna kommun,Ofredande/förargelse,1
2021,9,Kiruna kommun,Stöld,1
2021,9,Kiruna kommun,Stöld/inbrott,1
2021,9,Kiruna kommun,Trafikolycka,1
2021,9,Luleå kommun,Stöld,14
2021,9,Luleå kommun,Trafikkontroll,13
2021,9,Luleå kommun,Trafikolycka,8
2021,9,Luleå kommun,Sammanfattning natt,5
2021,9,Luleå kommun,Brand,4
2021,9,Luleå kommun,"Motorfordon,  anträffat stulet",3
2021,9,Luleå kommun,Rattfylleri,3
2021,9,Luleå kommun,Trafikbrott,3
2021,9,Luleå kommun,Fylleri/LOB,2
2021,9,Luleå kommun,Misshandel,2
2021,9,Luleå kommun,Olovlig körning,2
2021,9,Luleå kommun,Skadegörelse,2
2021,9,Luleå kommun,Anträffat gods,1
2021,9,Luleå kommun,Arbetsplatsolycka,1
2021,9,Luleå kommun,Bedrägeri,1
2021,9,Luleå kommun,Bråk,1
2021,9,Luleå kommun,Försvunnen person,1
2021,9,Luleå kommun,"Mord/dråp,  försök",1
2021,9,Luleå kommun,Olaga intrång,1
2021,9,Luleå kommun,Stöld/inbrott,1
2021,9,Luleå kommun,"Trafikolycka,  singel",1
2021,9,Luleå kommun,"Trafikolycka,  vilt",1
2021,9,"Norrbotten, okänd kommun",Trafikkontroll,30
2021,9,"Norrbotten, okänd kommun",Sammanfattning natt,20
2021,9,"Norrbotten, okänd kommun",Trafikbrott,2
2021,9,"Norrbotten, okänd kommun",Bedrägeri,1
2021,9,Pajala kommun,"Farligt föremål,  misstänkt",1
2021,9,Pajala kommun,"Mord/dråp,  försök",1
2021,9,Pajala kommun,"Motorfordon,  anträffat stulet",1
2021,9,Pajala kommun,Rattfylleri,1
2021,9,Pajala kommun,Trafikbrott,1
2021,9,Piteå kommun,Trafikkontroll,7
2021,9,Piteå kommun,Trafikolycka,4
2021,9,Piteå kommun,Trafikbrott,3
2021,9,Piteå kommun,Misshandel,2
2021,9,Piteå kommun,Rattfylleri,2
2021,9,Piteå kommun,Sammanfattning natt,2
2021,9,Piteå kommun,Stöld,2
2021,9,Piteå kommun,Arbetsplatsolycka,1
2021,9,Piteå kommun,Brand,1
2021,9,Piteå kommun,"Motorfordon,  anträffat stulet",1
2021,9,Piteå kommun,"Motorfordon,  stöld",1
2021,9,Piteå kommun,Olovlig körning,1
2021,9,Piteå kommun,"Trafikolycka,  personskada",1
2021,9,Älvsbyns kommun,Trafikkontroll,3
2021,9,Älvsbyns kommun,Rattfylleri,1
2021,9,Älvsbyns kommun,Stöld,1
2021,9,Överkalix kommun,"Trafikolycka,  vilt",2
2021,9,Övertorneå kommun,Trafikkontroll,1
2021,9,Övertorneå kommun,Trafikolycka,1
2021,10,Arjeplogs kommun,Trafikkontroll,6
2021,10,Arjeplogs kommun,Trafikbrott,1
2021,10,Arvidsjaurs kommun,Trafikolycka,3
2021,10,Arvidsjaurs kommun,Trafikkontroll,2
2021,10,Arvidsjaurs kommun,"Trafikolycka,  vilt",2
2021,10,Arvidsjaurs kommun,Rattfylleri,1
2021,10,Bodens kommun,Trafikkontroll,21
2021,10,Bodens kommun,Brand,2
2021,10,Bodens kommun,Stöld,2
2021,10,Bodens kommun,Trafikbrott,2
2021,10,Bodens kommun,Trafikolycka,2
2021,10,Bodens kommun,Olovlig körning,1
2021,10,Bodens kommun,Rattfylleri,1
2021,10,Bodens kommun,Rån,1
2021,10,Bodens kommun,Sammanfattning natt,1
2021,10,Bodens kommun,"Trafikolycka,  vilt",1
2021,10,Bodens kommun,"Våldtäkt,  försök",1
2021,10,Gällivare kommun,Trafikolycka,3
2021,10,Gällivare kommun,"Trafikolycka,  vilt",3
2021,10,Gällivare kommun,Rattfylleri,2
2021,10,Gällivare kommun,Mord/dråp,1
2021,10,Gällivare kommun,Räddningsinsats,1
2021,10,Gällivare kommun,Skadegörelse,1
2021,10,Gällivare kommun,Trafikbrott,1
2021,10,Gällivare kommun,Trafikhinder,1
2021,10,Gällivare kommun,Vapenlagen,1
2021,10,Haparanda kommun,Inbrott,1
2021,10,Haparanda kommun,"Stöld,  försök",1
2021,10,Haparanda kommun,Trafikolycka,1
2021,10,Haparanda kommun,"Trafikolycka,  vilt",1
2021,10,Jokkmokks kommun,Trafikkontroll,2
2021,10,Jokkmokks kommun,Arbetsplatsolycka,1
2021,10,Jokkmokks kommun,Trafikolycka,1
2021,10,Kalix kommun,Stöld,2
2021,10,Kalix kommun,Försvunnen person,1
2021,10,Kalix kommun,"Motorfordon,  anträffat stulet",1
2021,10,Kalix kommun,Sammanfattning natt,1
2021,10,Kalix kommun,Stöld/inbrott,1
2021,10,Kalix kommun,Trafikbrott,1
2021,10,Kalix kommun,"Trafikolycka,  singel",1
2021,10,Kiruna kommun,Trafikbrott,6
2021,10,Kiruna kommun,Rattfylleri,2
2021,10,Kiruna kommun,Stöld,2
2021,10,Kiruna kommun,Arbetsplatsolycka,1
2021,10,Kiruna kommun,Brand,1
2021,10,Kiruna kommun,Fjällräddning,1
2021,10,Kiruna kommun,"Motorfordon,  anträffat stulet",1
2021,10,Kiruna kommun,Narkotikabrott,1
2021,10,Kiruna kommun,Trafikkontroll,1
2021,10,Luleå kommun,Trafikkontroll,16
2021,10,Luleå kommun,Trafikolycka,12
2021,10,Luleå kommun,Stöld,9
2021,10,Luleå kommun,Rattfylleri,7
2021,10,Luleå kommun,Sammanfattning natt,5
2021,10,Luleå kommun,Brand,3
2021,10,Luleå kommun,Skadegörelse,3
2021,10,Luleå kommun,Trafikbrott,3
2021,10,Luleå kommun,"Misshandel,  grov",2
2021,10,Luleå kommun,Olovlig körning,2
2021,10,Luleå kommun,"Stöld,  försök",2
2021,10,Luleå kommun,"Trafikolycka,  vilt",2
2021,10,Luleå kommun,Uppdatering,2
2021,10,Luleå kommun,Försvunnen person,1
2021,10,Luleå kommun,Inbrott,1
2021,10,Luleå kommun,Kontroll person/fordon,1
2021,10,Luleå kommun,Misshandel,1
2021,10,Luleå kommun,Rån övrigt,1
2021,10,Luleå kommun,Stöld/inbrott,1
2021,10,Luleå kommun,Trafikhinder,1
2021,10,Luleå kommun,Våld/hot mot tjänsteman,1
2021,10,Luleå kommun,Övrigt,1
2021,10,"Norrbotten, okänd kommun",Sammanfattning natt,20
2021,10,"Norrbotten, okänd kommun",Trafikkontroll,14
2021,10,"Norrbotten, okänd kommun","Trafikolycka,  vilt",6
2021,10,"Norrbotten, okänd kommun",Fylleri/LOB,1
2021,10,Piteå kommun,Trafikkontroll,5
2021,10,Piteå kommun,Rattfylleri,3
2021,10,Piteå kommun,Trafikolycka,3
2021,10,Piteå kommun,Brand,2
2021,10,Piteå kommun,Stöld/inbrott,2
2021,10,Piteå kommun,Larm Överfall,1
2021,10,Piteå kommun,"Motorfordon,  anträffat stulet",1
2021,10,Piteå kommun,Sammanfattning natt,1
2021,10,Piteå kommun,Trafikbrott,1
2021,10,Piteå kommun,"Trafikolycka,  personskada",1
2021,10,Piteå kommun,"Trafikolycka,  vilt",1
2021,10,Piteå kommun,Vapenlagen,1
2021,10,Älvsbyns kommun,Trafikkontroll,5
2021,10,Älvsbyns kommun,Rattfylleri,1
2021,10,Älvsbyns kommun,Trafikbrott,1
2021,10,Älvsbyns kommun,Trafikolycka,1
2021,10,Överkalix kommun,Sammanfattning natt,1
2021,10,Övertorneå kommun,"Trafikolycka,  vilt",5
2021,10,Övertorneå kommun,Trafikbrott,1
2021,11,Arjeplogs kommun,Trafikkontroll,3
2021,11,Arjeplogs kommun,Brand,1
2021,11,Arjeplogs kommun,Trafikbrott,1
2021,11,Arvidsjaurs kommun,Trafikkontroll,5
2021,11,Arvidsjaurs kommun,Trafikolycka,1
2021,11,Bodens kommun,Trafikkontroll,12
2021,11,Bodens kommun,Olovlig körning,2
2021,11,Bodens kommun,Sammanfattning natt,2
2021,11,Bodens kommun,Stöld,2
2021,11,Bodens kommun,Trafikolycka,2
2021,11,Bodens kommun,"Trafikolycka,  smitning från",2
2021,11,Bodens kommun,Knivlagen,1
2021,11,Bodens kommun,Narkotikabrott,1
2021,11,Bodens kommun,Rattfylleri,1
2021,11,Bodens kommun,Skadegörelse,1
2021,11,Bodens kommun,Trafikbrott,1
2021,11,Bodens kommun,Våldtäkt,1
2021,11,Gällivare kommun,Trafikbrott,4
2021,11,Gällivare kommun,Trafikolycka,2
2021,11,Gällivare kommun,Arbetsplatsolycka,1
2021,11,Gällivare kommun,Inbrott,1
2021,11,Gällivare kommun,Misshandel,1
2021,11,Gällivare kommun,"Motorfordon,  anträffat stulet",1
2021,11,Gällivare kommun,Sammanfattning natt,1
2021,11,Gällivare kommun,Trafikkontroll,1
2021,11,Gällivare kommun,"Trafikolycka,  vilt",1
2021,11,Haparanda kommun,Narkotikabrott,2
2021,11,Haparanda kommun,Trafikolycka,2
2021,11,Haparanda kommun,Försvunnen person,1
2021,11,Haparanda kommun,Inbrott,1
2021,11,Haparanda kommun,"Motorfordon,  stöld",1
2021,11,Haparanda kommun,Stöld,1
2021,11,Haparanda kommun,Trafikbrott,1
2021,11,Haparanda kommun,"Trafikolycka,  singel",1
2021,11,Haparanda kommun,"Trafikolycka,  vilt",1
2021,11,Jokkmokks kommun,Trafikolycka,1
2021,11,Jokkmokks kommun,"Trafikolycka,  vilt",1
2021,11,Kalix kommun,Brand,1
2021,11,Kalix kommun,Inbrott,1
2021,11,Kalix kommun,Narkotikabrott,1
2021,11,Kalix kommun,Olovlig körning,1
2021,11,Kalix kommun,Trafikbrott,1
2021,11,Kalix kommun,Trafikkontroll,1
2021,11,Kalix kommun,Trafikolycka,1
2021,11,Kiruna kommun,Trafikbrott,4
2021,11,Kiruna kommun,Arbetsplatsolycka,2
2021,11,Kiruna kommun,Narkotikabrott,2
2021,11,Kiruna kommun,Trafikkontroll,2
2021,11,Kiruna kommun,Trafikolycka,2
2021,11,Kiruna kommun,Inbrott,1
2021,11,Kiruna kommun,Skadegörelse,1
2021,11,Kiruna kommun,Stöld,1
2021,11,Kiruna kommun,"Trafikolycka,  singel",1
2021,11,Luleå kommun,Trafikkontroll,19
2021,11,Luleå kommun,Trafikolycka,8
2021,11,Luleå kommun,Stöld,6
2021,11,Luleå kommun,Olovlig körning,3
2021,11,Luleå kommun,Trafikbrott,3
2021,11,Luleå kommun,Brand,2
2021,11,Luleå kommun,Fylleri/LOB,2
2021,11,Luleå kommun,Misshandel,2
2021,11,Luleå kommun,Inbrott,1
2021,11,Luleå kommun,"Inbrott,  försök",1
2021,11,Luleå kommun,Knivlagen,1
2021,11,Luleå kommun,Narkotikabrott,1
2021,11,Luleå kommun,Olaga intrång,1
2021,11,Luleå kommun,Sammanfattning natt,1
2021,11,Luleå kommun,Stöld/inbrott,1
2021,11,Luleå kommun,"Trafikolycka,  vilt",1
2021,11,"Norrbotten, okänd kommun",Sammanfattning natt,26
2021,11,"Norrbotten, okänd kommun",Trafikkontroll,18
2021,11,"Norrbotten, okänd kommun","Trafikolycka,  vilt",9
2021,11,Pajala kommun,Mord/dråp,1
2021,11,Pajala kommun,"Trafikolycka,  vilt",1
2021,11,Piteå kommun,Trafikolycka,4
2021,11,Piteå kommun,Trafikbrott,3
2021,11,Piteå kommun,Olovlig körning,1
2021,11,Piteå kommun,Trafikkontroll,1
2021,11,Piteå kommun,"Trafikolycka,  singel",1
2021,11,Älvsbyns kommun,Fylleri/LOB,1
2021,11,Älvsbyns kommun,Olovlig körning,1
2021,11,Älvsbyns kommun,Trafikbrott,1
2021,11,Överkalix kommun,Mord/dråp,1
2021,11,Övertorneå kommun,Trafikbrott,2
2021,11,Övertorneå kommun,Rattfylleri,1
2021,11,Övertorneå kommun,"Trafikolycka,  vilt",1
2021,12,Arjeplogs kommun,Trafikkontroll,1
2021,12,Arvidsjaurs kommun,Rattfylleri,1
2021,12,Arvidsjaurs kommun,Trafikbrott,1
2021,12,Arvidsjaurs kommun,Trafikolycka,1
2021,12,Bodens kommun,Trafikkontroll,19
2021,12,Bodens kommun,Stöld,4
2021,12,Bodens kommun,Rattfylleri,2
2021,12,Bodens kommun,Trafikbrott,2
2021,12,Bodens kommun,Trafikolycka,2
2021,12,Bodens kommun,Fylleri/LOB,1
2021,12,Bodens kommun,Misshandel,1
2021,12,Bodens kommun,Narkotikabrott,1
2021,12,Bodens kommun,Olovlig körning,1
2021,12,Bodens kommun,"Trafikolycka,  vilt",1
2021,12,Gällivare kommun,Trafikbrott,7
2021,12,Gällivare kommun,Trafikkontroll,5
2021,12,Gällivare kommun,Rattfylleri,3
2021,12,Gällivare kommun,Sammanfattning natt,2
2021,12,Gällivare kommun,Trafikolycka,1
2021,12,Haparanda kommun,Brand,2
2021,12,Haparanda kommun,Misshandel,1
2021,12,Haparanda kommun,"Motorfordon,  stöld",1
2021,12,Haparanda kommun,Ofredande/förargelse,1
2021,12,Haparanda kommun,Rattfylleri,1
2021,12,Haparanda kommun,Trafikkontroll,1
2021,12,Jokkmokks kommun,Brand,1
2021,12,Jokkmokks kommun,Olovlig körning,1
2021,12,Jokkmokks kommun,Trafikolycka,1
2021,12,Jokkmokks kommun,"Trafikolycka,  vilt",1
2021,12,Kalix kommun,"Trafikolycka,  vilt",2
2021,12,Kalix kommun,Fylleri/LOB,1
2021,12,Kalix kommun,Inbrott,1
2021,12,Kalix kommun,Mord/dråp,1
2021,12,Kalix kommun,Trafikkontroll,1
2021,12,Kalix kommun,Trafikolycka,1
2021,12,Kiruna kommun,Trafikolycka,7
2021,12,Kiruna kommun,Trafikkontroll,2
2021,12,Kiruna kommun,Arbetsplatsolycka,1
2021,12,Kiruna kommun,Inbrott,1
2021,12,Kiruna kommun,Sammanfattning natt,1
2021,12,Kiruna kommun,"Trafikolycka,  personskada",1
2021,12,Luleå kommun,Trafikkontroll,18
2021,12,Luleå kommun,Stöld,13
2021,12,Luleå kommun,Trafikolycka,8
2021,12,Luleå kommun,Sammanfattning natt,5
2021,12,Luleå kommun,Trafikbrott,4
2021,12,Luleå kommun,Misshandel,3
2021,12,Luleå kommun,Olovlig körning,3
2021,12,Luleå kommun,Fylleri/LOB,2
2021,12,Luleå kommun,Rattfylleri,2
2021,12,Luleå kommun,Övrigt,2
2021,12,Luleå kommun,Inbrott,1
2021,12,Luleå kommun,Larm Överfall,1
2021,12,Luleå kommun,"Motorfordon,  stöld",1
2021,12,Luleå kommun,Narkotikabrott,1
2021,12,Luleå kommun,Skadegörelse,1
2021,12,Luleå kommun,Stöld/inbrott,1
2021,12,Luleå kommun,"Trafikolycka,  personskada",1
2021,12,"Norrbotten, okänd kommun",Sammanfattning natt,21
2021,12,"Norrbotten, okänd kommun",Trafikkontroll,14
2021,12,"Norrbotten, okänd kommun","Trafikolycka,  vilt",6
2021,12,"Norrbotten, okänd kommun",Övrigt,1
2021,12,Pajala kommun,Arbetsplatsolycka,1
2021,12,Pajala kommun,Trafikolycka,1
2021,12,Piteå kommun,Trafikkontroll,7
2021,12,Piteå kommun,Trafikolycka,5
2021,12,Piteå kommun,Trafikbrott,4
2021,12,Piteå kommun,Bedrägeri,1
2021,12,Piteå kommun,Fylleri/LOB,1
2021,12,Piteå kommun,Sammanfattning natt,1
2021,12,Piteå kommun,Skadegörelse,1
2021,12,Piteå kommun,Våld/hot mot tjänsteman,1
2021,12,Älvsbyns kommun,Trafikkontroll,2
2021,12,Älvsbyns kommun,Arbetsplatsolycka,1
2021,12,Älvsbyns kommun,"Misshandel,  grov",1
2021,12,Älvsbyns kommun,Narkotikabrott,1
2021,12,Älvsbyns kommun,Sammanfattning natt,1
2021,12,Älvsbyns kommun,"Trafikolycka,  vilt",1
2021,12,Överkalix kommun,Trafikolycka,1
2021,12,Överkalix kommun,"Trafikolycka,  vilt",1
2021,12,Övertorneå kommun,Trafikkontroll,2
2021,12,Övertorneå kommun,Trafikolycka,1
2021,12,Övertorneå kommun,"Trafikolycka,  vilt",1
2022,1,Arjeplogs kommun,Trafikkontroll,10
2022,1,Arjeplogs kommun,Rattfylleri,2
2022,1,Arjeplogs kommun,Trafikbrott,2
2022,1,Arjeplogs kommun,Fjällräddning,1
2022,1,Arjeplogs kommun,Trafikolycka,1
2022,1,Arjeplogs kommun,"Trafikolycka,  vilt",1
2022,1,Arvidsjaurs kommun,Trafikkontroll,4
2022,1,Arvidsjaurs kommun,Trafikbrott,1
2022,1,Arvidsjaurs kommun,"Trafikolycka,  vilt",1
2022,1,Bodens kommun,Trafikkontroll,27
2022,1,Bodens kommun,"Trafikolycka,  vilt",5
2022,1,Bodens kommun,Stöld,4
2022,1,Bodens kommun,Trafikbrott,3
2022,1,Bodens kommun,Trafikolycka,2
2022,1,Bodens kommun,Fylleri/LOB,1
2022,1,Bodens kommun,Misshandel,1
2022,1,Bodens kommun,Narkotikabrott,1
2022,1,Bodens kommun,Sammanfattning natt,1
2022,1,Gällivare kommun,Trafikbrott,7
2022,1,Gällivare kommun,Trafikkontroll,7
2022,1,Gällivare kommun,Rattfylleri,4
2022,1,Gällivare kommun,Trafikolycka,3
2022,1,Gällivare kommun,"Motorfordon,  stöld",1
2022,1,Gällivare kommun,Sammanfattning natt,1
2022,1,Gällivare kommun,Stöld,1
2022,1,Haparanda kommun,Stöld,2
2022,1,Haparanda kommun,Trafikolycka,1
2022,1,Haparanda kommun,"Trafikolycka,  singel",1
2022,1,Jokkmokks kommun,"Trafikolycka,  vilt",2
2022,1,Jokkmokks kommun,Djur,1
2022,1,Jokkmokks kommun,Sammanfattning natt,1
2022,1,Kalix kommun,"Trafikolycka,  vilt",2
2022,1,Kalix kommun,Brand,1
2022,1,Kalix kommun,Ofredande/förargelse,1
2022,1,Kalix kommun,Stöld,1
2022,1,Kalix kommun,Trafikolycka,1
2022,1,Kiruna kommun,Trafikbrott,7
2022,1,Kiruna kommun,Misshandel,1
2022,1,Kiruna kommun,Olovlig körning,1
2022,1,Kiruna kommun,Sammanfattning natt,1
2022,1,Kiruna kommun,Stöld,1
2022,1,Kiruna kommun,"Trafikolycka,  vilt",1
2022,1,Luleå kommun,Trafikkontroll,22
2022,1,Luleå kommun,Trafikolycka,10
2022,1,Luleå kommun,Stöld,6
2022,1,Luleå kommun,Trafikbrott,5
2022,1,Luleå kommun,Fylleri/LOB,2
2022,1,Luleå kommun,Misshandel,2
2022,1,Luleå kommun,"Motorfordon,  anträffat stulet",2
2022,1,Luleå kommun,Rattfylleri,2
2022,1,Luleå kommun,Skadegörelse,2
2022,1,Luleå kommun,Brand,1
2022,1,Luleå kommun,Djur,1
2022,1,Luleå kommun,Försvunnen person,1
2022,1,Luleå kommun,Hemfridsbrott,1
2022,1,Luleå kommun,"Motorfordon,  stöld",1
2022,1,Luleå kommun,Olovlig körning,1
2022,1,Luleå kommun,Trafikhinder,1
2022,1,Luleå kommun,"Trafikolycka,  smitning från",1
2022,1,Luleå kommun,"Trafikolycka,  vilt",1
2022,1,Luleå kommun,Övrigt,1
2022,1,"Norrbotten, okänd kommun",Sammanfattning natt,23
2022,1,"Norrbotten, okänd kommun",Trafikkontroll,8
2022,1,"Norrbotten, okänd kommun",Sammanfattning kväll,3
2022,1,"Norrbotten, okänd kommun",Sammanfattning kväll och natt,2
2022,1,"Norrbotten, okänd kommun","Trafikolycka,  vilt",1
2022,1,Pajala kommun,Brand,1
2022,1,Piteå kommun,Trafikkontroll,11
2022,1,Piteå kommun,Trafikolycka,5
2022,1,Piteå kommun,Trafikbrott,2
2022,1,Piteå kommun,Arbetsplatsolycka,1
2022,1,Piteå kommun,Misshandel,1
2022,1,Piteå kommun,Rattfylleri,1
2022,1,Piteå kommun,Skadegörelse,1
2022,1,Piteå kommun,"Trafikolycka,  singel",1
2022,1,Älvsbyns kommun,"Trafikolycka,  vilt",3
2022,1,Älvsbyns kommun,Rattfylleri,2
2022,1,Älvsbyns kommun,Stöld/inbrott,1
2022,1,Älvsbyns kommun,Trafikkontroll,1
2022,1,Överkalix kommun,"Trafikolycka,  vilt",2
2022,1,Övertorneå kommun,Brand,1
2022,1,Övertorneå kommun,Olovlig körning,1
2022,1,Övertorneå kommun,Trafikbrott,1
2022,2,Arjeplogs kommun,Trafikkontroll,6
2022,2,Arjeplogs kommun,Trafikbrott,2
2022,2,Arjeplogs kommun,Trafikolycka,1
2022,2,Arvidsjaurs kommun,Trafikkontroll,3
2022,2,Arvidsjaurs kommun,Trafikbrott,1
2022,2,Arvidsjaurs kommun,Trafikolycka,1
2022,2,Arvidsjaurs kommun,"Trafikolycka,  vilt",1
2022,2,Bodens kommun,Trafikkontroll,20
2022,2,Bodens kommun,Trafikolycka,7
2022,2,Bodens kommun,Rattfylleri,4
2022,2,Bodens kommun,Trafikbrott,4
2022,2,Bodens kommun,Sammanfattning natt,3
2022,2,Bodens kommun,Stöld,3
2022,2,Bodens kommun,Bråk,2
2022,2,Bodens kommun,Brand,1
2022,2,Bodens kommun,Olaga hot,1
2022,2,Bodens kommun,Olovlig körning,1
2022,2,Gällivare kommun,Trafikkontroll,12
2022,2,Gällivare kommun,Trafikbrott,4
2022,2,Gällivare kommun,Rattfylleri,3
2022,2,Gällivare kommun,Stöld,3
2022,2,Gällivare kommun,"Trafikolycka,  vilt",2
2022,2,Gällivare kommun,Sammanfattning natt,1
2022,2,Gällivare kommun,Trafikolycka,1
2022,2,Haparanda kommun,Brand,1
2022,2,Haparanda kommun,Trafikbrott,1
2022,2,Haparanda kommun,Trafikolycka,1
2022,2,Jokkmokks kommun,Trafikolycka,2
2022,2,Jokkmokks kommun,Fjällräddning,1
2022,2,Jokkmokks kommun,Trafikkontroll,1
2022,2,Kalix kommun,Olovlig körning,2
2022,2,Kalix kommun,"Misshandel,  grov",1
2022,2,Kalix kommun,Rattfylleri,1
2022,2,Kalix kommun,Trafikbrott,1
2022,2,Kalix kommun,Trafikkontroll,1
2022,2,Kalix kommun,Trafikolycka,1
2022,2,Kiruna kommun,Trafikbrott,5
2022,2,Kiruna kommun,Trafikolycka,2
2022,2,Kiruna kommun,Arbetsplatsolycka,1
2022,2,Kiruna kommun,Fjällräddning,1
2022,2,Kiruna kommun,Olovlig körning,1
2022,2,Kiruna kommun,Rattfylleri,1
2022,2,Kiruna kommun,Sammanfattning natt,1
2022,2,Kiruna kommun,"Trafikolycka,  vilt",1
2022,2,Luleå kommun,Trafikkontroll,15
2022,2,Luleå kommun,Trafikolycka,10
2022,2,Luleå kommun,Trafikbrott,9
2022,2,Luleå kommun,Rattfylleri,7
2022,2,Luleå kommun,Stöld,3
2022,2,Luleå kommun,Fylleri/LOB,2
2022,2,Luleå kommun,Arbetsplatsolycka,1
2022,2,Luleå kommun,Knivlagen,1
2022,2,Luleå kommun,Misshandel,1
2022,2,Luleå kommun,"Mord/dråp,  försök",1
2022,2,Luleå kommun,"Motorfordon,  anträffat stulet",1
2022,2,Luleå kommun,Olaga frihetsberövande/människorov,1
2022,2,Luleå kommun,Olaga hot,1
2022,2,Luleå kommun,Olovlig körning,1
2022,2,Luleå kommun,Sammanfattning natt,1
2022,2,Luleå kommun,Trafikhinder,1
2022,2,Luleå kommun,"Trafikolycka,  singel",1
2022,2,"Norrbotten, okänd kommun",Sammanfattning natt,20
2022,2,"Norrbotten, okänd kommun",Trafikkontroll,16
2022,2,"Norrbotten, okänd kommun","Trafikolycka,  vilt",1
2022,2,Piteå kommun,Trafikkontroll,6
2022,2,Piteå kommun,Trafikbrott,4
2022,2,Piteå kommun,Trafikolycka,4
2022,2,Piteå kommun,Rattfylleri,3
2022,2,Piteå kommun,Narkotikabrott,2
2022,2,Piteå kommun,"Motorfordon,  anträffat stulet",1
2022,2,Piteå kommun,Olovlig körning,1
2022,2,Piteå kommun,Sammanfattning helg,1
2022,2,Piteå kommun,Sammanfattning kväll och natt,1
2022,2,Piteå kommun,Sammanfattning natt,1
2022,2,Piteå kommun,Stöld,1
2022,2,Piteå kommun,Våld/hot mot tjänsteman,1
2022,2,Älvsbyns kommun,Rattfylleri,2
2022,2,Älvsbyns kommun,Trafikbrott,2
2022,2,Älvsbyns kommun,"Motorfordon,  anträffat stulet",1
2022,2,Älvsbyns kommun,Sammanfattning natt,1
2022,2,Älvsbyns kommun,Trafikkontroll,1
2022,2,Överkalix kommun,Trafikolycka,2
2022,3,Arjeplogs kommun,Fjällräddning,1
2022,3,Arjeplogs kommun,Rattfylleri,1
2022,3,Arjeplogs kommun,Trafikkontroll,1
2022,3,Arvidsjaurs kommun,Trafikkontroll,5
2022,3,Arvidsjaurs kommun,Arbetsplatsolycka,1
2022,3,Arvidsjaurs kommun,Rattfylleri,1
2022,3,Bodens kommun,Trafikkontroll,14
2022,3,Bodens kommun,Stöld,6
2022,3,Bodens kommun,Rattfylleri,4
2022,3,Bodens kommun,Trafikolycka,3
2022,3,Bodens kommun,Sammanfattning natt,2
2022,3,Bodens kommun,Arbetsplatsolycka,1
2022,3,Bodens kommun,Fylleri/LOB,1
2022,3,Bodens kommun,Olovlig körning,1
2022,3,Gällivare kommun,Trafikbrott,9
2022,3,Gällivare kommun,Trafikkontroll,5
2022,3,Gällivare kommun,Trafikolycka,4
2022,3,Gällivare kommun,Fylleri/LOB,2
2022,3,Gällivare kommun,Rattfylleri,2
2022,3,Gällivare kommun,Arbetsplatsolycka,1
2022,3,Gällivare kommun,Misshandel,1
2022,3,Gällivare kommun,Sammanfattning natt,1
2022,3,Gällivare kommun,Sjukdom/olycksfall,1
2022,3,Gällivare kommun,"Trafikolycka,  vilt",1
2022,3,Haparanda kommun,Brand,1
2022,3,Haparanda kommun,Knivlagen,1
2022,3,Jokkmokks kommun,Trafikolycka,2
2022,3,Jokkmokks kommun,Arbetsplatsolycka,1
2022,3,Jokkmokks kommun,"Trafikolycka,  vilt",1
2022,3,Kalix kommun,Trafikbrott,3
2022,3,Kalix kommun,Trafikkontroll,3
2022,3,Kalix kommun,Narkotikabrott,2
2022,3,Kalix kommun,Sammanfattning natt,1
2022,3,Kiruna kommun,Trafikkontroll,3
2022,3,Kiruna kommun,"Motorfordon,  anträffat stulet",2
2022,3,Kiruna kommun,Sammanfattning natt,2
2022,3,Kiruna kommun,Trafikolycka,2
2022,3,Kiruna kommun,Brand,1
2022,3,Kiruna kommun,Fjällräddning,1
2022,3,Kiruna kommun,Skadegörelse,1
2022,3,Kiruna kommun,Stöld,1
2022,3,Kiruna kommun,Trafikbrott,1
2022,3,Kiruna kommun,"Trafikolycka,  smitning från",1
2022,3,Luleå kommun,Trafikkontroll,8
2022,3,Luleå kommun,Stöld,7
2022,3,Luleå kommun,Trafikolycka,5
2022,3,Luleå kommun,Rattfylleri,4
2022,3,Luleå kommun,Brand,2
2022,3,Luleå kommun,Fylleri/LOB,2
2022,3,Luleå kommun,Inbrott,2
2022,3,Luleå kommun,Misshandel,2
2022,3,Luleå kommun,Sammanfattning natt,2
2022,3,Luleå kommun,Trafikbrott,2
2022,3,Luleå kommun,Arbetsplatsolycka,1
2022,3,Luleå kommun,Narkotikabrott,1
2022,3,Luleå kommun,Olaga hot,1
2022,3,Luleå kommun,Olovlig körning,1
2022,3,Luleå kommun,Räddningsinsats,1
2022,3,Luleå kommun,"Trafikolycka,  vilt",1
2022,3,"Norrbotten, okänd kommun",Trafikkontroll,25
2022,3,"Norrbotten, okänd kommun",Sammanfattning natt,19
2022,3,"Norrbotten, okänd kommun",Rån övrigt,1
2022,3,Pajala kommun,Trafikbrott,1
2022,3,Pajala kommun,Trafikkontroll,1
2022,3,Piteå kommun,Trafikkontroll,6
2022,3,Piteå kommun,Rattfylleri,5
2022,3,Piteå kommun,Trafikbrott,3
2022,3,Piteå kommun,Trafikolycka,2
2022,3,Piteå kommun,"Trafikolycka,  vilt",2
2022,3,Piteå kommun,Arbetsplatsolycka,1
2022,3,Piteå kommun,Brand,1
2022,3,Piteå kommun,Knivlagen,1
2022,3,Piteå kommun,Misshandel,1
2022,3,Piteå kommun,Olaga hot,1
2022,3,Piteå kommun,Olovlig körning,1
2022,3,Piteå kommun,Skadegörelse,1
2022,3,Piteå kommun,Stöld,1
2022,3,Älvsbyns kommun,Misshandel,1
2022,3,Älvsbyns kommun,"Trafikolycka,  vilt",1
2022,3,Övertorneå kommun,Rattfylleri,1
2022,3,Övertorneå kommun,Trafikbrott,1
2022,4,Arjeplogs kommun,Trafikkontroll,3
2022,4,Arjeplogs kommun,Fjällräddning,2
2022,4,Arjeplogs kommun,Rattfylleri,2
2022,4,Arvidsjaurs kommun,Trafikbrott,1
2022,4,Arvidsjaurs kommun,Trafikkontroll,1
2022,4,Arvidsjaurs kommun,Trafikolycka,1
2022,4,Bodens kommun,Trafikkontroll,7
2022,4,Bodens kommun,Stöld,4
2022,4,Bodens kommun,Rattfylleri,2
2022,4,Bodens kommun,Trafikbrott,2
2022,4,Bodens kommun,Trafikolycka,2
2022,4,Bodens kommun,Brand,1
2022,4,Bodens kommun,Fylleri/LOB,1
2022,4,Bodens kommun,Misshandel,1
2022,4,Bodens kommun,Olovlig körning,1
2022,4,Gällivare kommun,Trafikbrott,5
2022,4,Gällivare kommun,Trafikkontroll,5
2022,4,Gällivare kommun,Fjällräddning,3
2022,4,Gällivare kommun,Arbetsplatsolycka,1
2022,4,Gällivare kommun,Fylleri/LOB,1
2022,4,Gällivare kommun,Misshandel,1
2022,4,Gällivare kommun,Trafikolycka,1
2022,4,Haparanda kommun,Stöld,2
2022,4,Haparanda kommun,Misshandel,1
2022,4,Haparanda kommun,Olovlig körning,1
2022,4,Haparanda kommun,Räddningsinsats,1
2022,4,Haparanda kommun,Rån övrigt,1
2022,4,Haparanda kommun,Sammanfattning natt,1
2022,4,Haparanda kommun,Trafikbrott,1
2022,4,Haparanda kommun,Trafikolycka,1
2022,4,Jokkmokks kommun,Trafikkontroll,1
2022,4,Kalix kommun,Trafikkontroll,2
2022,4,Kalix kommun,Misshandel,1
2022,4,Kalix kommun,Trafikbrott,1
2022,4,Kalix kommun,Trafikolycka,1
2022,4,Kiruna kommun,Fjällräddning,8
2022,4,Kiruna kommun,Trafikolycka,3
2022,4,Kiruna kommun,Fylleri/LOB,2
2022,4,Kiruna kommun,Arbetsplatsolycka,1
2022,4,Kiruna kommun,Brand,1
2022,4,Kiruna kommun,Försvunnen person,1
2022,4,Kiruna kommun,"Motorfordon,  stöld",1
2022,4,Kiruna kommun,Rattfylleri,1
2022,4,Kiruna kommun,Trafikbrott,1
2022,4,Kiruna kommun,Trafikkontroll,1
2022,4,Kiruna kommun,"Trafikolycka,  personskada",1
2022,4,Kiruna kommun,Övrigt,1
2022,4,Luleå kommun,Trafikolycka,8
2022,4,Luleå kommun,Rattfylleri,7
2022,4,Luleå kommun,Sammanfattning natt,5
2022,4,Luleå kommun,Stöld,5
2022,4,Luleå kommun,Trafikkontroll,5
2022,4,Luleå kommun,Fylleri/LOB,4
2022,4,Luleå kommun,Brand,3
2022,4,Luleå kommun,Misshandel,2
2022,4,Luleå kommun,Narkotikabrott,2
2022,4,Luleå kommun,Bombhot,1
2022,4,Luleå kommun,Häleri,1
2022,4,Luleå kommun,"Inbrott,  försök",1
2022,4,Luleå kommun,"Motorfordon,  stöld",1
2022,4,Luleå kommun,Rån,1
2022,4,Luleå kommun,Skadegörelse,1
2022,4,Luleå kommun,Stöld/inbrott,1
2022,4,Luleå kommun,"Trafikolycka,  vilt",1
2022,4,"Norrbotten, okänd kommun",Sammanfattning natt,25
2022,4,"Norrbotten, okänd kommun",Trafikkontroll,22
2022,4,Pajala kommun,"Trafikolycka,  vilt",2
2022,4,Pajala kommun,Trafikbrott,1
2022,4,Pajala kommun,Trafikkontroll,1
2022,4,Piteå kommun,Trafikolycka,7
2022,4,Piteå kommun,Trafikkontroll,6
2022,4,Piteå kommun,Trafikbrott,3
2022,4,Piteå kommun,Rattfylleri,2
2022,4,Piteå kommun,Stöld,2
2022,4,Piteå kommun,Försvunnen person,1
2022,4,Älvsbyns kommun,Trafikbrott,2
2022,4,Älvsbyns kommun,Trafikkontroll,2
2022,4,Övertorneå kommun,Brand,1
2022,4,Övertorneå kommun,Trafikbrott,1
2022,5,Arjeplogs kommun,Trafikkontroll,2
2022,5,Bodens kommun,Trafikkontroll,5
2022,5,Bodens kommun,Brand,2
2022,5,Bodens kommun,Misshandel,2
2022,5,Bodens kommun,"Misshandel,  grov",2
2022,5,Bodens kommun,Rattfylleri,2
2022,5,Bodens kommun,Skadegörelse,2
2022,5,Bodens kommun,Stöld,2
2022,5,Bodens kommun,Bedrägeri,1
2022,5,Bodens kommun,Fylleri/LOB,1
2022,5,Bodens kommun,Knivlagen,1
2022,5,Bodens kommun,Olaga hot,1
2022,5,Bodens kommun,Olaga intrång,1
2022,5,Bodens kommun,Sammanfattning natt,1
2022,5,Bodens kommun,Trafikolycka,1
2022,5,Gällivare kommun,Rattfylleri,3
2022,5,Gällivare kommun,Trafikbrott,3
2022,5,Gällivare kommun,Trafikkontroll,3
2022,5,Gällivare kommun,Skadegörelse,2
2022,5,Gällivare kommun,Arbetsplatsolycka,1
2022,5,Gällivare kommun,Brand,1
2022,5,Gällivare kommun,Misshandel,1
2022,5,Gällivare kommun,Narkotikabrott,1
2022,5,Gällivare kommun,Sammanfattning natt,1
2022,5,Gällivare kommun,Trafikolycka,1
2022,5,Gällivare kommun,Övrigt,1
2022,5,Haparanda kommun,Brand,1
2022,5,Haparanda kommun,Försvunnen person,1
2022,5,Haparanda kommun,Narkotikabrott,1
2022,5,Haparanda kommun,Olovlig körning,1
2022,5,Haparanda kommun,Vapenlagen,1
2022,5,Jokkmokks kommun,"Trafikolycka,  personskada",1
2022,5,Jokkmokks kommun,"Trafikolycka,  vilt",1
2022,5,Kalix kommun,Trafikkontroll,2
2022,5,Kalix kommun,Brand,1
2022,5,Kalix kommun,Rattfylleri,1
2022,5,Kalix kommun,Trafikbrott,1
2022,5,Kalix kommun,Trafikolycka,1
2022,5,Kalix kommun,"Trafikolycka,  singel",1
2022,5,Kalix kommun,"Trafikolycka,  vilt",1
2022,5,Kiruna kommun,Sammanfattning natt,2
2022,5,Kiruna kommun,Arbetsplatsolycka,1
2022,5,Kiruna kommun,Fjällräddning,1
2022,5,Kiruna kommun,Misshandel,1
2022,5,Kiruna kommun,Trafikkontroll,1
2022,5,Kiruna kommun,Trafikolycka,1
2022,5,Luleå kommun,Fylleri/LOB,7
2022,5,Luleå kommun,Rattfylleri,7
2022,5,Luleå kommun,Stöld,5
2022,5,Luleå kommun,Trafikkontroll,4
2022,5,Luleå kommun,Trafikolycka,4
2022,5,Luleå kommun,Brand,3
2022,5,Luleå kommun,Sammanfattning natt,2
2022,5,Luleå kommun,Trafikbrott,2
2022,5,Luleå kommun,Arbetsplatsolycka,1
2022,5,Luleå kommun,Bedrägeri,1
2022,5,Luleå kommun,Häleri,1
2022,5,Luleå kommun,Misshandel,1
2022,5,Luleå kommun,"Motorfordon,  anträffat stulet",1
2022,5,Luleå kommun,"Motorfordon,  stöld",1
2022,5,Luleå kommun,Narkotikabrott,1
2022,5,Luleå kommun,Ofredande/förargelse,1
2022,5,Luleå kommun,Olaga hot,1
2022,5,Luleå kommun,Olaga intrång,1
2022,5,Luleå kommun,Olovlig körning,1
2022,5,Luleå kommun,Rån övrigt,1
2022,5,Luleå kommun,Skadegörelse,1
2022,5,Luleå kommun,"Trafikolycka,  singel",1
2022,5,Luleå kommun,"Trafikolycka,  vilt",1
2022,5,"Norrbotten, okänd kommun",Trafikkontroll,32
2022,5,"Norrbotten, okänd kommun",Sammanfattning natt,23
2022,5,"Norrbotten, okänd kommun",Misshandel,1
2022,5,Pajala kommun,Brand,1
2022,5,Pajala kommun,"Trafikolycka,  vilt",1
2022,5,Piteå kommun,Trafikkontroll,6
2022,5,Piteå kommun,Trafikbrott,3
2022,5,Piteå kommun,Sammanfattning natt,2
2022,5,Piteå kommun,Skadegörelse,2
2022,5,Piteå kommun,Stöld,2
2022,5,Piteå kommun,Trafikolycka,2
2022,5,Piteå kommun,Brand,1
2022,5,Piteå kommun,Försvunnen person,1
2022,5,Piteå kommun,Misshandel,1
2022,5,Piteå kommun,"Misshandel,  grov",1
2022,5,Piteå kommun,"Motorfordon,  anträffat stulet",1
2022,5,Piteå kommun,Rattfylleri,1
2022,5,Piteå kommun,"Trafikolycka,  vilt",1
2022,5,Älvsbyns kommun,Rattfylleri,2
2022,5,Älvsbyns kommun,Olovlig körning,1
2022,5,Övertorneå kommun,Trafikolycka,2
2022,5,Övertorneå kommun,Försvunnen person,1
2022,5,Övertorneå kommun,Trafikkontroll,1
2022,6,Arjeplogs kommun,Sammanfattning natt,1
2022,6,Arjeplogs kommun,Trafikkontroll,1
2022,6,Arjeplogs kommun,"Trafikolycka,  vilt",1
2022,6,Arvidsjaurs kommun,Trafikkontroll,2
2022,6,Bodens kommun,Stöld,4
2022,6,Bodens kommun,Sammanfattning natt,3
2022,6,Bodens kommun,Misshandel,2
2022,6,Bodens kommun,Narkotikabrott,2
2022,6,Bodens kommun,Rattfylleri,2
2022,6,Bodens kommun,Trafikbrott,2
2022,6,Bodens kommun,Trafikolycka,2
2022,6,Bodens kommun,Ofredande/förargelse,1
2022,6,Bodens kommun,Olovlig körning,1
2022,6,Bodens kommun,Trafikkontroll,1
2022,6,Bodens kommun,Övrigt,1
2022,6,Gällivare kommun,Brand,2
2022,6,Gällivare kommun,Rattfylleri,2
2022,6,Gällivare kommun,Trafikkontroll,2
2022,6,Gällivare kommun,Narkotikabrott,1
2022,6,Gällivare kommun,Olovlig körning,1
2022,6,Gällivare kommun,Sammanfattning natt,1
2022,6,Gällivare kommun,Stöld,1
2022,6,Gällivare kommun,Trafikbrott,1
2022,6,Gällivare kommun,Trafikolycka,1
2022,6,Haparanda kommun,Olovlig körning,2
2022,6,Haparanda kommun,Brand,1
2022,6,Haparanda kommun,Trafikbrott,1
2022,6,Haparanda kommun,Trafikkontroll,1
2022,6,Haparanda kommun,Trafikolycka,1
2022,6,Kalix kommun,Trafikolycka,3
2022,6,Kalix kommun,"Trafikolycka,  vilt",2
2022,6,Kalix kommun,Fylleri/LOB,1
2022,6,Kalix kommun,Olovlig körning,1
2022,6,Kalix kommun,Rattfylleri,1
2022,6,Kalix kommun,Sammanfattning natt,1
2022,6,Kalix kommun,Trafikbrott,1
2022,6,Kalix kommun,Trafikkontroll,1
2022,6,Kiruna kommun,Fjällräddning,2
2022,6,Kiruna kommun,Försvunnen person,2
2022,6,Kiruna kommun,Rattfylleri,2
2022,6,Kiruna kommun,Arbetsplatsolycka,1
2022,6,Kiruna kommun,Ofredande/förargelse,1
2022,6,Kiruna kommun,Räddningsinsats,1
2022,6,Kiruna kommun,Sammanfattning natt,1
2022,6,Kiruna kommun,Trafikkontroll,1
2022,6,Kiruna kommun,Övrigt,1
2022,6,Luleå kommun,Stöld,8
2022,6,Luleå kommun,Trafikolycka,5
2022,6,Luleå kommun,Rattfylleri,4
2022,6,Luleå kommun,Sammanfattning natt,4
2022,6,Luleå kommun,Trafikkontroll,4
2022,6,Luleå kommun,Brand,3
2022,6,Luleå kommun,Misshandel,3
2022,6,Luleå kommun,Olovlig körning,3
2022,6,Luleå kommun,Arbetsplatsolycka,2
2022,6,Luleå kommun,"Motorfordon,  anträffat stulet",2
2022,6,Luleå kommun,Skadegörelse,2
2022,6,Luleå kommun,Stöld/inbrott,2
2022,6,Luleå kommun,Fylleri/LOB,1
2022,6,Luleå kommun,Försvunnen person,1
2022,6,Luleå kommun,Knivlagen,1
2022,6,Luleå kommun,Narkotikabrott,1
2022,6,Luleå kommun,Trafikbrott,1
2022,6,Luleå kommun,"Trafikolycka,  personskada",1
2022,6,Luleå kommun,"Trafikolycka,  singel",1
2022,6,Luleå kommun,"Trafikolycka,  vilt",1
2022,6,Luleå kommun,Övrigt,1
2022,6,"Norrbotten, okänd kommun",Trafikkontroll,31
2022,6,"Norrbotten, okänd kommun",Sammanfattning natt,17
2022,6,"Norrbotten, okänd kommun",Försvunnen person,1
2022,6,"Norrbotten, okänd kommun",Sammanfattning kväll,1
2022,6,"Norrbotten, okänd kommun",Sammanfattning kväll och natt,1
2022,6,"Norrbotten, okänd kommun","Trafikolycka,  vilt",1
2022,6,Pajala kommun,Arbetsplatsolycka,1
2022,6,Pajala kommun,"Trafikolycka,  vilt",1
2022,6,Piteå kommun,Trafikolycka,4
2022,6,Piteå kommun,Rattfylleri,2
2022,6,Piteå kommun,Stöld,2
2022,6,Piteå kommun,"Motorfordon,  anträffat stulet",1
2022,6,Piteå kommun,Olovlig körning,1
2022,6,Piteå kommun,Trafikbrott,1
2022,6,Piteå kommun,Trafikkontroll,1
2022,6,Piteå kommun,"Trafikolycka,  vilt",1
2022,6,Piteå kommun,Våld/hot mot tjänsteman,1
2022,6,Älvsbyns kommun,Misshandel,1
2022,6,Älvsbyns kommun,Sammanfattning natt,1
2022,6,Älvsbyns kommun,Trafikolycka,1
2022,6,Älvsbyns kommun,Övrigt,1
2022,6,Överkalix kommun,Trafikbrott,1
2022,6,Övertorneå kommun,Rattfylleri,1
2022,6,Övertorneå kommun,Stöld,1
2022,6,Övertorneå kommun,Trafikkontroll,1
2022,6,Övertorneå kommun,Trafikolycka,1
2022,7,Arjeplogs kommun,Trafikkontroll,4
2022,7,Arjeplogs kommun,Olovlig körning,1
2022,7,Arjeplogs kommun,Rattfylleri,1
2022,7,Arvidsjaurs kommun,Trafikkontroll,2
2022,7,Arvidsjaurs kommun,"Trafikolycka,  vilt",2
2022,7,Arvidsjaurs kommun,Olovlig körning,1
2022,7,Arvidsjaurs kommun,Sammanfattning natt,1
2022,7,Arvidsjaurs kommun,Trafikbrott,1
2022,7,Bodens kommun,Trafikkontroll,7
2022,7,Bodens kommun,Brand,2
2022,7,Bodens kommun,Stöld,2
2022,7,Bodens kommun,Rattfylleri,1
2022,7,Bodens kommun,"Trafikolycka,  vilt",1
2022,7,Gällivare kommun,Trafikkontroll,5
2022,7,Gällivare kommun,Brand,1
2022,7,Gällivare kommun,"Inbrott,  försök",1
2022,7,Gällivare kommun,Sammanfattning natt,1
2022,7,Gällivare kommun,Trafikbrott,1
2022,7,Haparanda kommun,Arbetsplatsolycka,1
2022,7,Haparanda kommun,"Motorfordon,  stöld",1
2022,7,Haparanda kommun,Olovlig körning,1
2022,7,Haparanda kommun,Rattfylleri,1
2022,7,Haparanda kommun,Trafikbrott,1
2022,7,Jokkmokks kommun,Stöld/inbrott,1
2022,7,Jokkmokks kommun,Trafikbrott,1
2022,7,Jokkmokks kommun,Trafikkontroll,1
2022,7,Jokkmokks kommun,"Trafikolycka,  vilt",1
2022,7,Kalix kommun,Trafikkontroll,2
2022,7,Kalix kommun,Trafikolycka,2
2022,7,Kalix kommun,Anträffad död,1
2022,7,Kalix kommun,Fylleri/LOB,1
2022,7,Kalix kommun,"Motorfordon,  anträffat stulet",1
2022,7,Kalix kommun,Trafikbrott,1
2022,7,Kiruna kommun,Fjällräddning,3
2022,7,Kiruna kommun,Rattfylleri,3
2022,7,Kiruna kommun,Trafikbrott,2
2022,7,Kiruna kommun,Trafikkontroll,2
2022,7,Kiruna kommun,Trafikolycka,2
2022,7,Kiruna kommun,"Trafikolycka,  vilt",2
2022,7,Kiruna kommun,Arbetsplatsolycka,1
2022,7,Kiruna kommun,Misshandel,1
2022,7,Kiruna kommun,Skadegörelse,1
2022,7,Kiruna kommun,"Stöld,  försök",1
2022,7,Luleå kommun,Trafikkontroll,11
2022,7,Luleå kommun,Stöld,3
2022,7,Luleå kommun,Trafikolycka,3
2022,7,Luleå kommun,"Motorfordon,  anträffat stulet",2
2022,7,Luleå kommun,Sammanfattning natt,2
2022,7,Luleå kommun,"Trafikolycka,  personskada",2
2022,7,Luleå kommun,Bråk,1
2022,7,Luleå kommun,Fylleri/LOB,1
2022,7,Luleå kommun,Misshandel,1
2022,7,Luleå kommun,"Misshandel,  grov",1
2022,7,Luleå kommun,"Mord/dråp,  försök",1
2022,7,Luleå kommun,Narkotikabrott,1
2022,7,Luleå kommun,Olovlig körning,1
2022,7,Luleå kommun,Trafikbrott,1
2022,7,Luleå kommun,Uppdatering,1
2022,7,"Norrbotten, okänd kommun",Sammanfattning natt,26
2022,7,"Norrbotten, okänd kommun",Trafikkontroll,5
2022,7,"Norrbotten, okänd kommun",Skadegörelse,1
2022,7,Pajala kommun,Trafikkontroll,1
2022,7,Pajala kommun,"Trafikolycka,  personskada",1
2022,7,Pajala kommun,"Trafikolycka,  vilt",1
2022,7,Piteå kommun,Trafikkontroll,10
2022,7,Piteå kommun,Rattfylleri,2
2022,7,Piteå kommun,"Trafikolycka,  vilt",2
2022,7,Piteå kommun,"Misshandel,  grov",1
2022,7,Piteå kommun,"Mord/dråp,  försök",1
2022,7,Piteå kommun,Sammanfattning kväll och natt,1
2022,7,Piteå kommun,Trafikbrott,1
2022,7,Piteå kommun,Trafikolycka,1
2022,7,Älvsbyns kommun,Trafikkontroll,3
2022,7,Älvsbyns kommun,Anträffad död,1
2022,7,Överkalix kommun,"Trafikolycka,  vilt",2
2022,7,Övertorneå kommun,Stöld,1
2022,7,Övertorneå kommun,"Stöld,  försök",1
2022,8,Arjeplogs kommun,Trafikkontroll,2
2022,8,Arjeplogs kommun,Fjällräddning,1
2022,8,Arvidsjaurs kommun,"Trafikolycka,  vilt",1
2022,8,Arvidsjaurs kommun,Uppdatering,1
2022,8,Bodens kommun,Trafikkontroll,9
2022,8,Bodens kommun,Narkotikabrott,1
2022,8,Bodens kommun,Olovlig körning,1
2022,8,Bodens kommun,Sammanfattning natt,1
2022,8,Bodens kommun,Stöld,1
2022,8,Gällivare kommun,Rattfylleri,2
2022,8,Gällivare kommun,Sammanfattning natt,2
2022,8,Gällivare kommun,Trafikkontroll,2
2022,8,Gällivare kommun,Fjällräddning,1
2022,8,Gällivare kommun,Ofredande/förargelse,1
2022,8,Gällivare kommun,Skadegörelse,1
2022,8,Gällivare kommun,Stöld,1
2022,8,Gällivare kommun,Trafikbrott,1
2022,8,Gällivare kommun,Trafikolycka,1
2022,8,Haparanda kommun,Försvunnen person,1
2022,8,Jokkmokks kommun,Fjällräddning,1
2022,8,Jokkmokks kommun,Försvunnen person,1
2022,8,Jokkmokks kommun,Stöld,1
2022,8,Kalix kommun,Olovlig körning,2
2022,8,Kalix kommun,Arbetsplatsolycka,1
2022,8,Kalix kommun,Knivlagen,1
2022,8,Kalix kommun,Rattfylleri,1
2022,8,Kalix kommun,Trafikbrott,1
2022,8,Kalix kommun,Trafikolycka,1
2022,8,Kalix kommun,"Trafikolycka,  vilt",1
2022,8,Kiruna kommun,Brand,2
2022,8,Kiruna kommun,Trafikkontroll,2
2022,8,Kiruna kommun,Trafikolycka,2
2022,8,Kiruna kommun,Arbetsplatsolycka,1
2022,8,Kiruna kommun,Fjällräddning,1
2022,8,Kiruna kommun,Rattfylleri,1
2022,8,Kiruna kommun,Sammanfattning natt,1
2022,8,Luleå kommun,Fylleri/LOB,6
2022,8,Luleå kommun,Stöld,6
2022,8,Luleå kommun,Arbetsplatsolycka,3
2022,8,Luleå kommun,Sammanfattning natt,3
2022,8,Luleå kommun,Trafikkontroll,3
2022,8,Luleå kommun,Olovlig körning,2
2022,8,Luleå kommun,Anträffad död,1
2022,8,Luleå kommun,Försvunnen person,1
2022,8,Luleå kommun,Misshandel,1
2022,8,Luleå kommun,"Misshandel,  grov",1
2022,8,Luleå kommun,"Motorfordon,  stöld",1
2022,8,Luleå kommun,Narkotikabrott,1
2022,8,Luleå kommun,Rattfylleri,1
2022,8,Luleå kommun,Skadegörelse,1
2022,8,Luleå kommun,Trafikbrott,1
2022,8,Luleå kommun,Trafikolycka,1
2022,8,Luleå kommun,"Trafikolycka,  smitning från",1
2022,8,Luleå kommun,Våldtäkt,1
2022,8,"Norrbotten, okänd kommun",Sammanfattning natt,22
2022,8,"Norrbotten, okänd kommun",Trafikkontroll,18
2022,8,"Norrbotten, okänd kommun",Sammanfattning kväll,1
2022,8,"Norrbotten, okänd kommun",Övrigt,1
2022,8,Piteå kommun,Rattfylleri,3
2022,8,Piteå kommun,Trafikolycka,3
2022,8,Piteå kommun,Sammanfattning natt,2
2022,8,Piteå kommun,Stöld,2
2022,8,Piteå kommun,Trafikkontroll,2
2022,8,Piteå kommun,Arbetsplatsolycka,1
2022,8,Piteå kommun,"Motorfordon,  anträffat stulet",1
2022,8,Piteå kommun,Olovlig körning,1
2022,8,Piteå kommun,Räddningsinsats,1
2022,8,Piteå kommun,"Trafikolycka,  singel",1
2022,8,Piteå kommun,"Trafikolycka,  vilt",1
2022,8,Älvsbyns kommun,Sammanfattning natt,1
2022,9,Arjeplogs kommun,Trafikkontroll,2
2022,9,Arjeplogs kommun,Vållande till kroppsskada,1
2022,9,Arvidsjaurs kommun,Trafikkontroll,4
2022,9,Arvidsjaurs kommun,"Trafikolycka,  vilt",2
2022,9,Arvidsjaurs kommun,Stöld,1
2022,9,Arvidsjaurs kommun,Trafikbrott,1
2022,9,Bodens kommun,Trafikkontroll,10
2022,9,Bodens kommun,Rattfylleri,3
2022,9,Bodens kommun,Olovlig körning,2
2022,9,Bodens kommun,Stöld,2
2022,9,Bodens kommun,Trafikolycka,2
2022,9,Bodens kommun,Fylleri/LOB,1
2022,9,Bodens kommun,Misshandel,1
2022,9,Bodens kommun,Narkotikabrott,1
2022,9,Bodens kommun,Sammanfattning natt,1
2022,9,Bodens kommun,Trafikbrott,1
2022,9,Bodens kommun,Uppdatering,1
2022,9,Bodens kommun,Våldtäkt,1
2022,9,Bodens kommun,Övrigt,1
2022,9,Gällivare kommun,Sammanfattning natt,3
2022,9,Gällivare kommun,Trafikbrott,3
2022,9,Gällivare kommun,Trafikkontroll,3
2022,9,Gällivare kommun,Arbetsplatsolycka,1
2022,9,Gällivare kommun,Knivlagen,1
2022,9,Gällivare kommun,Olovlig körning,1
2022,9,Gällivare kommun,Rattfylleri,1
2022,9,Gällivare kommun,"Trafikolycka,  vilt",1
2022,9,Gällivare kommun,Övrigt,1
2022,9,Haparanda kommun,Trafikolycka,2
2022,9,Haparanda kommun,Misshandel,1
2022,9,Haparanda kommun,"Misshandel,  grov",1
2022,9,Haparanda kommun,Rattfylleri,1
2022,9,Jokkmokks kommun,"Trafikolycka,  vilt",4
2022,9,Jokkmokks kommun,Trafikolycka,2
2022,9,Jokkmokks kommun,Fjällräddning,1
2022,9,Jokkmokks kommun,Försvunnen person,1
2022,9,Jokkmokks kommun,Rattfylleri,1
2022,9,Jokkmokks kommun,Trafikbrott,1
2022,9,Jokkmokks kommun,Trafikkontroll,1
2022,9,Kalix kommun,Stöld,2
2022,9,Kalix kommun,Brand,1
2022,9,Kalix kommun,Narkotikabrott,1
2022,9,Kalix kommun,Olaga intrång,1
2022,9,Kalix kommun,Olovlig körning,1
2022,9,Kalix kommun,Rattfylleri,1
2022,9,Kalix kommun,Sammanfattning natt,1
2022,9,Kalix kommun,Skadegörelse,1
2022,9,Kalix kommun,Trafikkontroll,1
2022,9,Kalix kommun,Trafikolycka,1
2022,9,Kalix kommun,"Trafikolycka,  vilt",1
2022,9,Kiruna kommun,Fjällräddning,3
2022,9,Kiruna kommun,Rattfylleri,3
2022,9,Kiruna kommun,Trafikkontroll,2
2022,9,Kiruna kommun,Fylleri/LOB,1
2022,9,Kiruna kommun,Olovlig körning,1
2022,9,Kiruna kommun,Stöld/inbrott,1
2022,9,Kiruna kommun,Trafikolycka,1
2022,9,Kiruna kommun,Uppdatering,1
2022,9,Kiruna kommun,Övrigt,1
2022,9,Luleå kommun,Stöld,8
2022,9,Luleå kommun,Trafikolycka,7
2022,9,Luleå kommun,Fylleri/LOB,6
2022,9,Luleå kommun,Sammanfattning natt,5
2022,9,Luleå kommun,Arbetsplatsolycka,2
2022,9,Luleå kommun,Brand,2
2022,9,Luleå kommun,"Mord/dråp,  försök",2
2022,9,Luleå kommun,"Motorfordon,  anträffat stulet",2
2022,9,Luleå kommun,Rattfylleri,2
2022,9,Luleå kommun,Skadegörelse,2
2022,9,Luleå kommun,Anträffad död,1
2022,9,Luleå kommun,Inbrott,1
2022,9,Luleå kommun,Olaga hot,1
2022,9,Luleå kommun,Olaga intrång,1
2022,9,Luleå kommun,"Rån,  försök",1
2022,9,Luleå kommun,Sedlighetsbrott,1
2022,9,Luleå kommun,Stöld/inbrott,1
2022,9,Luleå kommun,Trafikbrott,1
2022,9,Luleå kommun,Trafikkontroll,1
2022,9,Luleå kommun,"Trafikolycka,  vilt",1
2022,9,Luleå kommun,Vapenlagen,1
2022,9,Luleå kommun,Övrigt,1
2022,9,"Norrbotten, okänd kommun",Trafikkontroll,32
2022,9,"Norrbotten, okänd kommun",Sammanfattning natt,21
2022,9,"Norrbotten, okänd kommun",Sammanfattning kväll,1
2022,9,"Norrbotten, okänd kommun","Trafikolycka,  vilt",1
2022,9,Pajala kommun,"Trafikolycka,  vilt",2
2022,9,Pajala kommun,Rattfylleri,1
2022,9,Pajala kommun,"Trafikolycka,  singel",1
2022,9,Piteå kommun,Trafikolycka,6
2022,9,Piteå kommun,Sammanfattning natt,4
2022,9,Piteå kommun,Trafikkontroll,4
2022,9,Piteå kommun,Brand,2
2022,9,Piteå kommun,Rattfylleri,2
2022,9,Piteå kommun,Arbetsplatsolycka,1
2022,9,Piteå kommun,Försvunnen person,1
2022,9,Piteå kommun,Inbrott,1
2022,9,Piteå kommun,Miljöbrott,1
2022,9,Piteå kommun,Narkotikabrott,1
2022,9,Piteå kommun,Olovlig körning,1
2022,9,Piteå kommun,Stöld,1
2022,9,Piteå kommun,Trafikbrott,1
2022,9,Älvsbyns kommun,Trafikkontroll,2
2022,9,Älvsbyns kommun,"Trafikolycka,  vilt",2
2022,9,Älvsbyns kommun,Åldringsbrott,1
2022,9,Överkalix kommun,Olovlig körning,1
2022,9,Överkalix kommun,"Trafikolycka,  vilt",1
2022,9,Övertorneå kommun,Trafikolycka,3
2022,9,Övertorneå kommun,Rattfylleri,1
2022,10,Arjeplogs kommun,Trafikolycka,1
2022,10,Arvidsjaurs kommun,Trafikkontroll,2
2022,10,Arvidsjaurs kommun,Brand,1
2022,10,Arvidsjaurs kommun,Narkotikabrott,1
2022,10,Arvidsjaurs kommun,"Trafikolycka,  vilt",1
2022,10,Bodens kommun,Trafikkontroll,10
2022,10,Bodens kommun,Stöld,6
2022,10,Bodens kommun,Trafikolycka,5
2022,10,Bodens kommun,Olaga hot,2
2022,10,Bodens kommun,Sammanfattning natt,2
2022,10,Bodens kommun,"Trafikolycka,  vilt",2
2022,10,Bodens kommun,Våld/hot mot tjänsteman,2
2022,10,Bodens kommun,Fylleri/LOB,1
2022,10,Bodens kommun,Misshandel,1
2022,10,Bodens kommun,Olaga frihetsberövande/människorov,1
2022,10,Bodens kommun,Rattfylleri,1
2022,10,Bodens kommun,Övrigt,1
2022,10,Gällivare kommun,Rattfylleri,2
2022,10,Gällivare kommun,Sammanfattning natt,2
2022,10,Gällivare kommun,Stöld,2
2022,10,Gällivare kommun,Brand,1
2022,10,Gällivare kommun,Olovlig körning,1
2022,10,Gällivare kommun,Trafikkontroll,1
2022,10,Gällivare kommun,Trafikolycka,1
2022,10,Gällivare kommun,"Trafikolycka,  vilt",1
2022,10,Haparanda kommun,Sammanfattning natt,2
2022,10,Haparanda kommun,Anträffad död,1
2022,10,Haparanda kommun,Inbrott,1
2022,10,Haparanda kommun,"Motorfordon,  anträffat stulet",1
2022,10,Haparanda kommun,Olovlig körning,1
2022,10,Haparanda kommun,Skadegörelse,1
2022,10,Haparanda kommun,Trafikbrott,1
2022,10,Haparanda kommun,Trafikolycka,1
2022,10,Haparanda kommun,"Trafikolycka,  singel",1
2022,10,Jokkmokks kommun,Rattfylleri,1
2022,10,Jokkmokks kommun,Trafikolycka,1
2022,10,Jokkmokks kommun,"Trafikolycka,  vilt",1
2022,10,Kalix kommun,Inbrott,3
2022,10,Kalix kommun,Stöld,3
2022,10,Kalix kommun,Arbetsplatsolycka,1
2022,10,Kalix kommun,Brand,1
2022,10,Kalix kommun,Misshandel,1
2022,10,Kalix kommun,Trafikbrott,1
2022,10,Kalix kommun,Trafikkontroll,1
2022,10,Kalix kommun,Trafikolycka,1
2022,10,Kiruna kommun,Trafikkontroll,6
2022,10,Kiruna kommun,Rattfylleri,3
2022,10,Kiruna kommun,Sammanfattning natt,2
2022,10,Kiruna kommun,Brand,1
2022,10,Kiruna kommun,Fylleri/LOB,1
2022,10,Kiruna kommun,Skadegörelse,1
2022,10,Kiruna kommun,"Trafikolycka,  singel",1
2022,10,Kiruna kommun,Uppdatering,1
2022,10,Luleå kommun,Trafikkontroll,22
2022,10,Luleå kommun,Stöld,10
2022,10,Luleå kommun,Trafikolycka,8
2022,10,Luleå kommun,Rattfylleri,4
2022,10,Luleå kommun,Fylleri/LOB,2
2022,10,Luleå kommun,Olaga hot,2
2022,10,Luleå kommun,Sammanfattning natt,2
2022,10,Luleå kommun,Häleri,1
2022,10,Luleå kommun,Misshandel,1
2022,10,Luleå kommun,Narkotikabrott,1
2022,10,Luleå kommun,Ofredande/förargelse,1
2022,10,Luleå kommun,Olaga intrång,1
2022,10,Luleå kommun,Rån,1
2022,10,Luleå kommun,Skadegörelse,1
2022,10,Luleå kommun,Stöld/inbrott,1
2022,10,Luleå kommun,Våld/hot mot tjänsteman,1
2022,10,Luleå kommun,Övrigt,1
2022,10,"Norrbotten, okänd kommun",Trafikkontroll,27
2022,10,"Norrbotten, okänd kommun",Sammanfattning natt,17
2022,10,"Norrbotten, okänd kommun","Trafikolycka,  vilt",3
2022,10,"Norrbotten, okänd kommun",Sammanfattning kväll,2
2022,10,"Norrbotten, okänd kommun",Bedrägeri,1
2022,10,"Norrbotten, okänd kommun",Övrigt,1
2022,10,Pajala kommun,Arbetsplatsolycka,2
2022,10,Pajala kommun,"Trafikolycka,  vilt",2
2022,10,Pajala kommun,Rattfylleri,1
2022,10,Pajala kommun,Trafikbrott,1
2022,10,Pajala kommun,Trafikkontroll,1
2022,10,Piteå kommun,Trafikkontroll,6
2022,10,Piteå kommun,Trafikolycka,4
2022,10,Piteå kommun,Rattfylleri,3
2022,10,Piteå kommun,Sammanfattning natt,2
2022,10,Piteå kommun,Stöld,2
2022,10,Piteå kommun,"Trafikolycka,  vilt",2
2022,10,Piteå kommun,Försvunnen person,1
2022,10,Piteå kommun,"Misshandel,  grov",1
2022,10,Piteå kommun,Narkotikabrott,1
2022,10,Piteå kommun,Stöld/inbrott,1
2022,10,Piteå kommun,Trafikbrott,1
2022,10,Piteå kommun,Övrigt,1
2022,10,Älvsbyns kommun,Sammanfattning natt,1
2022,10,Älvsbyns kommun,"Trafikolycka,  vilt",1
2022,10,Överkalix kommun,"Trafikolycka,  vilt",1
2022,10,Övertorneå kommun,Rattfylleri,3
2022,10,Övertorneå kommun,Olaga hot,1
2022,10,Övertorneå kommun,"Trafikolycka,  vilt",1
2022,11,Arjeplogs kommun,Trafikkontroll,2
2022,11,Arjeplogs kommun,Skadegörelse,1
2022,11,Arjeplogs kommun,"Trafikolycka,  vilt",1
2022,11,Arvidsjaurs kommun,Sammanfattning natt,2
2022,11,Arvidsjaurs kommun,Stöld,1
2022,11,Bodens kommun,Trafikkontroll,7
2022,11,Bodens kommun,Rattfylleri,4
2022,11,Bodens kommun,Trafikolycka,3
2022,11,Bodens kommun,"Motorfordon,  stöld",2
2022,11,Bodens kommun,Fylleri/LOB,1
2022,11,Bodens kommun,Knivlagen,1
2022,11,Bodens kommun,Narkotikabrott,1
2022,11,Bodens kommun,Sammanfattning natt,1
2022,11,Bodens kommun,Sedlighetsbrott,1
2022,11,Bodens kommun,Trafikbrott,1
2022,11,Bodens kommun,"Trafikolycka,  singel",1
2022,11,Gällivare kommun,Fylleri/LOB,2
2022,11,Gällivare kommun,Stöld,2
2022,11,Gällivare kommun,Trafikolycka,2
2022,11,Gällivare kommun,"Trafikolycka,  vilt",2
2022,11,Gällivare kommun,Arbetsplatsolycka,1
2022,11,Gällivare kommun,Brand,1
2022,11,Gällivare kommun,Inbrott,1
2022,11,Gällivare kommun,Rattfylleri,1
2022,11,Gällivare kommun,Sammanfattning natt,1
2022,11,Gällivare kommun,Trafikkontroll,1
2022,11,Haparanda kommun,Sammanfattning natt,2
2022,11,Haparanda kommun,Försvunnen person,1
2022,11,Haparanda kommun,Rån övrigt,1
2022,11,Haparanda kommun,Trafikolycka,1
2022,11,Jokkmokks kommun,Trafikolycka,2
2022,11,Kalix kommun,Stöld,3
2022,11,Kalix kommun,"Trafikolycka,  vilt",3
2022,11,Kalix kommun,Knivlagen,2
2022,11,Kalix kommun,Sammanfattning natt,2
2022,11,Kalix kommun,Trafikolycka,2
2022,11,Kalix kommun,Anträffat gods,1
2022,11,Kiruna kommun,Sammanfattning natt,2
2022,11,Kiruna kommun,Inbrott,1
2022,11,Kiruna kommun,Rattfylleri,1
2022,11,Luleå kommun,Stöld,19
2022,11,Luleå kommun,Trafikolycka,11
2022,11,Luleå kommun,Fylleri/LOB,7
2022,11,Luleå kommun,Trafikkontroll,7
2022,11,Luleå kommun,Rattfylleri,5
2022,11,Luleå kommun,Brand,2
2022,11,Luleå kommun,Sammanfattning natt,2
2022,11,Luleå kommun,Stöld/inbrott,2
2022,11,Luleå kommun,Trafikbrott,2
2022,11,Luleå kommun,Arbetsplatsolycka,1
2022,11,Luleå kommun,Försvunnen person,1
2022,11,Luleå kommun,Inbrott,1
2022,11,Luleå kommun,Misshandel,1
2022,11,Luleå kommun,"Misshandel,  grov",1
2022,11,Luleå kommun,Narkotikabrott,1
2022,11,Luleå kommun,Sammanfattning kväll och natt,1
2022,11,Luleå kommun,Skadegörelse,1
2022,11,Luleå kommun,Trafikhinder,1
2022,11,Luleå kommun,"Trafikolycka,  vilt",1
2022,11,Luleå kommun,Övrigt,1
2022,11,"Norrbotten, okänd kommun",Trafikkontroll,24
2022,11,"Norrbotten, okänd kommun",Sammanfattning natt,18
2022,11,"Norrbotten, okänd kommun",Trafikbrott,1
2022,11,"Norrbotten, okänd kommun","Trafikolycka,  vilt",1
2022,11,Pajala kommun,Stöld,1
2022,11,Piteå kommun,Trafikkontroll,7
2022,11,Piteå kommun,Trafikolycka,5
2022,11,Piteå kommun,Stöld,3
2022,11,Piteå kommun,Narkotikabrott,2
2022,11,Piteå kommun,Arbetsplatsolycka,1
2022,11,Piteå kommun,Brand,1
2022,11,Piteå kommun,Rattfylleri,1
2022,11,Piteå kommun,Sammanfattning natt,1
2022,11,Piteå kommun,Trafikbrott,1
2022,11,Piteå kommun,"Trafikolycka,  vilt",1
2022,11,Älvsbyns kommun,Arbetsplatsolycka,1
2022,11,Älvsbyns kommun,Rattfylleri,1
2022,11,Överkalix kommun,Trafikolycka,2
2022,11,Överkalix kommun,Arbetsplatsolycka,1
2022,11,Överkalix kommun,"Trafikolycka,  vilt",1
2022,11,Överkalix kommun,Uppdatering,1
2022,11,Övertorneå kommun,Trafikolycka,2
2022,11,Övertorneå kommun,"Trafikolycka,  vilt",2
2022,11,Övertorneå kommun,Brand,1
2022,11,Övertorneå kommun,Olaga hot,1
2022,12,Arjeplogs kommun,Rån,1
2022,12,Arjeplogs kommun,"Trafikolycka,  vilt",1
2022,12,Arvidsjaurs kommun,Trafikbrott,1
2022,12,Arvidsjaurs kommun,"Trafikolycka,  vilt",1
2022,12,Bodens kommun,Trafikkontroll,9
2022,12,Bodens kommun,Trafikolycka,4
2022,12,Bodens kommun,Fylleri/LOB,3
2022,12,Bodens kommun,Stöld,3
2022,12,Bodens kommun,Sammanfattning natt,2
2022,12,Bodens kommun,Brand,1
2022,12,Bodens kommun,Försvunnen person,1
2022,12,Bodens kommun,Inbrott,1
2022,12,Bodens kommun,"Motorfordon,  anträffat stulet",1
2022,12,Bodens kommun,Narkotikabrott,1
2022,12,Bodens kommun,Sammanfattning kväll,1
2022,12,Gällivare kommun,Trafikkontroll,7
2022,12,Gällivare kommun,Rattfylleri,2
2022,12,Gällivare kommun,Narkotikabrott,1
2022,12,Gällivare kommun,Olovlig körning,1
2022,12,Gällivare kommun,Stöld,1
2022,12,Gällivare kommun,Trafikolycka,1
2022,12,Gällivare kommun,"Trafikolycka,  vilt",1
2022,12,Haparanda kommun,Trafikolycka,2
2022,12,Haparanda kommun,"Motorfordon,  anträffat stulet",1
2022,12,Haparanda kommun,Olovlig körning,1
2022,12,Haparanda kommun,Räddningsinsats,1
2022,12,Haparanda kommun,Stöld,1
2022,12,Haparanda kommun,Stöld/inbrott,1
2022,12,Haparanda kommun,"Trafikolycka,  vilt",1
2022,12,Jokkmokks kommun,Olovlig körning,1
2022,12,Jokkmokks kommun,"Trafikolycka,  vilt",1
2022,12,Kalix kommun,Trafikolycka,4
2022,12,Kalix kommun,Arbetsplatsolycka,1
2022,12,Kalix kommun,Försvunnen person,1
2022,12,Kalix kommun,Inbrott,1
2022,12,Kalix kommun,Misshandel,1
2022,12,Kalix kommun,"Motorfordon,  stöld",1
2022,12,Kalix kommun,Rattfylleri,1
2022,12,Kalix kommun,Stöld,1
2022,12,Kalix kommun,Stöld/inbrott,1
2022,12,Kalix kommun,"Trafikolycka,  vilt",1
2022,12,Kiruna kommun,Sammanfattning natt,2
2022,12,Kiruna kommun,Trafikkontroll,2
2022,12,Kiruna kommun,Arbetsplatsolycka,1
2022,12,Kiruna kommun,Brand,1
2022,12,Kiruna kommun,Misshandel,1
2022,12,Kiruna kommun,"Motorfordon,  anträffat stulet",1
2022,12,Kiruna kommun,"Trafikolycka,  singel",1
2022,12,Luleå kommun,Trafikolycka,13
2022,12,Luleå kommun,Stöld,7
2022,12,Luleå kommun,Trafikkontroll,6
2022,12,Luleå kommun,Brand,2
2022,12,Luleå kommun,Fylleri/LOB,2
2022,12,Luleå kommun,Misshandel,2
2022,12,Luleå kommun,Rattfylleri,2
2022,12,Luleå kommun,Inbrott,1
2022,12,Luleå kommun,Olovlig körning,1
2022,12,Luleå kommun,Rån,1
2022,12,Luleå kommun,Skadegörelse,1
2022,12,Luleå kommun,Trafikbrott,1
2022,12,Luleå kommun,"Trafikolycka,  singel",1
2022,12,Luleå kommun,"Trafikolycka,  vilt",1
2022,12,Luleå kommun,Uppdatering,1
2022,12,Luleå kommun,Våld/hot mot tjänsteman,1
2022,12,Luleå kommun,Övrigt,1
2022,12,"Norrbotten, okänd kommun",Sammanfattning natt,25
2022,12,"Norrbotten, okänd kommun",Trafikkontroll,23
2022,12,"Norrbotten, okänd kommun","Trafikolycka,  vilt",2
2022,12,"Norrbotten, okänd kommun",Rattfylleri,1
2022,12,Pajala kommun,Arbetsplatsolycka,1
2022,12,Pajala kommun,Skadegörelse,1
2022,12,Pajala kommun,Trafikkontroll,1
2022,12,Pajala kommun,Trafikolycka,1
2022,12,Pajala kommun,"Trafikolycka,  vilt",1
2022,12,Piteå kommun,Trafikolycka,7
2022,12,Piteå kommun,Sammanfattning natt,3
2022,12,Piteå kommun,Trafikkontroll,2
2022,12,Piteå kommun,Fylleri/LOB,1
2022,12,Piteå kommun,Inbrott,1
2022,12,Piteå kommun,"Motorfordon,  anträffat stulet",1
2022,12,Piteå kommun,Rattfylleri,1
2022,12,Piteå kommun,"Trafikolycka,  vilt",1
2022,12,Överkalix kommun,Trafikolycka,2
2022,12,Överkalix kommun,"Motorfordon,  stöld",1
2022,12,Övertorneå kommun,Försvunnen person,1
2022,12,Övertorneå kommun,Rattfylleri,1
2022,12,Övertorneå kommun,"Trafikolycka,  vilt",1
2023,1,Arjeplogs kommun,Rattfylleri,3
2023,1,Arjeplogs kommun,Trafikkontroll,2
2023,1,Arjeplogs kommun,"Trafikolycka,  vilt",1
2023,1,Arvidsjaurs kommun,Sammanfattning natt,1
2023,1,Arvidsjaurs kommun,Trafikkontroll,1
2023,1,Bodens kommun,Trafikkontroll,11
2023,1,Bodens kommun,Trafikolycka,5
2023,1,Bodens kommun,Brand,2
2023,1,Bodens kommun,Misshandel,1
2023,1,Bodens kommun,Ofredande/förargelse,1
2023,1,Bodens kommun,"Rån,  försök",1
2023,1,Bodens kommun,Sammanfattning natt,1
2023,1,Bodens kommun,Skadegörelse,1
2023,1,Bodens kommun,Stöld,1
2023,1,Bodens kommun,Stöld/inbrott,1
2023,1,Gällivare kommun,Trafikkontroll,4
2023,1,Gällivare kommun,Trafikolycka,3
2023,1,Gällivare kommun,Arbetsplatsolycka,2
2023,1,Gällivare kommun,Bråk,1
2023,1,Gällivare kommun,Fylleri/LOB,1
2023,1,Gällivare kommun,Mord/dråp,1
2023,1,Gällivare kommun,Olovlig körning,1
2023,1,Gällivare kommun,Rattfylleri,1
2023,1,Gällivare kommun,Sammanfattning natt,1
2023,1,Gällivare kommun,Stöld,1
2023,1,Gällivare kommun,Trafikbrott,1
2023,1,Haparanda kommun,Trafikolycka,3
2023,1,Haparanda kommun,Rattfylleri,2
2023,1,Haparanda kommun,Stöld,2
2023,1,Haparanda kommun,Olovlig körning,1
2023,1,Haparanda kommun,Trafikkontroll,1
2023,1,Jokkmokks kommun,Trafikolycka,3
2023,1,Jokkmokks kommun,Rattfylleri,1
2023,1,Jokkmokks kommun,Trafikkontroll,1
2023,1,Kalix kommun,Rattfylleri,2
2023,1,Kalix kommun,Inbrott,1
2023,1,Kalix kommun,Sammanfattning natt,1
2023,1,Kalix kommun,Stöld/inbrott,1
2023,1,Kalix kommun,Trafikolycka,1
2023,1,Kiruna kommun,Skadegörelse,3
2023,1,Kiruna kommun,"Trafikolycka,  vilt",3
2023,1,Kiruna kommun,Trafikolycka,2
2023,1,Kiruna kommun,Mord/dråp,1
2023,1,Kiruna kommun,"Trafikolycka,  singel",1
2023,1,Luleå kommun,Stöld,15
2023,1,Luleå kommun,Trafikolycka,13
2023,1,Luleå kommun,Trafikkontroll,7
2023,1,Luleå kommun,Fylleri/LOB,5
2023,1,Luleå kommun,"Motorfordon,  anträffat stulet",2
2023,1,Luleå kommun,Rattfylleri,2
2023,1,Luleå kommun,Sammanfattning natt,2
2023,1,Luleå kommun,Anträffad död,1
2023,1,Luleå kommun,Brand,1
2023,1,Luleå kommun,Knivlagen,1
2023,1,Luleå kommun,Mord/dråp,1
2023,1,Luleå kommun,Narkotikabrott,1
2023,1,Luleå kommun,Olaga frihetsberövande/människorov,1
2023,1,Luleå kommun,Olovlig körning,1
2023,1,Luleå kommun,Stöld/inbrott,1
2023,1,Luleå kommun,Trafikbrott,1
2023,1,Luleå kommun,"Trafikolycka,  personskada",1
2023,1,Luleå kommun,"Trafikolycka,  vilt",1
2023,1,Luleå kommun,Övrigt,1
2023,1,"Norrbotten, okänd kommun",Trafikkontroll,24
2023,1,"Norrbotten, okänd kommun",Sammanfattning natt,22
2023,1,"Norrbotten, okänd kommun","Trafikolycka,  vilt",9
2023,1,Pajala kommun,Rattfylleri,1
2023,1,Piteå kommun,Rattfylleri,8
2023,1,Piteå kommun,Stöld,5
2023,1,Piteå kommun,Arbetsplatsolycka,2
2023,1,Piteå kommun,Sammanfattning natt,2
2023,1,Piteå kommun,Trafikkontroll,2
2023,1,Piteå kommun,Trafikolycka,2
2023,1,Piteå kommun,Inbrott,1
2023,1,Piteå kommun,Misshandel,1
2023,1,Överkalix kommun,Trafikbrott,2
2023,1,Övertorneå kommun,Inbrott,1
2023,1,Övertorneå kommun,Sammanfattning natt,1
2023,1,Övertorneå kommun,"Trafikolycka,  vilt",1
2023,2,Arjeplogs kommun,Trafikbrott,1
2023,2,Arjeplogs kommun,Trafikkontroll,1
2023,2,Arvidsjaurs kommun,Trafikolycka,2
2023,2,Arvidsjaurs kommun,Rattfylleri,1
2023,2,Arvidsjaurs kommun,Trafikkontroll,1
2023,2,Arvidsjaurs kommun,"Trafikolycka,  vilt",1
2023,2,Bodens kommun,Trafikkontroll,12
2023,2,Bodens kommun,Stöld,7
2023,2,Bodens kommun,Brand,3
2023,2,Bodens kommun,Sammanfattning natt,2
2023,2,Bodens kommun,Fylleri/LOB,1
2023,2,Bodens kommun,"Motorfordon,  anträffat stulet",1
2023,2,Bodens kommun,"Motorfordon,  stöld",1
2023,2,Bodens kommun,Rattfylleri,1
2023,2,Bodens kommun,Stöld/inbrott,1
2023,2,Bodens kommun,Trafikolycka,1
2023,2,Gällivare kommun,Trafikkontroll,3
2023,2,Gällivare kommun,Trafikolycka,2
2023,2,Gällivare kommun,Arbetsplatsolycka,1
2023,2,Gällivare kommun,Fylleri/LOB,1
2023,2,Gällivare kommun,Rattfylleri,1
2023,2,Gällivare kommun,"Trafikolycka,  vilt",1
2023,2,Haparanda kommun,Narkotikabrott,1
2023,2,Haparanda kommun,Rattfylleri,1
2023,2,Haparanda kommun,Trafikbrott,1
2023,2,Haparanda kommun,Trafikolycka,1
2023,2,Haparanda kommun,Övrigt,1
2023,2,Jokkmokks kommun,Fylleri/LOB,1
2023,2,Jokkmokks kommun,Narkotikabrott,1
2023,2,Jokkmokks kommun,Trafikbrott,1
2023,2,Kalix kommun,Trafikolycka,3
2023,2,Kalix kommun,Sammanfattning natt,1
2023,2,Kalix kommun,Stöld/inbrott,1
2023,2,Kalix kommun,"Trafikolycka,  singel",1
2023,2,Kalix kommun,"Trafikolycka,  vilt",1
2023,2,Kiruna kommun,Trafikolycka,7
2023,2,Kiruna kommun,Stöld,4
2023,2,Kiruna kommun,Trafikkontroll,3
2023,2,Kiruna kommun,Sammanfattning natt,2
2023,2,Kiruna kommun,Arbetsplatsolycka,1
2023,2,Kiruna kommun,Brand,1
2023,2,Kiruna kommun,Fjällräddning,1
2023,2,Kiruna kommun,Övrigt,1
2023,2,Luleå kommun,Stöld,13
2023,2,Luleå kommun,Trafikolycka,8
2023,2,Luleå kommun,Sammanfattning natt,6
2023,2,Luleå kommun,Trafikkontroll,4
2023,2,Luleå kommun,Försvunnen person,3
2023,2,Luleå kommun,"Motorfordon,  anträffat stulet",3
2023,2,Luleå kommun,Rattfylleri,3
2023,2,Luleå kommun,Brand,2
2023,2,Luleå kommun,Fylleri/LOB,2
2023,2,Luleå kommun,Misshandel,2
2023,2,Luleå kommun,Stöld/inbrott,2
2023,2,Luleå kommun,Djur,1
2023,2,Luleå kommun,"Farligt föremål,  misstänkt",1
2023,2,Luleå kommun,Olaga hot,1
2023,2,Luleå kommun,Olovlig körning,1
2023,2,Luleå kommun,Rån,1
2023,2,Luleå kommun,Skadegörelse,1
2023,2,Luleå kommun,Trafikbrott,1
2023,2,Luleå kommun,Trafikhinder,1
2023,2,"Norrbotten, okänd kommun",Sammanfattning natt,17
2023,2,"Norrbotten, okänd kommun",Trafikkontroll,15
2023,2,Pajala kommun,Trafikolycka,1
2023,2,Piteå kommun,Trafikolycka,3
2023,2,Piteå kommun,Misshandel,1
2023,2,Piteå kommun,"Motorfordon,  anträffat stulet",1
2023,2,Piteå kommun,Stöld,1
2023,2,Piteå kommun,Trafikkontroll,1
2023,2,Piteå kommun,Uppdatering,1
2023,2,Älvsbyns kommun,Narkotikabrott,1
2023,2,Älvsbyns kommun,Olovlig körning,1
2023,2,Älvsbyns kommun,Rattfylleri,1
2023,2,Älvsbyns kommun,Trafikolycka,1
2023,2,Överkalix kommun,"Trafikolycka,  vilt",1
2023,2,Övertorneå kommun,Misshandel,1
2023,2,Övertorneå kommun,Rattfylleri,1
2023,2,Övertorneå kommun,Stöld/inbrott,1
2023,3,Arjeplogs kommun,Trafikolycka,3
2023,3,Arjeplogs kommun,Brand,1
2023,3,Arjeplogs kommun,Fjällräddning,1
2023,3,Arjeplogs kommun,Trafikkontroll,1
2023,3,Arvidsjaurs kommun,Trafikbrott,1
2023,3,Arvidsjaurs kommun,Trafikkontroll,1
2023,3,Bodens kommun,Sammanfattning natt,5
2023,3,Bodens kommun,Trafikkontroll,2
2023,3,Bodens kommun,Arbetsplatsolycka,1
2023,3,Bodens kommun,Brand,1
2023,3,Bodens kommun,Bråk,1
2023,3,Bodens kommun,Inbrott,1
2023,3,Bodens kommun,Knivlagen,1
2023,3,Bodens kommun,Narkotikabrott,1
2023,3,Bodens kommun,Olovlig körning,1
2023,3,Bodens kommun,Rattfylleri,1
2023,3,Bodens kommun,Trafikolycka,1
2023,3,Gällivare kommun,Trafikkontroll,3
2023,3,Gällivare kommun,Rattfylleri,2
2023,3,Gällivare kommun,Sammanfattning natt,2
2023,3,Gällivare kommun,Stöld,2
2023,3,Gällivare kommun,Trafikolycka,2
2023,3,Gällivare kommun,Fjällräddning,1
2023,3,Gällivare kommun,"Motorfordon,  stöld",1
2023,3,Gällivare kommun,Stöld/inbrott,1
2023,3,Haparanda kommun,Brand,2
2023,3,Haparanda kommun,Sammanfattning natt,2
2023,3,Haparanda kommun,Stöld,1
2023,3,Jokkmokks kommun,"Trafikolycka,  vilt",1
2023,3,Kalix kommun,Trafikolycka,2
2023,3,Kalix kommun,Trafikkontroll,1
2023,3,Kiruna kommun,Fjällräddning,3
2023,3,Kiruna kommun,Sammanfattning natt,2
2023,3,Kiruna kommun,Trafikkontroll,2
2023,3,Kiruna kommun,Trafikolycka,2
2023,3,Kiruna kommun,Trafikbrott,1
2023,3,Kiruna kommun,Övrigt,1
2023,3,Luleå kommun,Trafikolycka,10
2023,3,Luleå kommun,Stöld,7
2023,3,Luleå kommun,Fylleri/LOB,5
2023,3,Luleå kommun,Sammanfattning natt,5
2023,3,Luleå kommun,Rattfylleri,4
2023,3,Luleå kommun,Trafikkontroll,4
2023,3,Luleå kommun,Brand,2
2023,3,Luleå kommun,Övrigt,2
2023,3,Luleå kommun,Bråk,1
2023,3,Luleå kommun,"Farligt föremål,  misstänkt",1
2023,3,Luleå kommun,Inbrott,1
2023,3,Luleå kommun,Misshandel,1
2023,3,Luleå kommun,Mord/dråp,1
2023,3,Luleå kommun,"Motorfordon,  anträffat stulet",1
2023,3,Luleå kommun,Olaga hot,1
2023,3,Luleå kommun,Sabotage mot blåljusverksamhet,1
2023,3,Luleå kommun,"Trafikolycka,  smitning från",1
2023,3,Luleå kommun,Våld/hot mot tjänsteman,1
2023,3,"Norrbotten, okänd kommun",Trafikkontroll,22
2023,3,"Norrbotten, okänd kommun",Sammanfattning natt,15
2023,3,"Norrbotten, okänd kommun",Misshandel,1
2023,3,"Norrbotten, okänd kommun",Uppdatering,1
2023,3,Pajala kommun,Rattfylleri,1
2023,3,Pajala kommun,Trafikkontroll,1
2023,3,Piteå kommun,Trafikolycka,9
2023,3,Piteå kommun,Trafikkontroll,5
2023,3,Piteå kommun,Rattfylleri,2
2023,3,Piteå kommun,Stöld,1
2023,3,Älvsbyns kommun,"Motorfordon,  anträffat stulet",1
2023,3,Övertorneå kommun,Försvunnen person,1
2023,3,Övertorneå kommun,Trafikkontroll,1
2023,3,Övertorneå kommun,Trafikolycka,1
2023,3,Övertorneå kommun,"Trafikolycka,  vilt",1
2023,4,Arjeplogs kommun,Trafikkontroll,2
2023,4,Arvidsjaurs kommun,Trafikkontroll,3
2023,4,Bodens kommun,Trafikkontroll,3
2023,4,Bodens kommun,Stöld,2
2023,4,Bodens kommun,Trafikolycka,2
2023,4,Bodens kommun,Rattfylleri,1
2023,4,Bodens kommun,"Trafikolycka,  vilt",1
2023,4,Bodens kommun,Övrigt,1
2023,4,Gällivare kommun,Fylleri/LOB,2
2023,4,Gällivare kommun,Sammanfattning natt,2
2023,4,Gällivare kommun,Fjällräddning,1
2023,4,Gällivare kommun,Olovlig körning,1
2023,4,Gällivare kommun,Rattfylleri,1
2023,4,Gällivare kommun,Stöld,1
2023,4,Gällivare kommun,Trafikolycka,1
2023,4,Gällivare kommun,"Trafikolycka,  vilt",1
2023,4,Haparanda kommun,Sammanfattning natt,2
2023,4,Haparanda kommun,Knivlagen,1
2023,4,Haparanda kommun,Olovlig körning,1
2023,4,Haparanda kommun,Rattfylleri,1
2023,4,Haparanda kommun,Stöld,1
2023,4,Haparanda kommun,Övrigt,1
2023,4,Jokkmokks kommun,Sammanfattning natt,1
2023,4,Kalix kommun,Sammanfattning natt,2
2023,4,Kalix kommun,Inbrott,1
2023,4,Kalix kommun,Narkotikabrott,1
2023,4,Kalix kommun,Rattfylleri,1
2023,4,Kalix kommun,Trafikkontroll,1
2023,4,Kiruna kommun,Sammanfattning natt,2
2023,4,Kiruna kommun,Trafikkontroll,2
2023,4,Kiruna kommun,Arbetsplatsolycka,1
2023,4,Kiruna kommun,Fjällräddning,1
2023,4,Kiruna kommun,Fylleri/LOB,1
2023,4,Kiruna kommun,Olovlig körning,1
2023,4,Kiruna kommun,Rattfylleri,1
2023,4,Kiruna kommun,Stöld,1
2023,4,Kiruna kommun,Trafikbrott,1
2023,4,Kiruna kommun,"Trafikolycka,  personskada",1
2023,4,Luleå kommun,Stöld,16
2023,4,Luleå kommun,Trafikolycka,6
2023,4,Luleå kommun,Fylleri/LOB,5
2023,4,Luleå kommun,Misshandel,3
2023,4,Luleå kommun,Rattfylleri,3
2023,4,Luleå kommun,Sammanfattning natt,3
2023,4,Luleå kommun,Trafikkontroll,3
2023,4,Luleå kommun,Narkotikabrott,2
2023,4,Luleå kommun,Stöld/inbrott,2
2023,4,Luleå kommun,Brand,1
2023,4,Luleå kommun,"Misshandel,  grov",1
2023,4,Luleå kommun,Olovlig körning,1
2023,4,Luleå kommun,Trafikbrott,1
2023,4,Luleå kommun,Våld/hot mot tjänsteman,1
2023,4,Luleå kommun,Övrigt,1
2023,4,"Norrbotten, okänd kommun",Trafikkontroll,33
2023,4,"Norrbotten, okänd kommun",Sammanfattning natt,18
2023,4,"Norrbotten, okänd kommun",Övrigt,1
2023,4,Piteå kommun,Rattfylleri,3
2023,4,Piteå kommun,Brand,1
2023,4,Piteå kommun,Narkotikabrott,1
2023,4,Piteå kommun,Stöld,1
2023,4,Piteå kommun,Trafikkontroll,1
2023,4,Piteå kommun,Trafikolycka,1
2023,4,Piteå kommun,"Trafikolycka,  vilt",1
2023,4,Älvsbyns kommun,"Misshandel,  grov",1
2023,4,Älvsbyns kommun,Rattfylleri,1
2023,4,Älvsbyns kommun,Trafikkontroll,1
2023,4,Överkalix kommun,Rattfylleri,1
2023,5,Arvidsjaurs kommun,Rattfylleri,1
2023,5,Arvidsjaurs kommun,Trafikkontroll,1
2023,5,Bodens kommun,Misshandel,3
2023,5,Bodens kommun,Försvunnen person,2
2023,5,Bodens kommun,Narkotikabrott,2
2023,5,Bodens kommun,Sammanfattning natt,2
2023,5,Bodens kommun,Trafikkontroll,2
2023,5,Bodens kommun,Trafikolycka,2
2023,5,Bodens kommun,Anträffat gods,1
2023,5,Bodens kommun,Brand,1
2023,5,Bodens kommun,Fylleri/LOB,1
2023,5,Bodens kommun,"Misshandel,  grov",1
2023,5,Bodens kommun,"Motorfordon,  anträffat stulet",1
2023,5,Bodens kommun,Rattfylleri,1
2023,5,Bodens kommun,Stöld,1
2023,5,Bodens kommun,Stöld/inbrott,1
2023,5,Bodens kommun,"Trafikolycka,  vilt",1
2023,5,Bodens kommun,Våld/hot mot tjänsteman,1
2023,5,Gällivare kommun,Trafikolycka,2
2023,5,Gällivare kommun,"Trafikolycka,  vilt",2
2023,5,Gällivare kommun,Fylleri/LOB,1
2023,5,Gällivare kommun,Olovlig körning,1
2023,5,Gällivare kommun,Sammanfattning natt,1
2023,5,Gällivare kommun,Trafikkontroll,1
2023,5,Gällivare kommun,Övrigt,1
2023,5,Haparanda kommun,Ofredande/förargelse,1
2023,5,Haparanda kommun,Sammanfattning natt,1
2023,5,Haparanda kommun,Skadegörelse,1
2023,5,Haparanda kommun,Stöld,1
2023,5,Jokkmokks kommun,Trafikolycka,1
2023,5,Jokkmokks kommun,"Trafikolycka,  vilt",1
2023,5,Kalix kommun,Knivlagen,1
2023,5,Kalix kommun,"Motorfordon,  anträffat stulet",1
2023,5,Kalix kommun,Rattfylleri,1
2023,5,Kalix kommun,Skadegörelse,1
2023,5,Kalix kommun,Trafikbrott,1
2023,5,Kalix kommun,Trafikolycka,1
2023,5,Kalix kommun,"Trafikolycka,  singel",1
2023,5,Kiruna kommun,Trafikkontroll,4
2023,5,Kiruna kommun,Brand,2
2023,5,Kiruna kommun,Sammanfattning natt,2
2023,5,Kiruna kommun,Trafikolycka,2
2023,5,Kiruna kommun,Arbetsplatsolycka,1
2023,5,Kiruna kommun,Fylleri/LOB,1
2023,5,Kiruna kommun,Rattfylleri,1
2023,5,Kiruna kommun,Rån,1
2023,5,Luleå kommun,Fylleri/LOB,8
2023,5,Luleå kommun,Trafikolycka,7
2023,5,Luleå kommun,Brand,4
2023,5,Luleå kommun,Sammanfattning natt,4
2023,5,Luleå kommun,Stöld,4
2023,5,Luleå kommun,"Motorfordon,  stöld",2
2023,5,Luleå kommun,Narkotikabrott,2
2023,5,Luleå kommun,Olaga hot,2
2023,5,Luleå kommun,Trafikbrott,2
2023,5,Luleå kommun,Bråk,1
2023,5,Luleå kommun,Försvunnen person,1
2023,5,Luleå kommun,Misshandel,1
2023,5,Luleå kommun,"Motorfordon,  anträffat stulet",1
2023,5,Luleå kommun,Ofredande/förargelse,1
2023,5,Luleå kommun,Olovlig körning,1
2023,5,Luleå kommun,Skadegörelse,1
2023,5,Luleå kommun,"Stöld,  försök",1
2023,5,Luleå kommun,Stöld/inbrott,1
2023,5,Luleå kommun,"Trafikolycka,  singel",1
2023,5,Luleå kommun,"Trafikolycka,  vilt",1
2023,5,Luleå kommun,Våld/hot mot tjänsteman,1
2023,5,"Norrbotten, okänd kommun",Trafikkontroll,23
2023,5,"Norrbotten, okänd kommun",Sammanfattning natt,20
2023,5,"Norrbotten, okänd kommun","Trafikolycka,  vilt",2
2023,5,Pajala kommun,Trafikolycka,1
2023,5,Pajala kommun,"Trafikolycka,  vilt",1
2023,5,Piteå kommun,Rattfylleri,2
2023,5,Piteå kommun,Trafikkontroll,2
2023,5,Piteå kommun,Trafikolycka,2
2023,5,Piteå kommun,Brand,1
2023,5,Piteå kommun,Fylleri/LOB,1
2023,5,Piteå kommun,Misshandel,1
2023,5,Piteå kommun,Narkotikabrott,1
2023,5,Piteå kommun,Olovlig körning,1
2023,5,Piteå kommun,Räddningsinsats,1
2023,5,Piteå kommun,Sammanfattning natt,1
2023,5,Piteå kommun,Stöld,1
2023,5,Piteå kommun,Stöld/inbrott,1
2023,5,Piteå kommun,"Trafikolycka,  vilt",1
2023,5,Älvsbyns kommun,Försvunnen person,1
2023,5,Älvsbyns kommun,Olovlig körning,1
2023,5,Älvsbyns kommun,Trafikolycka,1
2023,5,Överkalix kommun,Arbetsplatsolycka,1
2023,5,Överkalix kommun,Rattfylleri,1
2023,5,Övertorneå kommun,Trafikolycka,1
2023,6,Arjeplogs kommun,Trafikkontroll,2
2023,6,Arjeplogs kommun,"Trafikolycka,  vilt",2
2023,6,Arjeplogs kommun,Rattfylleri,1
2023,6,Arjeplogs kommun,Trafikolycka,1
2023,6,Arvidsjaurs kommun,"Trafikolycka,  vilt",1
2023,6,Bodens kommun,Trafikkontroll,7
2023,6,Bodens kommun,Narkotikabrott,2
2023,6,Bodens kommun,Sammanfattning natt,2
2023,6,Bodens kommun,Stöld/inbrott,2
2023,6,Bodens kommun,Misshandel,1
2023,6,Bodens kommun,"Motorfordon,  anträffat stulet",1
2023,6,Bodens kommun,Rattfylleri,1
2023,6,Bodens kommun,Trafikbrott,1
2023,6,Bodens kommun,Trafikolycka,1
2023,6,Bodens kommun,"Trafikolycka,  vilt",1
2023,6,Gällivare kommun,Rattfylleri,4
2023,6,Gällivare kommun,Trafikkontroll,2
2023,6,Gällivare kommun,"Trafikolycka,  vilt",2
2023,6,Gällivare kommun,Stöld,1
2023,6,Gällivare kommun,Trafikbrott,1
2023,6,Gällivare kommun,Trafikolycka,1
2023,6,Haparanda kommun,Brand,1
2023,6,Haparanda kommun,Inbrott,1
2023,6,Haparanda kommun,Olovlig körning,1
2023,6,Haparanda kommun,Trafikkontroll,1
2023,6,Jokkmokks kommun,Trafikkontroll,1
2023,6,Jokkmokks kommun,"Trafikolycka,  vilt",1
2023,6,Kalix kommun,Trafikkontroll,2
2023,6,Kalix kommun,Olaga frihetsberövande/människorov,1
2023,6,Kalix kommun,Trafikbrott,1
2023,6,Kalix kommun,"Trafikolycka,  singel",1
2023,6,Kiruna kommun,Fjällräddning,3
2023,6,Kiruna kommun,Olaga hot,1
2023,6,Kiruna kommun,Rattfylleri,1
2023,6,Kiruna kommun,Sammanfattning kväll och natt,1
2023,6,Kiruna kommun,Trafikbrott,1
2023,6,Kiruna kommun,Trafikkontroll,1
2023,6,Kiruna kommun,Trafikolycka,1
2023,6,Kiruna kommun,"Trafikolycka,  vilt",1
2023,6,Luleå kommun,Fylleri/LOB,8
2023,6,Luleå kommun,Brand,5
2023,6,Luleå kommun,Trafikkontroll,5
2023,6,Luleå kommun,Sammanfattning natt,4
2023,6,Luleå kommun,Trafikolycka,3
2023,6,Luleå kommun,Narkotikabrott,2
2023,6,Luleå kommun,Rattfylleri,2
2023,6,Luleå kommun,Stöld,2
2023,6,Luleå kommun,"Farligt föremål,  misstänkt",1
2023,6,Luleå kommun,Försvunnen person,1
2023,6,Luleå kommun,Misshandel,1
2023,6,Luleå kommun,Rån övrigt,1
2023,6,Luleå kommun,Skadegörelse,1
2023,6,Luleå kommun,Stöld/inbrott,1
2023,6,Luleå kommun,"Trafikolycka,  singel",1
2023,6,"Norrbotten, okänd kommun",Sammanfattning natt,24
2023,6,"Norrbotten, okänd kommun",Trafikkontroll,16
2023,6,"Norrbotten, okänd kommun","Trafikolycka,  vilt",1
2023,6,Pajala kommun,Försvunnen person,2
2023,6,Pajala kommun,Skadegörelse,1
2023,6,Pajala kommun,Trafikolycka,1
2023,6,Pajala kommun,"Trafikolycka,  vilt",1
2023,6,Piteå kommun,Rattfylleri,4
2023,6,Piteå kommun,Trafikolycka,3
2023,6,Piteå kommun,Brand,1
2023,6,Piteå kommun,Fylleri/LOB,1
2023,6,Piteå kommun,Olovlig körning,1
2023,6,Piteå kommun,Skadegörelse,1
2023,6,Piteå kommun,Trafikhinder,1
2023,6,Piteå kommun,Trafikkontroll,1
2023,6,Piteå kommun,Övrigt,1
2023,6,Överkalix kommun,Försvunnen person,1
2023,6,Överkalix kommun,"Trafikolycka,  vilt",1
2023,6,Övertorneå kommun,Bråk,1
2023,7,Arvidsjaurs kommun,Sammanfattning natt,1
2023,7,Bodens kommun,Sammanfattning natt,3
2023,7,Bodens kommun,Trafikkontroll,2
2023,7,Bodens kommun,Trafikolycka,2
2023,7,Bodens kommun,Rattfylleri,1
2023,7,Bodens kommun,Rån,1
2023,7,Bodens kommun,Trafikbrott,1
2023,7,Gällivare kommun,Trafikolycka,2
2023,7,Gällivare kommun,Brand,1
2023,7,Gällivare kommun,Rattfylleri,1
2023,7,Gällivare kommun,Trafikkontroll,1
2023,7,Haparanda kommun,Rattfylleri,1
2023,7,Haparanda kommun,Trafikolycka,1
2023,7,Jokkmokks kommun,Fjällräddning,1
2023,7,Jokkmokks kommun,Trafikkontroll,1
2023,7,Kalix kommun,Inbrott,1
2023,7,Kalix kommun,Misshandel,1
2023,7,Kalix kommun,Rattfylleri,1
2023,7,Kalix kommun,Trafikhinder,1
2023,7,Kalix kommun,Trafikkontroll,1
2023,7,Kalix kommun,Trafikolycka,1
2023,7,Kiruna kommun,Fjällräddning,5
2023,7,Kiruna kommun,Trafikolycka,2
2023,7,Kiruna kommun,"Trafikolycka,  singel",2
2023,7,Kiruna kommun,Arbetsplatsolycka,1
2023,7,Kiruna kommun,Olovlig körning,1
2023,7,Kiruna kommun,Rattfylleri,1
2023,7,Kiruna kommun,Skadegörelse,1
2023,7,Luleå kommun,Försvunnen person,2
2023,7,Luleå kommun,Rattfylleri,2
2023,7,Luleå kommun,Stöld,2
2023,7,Luleå kommun,"Trafikolycka,  singel",2
2023,7,Luleå kommun,Brand,1
2023,7,Luleå kommun,Fylleri/LOB,1
2023,7,Luleå kommun,Mord/dråp,1
2023,7,Luleå kommun,Sammanfattning natt,1
2023,7,Luleå kommun,Skadegörelse,1
2023,7,Luleå kommun,Trafikkontroll,1
2023,7,"Norrbotten, okänd kommun",Sammanfattning natt,20
2023,7,"Norrbotten, okänd kommun",Trafikkontroll,6
2023,7,"Norrbotten, okänd kommun",Rattfylleri,2
2023,7,Pajala kommun,Sammanfattning natt,1
2023,7,Pajala kommun,Trafikolycka,1
2023,7,Piteå kommun,Sammanfattning natt,4
2023,7,Piteå kommun,Trafikolycka,3
2023,7,Piteå kommun,Skadegörelse,2
2023,7,Piteå kommun,Anträffad död,1
2023,7,Piteå kommun,Arbetsplatsolycka,1
2023,7,Piteå kommun,Djur,1
2023,7,Piteå kommun,"Motorfordon,  anträffat stulet",1
2023,7,Piteå kommun,Räddningsinsats,1
2023,7,Piteå kommun,Trafikkontroll,1
2023,7,Piteå kommun,Våld/hot mot tjänsteman,1
2023,7,Piteå kommun,Våldtäkt,1
2023,7,Överkalix kommun,Sammanfattning natt,1
2023,7,Övertorneå kommun,Försvunnen person,1
2023,7,Övertorneå kommun,Rattfylleri,1
2023,8,Arvidsjaurs kommun,Inbrott,1
2023,8,Arvidsjaurs kommun,Trafikkontroll,1
2023,8,Arvidsjaurs kommun,"Trafikolycka,  singel",1
2023,8,Bodens kommun,Trafikkontroll,3
2023,8,Bodens kommun,Rattfylleri,2
2023,8,Bodens kommun,Stöld,2
2023,8,Bodens kommun,Arbetsplatsolycka,1
2023,8,Bodens kommun,Inbrott,1
2023,8,Bodens kommun,Misshandel,1
2023,8,Bodens kommun,Sammanfattning natt,1
2023,8,Bodens kommun,Trafikolycka,1
2023,8,Bodens kommun,Våld/hot mot tjänsteman,1
2023,8,Gällivare kommun,Arbetsplatsolycka,2
2023,8,Gällivare kommun,Trafikkontroll,2
2023,8,Gällivare kommun,"Trafikolycka,  vilt",2
2023,8,Gällivare kommun,Fjällräddning,1
2023,8,Gällivare kommun,Olovlig körning,1
2023,8,Gällivare kommun,Rattfylleri,1
2023,8,Gällivare kommun,Skadegörelse,1
2023,8,Haparanda kommun,Stöld,2
2023,8,Haparanda kommun,"Trafikolycka,  vilt",1
2023,8,Jokkmokks kommun,Fjällräddning,3
2023,8,Jokkmokks kommun,Trafikkontroll,2
2023,8,Jokkmokks kommun,Anträffat gods,1
2023,8,Jokkmokks kommun,Brand,1
2023,8,Jokkmokks kommun,"Trafikolycka,  personskada",1
2023,8,Kalix kommun,Olovlig körning,2
2023,8,Kalix kommun,"Trafikolycka,  singel",2
2023,8,Kalix kommun,"Trafikolycka,  vilt",2
2023,8,Kalix kommun,Mord/dråp,1
2023,8,Kalix kommun,Rattfylleri,1
2023,8,Kalix kommun,Skadegörelse,1
2023,8,Kalix kommun,Trafikbrott,1
2023,8,Kalix kommun,Trafikkontroll,1
2023,8,Kiruna kommun,Fjällräddning,2
2023,8,Kiruna kommun,Narkotikabrott,2
2023,8,Kiruna kommun,Skadegörelse,2
2023,8,Kiruna kommun,Trafikkontroll,2
2023,8,Kiruna kommun,Anträffad död,1
2023,8,Kiruna kommun,Rån,1
2023,8,Kiruna kommun,Sammanfattning natt,1
2023,8,Kiruna kommun,Trafikbrott,1
2023,8,Kiruna kommun,Trafikolycka,1
2023,8,Kiruna kommun,Övrigt,1
2023,8,Luleå kommun,Stöld,7
2023,8,Luleå kommun,Rattfylleri,3
2023,8,Luleå kommun,Skadegörelse,3
2023,8,Luleå kommun,Trafikolycka,3
2023,8,Luleå kommun,Fylleri/LOB,2
2023,8,Luleå kommun,Narkotikabrott,2
2023,8,Luleå kommun,Sammanfattning natt,2
2023,8,Luleå kommun,Trafikkontroll,2
2023,8,Luleå kommun,Försvunnen person,1
2023,8,Luleå kommun,Hemfridsbrott,1
2023,8,Luleå kommun,Inbrott,1
2023,8,Luleå kommun,Knivlagen,1
2023,8,Luleå kommun,"Motorfordon,  stöld",1
2023,8,Luleå kommun,Trafikbrott,1
2023,8,Luleå kommun,"Trafikolycka,  personskada",1
2023,8,Luleå kommun,"Trafikolycka,  vilt",1
2023,8,"Norrbotten, okänd kommun",Sammanfattning natt,22
2023,8,"Norrbotten, okänd kommun",Trafikkontroll,10
2023,8,Pajala kommun,"Trafikolycka,  vilt",3
2023,8,Pajala kommun,Försvunnen person,2
2023,8,Pajala kommun,Räddningsinsats,1
2023,8,Piteå kommun,Trafikkontroll,4
2023,8,Piteå kommun,Sammanfattning natt,3
2023,8,Piteå kommun,Rattfylleri,2
2023,8,Piteå kommun,Trafikolycka,2
2023,8,Piteå kommun,Arbetsplatsolycka,1
2023,8,Piteå kommun,Stöld,1
2023,8,Piteå kommun,"Trafikolycka,  vilt",1
2023,8,Älvsbyns kommun,"Trafikolycka,  vilt",2
2023,8,Älvsbyns kommun,Rattfylleri,1
2023,8,Älvsbyns kommun,Trafikolycka,1
2023,8,Överkalix kommun,Trafikolycka,1
2023,8,Överkalix kommun,"Trafikolycka,  vilt",1
2023,8,Övertorneå kommun,"Trafikolycka,  vilt",2
2023,8,Övertorneå kommun,Brand,1
2023,8,Övertorneå kommun,Rattfylleri,1
2023,8,Övertorneå kommun,Sammanfattning natt,1
2023,8,Övertorneå kommun,Trafikbrott,1
2023,8,Övertorneå kommun,Trafikkontroll,1
2023,9,Arjeplogs kommun,Trafikkontroll,3
2023,9,Arjeplogs kommun,Rattfylleri,1
2023,9,Arvidsjaurs kommun,Rattfylleri,1
2023,9,Arvidsjaurs kommun,Trafikkontroll,1
2023,9,Bodens kommun,Stöld,4
2023,9,Bodens kommun,Rattfylleri,3
2023,9,Bodens kommun,Olovlig körning,2
2023,9,Bodens kommun,Stöld/inbrott,2
2023,9,Bodens kommun,Djur,1
2023,9,Bodens kommun,Misshandel,1
2023,9,Bodens kommun,"Motorfordon,  anträffat stulet",1
2023,9,Bodens kommun,Trafikbrott,1
2023,9,Bodens kommun,Trafikkontroll,1
2023,9,Bodens kommun,"Trafikolycka,  personskada",1
2023,9,Bodens kommun,"Trafikolycka,  vilt",1
2023,9,Gällivare kommun,Rattfylleri,2
2023,9,Gällivare kommun,Sammanfattning natt,2
2023,9,Gällivare kommun,Trafikbrott,2
2023,9,Gällivare kommun,Arbetsplatsolycka,1
2023,9,Gällivare kommun,Fylleri/LOB,1
2023,9,Gällivare kommun,Inbrott,1
2023,9,Gällivare kommun,Stöld,1
2023,9,Gällivare kommun,Trafikkontroll,1
2023,9,Haparanda kommun,Rattfylleri,1
2023,9,Haparanda kommun,Sammanfattning natt,1
2023,9,Haparanda kommun,Trafikbrott,1
2023,9,Haparanda kommun,Trafikolycka,1
2023,9,Haparanda kommun,"Trafikolycka,  vilt",1
2023,9,Jokkmokks kommun,Fjällräddning,2
2023,9,Jokkmokks kommun,Trafikolycka,1
2023,9,Kalix kommun,Stöld/inbrott,1
2023,9,Kalix kommun,Trafikkontroll,1
2023,9,Kiruna kommun,Fjällräddning,4
2023,9,Kiruna kommun,Rattfylleri,3
2023,9,Kiruna kommun,Narkotikabrott,2
2023,9,Kiruna kommun,Stöld,2
2023,9,Kiruna kommun,Olovlig körning,1
2023,9,Kiruna kommun,Stöld/inbrott,1
2023,9,Luleå kommun,Stöld,13
2023,9,Luleå kommun,Rattfylleri,7
2023,9,Luleå kommun,Trafikolycka,4
2023,9,Luleå kommun,Sammanfattning natt,3
2023,9,Luleå kommun,Fylleri/LOB,2
2023,9,Luleå kommun,Narkotikabrott,2
2023,9,Luleå kommun,Trafikkontroll,2
2023,9,Luleå kommun,Bråk,1
2023,9,Luleå kommun,Misshandel,1
2023,9,Luleå kommun,"Misshandel,  grov",1
2023,9,Luleå kommun,"Motorfordon,  anträffat stulet",1
2023,9,Luleå kommun,Olovlig körning,1
2023,9,Luleå kommun,Rån övrigt,1
2023,9,Luleå kommun,Skadegörelse,1
2023,9,Luleå kommun,"Trafikolycka,  personskada",1
2023,9,Luleå kommun,"Trafikolycka,  singel",1
2023,9,Luleå kommun,"Trafikolycka,  vilt",1
2023,9,Luleå kommun,Vapenlagen,1
2023,9,"Norrbotten, okänd kommun",Sammanfattning natt,20
2023,9,"Norrbotten, okänd kommun",Trafikkontroll,11
2023,9,"Norrbotten, okänd kommun",Bedrägeri,1
2023,9,"Norrbotten, okänd kommun","Trafikolycka,  vilt",1
2023,9,"Norrbotten, okänd kommun",Uppdatering,1
2023,9,Pajala kommun,Rattfylleri,2
2023,9,Pajala kommun,Försvunnen person,1
2023,9,Pajala kommun,"Trafikolycka,  vilt",1
2023,9,Piteå kommun,Trafikkontroll,9
2023,9,Piteå kommun,Rattfylleri,6
2023,9,Piteå kommun,Sammanfattning natt,3
2023,9,Piteå kommun,Ofredande/förargelse,2
2023,9,Piteå kommun,Stöld,2
2023,9,Piteå kommun,"Trafikolycka,  vilt",2
2023,9,Piteå kommun,Arbetsplatsolycka,1
2023,9,Piteå kommun,Trafikbrott,1
2023,9,Piteå kommun,Trafikolycka,1
2023,9,Älvsbyns kommun,Trafikkontroll,2
2023,9,Älvsbyns kommun,"Misshandel,  grov",1
2023,9,Älvsbyns kommun,Rattfylleri,1
2023,9,Älvsbyns kommun,Skyddslagen,1
2023,9,Älvsbyns kommun,Trafikolycka,1
2023,9,Älvsbyns kommun,"Trafikolycka,  singel",1
2023,9,Älvsbyns kommun,"Trafikolycka,  vilt",1
2023,9,Överkalix kommun,Trafikbrott,1
2023,9,Övertorneå kommun,Trafikkontroll,3
2023,9,Övertorneå kommun,Sammanfattning natt,1
2023,10,Arvidsjaurs kommun,Trafikbrott,1
2023,10,Arvidsjaurs kommun,"Trafikolycka,  singel",1
2023,10,Arvidsjaurs kommun,"Trafikolycka,  vilt",1
2023,10,Bodens kommun,Rattfylleri,4
2023,10,Bodens kommun,Stöld,4
2023,10,Bodens kommun,Fylleri/LOB,3
2023,10,Bodens kommun,Trafikolycka,3
2023,10,Bodens kommun,Arbetsplatsolycka,1
2023,10,Bodens kommun,Inbrott,1
2023,10,Bodens kommun,Knivlagen,1
2023,10,Bodens kommun,Olovlig körning,1
2023,10,Bodens kommun,Sammanfattning natt,1
2023,10,Bodens kommun,Trafikbrott,1
2023,10,Bodens kommun,"Trafikolycka,  vilt",1
2023,10,Gällivare kommun,Trafikkontroll,2
2023,10,Gällivare kommun,Trafikolycka,2
2023,10,Gällivare kommun,Rattfylleri,1
2023,10,Gällivare kommun,Stöld,1
2023,10,Gällivare kommun,"Trafikolycka,  vilt",1
2023,10,Haparanda kommun,"Motorfordon,  anträffat stulet",1
2023,10,Haparanda kommun,Sammanfattning natt,1
2023,10,Haparanda kommun,Skadegörelse,1
2023,10,Haparanda kommun,Trafikolycka,1
2023,10,Haparanda kommun,"Trafikolycka,  smitning från",1
2023,10,Jokkmokks kommun,Misshandel,1
2023,10,Jokkmokks kommun,Trafikbrott,1
2023,10,Jokkmokks kommun,Trafikolycka,1
2023,10,Kalix kommun,Försvunnen person,2
2023,10,Kalix kommun,Misshandel,2
2023,10,Kalix kommun,Rattfylleri,2
2023,10,Kalix kommun,Trafikkontroll,2
2023,10,Kalix kommun,Brand,1
2023,10,Kalix kommun,"Misshandel,  grov",1
2023,10,Kalix kommun,Trafikolycka,1
2023,10,Kiruna kommun,Stöld,3
2023,10,Kiruna kommun,Sammanfattning natt,2
2023,10,Kiruna kommun,Trafikolycka,2
2023,10,Kiruna kommun,Fjällräddning,1
2023,10,Kiruna kommun,Olaga intrång,1
2023,10,Kiruna kommun,Rattfylleri,1
2023,10,Kiruna kommun,Trafikbrott,1
2023,10,Kiruna kommun,"Trafikolycka,  vilt",1
2023,10,Luleå kommun,Trafikolycka,10
2023,10,Luleå kommun,Stöld,6
2023,10,Luleå kommun,Sammanfattning natt,4
2023,10,Luleå kommun,Fylleri/LOB,3
2023,10,Luleå kommun,Brand,2
2023,10,Luleå kommun,Rattfylleri,2
2023,10,Luleå kommun,Alkohollagen,1
2023,10,Luleå kommun,Djur,1
2023,10,Luleå kommun,Försvunnen person,1
2023,10,Luleå kommun,"Misshandel,  grov",1
2023,10,Luleå kommun,Olaga hot,1
2023,10,Luleå kommun,Olovlig körning,1
2023,10,Luleå kommun,Räddningsinsats,1
2023,10,Luleå kommun,Skadegörelse,1
2023,10,Luleå kommun,Stöld/inbrott,1
2023,10,Luleå kommun,Trafikhinder,1
2023,10,Luleå kommun,Trafikkontroll,1
2023,10,"Norrbotten, okänd kommun",Sammanfattning natt,19
2023,10,"Norrbotten, okänd kommun",Trafikkontroll,19
2023,10,"Norrbotten, okänd kommun","Trafikolycka,  vilt",4
2023,10,Pajala kommun,Sammanfattning natt,1
2023,10,Pajala kommun,Trafikolycka,1
2023,10,Piteå kommun,Trafikkontroll,3
2023,10,Piteå kommun,Rattfylleri,2
2023,10,Piteå kommun,Stöld,2
2023,10,Piteå kommun,Narkotikabrott,1
2023,10,Piteå kommun,Olovlig körning,1
2023,10,Piteå kommun,Sammanfattning natt,1
2023,10,Piteå kommun,Trafikbrott,1
2023,10,Piteå kommun,Trafikolycka,1
2023,10,Piteå kommun,"Trafikolycka,  singel",1
2023,10,Piteå kommun,"Trafikolycka,  vilt",1
2023,10,Älvsbyns kommun,Trafikkontroll,2
2023,10,Älvsbyns kommun,Trafikolycka,1
2023,10,Älvsbyns kommun,Övrigt,1
2023,10,Överkalix kommun,Trafikolycka,2
2023,10,Överkalix kommun,"Trafikolycka,  vilt",1
2023,10,Övertorneå kommun,Trafikkontroll,2
2023,10,Övertorneå kommun,"Trafikolycka,  vilt",2
2023,10,Övertorneå kommun,Olovlig körning,1
2023,10,Övertorneå kommun,Rattfylleri,1
2023,11,Arvidsjaurs kommun,Brand,1
2023,11,Arvidsjaurs kommun,Rattfylleri,1
2023,11,Arvidsjaurs kommun,Trafikbrott,1
2023,11,Arvidsjaurs kommun,Trafikkontroll,1
2023,11,Arvidsjaurs kommun,"Trafikolycka,  personskada",1
2023,11,Arvidsjaurs kommun,"Trafikolycka,  singel",1
2023,11,Bodens kommun,Trafikolycka,3
2023,11,Bodens kommun,Rattfylleri,2
2023,11,Bodens kommun,Stöld,2
2023,11,Bodens kommun,Trafikkontroll,1
2023,11,Gällivare kommun,Trafikkontroll,2
2023,11,Gällivare kommun,Trafikolycka,2
2023,11,Gällivare kommun,"Trafikolycka,  vilt",2
2023,11,Gällivare kommun,Försvunnen person,1
2023,11,Gällivare kommun,Rattfylleri,1
2023,11,Gällivare kommun,Sammanfattning natt,1
2023,11,Gällivare kommun,Trafikbrott,1
2023,11,Gällivare kommun,Våld/hot mot tjänsteman,1
2023,11,Haparanda kommun,Trafikkontroll,2
2023,11,Haparanda kommun,Trafikolycka,2
2023,11,Haparanda kommun,Fylleri/LOB,1
2023,11,Haparanda kommun,Olovlig körning,1
2023,11,Haparanda kommun,Rattfylleri,1
2023,11,Haparanda kommun,Sammanfattning natt,1
2023,11,Haparanda kommun,Övrigt,1
2023,11,Jokkmokks kommun,Trafikolycka,1
2023,11,Kalix kommun,Trafikbrott,2
2023,11,Kalix kommun,Fylleri/LOB,1
2023,11,Kalix kommun,Mord/dråp,1
2023,11,Kalix kommun,Olaga hot,1
2023,11,Kalix kommun,Skadegörelse,1
2023,11,Kalix kommun,Trafikkontroll,1
2023,11,Kalix kommun,Trafikolycka,1
2023,11,Kiruna kommun,Trafikkontroll,3
2023,11,Kiruna kommun,Försvunnen person,2
2023,11,Kiruna kommun,Trafikolycka,2
2023,11,Kiruna kommun,Fjällräddning,1
2023,11,Kiruna kommun,Fylleri/LOB,1
2023,11,Luleå kommun,Trafikolycka,10
2023,11,Luleå kommun,Fylleri/LOB,5
2023,11,Luleå kommun,Sammanfattning natt,4
2023,11,Luleå kommun,Rattfylleri,3
2023,11,Luleå kommun,Brand,2
2023,11,Luleå kommun,Narkotikabrott,2
2023,11,Luleå kommun,Trafikbrott,2
2023,11,Luleå kommun,Trafikkontroll,2
2023,11,Luleå kommun,Arbetsplatsolycka,1
2023,11,Luleå kommun,Inbrott,1
2023,11,Luleå kommun,"Motorfordon,  anträffat stulet",1
2023,11,Luleå kommun,Ordningslagen,1
2023,11,Luleå kommun,Stöld,1
2023,11,Luleå kommun,Stöld/inbrott,1
2023,11,"Norrbotten, okänd kommun",Sammanfattning natt,21
2023,11,"Norrbotten, okänd kommun",Trafikkontroll,9
2023,11,"Norrbotten, okänd kommun","Trafikolycka,  vilt",8
2023,11,Pajala kommun,Sammanfattning natt,3
2023,11,Pajala kommun,Trafikkontroll,2
2023,11,Pajala kommun,Rattfylleri,1
2023,11,Piteå kommun,Brand,2
2023,11,Piteå kommun,Rattfylleri,2
2023,11,Piteå kommun,Trafikbrott,2
2023,11,Piteå kommun,Arbetsplatsolycka,1
2023,11,Piteå kommun,Sammanfattning natt,1
2023,11,Piteå kommun,Trafikolycka,1
2023,11,Övertorneå kommun,Trafikkontroll,1
2023,12,Arvidsjaurs kommun,Trafikolycka,2
2023,12,Arvidsjaurs kommun,Trafikkontroll,1
2023,12,Bodens kommun,Trafikolycka,3
2023,12,Bodens kommun,Fylleri/LOB,2
2023,12,Bodens kommun,Stöld,2
2023,12,Bodens kommun,Brand,1
2023,12,Bodens kommun,Inbrott,1
2023,12,Bodens kommun,Misshandel,1
2023,12,Bodens kommun,Rattfylleri,1
2023,12,Gällivare kommun,Sammanfattning natt,2
2023,12,Gällivare kommun,Trafikolycka,2
2023,12,Gällivare kommun,Arbetsplatsolycka,1
2023,12,Gällivare kommun,Olovlig körning,1
2023,12,Gällivare kommun,Stöld,1
2023,12,Haparanda kommun,Rattfylleri,2
2023,12,Haparanda kommun,Skadegörelse,1
2023,12,Kalix kommun,Trafikolycka,4
2023,12,Kalix kommun,Brand,1
2023,12,Kalix kommun,"Motorfordon,  anträffat stulet",1
2023,12,Kalix kommun,Olovlig körning,1
2023,12,Kalix kommun,Stöld/inbrott,1
2023,12,Kiruna kommun,Trafikolycka,4
2023,12,Kiruna kommun,Misshandel,2
2023,12,Kiruna kommun,Narkotikabrott,2
2023,12,Kiruna kommun,Sammanfattning natt,2
2023,12,Kiruna kommun,Arbetsplatsolycka,1
2023,12,Kiruna kommun,Brand,1
2023,12,Kiruna kommun,Försvunnen person,1
2023,12,Luleå kommun,Trafikolycka,9
2023,12,Luleå kommun,Stöld,7
2023,12,Luleå kommun,Fylleri/LOB,3
2023,12,Luleå kommun,Rattfylleri,3
2023,12,Luleå kommun,Sammanfattning natt,3
2023,12,Luleå kommun,Brand,2
2023,12,Luleå kommun,Misshandel,2
2023,12,Luleå kommun,Olaga hot,2
2023,12,Luleå kommun,Trafikkontroll,2
2023,12,Luleå kommun,Arbetsplatsolycka,1
2023,12,Luleå kommun,Bedrägeri,1
2023,12,Luleå kommun,"Misshandel,  grov",1
2023,12,Luleå kommun,"Motorfordon,  stöld",1
2023,12,Luleå kommun,Narkotikabrott,1
2023,12,Luleå kommun,Olaga intrång,1
2023,12,Luleå kommun,Trafikbrott,1
2023,12,Luleå kommun,"Trafikolycka,  singel",1
2023,12,Luleå kommun,Övrigt,1
2023,12,"Norrbotten, okänd kommun",Sammanfattning natt,21
2023,12,"Norrbotten, okänd kommun",Trafikkontroll,8
2023,12,"Norrbotten, okänd kommun","Trafikolycka,  vilt",6
2023,12,Pajala kommun,Trafikolycka,2
2023,12,Pajala kommun,Trafikkontroll,1
2023,12,Piteå kommun,Rattfylleri,3
2023,12,Piteå kommun,Sammanfattning natt,3
2023,12,Piteå kommun,Trafikolycka,3
2023,12,Piteå kommun,Brand,1
2023,12,Piteå kommun,Fylleri/LOB,1
2023,12,Piteå kommun,Stöld,1
2023,12,Älvsbyns kommun,Trafikolycka,2
2023,12,Älvsbyns kommun,Olovlig körning,1
2023,12,Älvsbyns kommun,Rattfylleri,1
2023,12,Älvsbyns kommun,Sammanfattning natt,1
2023,12,Älvsbyns kommun,Trafikbrott,1
2023,12,Överkalix kommun,"Trafikolycka,  vilt",1
2024,1,Arjeplogs kommun,Trafikkontroll,4
2024,1,Arjeplogs kommun,Sammanfattning natt,1
2024,1,Arjeplogs kommun,Trafikolycka,1
2024,1,Arjeplogs kommun,"Trafikolycka,  vilt",1
2024,1,Arvidsjaurs kommun,Trafikkontroll,2
2024,1,Arvidsjaurs kommun,Arbetsplatsolycka,1
2024,1,Arvidsjaurs kommun,Rattfylleri,1
2024,1,Arvidsjaurs kommun,Trafikolycka,1
2024,1,Bodens kommun,Trafikolycka,3
2024,1,Bodens kommun,Fylleri/LOB,2
2024,1,Bodens kommun,Rattfylleri,2
2024,1,Bodens kommun,Sammanfattning natt,2
2024,1,Bodens kommun,Trafikkontroll,2
2024,1,Bodens kommun,Knivlagen,1
2024,1,Bodens kommun,Narkotikabrott,1
2024,1,Bodens kommun,Olovlig körning,1
2024,1,Bodens kommun,Rån,1
2024,1,Gällivare kommun,Olovlig körning,2
2024,1,Gällivare kommun,Sammanfattning natt,2
2024,1,Gällivare kommun,Arbetsplatsolycka,1
2024,1,Gällivare kommun,Narkotikabrott,1
2024,1,Gällivare kommun,Skadegörelse,1
2024,1,Gällivare kommun,Trafikbrott,1
2024,1,Gällivare kommun,Trafikkontroll,1
2024,1,Gällivare kommun,Trafikolycka,1
2024,1,Gällivare kommun,"Trafikolycka,  vilt",1
2024,1,Haparanda kommun,Sammanfattning natt,1
2024,1,Haparanda kommun,Trafikkontroll,1
2024,1,Haparanda kommun,Trafikolycka,1
2024,1,Haparanda kommun,"Trafikolycka,  smitning från",1
2024,1,Kalix kommun,Rattfylleri,3
2024,1,Kalix kommun,Trafikkontroll,2
2024,1,Kalix kommun,Trafikolycka,2
2024,1,Kalix kommun,Olaga intrång,1
2024,1,Kalix kommun,Sammanfattning natt,1
2024,1,Kalix kommun,Trafikbrott,1
2024,1,Kiruna kommun,Trafikolycka,2
2024,1,Kiruna kommun,Misshandel,1
2024,1,Kiruna kommun,Olaga hot,1
2024,1,Kiruna kommun,Olovlig körning,1
2024,1,Kiruna kommun,Sammanfattning kväll och natt,1
2024,1,Kiruna kommun,Sammanfattning natt,1
2024,1,Luleå kommun,Stöld,12
2024,1,Luleå kommun,Trafikolycka,7
2024,1,Luleå kommun,Rattfylleri,4
2024,1,Luleå kommun,Brand,3
2024,1,Luleå kommun,Fylleri/LOB,3
2024,1,Luleå kommun,Sammanfattning natt,3
2024,1,Luleå kommun,Trafikbrott,3
2024,1,Luleå kommun,Trafikkontroll,3
2024,1,Luleå kommun,Inbrott,2
2024,1,Luleå kommun,Hemfridsbrott,1
2024,1,Luleå kommun,Mord/dråp,1
2024,1,Luleå kommun,Narkotikabrott,1
2024,1,Luleå kommun,Ofredande/förargelse,1
2024,1,Luleå kommun,Olaga hot,1
2024,1,Luleå kommun,Olovlig körning,1
2024,1,Luleå kommun,"Trafikolycka,  smitning från",1
2024,1,"Norrbotten, okänd kommun",Sammanfattning natt,17
2024,1,"Norrbotten, okänd kommun",Trafikkontroll,11
2024,1,"Norrbotten, okänd kommun","Trafikolycka,  vilt",5
2024,1,Pajala kommun,Trafikkontroll,4
2024,1,Pajala kommun,Sammanfattning natt,1
2024,1,Piteå kommun,Rattfylleri,6
2024,1,Piteå kommun,Trafikolycka,4
2024,1,Piteå kommun,Trafikkontroll,3
2024,1,Piteå kommun,Arbetsplatsolycka,1
2024,1,Piteå kommun,Mord/dråp,1
2024,1,Piteå kommun,"Mord/dråp,  försök",1
2024,1,Piteå kommun,Narkotikabrott,1
2024,1,Piteå kommun,Trafikbrott,1
2024,1,Älvsbyns kommun,Trafikbrott,2
2024,1,Älvsbyns kommun,Rattfylleri,1
2024,1,Älvsbyns kommun,Trafikkontroll,1
2024,1,Överkalix kommun,Trafikbrott,1
2024,1,Övertorneå kommun,Sammanfattning natt,1
2024,2,Arjeplogs kommun,Fjällräddning,1
2024,2,Arjeplogs kommun,Trafikbrott,1
2024,2,Arjeplogs kommun,Trafikkontroll,1
2024,2,Arjeplogs kommun,Trafikolycka,1
2024,2,Arvidsjaurs kommun,Arbetsplatsolycka,1
2024,2,Arvidsjaurs kommun,Trafikbrott,1
2024,2,Arvidsjaurs kommun,Trafikolycka,1
2024,2,Bodens kommun,Rattfylleri,3
2024,2,Bodens kommun,Arbetsplatsolycka,1
2024,2,Bodens kommun,Misshandel,1
2024,2,Bodens kommun,Stöld,1
2024,2,Bodens kommun,Trafikolycka,1
2024,2,Gällivare kommun,Trafikolycka,5
2024,2,Gällivare kommun,Trafikkontroll,2
2024,2,Gällivare kommun,Arbetsplatsolycka,1
2024,2,Gällivare kommun,Djur,1
2024,2,Gällivare kommun,Fylleri/LOB,1
2024,2,Gällivare kommun,Narkotikabrott,1
2024,2,Gällivare kommun,Rattfylleri,1
2024,2,Gällivare kommun,Sammanfattning natt,1
2024,2,Gällivare kommun,Stöld,1
2024,2,Haparanda kommun,Trafikkontroll,3
2024,2,Haparanda kommun,Arbetsplatsolycka,1
2024,2,Haparanda kommun,"Motorfordon,  anträffat stulet",1
2024,2,Haparanda kommun,Trafikolycka,1
2024,2,Jokkmokks kommun,Sammanfattning natt,1
2024,2,Jokkmokks kommun,Trafikolycka,1
2024,2,Kalix kommun,Trafikkontroll,2
2024,2,Kalix kommun,Trafikolycka,2
2024,2,Kalix kommun,Knivlagen,1
2024,2,Kalix kommun,Narkotikabrott,1
2024,2,Kalix kommun,Rattfylleri,1
2024,2,Kiruna kommun,Trafikolycka,4
2024,2,Kiruna kommun,Fjällräddning,3
2024,2,Kiruna kommun,Rattfylleri,3
2024,2,Kiruna kommun,Sammanfattning natt,2
2024,2,Kiruna kommun,Skadegörelse,2
2024,2,Kiruna kommun,Luftfartslagen,1
2024,2,Kiruna kommun,Olovlig körning,1
2024,2,Kiruna kommun,Trafikbrott,1
2024,2,Kiruna kommun,"Trafikolycka,  vilt",1
2024,2,Kiruna kommun,Övrigt,1
2024,2,Luleå kommun,Trafikolycka,8
2024,2,Luleå kommun,Sammanfattning natt,4
2024,2,Luleå kommun,Stöld,4
2024,2,Luleå kommun,Knivlagen,3
2024,2,Luleå kommun,Misshandel,3
2024,2,Luleå kommun,Arbetsplatsolycka,2
2024,2,Luleå kommun,Brand,2
2024,2,Luleå kommun,Narkotikabrott,2
2024,2,Luleå kommun,Rattfylleri,2
2024,2,Luleå kommun,Trafikkontroll,2
2024,2,Luleå kommun,Anträffat gods,1
2024,2,Luleå kommun,"Trafikolycka,  singel",1
2024,2,"Norrbotten, okänd kommun",Sammanfattning natt,19
2024,2,"Norrbotten, okänd kommun",Trafikkontroll,7
2024,2,"Norrbotten, okänd kommun",Sammanfattning kväll och natt,1
2024,2,Pajala kommun,Trafikkontroll,2
2024,2,Piteå kommun,Rattfylleri,5
2024,2,Piteå kommun,Trafikkontroll,3
2024,2,Piteå kommun,Trafikbrott,2
2024,2,Piteå kommun,Ofredande/förargelse,1
2024,2,Piteå kommun,Sammanfattning natt,1
2024,2,Piteå kommun,Trafikolycka,1
2024,2,Älvsbyns kommun,Olovlig körning,1
2024,2,Älvsbyns kommun,Stöld,1
2024,2,Älvsbyns kommun,"Trafikolycka,  vilt",1
2024,2,Övertorneå kommun,Trafikkontroll,2
2024,2,Övertorneå kommun,Rattfylleri,1
2024,3,Arjeplogs kommun,Trafikkontroll,2
2024,3,Arjeplogs kommun,Rattfylleri,1
2024,3,Arjeplogs kommun,Trafikbrott,1
2024,3,Arvidsjaurs kommun,Rattfylleri,1
2024,3,Arvidsjaurs kommun,Sammanfattning natt,1
2024,3,Bodens kommun,Stöld,4
2024,3,Bodens kommun,Rattfylleri,3
2024,3,Bodens kommun,Trafikolycka,2
2024,3,Bodens kommun,"Trafikolycka,  vilt",2
2024,3,Bodens kommun,Fylleri/LOB,1
2024,3,Bodens kommun,Narkotikabrott,1
2024,3,Bodens kommun,Sammanfattning natt,1
2024,3,Bodens kommun,Skadegörelse,1
2024,3,Gällivare kommun,Trafikolycka,2
2024,3,Gällivare kommun,Arbetsplatsolycka,1
2024,3,Gällivare kommun,"Misshandel,  grov",1
2024,3,Gällivare kommun,Olovlig körning,1
2024,3,Gällivare kommun,Rattfylleri,1
2024,3,Gällivare kommun,Sammanfattning natt,1
2024,3,Haparanda kommun,Trafikkontroll,5
2024,3,Haparanda kommun,"Motorfordon,  stöld",1
2024,3,Haparanda kommun,Olaga hot,1
2024,3,Haparanda kommun,Olovlig körning,1
2024,3,Haparanda kommun,Skadegörelse,1
2024,3,Haparanda kommun,Trafikolycka,1
2024,3,Jokkmokks kommun,Rattfylleri,2
2024,3,Jokkmokks kommun,"Trafikolycka,  vilt",1
2024,3,Kalix kommun,Trafikolycka,3
2024,3,Kalix kommun,Trafikbrott,2
2024,3,Kalix kommun,Brand,1
2024,3,Kalix kommun,Rån,1
2024,3,Kalix kommun,Skadegörelse,1
2024,3,Kalix kommun,Stöld,1
2024,3,Kiruna kommun,Trafikolycka,3
2024,3,Kiruna kommun,Brand,2
2024,3,Kiruna kommun,Fjällräddning,2
2024,3,Kiruna kommun,Trafikkontroll,2
2024,3,Kiruna kommun,Misshandel,1
2024,3,Kiruna kommun,Olaga intrång,1
2024,3,Kiruna kommun,Sammanfattning natt,1
2024,3,Kiruna kommun,Stöld,1
2024,3,Kiruna kommun,Vapenlagen,1
2024,3,Luleå kommun,Stöld,11
2024,3,Luleå kommun,Fylleri/LOB,7
2024,3,Luleå kommun,Misshandel,3
2024,3,Luleå kommun,Rattfylleri,3
2024,3,Luleå kommun,Sammanfattning natt,3
2024,3,Luleå kommun,Trafikbrott,3
2024,3,Luleå kommun,Trafikolycka,3
2024,3,Luleå kommun,Narkotikabrott,2
2024,3,Luleå kommun,Trafikkontroll,2
2024,3,Luleå kommun,Brand,1
2024,3,Luleå kommun,Olovlig körning,1
2024,3,"Norrbotten, okänd kommun",Sammanfattning natt,22
2024,3,"Norrbotten, okänd kommun",Trafikkontroll,14
2024,3,"Norrbotten, okänd kommun",Stöld,1
2024,3,Pajala kommun,Trafikkontroll,2
2024,3,Pajala kommun,Misshandel,1
2024,3,Pajala kommun,Rattfylleri,1
2024,3,Pajala kommun,Trafikolycka,1
2024,3,Piteå kommun,Anträffat gods,1
2024,3,Piteå kommun,Brand,1
2024,3,Piteå kommun,Bråk,1
2024,3,Piteå kommun,"Motorfordon,  anträffat stulet",1
2024,3,Piteå kommun,Rattfylleri,1
2024,3,Piteå kommun,Sammanfattning natt,1
2024,3,Piteå kommun,Stöld,1
2024,3,Piteå kommun,Trafikbrott,1
2024,3,Piteå kommun,Trafikkontroll,1
2024,3,Piteå kommun,Trafikolycka,1
2024,3,Älvsbyns kommun,Rattfylleri,1
2024,3,Älvsbyns kommun,Trafikkontroll,1
2024,3,Överkalix kommun,Trafikolycka,2
2024,3,Överkalix kommun,Olovlig körning,1
2024,3,Överkalix kommun,Skadegörelse,1
2024,3,Övertorneå kommun,Rattfylleri,1
2024,4,Arjeplogs kommun,Trafikkontroll,2
2024,4,Arjeplogs kommun,Rattfylleri,1
2024,4,Arvidsjaurs kommun,Arbetsplatsolycka,1
2024,4,Arvidsjaurs kommun,Brand,1
2024,4,Bodens kommun,Stöld,5
2024,4,Bodens kommun,Trafikolycka,2
2024,4,Bodens kommun,Narkotikabrott,1
2024,4,Bodens kommun,Rattfylleri,1
2024,4,Bodens kommun,Sammanfattning natt,1
2024,4,Bodens kommun,Trafikbrott,1
2024,4,Bodens kommun,"Trafikolycka,  vilt",1
2024,4,Gällivare kommun,Trafikkontroll,4
2024,4,Gällivare kommun,Rattfylleri,2
2024,4,Gällivare kommun,Trafikolycka,2
2024,4,Gällivare kommun,Fjällräddning,1
2024,4,Gällivare kommun,"Mord/dråp,  försök",1
2024,4,Gällivare kommun,Narkotikabrott,1
2024,4,Gällivare kommun,Sammanfattning natt,1
2024,4,Gällivare kommun,Stöld,1
2024,4,Gällivare kommun,Trafikbrott,1
2024,4,Haparanda kommun,Misshandel,1
2024,4,Haparanda kommun,Rattfylleri,1
2024,4,Haparanda kommun,Trafikolycka,1
2024,4,Kalix kommun,Trafikolycka,2
2024,4,Kalix kommun,Misshandel,1
2024,4,Kalix kommun,"Motorfordon,  stöld",1
2024,4,Kalix kommun,Sammanfattning natt,1
2024,4,Kalix kommun,Stöld,1
2024,4,Kalix kommun,"Trafikolycka,  personskada",1
2024,4,Kiruna kommun,Sammanfattning natt,3
2024,4,Kiruna kommun,Skadegörelse,1
2024,4,Kiruna kommun,Trafikkontroll,1
2024,4,Luleå kommun,Trafikkontroll,10
2024,4,Luleå kommun,Stöld,8
2024,4,Luleå kommun,Trafikolycka,6
2024,4,Luleå kommun,Fylleri/LOB,4
2024,4,Luleå kommun,Sammanfattning natt,3
2024,4,Luleå kommun,Brand,2
2024,4,Luleå kommun,Misshandel,2
2024,4,Luleå kommun,Skadegörelse,2
2024,4,Luleå kommun,Djur,1
2024,4,Luleå kommun,Häleri,1
2024,4,Luleå kommun,Knivlagen,1
2024,4,Luleå kommun,Olaga intrång,1
2024,4,Luleå kommun,Olovlig körning,1
2024,4,Luleå kommun,Stöld/inbrott,1
2024,4,Luleå kommun,Våldtäkt,1
2024,4,Luleå kommun,Övrigt,1
2024,4,"Norrbotten, okänd kommun",Sammanfattning natt,18
2024,4,"Norrbotten, okänd kommun",Trafikkontroll,11
2024,4,"Norrbotten, okänd kommun",Rattfylleri,1
2024,4,Pajala kommun,Trafikkontroll,3
2024,4,Pajala kommun,Trafikolycka,2
2024,4,Pajala kommun,Rattfylleri,1
2024,4,Pajala kommun,Sammanfattning natt,1
2024,4,Piteå kommun,Trafikkontroll,4
2024,4,Piteå kommun,Trafikolycka,3
2024,4,Piteå kommun,Fylleri/LOB,2
2024,4,Piteå kommun,Narkotikabrott,2
2024,4,Piteå kommun,Sammanfattning natt,2
2024,4,Piteå kommun,Arbetsplatsolycka,1
2024,4,Piteå kommun,Brand,1
2024,4,Piteå kommun,Räddningsinsats,1
2024,4,Piteå kommun,Skadegörelse,1
2024,4,Piteå kommun,Stöld,1
2024,4,Piteå kommun,Trafikbrott,1
2024,4,Piteå kommun,Övrigt,1
2024,4,Älvsbyns kommun,Trafikolycka,2
2024,4,Älvsbyns kommun,Rattfylleri,1
2024,4,Älvsbyns kommun,"Trafikolycka,  vilt",1
2024,4,Övertorneå kommun,Trafikkontroll,2
2024,4,Övertorneå kommun,Olovlig körning,1
2024,4,Övertorneå kommun,Rattfylleri,1
2024,5,Arjeplogs kommun,Rattfylleri,1
2024,5,Arjeplogs kommun,Trafikkontroll,1
2024,5,Arvidsjaurs kommun,Brand,1
2024,5,Arvidsjaurs kommun,Olaga hot,1
2024,5,Arvidsjaurs kommun,Trafikkontroll,1
2024,5,Bodens kommun,Arbetsplatsolycka,2
2024,5,Bodens kommun,Rattfylleri,2
2024,5,Bodens kommun,Stöld,2
2024,5,Bodens kommun,Trafikolycka,2
2024,5,Bodens kommun,Olaga hot,1
2024,5,Bodens kommun,Trafikkontroll,1
2024,5,Gällivare kommun,Rattfylleri,4
2024,5,Gällivare kommun,Sammanfattning natt,3
2024,5,Gällivare kommun,Arbetsplatsolycka,1
2024,5,Gällivare kommun,Brand,1
2024,5,Gällivare kommun,Stöld,1
2024,5,Gällivare kommun,Stöld/inbrott,1
2024,5,Gällivare kommun,Trafikkontroll,1
2024,5,Haparanda kommun,Rattfylleri,2
2024,5,Haparanda kommun,Trafikolycka,2
2024,5,Haparanda kommun,Sammanfattning natt,1
2024,5,Jokkmokks kommun,Olovlig körning,1
2024,5,Kalix kommun,Fylleri/LOB,1
2024,5,Kalix kommun,Sammanfattning natt,1
2024,5,Kalix kommun,Skadegörelse,1
2024,5,Kalix kommun,Trafikbrott,1
2024,5,Kalix kommun,Trafikolycka,1
2024,5,Kiruna kommun,Arbetsplatsolycka,2
2024,5,Kiruna kommun,Brand,2
2024,5,Kiruna kommun,Olovlig körning,2
2024,5,Kiruna kommun,Sammanfattning natt,2
2024,5,Kiruna kommun,Stöld,2
2024,5,Kiruna kommun,Fjällräddning,1
2024,5,Kiruna kommun,Fylleri/LOB,1
2024,5,Luleå kommun,Fylleri/LOB,11
2024,5,Luleå kommun,Stöld,7
2024,5,Luleå kommun,Trafikkontroll,5
2024,5,Luleå kommun,Brand,2
2024,5,Luleå kommun,Ofredande/förargelse,2
2024,5,Luleå kommun,Sammanfattning natt,2
2024,5,Luleå kommun,Övrigt,2
2024,5,Luleå kommun,Miljöbrott,1
2024,5,Luleå kommun,Misshandel,1
2024,5,Luleå kommun,"Motorfordon,  anträffat stulet",1
2024,5,Luleå kommun,Olaga intrång,1
2024,5,Luleå kommun,Olovlig körning,1
2024,5,Luleå kommun,Rån,1
2024,5,Luleå kommun,Skadegörelse,1
2024,5,Luleå kommun,Skyddslagen,1
2024,5,Luleå kommun,Trafikolycka,1
2024,5,"Norrbotten, okänd kommun",Sammanfattning natt,21
2024,5,"Norrbotten, okänd kommun",Trafikkontroll,21
2024,5,"Norrbotten, okänd kommun",Trafikbrott,1
2024,5,Pajala kommun,Olovlig körning,1
2024,5,Pajala kommun,Trafikkontroll,1
2024,5,Piteå kommun,Trafikkontroll,3
2024,5,Piteå kommun,Narkotikabrott,1
2024,5,Piteå kommun,Olovlig körning,1
2024,5,Piteå kommun,Polisinsats/kommendering,1
2024,5,Piteå kommun,Rattfylleri,1
2024,5,Piteå kommun,Skadegörelse,1
2024,5,Piteå kommun,Stöld,1
2024,5,Piteå kommun,Stöld/inbrott,1
2024,5,Piteå kommun,Vapenlagen,1
2024,5,Älvsbyns kommun,Misshandel,1
2024,5,Älvsbyns kommun,Olovlig körning,1
2024,5,Älvsbyns kommun,Rattfylleri,1
2024,5,Överkalix kommun,"Trafikolycka,  vilt",1
2024,6,Arvidsjaurs kommun,Sammanfattning natt,1
2024,6,Arvidsjaurs kommun,Trafikbrott,1
2024,6,Bodens kommun,Rattfylleri,3
2024,6,Bodens kommun,Trafikolycka,2
2024,6,Bodens kommun,"Trafikolycka,  vilt",2
2024,6,Bodens kommun,Arbetsplatsolycka,1
2024,6,Bodens kommun,Misshandel,1
2024,6,Bodens kommun,Olovlig körning,1
2024,6,Bodens kommun,Sammanfattning natt,1
2024,6,Bodens kommun,Stöld,1
2024,6,Bodens kommun,Våld/hot mot tjänsteman,1
2024,6,Gällivare kommun,Anträffad död,1
2024,6,Gällivare kommun,Olovlig körning,1
2024,6,Gällivare kommun,Skadegörelse,1
2024,6,Gällivare kommun,Stöld,1
2024,6,Gällivare kommun,"Trafikolycka,  vilt",1
2024,6,Haparanda kommun,Rattfylleri,2
2024,6,Haparanda kommun,Arbetsplatsolycka,1
2024,6,Haparanda kommun,Brand,1
2024,6,Haparanda kommun,Knivlagen,1
2024,6,Haparanda kommun,Misshandel,1
2024,6,Haparanda kommun,Trafikkontroll,1
2024,6,Haparanda kommun,Trafikolycka,1
2024,6,Jokkmokks kommun,Bråk,1
2024,6,Jokkmokks kommun,Trafikolycka,1
2024,6,Kalix kommun,Trafikkontroll,4
2024,6,Kalix kommun,Rattfylleri,2
2024,6,Kalix kommun,Trafikolycka,2
2024,6,Kalix kommun,Arbetsplatsolycka,1
2024,6,Kalix kommun,Brand,1
2024,6,Kalix kommun,Olovlig körning,1
2024,6,Kalix kommun,Stöld,1
2024,6,Kalix kommun,Trafikbrott,1
2024,6,Kalix kommun,"Trafikolycka,  smitning från",1
2024,6,Kiruna kommun,Fjällräddning,6
2024,6,Kiruna kommun,Brand,1
2024,6,Kiruna kommun,Fylleri/LOB,1
2024,6,Kiruna kommun,Försvunnen person,1
2024,6,Kiruna kommun,Olaga hot,1
2024,6,Kiruna kommun,Olovlig körning,1
2024,6,Kiruna kommun,Trafikkontroll,1
2024,6,Kiruna kommun,Övrigt,1
2024,6,Luleå kommun,Stöld,10
2024,6,Luleå kommun,Trafikolycka,6
2024,6,Luleå kommun,Misshandel,4
2024,6,Luleå kommun,Inbrott,3
2024,6,Luleå kommun,Sammanfattning natt,3
2024,6,Luleå kommun,Brand,2
2024,6,Luleå kommun,Rattfylleri,2
2024,6,Luleå kommun,Trafikkontroll,2
2024,6,Luleå kommun,Fylleri/LOB,1
2024,6,Luleå kommun,Försvunnen person,1
2024,6,Luleå kommun,Knivlagen,1
2024,6,Luleå kommun,Trafikbrott,1
2024,6,Luleå kommun,Trafikhinder,1
2024,6,"Norrbotten, okänd kommun",Sammanfattning natt,22
2024,6,"Norrbotten, okänd kommun",Trafikkontroll,14
2024,6,"Norrbotten, okänd kommun","Trafikolycka,  vilt",1
2024,6,Pajala kommun,Sammanfattning natt,2
2024,6,Pajala kommun,Försvunnen person,1
2024,6,Pajala kommun,Trafikkontroll,1
2024,6,Pajala kommun,Trafikolycka,1
2024,6,Pajala kommun,"Trafikolycka,  vilt",1
2024,6,Piteå kommun,Rattfylleri,5
2024,6,Piteå kommun,Stöld,3
2024,6,Piteå kommun,Brand,2
2024,6,Piteå kommun,Sammanfattning natt,2
2024,6,Piteå kommun,Trafikbrott,2
2024,6,Piteå kommun,Trafikolycka,2
2024,6,Piteå kommun,Alkohollagen,1
2024,6,Piteå kommun,Anträffad död,1
2024,6,Piteå kommun,Fylleri/LOB,1
2024,6,Piteå kommun,Hemfridsbrott,1
2024,6,Piteå kommun,"Mord/dråp,  försök",1
2024,6,Piteå kommun,Trafikkontroll,1
2024,6,Piteå kommun,"Trafikolycka,  vilt",1
2024,6,Älvsbyns kommun,Misshandel,1
2024,6,Älvsbyns kommun,Trafikbrott,1
2024,6,Älvsbyns kommun,Trafikkontroll,1
2024,6,Överkalix kommun,Brand,1
2024,6,Överkalix kommun,Skadegörelse,1
2024,6,Överkalix kommun,Trafikkontroll,1
2024,6,Överkalix kommun,Trafikolycka,1
2024,7,Arjeplogs kommun,Fjällräddning,1
2024,7,Arjeplogs kommun,Narkotikabrott,1
2024,7,Arvidsjaurs kommun,Sammanfattning natt,2
2024,7,Arvidsjaurs kommun,Rattfylleri,1
2024,7,Arvidsjaurs kommun,"Trafikolycka,  vilt",1
2024,7,Bodens kommun,Sammanfattning natt,4
2024,7,Bodens kommun,Stöld,3
2024,7,Bodens kommun,Rattfylleri,2
2024,7,Bodens kommun,Trafikkontroll,2
2024,7,Bodens kommun,Arbetsplatsolycka,1
2024,7,Bodens kommun,Bedrägeri,1
2024,7,Bodens kommun,Brand,1
2024,7,Bodens kommun,Bråk,1
2024,7,Bodens kommun,Djur,1
2024,7,Bodens kommun,Misshandel,1
2024,7,Bodens kommun,Stöld/inbrott,1
2024,7,Gällivare kommun,Trafikkontroll,3
2024,7,Gällivare kommun,Rattfylleri,2
2024,7,Gällivare kommun,Trafikolycka,2
2024,7,Gällivare kommun,Arbetsplatsolycka,1
2024,7,Gällivare kommun,Djur,1
2024,7,Gällivare kommun,Narkotikabrott,1
2024,7,Gällivare kommun,Olaga intrång,1
2024,7,Gällivare kommun,Sammanfattning natt,1
2024,7,Gällivare kommun,"Trafikolycka,  personskada",1
2024,7,Gällivare kommun,"Trafikolycka,  vilt",1
2024,7,Haparanda kommun,Trafikolycka,2
2024,7,Haparanda kommun,Brand,1
2024,7,Haparanda kommun,Försvunnen person,1
2024,7,Haparanda kommun,Sammanfattning natt,1
2024,7,Haparanda kommun,Stöld,1
2024,7,Haparanda kommun,Trafikkontroll,1
2024,7,Haparanda kommun,"Trafikolycka,  vilt",1
2024,7,Jokkmokks kommun,Fjällräddning,1
2024,7,Jokkmokks kommun,Trafikkontroll,1
2024,7,Kalix kommun,Narkotikabrott,1
2024,7,Kalix kommun,"Trafikolycka,  singel",1
2024,7,Kiruna kommun,Fjällräddning,1
2024,7,Kiruna kommun,Misshandel,1
2024,7,Kiruna kommun,Trafikkontroll,1
2024,7,Luleå kommun,Sammanfattning natt,5
2024,7,Luleå kommun,Rattfylleri,3
2024,7,Luleå kommun,Anträffad död,2
2024,7,Luleå kommun,Fylleri/LOB,2
2024,7,Luleå kommun,Trafikolycka,2
2024,7,Luleå kommun,Arbetsplatsolycka,1
2024,7,Luleå kommun,Brand,1
2024,7,Luleå kommun,Inbrott,1
2024,7,Luleå kommun,Misshandel,1
2024,7,Luleå kommun,"Mord/dråp,  försök",1
2024,7,Luleå kommun,Olaga intrång,1
2024,7,Luleå kommun,Skadegörelse,1
2024,7,Luleå kommun,Stöld,1
2024,7,Luleå kommun,Trafikbrott,1
2024,7,"Norrbotten, okänd kommun",Sammanfattning natt,18
2024,7,"Norrbotten, okänd kommun",Trafikkontroll,2
2024,7,"Norrbotten, okänd kommun","Trafikolycka,  vilt",1
2024,7,Pajala kommun,Trafikkontroll,3
2024,7,Pajala kommun,Rattfylleri,1
2024,7,Piteå kommun,Trafikkontroll,5
2024,7,Piteå kommun,Sammanfattning natt,2
2024,7,Piteå kommun,Anträffad död,1
2024,7,Piteå kommun,Rattfylleri,1
2024,7,Piteå kommun,Räddningsinsats,1
2024,7,Piteå kommun,"Trafikolycka,  singel",1
2024,7,Piteå kommun,Övrigt,1
2024,7,Älvsbyns kommun,Trafikkontroll,2
2024,7,Älvsbyns kommun,Räddningsinsats,1
2024,7,Älvsbyns kommun,Trafikolycka,1
2024,7,Överkalix kommun,Brand,1
2024,7,Överkalix kommun,"Trafikolycka,  vilt",1
2024,7,Övertorneå kommun,Skadegörelse,1
2024,8,Arjeplogs kommun,Fjällräddning,1
2024,8,Arvidsjaurs kommun,Trafikolycka,2
2024,8,Arvidsjaurs kommun,Stöld/inbrott,1
2024,8,Arvidsjaurs kommun,"Trafikolycka,  vilt",1
2024,8,Bodens kommun,Stöld,3
2024,8,Bodens kommun,Brand,2
2024,8,Bodens kommun,Trafikkontroll,2
2024,8,Bodens kommun,Trafikolycka,2
2024,8,Bodens kommun,Rattfylleri,1
2024,8,Bodens kommun,Stöld/inbrott,1
2024,8,Gällivare kommun,Rattfylleri,3
2024,8,Gällivare kommun,Stöld,3
2024,8,Gällivare kommun,Trafikkontroll,3
2024,8,Gällivare kommun,Trafikolycka,3
2024,8,Gällivare kommun,Arbetsplatsolycka,1
2024,8,Gällivare kommun,Brand,1
2024,8,Gällivare kommun,Fylleri/LOB,1
2024,8,Gällivare kommun,Misshandel,1
2024,8,Gällivare kommun,Narkotikabrott,1
2024,8,Gällivare kommun,Sammanfattning natt,1
2024,8,Gällivare kommun,"Trafikolycka,  vilt",1
2024,8,Haparanda kommun,Trafikbrott,2
2024,8,Haparanda kommun,Sammanfattning natt,1
2024,8,Haparanda kommun,Skadegörelse,1
2024,8,Haparanda kommun,"Trafikolycka,  singel",1
2024,8,Jokkmokks kommun,Fjällräddning,5
2024,8,Jokkmokks kommun,Trafikolycka,1
2024,8,Jokkmokks kommun,"Trafikolycka,  vilt",1
2024,8,Kalix kommun,Trafikbrott,3
2024,8,Kalix kommun,Sammanfattning natt,1
2024,8,Kalix kommun,Trafikolycka,1
2024,8,Kalix kommun,"Trafikolycka,  singel",1
2024,8,Kalix kommun,Övrigt,1
2024,8,Kiruna kommun,Fjällräddning,6
2024,8,Kiruna kommun,Trafikolycka,3
2024,8,Kiruna kommun,Bråk,1
2024,8,Kiruna kommun,Rattfylleri,1
2024,8,Kiruna kommun,Trafikkontroll,1
2024,8,Kiruna kommun,"Trafikolycka,  singel",1
2024,8,Kiruna kommun,"Våldtäkt,  försök",1
2024,8,Luleå kommun,Fylleri/LOB,7
2024,8,Luleå kommun,Stöld,6
2024,8,Luleå kommun,Sammanfattning natt,5
2024,8,Luleå kommun,Bedrägeri,2
2024,8,Luleå kommun,Narkotikabrott,2
2024,8,Luleå kommun,Trafikkontroll,2
2024,8,Luleå kommun,Trafikolycka,2
2024,8,Luleå kommun,Anträffad död,1
2024,8,Luleå kommun,Inbrott,1
2024,8,Luleå kommun,Misshandel,1
2024,8,Luleå kommun,Rattfylleri,1
2024,8,Luleå kommun,Trafikbrott,1
2024,8,Luleå kommun,"Trafikolycka,  vilt",1
2024,8,"Norrbotten, okänd kommun",Sammanfattning natt,20
2024,8,"Norrbotten, okänd kommun",Trafikkontroll,17
2024,8,"Norrbotten, okänd kommun","Trafikolycka,  vilt",1
2024,8,Pajala kommun,Försvunnen person,2
2024,8,Pajala kommun,Trafikbrott,2
2024,8,Pajala kommun,Trafikolycka,2
2024,8,Pajala kommun,Sammanfattning natt,1
2024,8,Piteå kommun,Rattfylleri,2
2024,8,Piteå kommun,Sammanfattning natt,2
2024,8,Piteå kommun,Stöld,2
2024,8,Piteå kommun,Arbetsplatsolycka,1
2024,8,Piteå kommun,Räddningsinsats,1
2024,8,Piteå kommun,Trafikbrott,1
2024,8,Piteå kommun,Trafikkontroll,1
2024,8,Piteå kommun,Trafikolycka,1
2024,8,Piteå kommun,"Trafikolycka,  vilt",1
2024,8,Älvsbyns kommun,Trafikkontroll,2
2024,8,Älvsbyns kommun,Narkotikabrott,1
2024,8,Älvsbyns kommun,Olaga hot,1
2024,8,Älvsbyns kommun,Trafikolycka,1
2024,8,Överkalix kommun,"Trafikolycka,  vilt",1
2024,8,Övertorneå kommun,Trafikkontroll,2
2024,8,Övertorneå kommun,Misshandel,1
2024,9,Arjeplogs kommun,Räddningsinsats,1
2024,9,Arvidsjaurs kommun,Trafikolycka,1
2024,9,Bodens kommun,Arbetsplatsolycka,2
2024,9,Bodens kommun,Stöld,2
2024,9,Bodens kommun,Trafikbrott,2
2024,9,Bodens kommun,Brand,1
2024,9,Bodens kommun,Rattfylleri,1
2024,9,Bodens kommun,Trafikolycka,1
2024,9,Gällivare kommun,Trafikkontroll,4
2024,9,Gällivare kommun,Sammanfattning natt,2
2024,9,Gällivare kommun,Brand,1
2024,9,Gällivare kommun,Knivlagen,1
2024,9,Gällivare kommun,Misshandel,1
2024,9,Gällivare kommun,Olaga intrång,1
2024,9,Gällivare kommun,Rattfylleri,1
2024,9,Gällivare kommun,Skadegörelse,1
2024,9,Haparanda kommun,Inbrott,1
2024,9,Haparanda kommun,Stöld,1
2024,9,Haparanda kommun,Trafikkontroll,1
2024,9,Jokkmokks kommun,Fjällräddning,3
2024,9,Jokkmokks kommun,"Trafikolycka,  vilt",2
2024,9,Jokkmokks kommun,Trafikkontroll,1
2024,9,Kalix kommun,Fylleri/LOB,1
2024,9,Kalix kommun,Mord/dråp,1
2024,9,Kalix kommun,"Motorfordon,  stöld",1
2024,9,Kalix kommun,Narkotikabrott,1
2024,9,Kalix kommun,Rån,1
2024,9,Kalix kommun,"Trafikolycka,  smitning från",1
2024,9,Kiruna kommun,Fjällräddning,2
2024,9,Kiruna kommun,Sammanfattning natt,2
2024,9,Kiruna kommun,Trafikkontroll,2
2024,9,Kiruna kommun,Anträffat gods,1
2024,9,Kiruna kommun,Arbetsplatsolycka,1
2024,9,Kiruna kommun,Brand,1
2024,9,Kiruna kommun,Olaga hot,1
2024,9,Kiruna kommun,Olovlig körning,1
2024,9,Kiruna kommun,Skadegörelse,1
2024,9,Kiruna kommun,Stöld,1
2024,9,Luleå kommun,Stöld,9
2024,9,Luleå kommun,Trafikolycka,6
2024,9,Luleå kommun,Misshandel,2
2024,9,Luleå kommun,Narkotikabrott,2
2024,9,Luleå kommun,Rattfylleri,2
2024,9,Luleå kommun,Sammanfattning natt,2
2024,9,Luleå kommun,Trafikbrott,2
2024,9,Luleå kommun,Arbetsplatsolycka,1
2024,9,Luleå kommun,Brand,1
2024,9,Luleå kommun,Fylleri/LOB,1
2024,9,Luleå kommun,"Misshandel,  grov",1
2024,9,Luleå kommun,"Mord/dråp,  försök",1
2024,9,Luleå kommun,Olaga intrång,1
2024,9,Luleå kommun,Olovlig körning,1
2024,9,Luleå kommun,Rån,1
2024,9,Luleå kommun,Skadegörelse,1
2024,9,Luleå kommun,Trafikkontroll,1
2024,9,Luleå kommun,"Trafikolycka,  singel",1
2024,9,"Norrbotten, okänd kommun",Sammanfattning natt,22
2024,9,"Norrbotten, okänd kommun",Trafikkontroll,16
2024,9,"Norrbotten, okänd kommun",Försvunnen person,1
2024,9,"Norrbotten, okänd kommun",Skadegörelse,1
2024,9,"Norrbotten, okänd kommun",Stöld,1
2024,9,"Norrbotten, okänd kommun","Trafikolycka,  vilt",1
2024,9,Pajala kommun,Olovlig körning,1
2024,9,Pajala kommun,Trafikkontroll,1
2024,9,Piteå kommun,Trafikkontroll,3
2024,9,Piteå kommun,Trafikolycka,3
2024,9,Piteå kommun,Arbetsplatsolycka,2
2024,9,Piteå kommun,Rattfylleri,2
2024,9,Piteå kommun,Brand,1
2024,9,Piteå kommun,Olovlig körning,1
2024,9,Piteå kommun,Sammanfattning natt,1
2024,9,Piteå kommun,Trafikbrott,1
2024,9,Piteå kommun,Uppdatering,1
2024,9,Älvsbyns kommun,Narkotikabrott,2
2024,9,Älvsbyns kommun,Trafikolycka,2
2024,9,Älvsbyns kommun,Anträffat gods,1
2024,9,Älvsbyns kommun,Misshandel,1
2024,9,Älvsbyns kommun,"Trafikolycka,  singel",1
2024,9,Överkalix kommun,Rattfylleri,1
2024,9,Övertorneå kommun,Olovlig körning,1
2024,9,Övertorneå kommun,Rattfylleri,1
2024,9,Övertorneå kommun,Sammanfattning natt,1
2024,10,Arjeplogs kommun,Trafikkontroll,3
2024,10,Arvidsjaurs kommun,Misshandel,1
2024,10,Arvidsjaurs kommun,Rattfylleri,1
2024,10,Arvidsjaurs kommun,"Trafikolycka,  singel",1
2024,10,Bodens kommun,Trafikolycka,4
2024,10,Bodens kommun,Narkotikabrott,3
2024,10,Bodens kommun,Stöld,3
2024,10,Bodens kommun,Trafikbrott,3
2024,10,Bodens kommun,Arbetsplatsolycka,2
2024,10,Bodens kommun,Misshandel,1
2024,10,Bodens kommun,Olaga hot,1
2024,10,Bodens kommun,Olovlig körning,1
2024,10,Bodens kommun,Rattfylleri,1
2024,10,Bodens kommun,Skadegörelse,1
2024,10,Bodens kommun,"Trafikolycka,  singel",1
2024,10,Gällivare kommun,Trafikkontroll,5
2024,10,Gällivare kommun,Narkotikabrott,2
2024,10,Gällivare kommun,Trafikolycka,2
2024,10,Gällivare kommun,Knivlagen,1
2024,10,Gällivare kommun,Misshandel,1
2024,10,Gällivare kommun,Sammanfattning natt,1
2024,10,Gällivare kommun,Stöld,1
2024,10,Haparanda kommun,Stöld,2
2024,10,Haparanda kommun,"Motorfordon,  stöld",1
2024,10,Haparanda kommun,Narkotikabrott,1
2024,10,Haparanda kommun,Rattfylleri,1
2024,10,Haparanda kommun,Sammanfattning natt,1
2024,10,Haparanda kommun,Övrigt,1
2024,10,Jokkmokks kommun,Trafikolycka,2
2024,10,Jokkmokks kommun,Anträffat gods,1
2024,10,Jokkmokks kommun,Brand,1
2024,10,Jokkmokks kommun,Fjällräddning,1
2024,10,Jokkmokks kommun,Trafikkontroll,1
2024,10,Jokkmokks kommun,"Trafikolycka,  singel",1
2024,10,Jokkmokks kommun,"Trafikolycka,  vilt",1
2024,10,Kalix kommun,Anträffat gods,1
2024,10,Kalix kommun,"Misshandel,  grov",1
2024,10,Kalix kommun,Stöld/inbrott,1
2024,10,Kalix kommun,Trafikbrott,1
2024,10,Kalix kommun,Trafikolycka,1
2024,10,Kiruna kommun,Stöld,4
2024,10,Kiruna kommun,Olaga hot,1
2024,10,Kiruna kommun,Rattfylleri,1
2024,10,Kiruna kommun,Trafikbrott,1
2024,10,Kiruna kommun,Trafikkontroll,1
2024,10,Kiruna kommun,Trafikolycka,1
2024,10,Luleå kommun,Stöld,14
2024,10,Luleå kommun,Trafikolycka,9
2024,10,Luleå kommun,Rattfylleri,5
2024,10,Luleå kommun,Brand,3
2024,10,Luleå kommun,Fylleri/LOB,3
2024,10,Luleå kommun,Knivlagen,2
2024,10,Luleå kommun,Narkotikabrott,2
2024,10,Luleå kommun,Skadegörelse,2
2024,10,Luleå kommun,Trafikkontroll,2
2024,10,Luleå kommun,Anträffad död,1
2024,10,Luleå kommun,Arbetsplatsolycka,1
2024,10,Luleå kommun,Explosion,1
2024,10,Luleå kommun,Försvunnen person,1
2024,10,Luleå kommun,Häleri,1
2024,10,Luleå kommun,Misshandel,1
2024,10,Luleå kommun,"Motorfordon,  anträffat stulet",1
2024,10,Luleå kommun,Olovlig körning,1
2024,10,Luleå kommun,Sammanfattning natt,1
2024,10,Luleå kommun,Stöld/inbrott,1
2024,10,Luleå kommun,Trafikbrott,1
2024,10,Luleå kommun,Våld/hot mot tjänsteman,1
2024,10,"Norrbotten, okänd kommun",Sammanfattning natt,26
2024,10,"Norrbotten, okänd kommun",Trafikkontroll,13
2024,10,"Norrbotten, okänd kommun","Trafikolycka,  vilt",4
2024,10,Pajala kommun,Brand,1
2024,10,Pajala kommun,Rattfylleri,1
2024,10,Pajala kommun,Trafikkontroll,1
2024,10,Piteå kommun,Trafikolycka,3
2024,10,Piteå kommun,Sammanfattning natt,2
2024,10,Piteå kommun,Trafikkontroll,2
2024,10,Piteå kommun,Brand,1
2024,10,Piteå kommun,Misshandel,1
2024,10,Piteå kommun,Stöld,1
2024,10,Älvsbyns kommun,Anträffat gods,1
2024,10,Älvsbyns kommun,Brand,1
2024,10,Älvsbyns kommun,Rattfylleri,1
2024,10,Älvsbyns kommun,Rån,1
2024,10,Älvsbyns kommun,Trafikolycka,1
2024,10,Övertorneå kommun,Rattfylleri,1
2024,11,Arjeplogs kommun,Rattfylleri,1
2024,11,Arjeplogs kommun,Trafikbrott,1
2024,11,Arvidsjaurs kommun,Sammanfattning natt,1
2024,11,Arvidsjaurs kommun,Trafikolycka,1
2024,11,Bodens kommun,Rattfylleri,4
2024,11,Bodens kommun,Trafikolycka,3
2024,11,Bodens kommun,Narkotikabrott,1
2024,11,Bodens kommun,Trafikkontroll,1
2024,11,Gällivare kommun,Trafikolycka,3
2024,11,Gällivare kommun,Sammanfattning natt,2
2024,11,Gällivare kommun,Trafikkontroll,2
2024,11,Gällivare kommun,"Trafikolycka,  vilt",2
2024,11,Gällivare kommun,Narkotikabrott,1
2024,11,Gällivare kommun,Rattfylleri,1
2024,11,Gällivare kommun,Stöld,1
2024,11,Gällivare kommun,Trafikbrott,1
2024,11,Haparanda kommun,Ofredande/förargelse,1
2024,11,Kalix kommun,Trafikolycka,2
2024,11,Kalix kommun,Narkotikabrott,1
2024,11,Kalix kommun,Stöld,1
2024,11,Kalix kommun,"Trafikolycka,  vilt",1
2024,11,Kiruna kommun,Trafikolycka,3
2024,11,Kiruna kommun,Rattfylleri,2
2024,11,Kiruna kommun,Stöld,2
2024,11,Kiruna kommun,Trafikkontroll,2
2024,11,Kiruna kommun,Misshandel,1
2024,11,Kiruna kommun,Sammanfattning natt,1
2024,11,Kiruna kommun,Trafikbrott,1
2024,11,Luleå kommun,Trafikolycka,8
2024,11,Luleå kommun,Stöld,6
2024,11,Luleå kommun,Fylleri/LOB,3
2024,11,Luleå kommun,Narkotikabrott,2
2024,11,Luleå kommun,Sammanfattning natt,2
2024,11,Luleå kommun,Brand,1
2024,11,Luleå kommun,Misshandel,1
2024,11,Luleå kommun,"Motorfordon,  stöld",1
2024,11,Luleå kommun,Ofredande/förargelse,1
2024,11,Luleå kommun,Olaga hot,1
2024,11,Luleå kommun,Rattfylleri,1
2024,11,Luleå kommun,Skyddslagen,1
2024,11,Luleå kommun,Stöld/inbrott,1
2024,11,Luleå kommun,Trafikbrott,1
2024,11,Luleå kommun,Trafikkontroll,1
2024,11,Luleå kommun,"Trafikolycka,  vilt",1
2024,11,"Norrbotten, okänd kommun",Sammanfattning natt,23
2024,11,"Norrbotten, okänd kommun",Trafikkontroll,11
2024,11,"Norrbotten, okänd kommun","Trafikolycka,  vilt",5
2024,11,"Norrbotten, okänd kommun",Misshandel,1
2024,11,Pajala kommun,Trafikolycka,2
2024,11,Pajala kommun,Arbetsplatsolycka,1
2024,11,Pajala kommun,Stöld,1
2024,11,Pajala kommun,Trafikbrott,1
2024,11,Piteå kommun,Trafikolycka,5
2024,11,Piteå kommun,Rattfylleri,4
2024,11,Piteå kommun,Stöld,3
2024,11,Piteå kommun,Arbetsplatsolycka,1
2024,11,Piteå kommun,Brand,1
2024,11,Piteå kommun,Narkotikabrott,1
2024,11,Piteå kommun,Olovlig körning,1
2024,11,Piteå kommun,Sammanfattning natt,1
2024,11,Piteå kommun,Trafikbrott,1
2024,11,Piteå kommun,"Trafikolycka,  singel",1
2024,11,Piteå kommun,Våldtäkt,1
2024,11,Älvsbyns kommun,Olovlig körning,1
2024,11,Älvsbyns kommun,Rattfylleri,1
2024,11,Överkalix kommun,Trafikolycka,2
2024,11,Överkalix kommun,Trafikbrott,1
2024,11,Övertorneå kommun,Rattfylleri,1
2024,11,Övertorneå kommun,"Trafikolycka,  vilt",1
2024,12,Arjeplogs kommun,Rattfylleri,1
2024,12,Arvidsjaurs kommun,Arbetsplatsolycka,1
2024,12,Arvidsjaurs kommun,Sammanfattning natt,1
2024,12,Bodens kommun,Arbetsplatsolycka,2
2024,12,Bodens kommun,Rattfylleri,2
2024,12,Bodens kommun,Stöld,2
2024,12,Bodens kommun,Brand,1
2024,12,Bodens kommun,Narkotikabrott,1
2024,12,Bodens kommun,Sammanfattning natt,1
2024,12,Bodens kommun,Trafikolycka,1
2024,12,Bodens kommun,Övrigt,1
2024,12,Gällivare kommun,Trafikolycka,4
2024,12,Gällivare kommun,Brand,1
2024,12,Gällivare kommun,Sammanfattning natt,1
2024,12,Haparanda kommun,Rattfylleri,3
2024,12,Haparanda kommun,Trafikolycka,3
2024,12,Haparanda kommun,Sammanfattning natt,1
2024,12,Haparanda kommun,Trafikbrott,1
2024,12,Haparanda kommun,"Trafikolycka,  vilt",1
2024,12,Jokkmokks kommun,Olovlig körning,1
2024,12,Kalix kommun,Olovlig körning,2
2024,12,Kalix kommun,Misshandel,1
2024,12,Kalix kommun,Trafikkontroll,1
2024,12,Kiruna kommun,Trafikolycka,3
2024,12,Kiruna kommun,Arbetsplatsolycka,1
2024,12,Kiruna kommun,Rattfylleri,1
2024,12,Kiruna kommun,Sammanfattning natt,1
2024,12,Kiruna kommun,Stöld,1
2024,12,Kiruna kommun,Trafikbrott,1
2024,12,Luleå kommun,Trafikolycka,11
2024,12,Luleå kommun,Stöld,6
2024,12,Luleå kommun,Rattfylleri,4
2024,12,Luleå kommun,Arbetsplatsolycka,2
2024,12,Luleå kommun,Brand,2
2024,12,Luleå kommun,Trafikbrott,2
2024,12,Luleå kommun,Bråk,1
2024,12,Luleå kommun,Fylleri/LOB,1
2024,12,Luleå kommun,Hemfridsbrott,1
2024,12,Luleå kommun,Knivlagen,1
2024,12,Luleå kommun,"Motorfordon,  stöld",1
2024,12,Luleå kommun,Narkotikabrott,1
2024,12,Luleå kommun,Olovlig körning,1
2024,12,Luleå kommun,Skadegörelse,1
2024,12,Luleå kommun,Trafikkontroll,1
2024,12,"Norrbotten, okänd kommun",Sammanfattning natt,23
2024,12,"Norrbotten, okänd kommun",Trafikkontroll,20
2024,12,"Norrbotten, okänd kommun","Trafikolycka,  vilt",5
2024,12,Pajala kommun,Sammanfattning natt,1
2024,12,Piteå kommun,Trafikolycka,5
2024,12,Piteå kommun,Rattfylleri,2
2024,12,Piteå kommun,Sammanfattning natt,2
2024,12,Piteå kommun,Stöld,2
2024,12,Piteå kommun,Arbetsplatsolycka,1
2024,12,Piteå kommun,Bråk,1
2024,12,Piteå kommun,Narkotikabrott,1
2024,12,Piteå kommun,Trafikkontroll,1
2024,12,Piteå kommun,"Trafikolycka,  smitning från",1
2024,12,Älvsbyns kommun,Trafikolycka,1
2024,12,Överkalix kommun,Trafikolycka,1
2024,12,Övertorneå kommun,Trafikkontroll,1
2024,12,Övertorneå kommun,Trafikolycka,1
2025,1,Arjeplogs kommun,Trafikolycka,1
2025,1,Arjeplogs kommun,"Trafikolycka,  singel",1
2025,1,Bodens kommun,Trafikkontroll,5
2025,1,Bodens kommun,Rattfylleri,4
2025,1,Bodens kommun,Narkotikabrott,2
2025,1,Bodens kommun,Sammanfattning natt,2
2025,1,Bodens kommun,Trafikbrott,2
2025,1,Bodens kommun,Trafikolycka,2
2025,1,Bodens kommun,Fylleri/LOB,1
2025,1,Bodens kommun,Stöld,1
2025,1,Bodens kommun,"Trafikolycka,  singel",1
2025,1,Gällivare kommun,Sammanfattning natt,2
2025,1,Gällivare kommun,Skadegörelse,2
2025,1,Gällivare kommun,Trafikkontroll,2
2025,1,Gällivare kommun,Trafikolycka,2
2025,1,Gällivare kommun,Arbetsplatsolycka,1
2025,1,Gällivare kommun,Brand,1
2025,1,Gällivare kommun,Fylleri/LOB,1
2025,1,Gällivare kommun,Rattfylleri,1
2025,1,Gällivare kommun,"Trafikolycka,  vilt",1
2025,1,Haparanda kommun,Trafikbrott,1
2025,1,Kalix kommun,Rattfylleri,2
2025,1,Kalix kommun,Bedrägeri,1
2025,1,Kalix kommun,Stöld,1
2025,1,Kalix kommun,Trafikkontroll,1
2025,1,Kiruna kommun,Trafikolycka,4
2025,1,Kiruna kommun,Anträffad död,2
2025,1,Kiruna kommun,Sammanfattning natt,2
2025,1,Kiruna kommun,Fjällräddning,1
2025,1,Kiruna kommun,Fylleri/LOB,1
2025,1,Luleå kommun,Trafikolycka,11
2025,1,Luleå kommun,Rattfylleri,4
2025,1,Luleå kommun,Trafikkontroll,4
2025,1,Luleå kommun,Olovlig körning,3
2025,1,Luleå kommun,Fylleri/LOB,2
2025,1,Luleå kommun,Narkotikabrott,2
2025,1,Luleå kommun,Stöld,2
2025,1,Luleå kommun,"Trafikolycka,  singel",2
2025,1,Luleå kommun,"Motorfordon,  stöld",1
2025,1,Luleå kommun,Olaga hot,1
2025,1,Luleå kommun,Skadegörelse,1
2025,1,"Norrbotten, okänd kommun",Sammanfattning natt,20
2025,1,"Norrbotten, okänd kommun",Trafikkontroll,12
2025,1,"Norrbotten, okänd kommun","Trafikolycka,  vilt",4
2025,1,"Norrbotten, okänd kommun",Stöld,1
2025,1,Pajala kommun,Trafikkontroll,2
2025,1,Pajala kommun,"Trafikolycka,  vilt",2
2025,1,Pajala kommun,Sammanfattning natt,1
2025,1,Piteå kommun,Trafikolycka,6
2025,1,Piteå kommun,Sammanfattning natt,3
2025,1,Piteå kommun,Anträffad död,2
2025,1,Piteå kommun,Brand,1
2025,1,Piteå kommun,Olovlig körning,1
2025,1,Piteå kommun,Trafikbrott,1
2025,1,Piteå kommun,Trafikkontroll,1
2025,1,Piteå kommun,"Trafikolycka,  singel",1
2025,1,Älvsbyns kommun,Trafikkontroll,2
2025,1,Överkalix kommun,Trafikolycka,1
2025,1,Övertorneå kommun,Trafikkontroll,3
2025,1,Övertorneå kommun,Rattfylleri,1
2025,2,Arjeplogs kommun,Rattfylleri,1
2025,2,Arjeplogs kommun,Trafikkontroll,1
2025,2,Arjeplogs kommun,Trafikolycka,1
2025,2,Arvidsjaurs kommun,Rattfylleri,2
2025,2,Arvidsjaurs kommun,Sammanfattning natt,1
2025,2,Arvidsjaurs kommun,"Trafikolycka,  singel",1
2025,2,Arvidsjaurs kommun,Övrigt,1
2025,2,Bodens kommun,Rattfylleri,5
2025,2,Bodens kommun,Fylleri/LOB,2
2025,2,Bodens kommun,Stöld,2
2025,2,Bodens kommun,Trafikolycka,2
2025,2,Bodens kommun,Anträffad död,1
2025,2,Bodens kommun,Försvunnen person,1
2025,2,Bodens kommun,Olovlig körning,1
2025,2,Bodens kommun,Trafikkontroll,1
2025,2,Bodens kommun,"Trafikolycka,  singel",1
2025,2,Gällivare kommun,Trafikkontroll,2
2025,2,Gällivare kommun,Arbetsplatsolycka,1
2025,2,Gällivare kommun,Fjällräddning,1
2025,2,Gällivare kommun,Rattfylleri,1
2025,2,Gällivare kommun,Sammanfattning natt,1
2025,2,Gällivare kommun,Trafikolycka,1
2025,2,Gällivare kommun,"Trafikolycka,  vilt",1
2025,2,Gällivare kommun,Våldtäkt,1
2025,2,Haparanda kommun,Trafikkontroll,2
2025,2,Jokkmokks kommun,Trafikkontroll,1
2025,2,Jokkmokks kommun,"Trafikolycka,  vilt",1
2025,2,Kalix kommun,Trafikbrott,2
2025,2,Kalix kommun,Olovlig körning,1
2025,2,Kalix kommun,Sammanfattning natt,1
2025,2,Kalix kommun,Skadegörelse,1
2025,2,Kalix kommun,Trafikolycka,1
2025,2,Kiruna kommun,Trafikolycka,5
2025,2,Kiruna kommun,Rattfylleri,3
2025,2,Kiruna kommun,Sammanfattning natt,3
2025,2,Kiruna kommun,Fjällräddning,1
2025,2,Kiruna kommun,Misshandel,1
2025,2,Kiruna kommun,Olovlig körning,1
2025,2,Kiruna kommun,Trafikbrott,1
2025,2,Kiruna kommun,Trafikkontroll,1
2025,2,Luleå kommun,Stöld,9
2025,2,Luleå kommun,Trafikolycka,5
2025,2,Luleå kommun,Rattfylleri,4
2025,2,Luleå kommun,Brand,2
2025,2,Luleå kommun,Trafikkontroll,2
2025,2,Luleå kommun,Arbetsplatsolycka,1
2025,2,Luleå kommun,Bedrägeri,1
2025,2,Luleå kommun,Narkotikabrott,1
2025,2,Luleå kommun,Trafikbrott,1
2025,2,Luleå kommun,"Trafikolycka,  singel",1
2025,2,Luleå kommun,Vapenlagen,1
2025,2,"Norrbotten, okänd kommun",Sammanfattning natt,21
2025,2,"Norrbotten, okänd kommun",Trafikkontroll,9
2025,2,"Norrbotten, okänd kommun","Trafikolycka,  vilt",2
2025,2,Pajala kommun,Trafikkontroll,1
2025,2,Pajala kommun,Trafikolycka,1
2025,2,Piteå kommun,Trafikolycka,5
2025,2,Piteå kommun,Rattfylleri,4
2025,2,Piteå kommun,Trafikbrott,2
2025,2,Piteå kommun,Trafikkontroll,2
2025,2,Piteå kommun,Fylleri/LOB,1
2025,2,Piteå kommun,Sammanfattning natt,1
2025,2,Piteå kommun,Stöld,1
2025,2,Älvsbyns kommun,Trafikkontroll,2
2025,2,Älvsbyns kommun,Sammanfattning natt,1
2025,2,Överkalix kommun,Trafikhinder,1
2025,2,Överkalix kommun,Trafikkontroll,1
2025,2,Övertorneå kommun,Trafikkontroll,2
2025,2,Övertorneå kommun,Rattfylleri,1
2025,3,Arjeplogs kommun,Fjällräddning,2
2025,3,Arjeplogs kommun,Rattfylleri,1
2025,3,Arjeplogs kommun,Trafikolycka,1
2025,3,Arvidsjaurs kommun,Olovlig körning,1
2025,3,Arvidsjaurs kommun,Stöld/inbrott,1
2025,3,Arvidsjaurs kommun,Trafikolycka,1
2025,3,Arvidsjaurs kommun,"Trafikolycka,  personskada",1
2025,3,Bodens kommun,Rattfylleri,4
2025,3,Bodens kommun,Arbetsplatsolycka,2
2025,3,Bodens kommun,Stöld,2
2025,3,Bodens kommun,Trafikkontroll,2
2025,3,Bodens kommun,Misshandel,1
2025,3,Bodens kommun,"Motorfordon,  anträffat stulet",1
2025,3,Bodens kommun,Sammanfattning natt,1
2025,3,Bodens kommun,Trafikolycka,1
2025,3,Bodens kommun,Övrigt,1
2025,3,Gällivare kommun,Rattfylleri,3
2025,3,Gällivare kommun,Trafikkontroll,2
2025,3,Gällivare kommun,Trafikolycka,2
2025,3,Gällivare kommun,Brand,1
2025,3,Gällivare kommun,Djur,1
2025,3,Gällivare kommun,Misshandel,1
2025,3,Gällivare kommun,Sammanfattning natt,1
2025,3,Gällivare kommun,Vapenlagen,1
2025,3,Haparanda kommun,Olovlig körning,1
2025,3,Haparanda kommun,Sammanfattning natt,1
2025,3,Haparanda kommun,Trafikkontroll,1
2025,3,Haparanda kommun,Trafikolycka,1
2025,3,Jokkmokks kommun,Olovlig körning,1
2025,3,Jokkmokks kommun,Trafikkontroll,1
2025,3,Jokkmokks kommun,Trafikolycka,1
2025,3,Kalix kommun,Trafikolycka,2
2025,3,Kalix kommun,Olaga hot,1
2025,3,Kalix kommun,Rattfylleri,1
2025,3,Kalix kommun,Skadegörelse,1
2025,3,Kalix kommun,"Trafikolycka,  vilt",1
2025,3,Kiruna kommun,Fjällräddning,7
2025,3,Kiruna kommun,Sammanfattning natt,1
2025,3,Kiruna kommun,Stöld,1
2025,3,Kiruna kommun,Trafikkontroll,1
2025,3,Kiruna kommun,Övrigt,1
2025,3,Luleå kommun,Fylleri/LOB,9
2025,3,Luleå kommun,Stöld,9
2025,3,Luleå kommun,Trafikolycka,6
2025,3,Luleå kommun,Sammanfattning natt,4
2025,3,Luleå kommun,Narkotikabrott,3
2025,3,Luleå kommun,Trafikbrott,3
2025,3,Luleå kommun,Bedrägeri,2
2025,3,Luleå kommun,Trafikkontroll,2
2025,3,Luleå kommun,Brand,1
2025,3,Luleå kommun,"Mord/dråp,  försök",1
2025,3,Luleå kommun,"Motorfordon,  stöld",1
2025,3,Luleå kommun,Olovlig körning,1
2025,3,Luleå kommun,Rattfylleri,1
2025,3,Luleå kommun,Rån,1
2025,3,Luleå kommun,"Trafikolycka,  singel",1
2025,3,Luleå kommun,Våld/hot mot tjänsteman,1
2025,3,"Norrbotten, okänd kommun",Sammanfattning natt,21
2025,3,"Norrbotten, okänd kommun",Trafikkontroll,16
2025,3,Pajala kommun,Trafikolycka,1
2025,3,Piteå kommun,Trafikolycka,5
2025,3,Piteå kommun,Stöld,2
2025,3,Piteå kommun,Arbetsplatsolycka,1
2025,3,Piteå kommun,Brand,1
2025,3,Piteå kommun,Rattfylleri,1
2025,3,Piteå kommun,Sammanfattning natt,1
2025,3,Piteå kommun,Skadegörelse,1
2025,3,Piteå kommun,Trafikkontroll,1
2025,3,Älvsbyns kommun,Rattfylleri,2
2025,3,Älvsbyns kommun,Brand,1
2025,3,Älvsbyns kommun,Narkotikabrott,1
2025,3,Övertorneå kommun,Brand,1
2025,3,Övertorneå kommun,Knivlagen,1
2025,3,Övertorneå kommun,Misshandel,1
2025,3,Övertorneå kommun,Trafikkontroll,1
2025,4,Arvidsjaurs kommun,Trafikbrott,1
2025,4,Bodens kommun,Sammanfattning natt,3
2025,4,Bodens kommun,Stöld,3
2025,4,Bodens kommun,Brand,2
2025,4,Bodens kommun,Narkotikabrott,2
2025,4,Bodens kommun,Rattfylleri,2
2025,4,Bodens kommun,Trafikolycka,2
2025,4,Bodens kommun,Knivlagen,1
2025,4,Bodens kommun,Misshandel,1
2025,4,Bodens kommun,Vapenlagen,1
2025,4,Bodens kommun,Våld/hot mot tjänsteman,1
2025,4,Gällivare kommun,Trafikolycka,3
2025,4,Gällivare kommun,Trafikkontroll,2
2025,4,Gällivare kommun,Fylleri/LOB,1
2025,4,Gällivare kommun,Misshandel,1
2025,4,Gällivare kommun,Olaga hot,1
2025,4,Gällivare kommun,Sammanfattning natt,1
2025,4,Gällivare kommun,Uppdatering,1
2025,4,Haparanda kommun,Misshandel,1
2025,4,Haparanda kommun,Sammanfattning natt,1
2025,4,Haparanda kommun,Trafikolycka,1
2025,4,Jokkmokks kommun,Fjällräddning,1
2025,4,Jokkmokks kommun,Trafikolycka,1
2025,4,Kalix kommun,Sammanfattning natt,2
2025,4,Kalix kommun,"Motorfordon,  anträffat stulet",1
2025,4,Kalix kommun,Narkotikabrott,1
2025,4,Kalix kommun,Olovlig körning,1
2025,4,Kalix kommun,Skadegörelse,1
2025,4,Kalix kommun,Stöld,1
2025,4,Kalix kommun,Trafikolycka,1
2025,4,Kalix kommun,"Trafikolycka,  vilt",1
2025,4,Kiruna kommun,Fjällräddning,4
2025,4,Kiruna kommun,Rattfylleri,4
2025,4,Kiruna kommun,Trafikkontroll,3
2025,4,Kiruna kommun,Trafikbrott,2
2025,4,Kiruna kommun,Trafikolycka,2
2025,4,Luleå kommun,Stöld,7
2025,4,Luleå kommun,Trafikolycka,6
2025,4,Luleå kommun,Fylleri/LOB,4
2025,4,Luleå kommun,Sammanfattning natt,4
2025,4,Luleå kommun,Narkotikabrott,2
2025,4,Luleå kommun,Rattfylleri,2
2025,4,Luleå kommun,Trafikbrott,2
2025,4,Luleå kommun,Anträffad död,1
2025,4,Luleå kommun,Arbetsplatsolycka,1
2025,4,Luleå kommun,Bedrägeri,1
2025,4,Luleå kommun,Brand,1
2025,4,Luleå kommun,Häleri,1
2025,4,Luleå kommun,Inbrott,1
2025,4,Luleå kommun,Misshandel,1
2025,4,Luleå kommun,Olaga hot,1
2025,4,Luleå kommun,Olovlig körning,1
2025,4,Luleå kommun,Skadegörelse,1
2025,4,"Norrbotten, okänd kommun",Trafikkontroll,25
2025,4,"Norrbotten, okänd kommun",Sammanfattning natt,19
2025,4,"Norrbotten, okänd kommun",Sammanfattning kväll,1
2025,4,"Norrbotten, okänd kommun",Stöld,1
2025,4,Pajala kommun,Rattfylleri,1
2025,4,Piteå kommun,Trafikolycka,5
2025,4,Piteå kommun,Stöld,2
2025,4,Piteå kommun,Trafikbrott,2
2025,4,Piteå kommun,Bedrägeri,1
2025,4,Piteå kommun,Brand,1
2025,4,Piteå kommun,Ofredande/förargelse,1
2025,4,Piteå kommun,Rattfylleri,1
2025,4,Älvsbyns kommun,Trafikbrott,1
2025,4,Överkalix kommun,"Trafikolycka,  vilt",1
2025,4,Övertorneå kommun,Trafikolycka,1
2025,5,Arjeplogs kommun,Trafikkontroll,1
2025,5,Arvidsjaurs kommun,Trafikkontroll,2
2025,5,Bodens kommun,Brand,3
2025,5,Bodens kommun,Rattfylleri,3
2025,5,Bodens kommun,Trafikolycka,3
2025,5,Bodens kommun,Arbetsplatsolycka,2
2025,5,Bodens kommun,Djur,1
2025,5,Bodens kommun,Stöld,1
2025,5,Bodens kommun,Trafikhinder,1
2025,5,Bodens kommun,Trafikkontroll,1
2025,5,Bodens kommun,Övrigt,1
2025,5,Gällivare kommun,Trafikkontroll,2
2025,5,Gällivare kommun,Brand,1
2025,5,Gällivare kommun,Rattfylleri,1
2025,5,Gällivare kommun,Trafikolycka,1
2025,5,Haparanda kommun,Olovlig körning,2
2025,5,Haparanda kommun,Rattfylleri,2
2025,5,Haparanda kommun,Stöld/inbrott,1
2025,5,Haparanda kommun,Trafikolycka,1
2025,5,Haparanda kommun,"Trafikolycka,  personskada",1
2025,5,Jokkmokks kommun,Övrigt,1
2025,5,Kalix kommun,Narkotikabrott,1
2025,5,Kalix kommun,Rattfylleri,1
2025,5,Kalix kommun,Stöld,1
2025,5,Kalix kommun,Trafikbrott,1
2025,5,Kalix kommun,"Trafikolycka,  vilt",1
2025,5,Kiruna kommun,Fjällräddning,2
2025,5,Kiruna kommun,Rattfylleri,2
2025,5,Kiruna kommun,Sammanfattning natt,2
2025,5,Kiruna kommun,Trafikkontroll,2
2025,5,Luleå kommun,Stöld,10
2025,5,Luleå kommun,Trafikbrott,4
2025,5,Luleå kommun,Rattfylleri,3
2025,5,Luleå kommun,Sammanfattning natt,3
2025,5,Luleå kommun,Trafikkontroll,3
2025,5,Luleå kommun,Trafikolycka,3
2025,5,Luleå kommun,Misshandel,2
2025,5,Luleå kommun,Skadegörelse,2
2025,5,Luleå kommun,Brand,1
2025,5,Luleå kommun,Fylleri/LOB,1
2025,5,Luleå kommun,Inbrott,1
2025,5,Luleå kommun,"Inbrott,  försök",1
2025,5,Luleå kommun,Knivlagen,1
2025,5,Luleå kommun,Kontroll person/fordon,1
2025,5,Luleå kommun,Narkotikabrott,1
2025,5,Luleå kommun,Olaga hot,1
2025,5,Luleå kommun,Olaga intrång,1
2025,5,Luleå kommun,Rån,1
2025,5,Luleå kommun,"Stöld,  försök",1
2025,5,Luleå kommun,Våld/hot mot tjänsteman,1
2025,5,Luleå kommun,Våldtäkt,1
2025,5,Luleå kommun,Vållande till kroppsskada,1
2025,5,"Norrbotten, okänd kommun",Sammanfattning natt,25
2025,5,"Norrbotten, okänd kommun",Trafikkontroll,21
2025,5,Pajala kommun,"Trafikolycka,  vilt",2
2025,5,Pajala kommun,Brand,1
2025,5,Pajala kommun,Rattfylleri,1
2025,5,Pajala kommun,Trafikolycka,1
2025,5,Piteå kommun,Trafikbrott,3
2025,5,Piteå kommun,Stöld,2
2025,5,Piteå kommun,Trafikolycka,2
2025,5,Piteå kommun,Arbetsplatsolycka,1
2025,5,Piteå kommun,Bedrägeri,1
2025,5,Piteå kommun,Fylleri/LOB,1
2025,5,Piteå kommun,Narkotikabrott,1
2025,5,Piteå kommun,Rattfylleri,1
2025,5,Piteå kommun,Räddningsinsats,1
2025,5,Piteå kommun,Skadegörelse,1
2025,5,Älvsbyns kommun,"Motorfordon,  anträffat stulet",1
2025,5,Älvsbyns kommun,Sammanfattning natt,1
2025,5,Älvsbyns kommun,Trafikbrott,1
2025,5,Överkalix kommun,Arbetsplatsolycka,1
2025,5,Överkalix kommun,Trafikbrott,1
2025,5,Överkalix kommun,Trafikolycka,1
2025,5,Övertorneå kommun,Olaga hot,1
2025,5,Övertorneå kommun,Rattfylleri,1
2025,6,Bodens kommun,Trafikolycka,4
2025,6,Bodens kommun,Rattfylleri,2
2025,6,Bodens kommun,Arbetsplatsolycka,1
2025,6,Bodens kommun,Bedrägeri,1
2025,6,Bodens kommun,Brand,1
2025,6,Bodens kommun,Knivlagen,1
2025,6,Bodens kommun,Misshandel,1
2025,6,Bodens kommun,"Mord/dråp,  försök",1
2025,6,Bodens kommun,Olovlig körning,1
2025,6,Bodens kommun,Stöld,1
2025,6,Bodens kommun,Övrigt,1
2025,6,Gällivare kommun,Trafikolycka,3
2025,6,Gällivare kommun,Trafikkontroll,2
2025,6,Gällivare kommun,Ofredande/förargelse,1
2025,6,Gällivare kommun,Sammanfattning natt,1
2025,6,Gällivare kommun,Trafikbrott,1
2025,6,Haparanda kommun,Brand,2
2025,6,Haparanda kommun,"Motorfordon,  anträffat stulet",1
2025,6,Haparanda kommun,Rattfylleri,1
2025,6,Haparanda kommun,Sammanfattning natt,1
2025,6,Kalix kommun,Trafikolycka,2
2025,6,Kalix kommun,Inbrott,1
2025,6,Kalix kommun,Olovlig körning,1
2025,6,Kalix kommun,Rattfylleri,1
2025,6,Kiruna kommun,Fjällräddning,4
2025,6,Kiruna kommun,Trafikolycka,3
2025,6,Kiruna kommun,Misshandel,1
2025,6,Kiruna kommun,Rattfylleri,1
2025,6,Kiruna kommun,Rån,1
2025,6,Kiruna kommun,Skadegörelse,1
2025,6,Kiruna kommun,Stöld,1
2025,6,Kiruna kommun,Trafikbrott,1
2025,6,Luleå kommun,Trafikolycka,8
2025,6,Luleå kommun,Stöld,6
2025,6,Luleå kommun,Trafikbrott,5
2025,6,Luleå kommun,Rattfylleri,4
2025,6,Luleå kommun,Fylleri/LOB,3
2025,6,Luleå kommun,Narkotikabrott,3
2025,6,Luleå kommun,Sammanfattning natt,3
2025,6,Luleå kommun,Rån,2
2025,6,Luleå kommun,Trafikkontroll,2
2025,6,Luleå kommun,"Trafikolycka,  smitning från",2
2025,6,Luleå kommun,"Trafikolycka,  vilt",2
2025,6,Luleå kommun,Brand,1
2025,6,Luleå kommun,Misshandel,1
2025,6,Luleå kommun,Olaga intrång,1
2025,6,Luleå kommun,Olovlig körning,1
2025,6,Luleå kommun,Räddningsinsats,1
2025,6,Luleå kommun,Skadegörelse,1
2025,6,Luleå kommun,"Trafikolycka,  singel",1
2025,6,"Norrbotten, okänd kommun",Sammanfattning natt,26
2025,6,"Norrbotten, okänd kommun",Trafikkontroll,14
2025,6,Piteå kommun,Trafikolycka,5
2025,6,Piteå kommun,Stöld,2
2025,6,Piteå kommun,Rattfylleri,1
2025,6,Piteå kommun,Trafikbrott,1
2025,6,Piteå kommun,Trafikkontroll,1
2025,6,Älvsbyns kommun,Brand,1
2025,6,Älvsbyns kommun,Rattfylleri,1
2025,7,Arjeplogs kommun,Fjällräddning,1
2025,7,Arvidsjaurs kommun,Rattfylleri,1
2025,7,Arvidsjaurs kommun,Sammanfattning natt,1
2025,7,Arvidsjaurs kommun,Trafikkontroll,1
2025,7,Bodens kommun,Trafikkontroll,3
2025,7,Bodens kommun,Arbetsplatsolycka,1
2025,7,Bodens kommun,Brand,1
2025,7,Bodens kommun,Rån,1
2025,7,Bodens kommun,Sammanfattning natt,1
2025,7,Bodens kommun,Skadegörelse,1
2025,7,Bodens kommun,Stöld,1
2025,7,Bodens kommun,Trafikbrott,1
2025,7,Bodens kommun,Trafikolycka,1
2025,7,Bodens kommun,"Trafikolycka,  singel",1
2025,7,Bodens kommun,"Trafikolycka,  vilt",1
2025,7,Bodens kommun,Vållande till kroppsskada,1
2025,7,Gällivare kommun,Trafikkontroll,3
2025,7,Gällivare kommun,Fjällräddning,1
2025,7,Gällivare kommun,Mord/dråp,1
2025,7,Gällivare kommun,Sammanfattning natt,1
2025,7,Gällivare kommun,Trafikolycka,1
2025,7,Haparanda kommun,Inbrott,1
2025,7,Haparanda kommun,Räddningsinsats,1
2025,7,Haparanda kommun,Trafikolycka,1
2025,7,Jokkmokks kommun,Fjällräddning,1
2025,7,Jokkmokks kommun,Försvunnen person,1
2025,7,Jokkmokks kommun,Skadegörelse,1
2025,7,Jokkmokks kommun,Trafikolycka,1
2025,7,Kalix kommun,Brand,1
2025,7,Kalix kommun,Rattfylleri,1
2025,7,Kalix kommun,Sammanfattning natt,1
2025,7,Kalix kommun,Stöld,1
2025,7,Kiruna kommun,Fjällräddning,4
2025,7,Kiruna kommun,Brand,1
2025,7,Kiruna kommun,Bråk,1
2025,7,Kiruna kommun,Sammanfattning natt,1
2025,7,Kiruna kommun,Trafikbrott,1
2025,7,Luleå kommun,Trafikolycka,6
2025,7,Luleå kommun,Försvunnen person,2
2025,7,Luleå kommun,Sammanfattning natt,2
2025,7,Luleå kommun,Brand,1
2025,7,Luleå kommun,Fylleri/LOB,1
2025,7,Luleå kommun,Olaga hot,1
2025,7,Luleå kommun,Rattfylleri,1
2025,7,Luleå kommun,Stöld,1
2025,7,Luleå kommun,Trafikbrott,1
2025,7,Luleå kommun,Trafikkontroll,1
2025,7,Luleå kommun,Vapenlagen,1
2025,7,"Norrbotten, okänd kommun",Sammanfattning natt,24
2025,7,"Norrbotten, okänd kommun",Trafikkontroll,8
2025,7,"Norrbotten, okänd kommun",Stöld/inbrott,1
2025,7,"Norrbotten, okänd kommun",Trafikolycka,1
2025,7,"Norrbotten, okänd kommun",Övrigt,1
2025,7,Pajala kommun,Anträffad död,1
2025,7,Pajala kommun,Arbetsplatsolycka,1
2025,7,Piteå kommun,Brand,2
2025,7,Piteå kommun,Trafikolycka,2
2025,7,Piteå kommun,Rattfylleri,1
2025,7,Piteå kommun,Rån,1
2025,7,Piteå kommun,Trafikbrott,1
2025,7,Piteå kommun,"Trafikolycka,  singel",1
2025,7,Övertorneå kommun,Rån,1
2025,7,Övertorneå kommun,Övrigt,1
2025,8,Arjeplogs kommun,Trafikkontroll,2
2025,8,Arjeplogs kommun,Fjällräddning,1
2025,8,Arjeplogs kommun,Försvunnen person,1
2025,8,Arvidsjaurs kommun,Trafikolycka,2
2025,8,Arvidsjaurs kommun,Trafikkontroll,1
2025,8,Bodens kommun,Narkotikabrott,1
2025,8,Bodens kommun,Olovlig körning,1
2025,8,Bodens kommun,Rattfylleri,1
2025,8,Bodens kommun,Sammanfattning natt,1
2025,8,Bodens kommun,Trafikkontroll,1
2025,8,Bodens kommun,Trafikolycka,1
2025,8,Gällivare kommun,Rattfylleri,4
2025,8,Gällivare kommun,Fjällräddning,2
2025,8,Gällivare kommun,Sammanfattning natt,1
2025,8,Haparanda kommun,Brand,1
2025,8,Haparanda kommun,Försvunnen person,1
2025,8,Haparanda kommun,Trafikolycka,1
2025,8,Jokkmokks kommun,Fjällräddning,3
2025,8,Kalix kommun,Rattfylleri,1
2025,8,Kalix kommun,Sammanfattning natt,1
2025,8,Kalix kommun,Trafikbrott,1
2025,8,Kalix kommun,"Trafikolycka,  vilt",1
2025,8,Kiruna kommun,Fjällräddning,5
2025,8,Kiruna kommun,Sammanfattning natt,2
2025,8,Kiruna kommun,Fylleri/LOB,1
2025,8,Kiruna kommun,Luftfartslagen,1
2025,8,Kiruna kommun,Trafikkontroll,1
2025,8,Kiruna kommun,"Trafikolycka,  smitning från",1
2025,8,Luleå kommun,Trafikolycka,6
2025,8,Luleå kommun,Stöld,5
2025,8,Luleå kommun,Trafikbrott,3
2025,8,Luleå kommun,Brand,2
2025,8,Luleå kommun,Fylleri/LOB,2
2025,8,Luleå kommun,Rattfylleri,2
2025,8,Luleå kommun,Sammanfattning natt,2
2025,8,Luleå kommun,Trafikkontroll,2
2025,8,Luleå kommun,Arbetsplatsolycka,1
2025,8,Luleå kommun,Knivlagen,1
2025,8,Luleå kommun,"Misshandel,  grov",1
2025,8,Luleå kommun,"Motorfordon,  stöld",1
2025,8,Luleå kommun,Narkotikabrott,1
2025,8,Luleå kommun,Olovlig körning,1
2025,8,Luleå kommun,Uppdatering,1
2025,8,Luleå kommun,Övrigt,1
2025,8,"Norrbotten, okänd kommun",Trafikkontroll,24
2025,8,"Norrbotten, okänd kommun",Sammanfattning natt,20
2025,8,"Norrbotten, okänd kommun",Fjällräddning,1
2025,8,"Norrbotten, okänd kommun","Trafikolycka,  vilt",1
2025,8,Pajala kommun,"Trafikolycka,  vilt",2
2025,8,Pajala kommun,Brand,1
2025,8,Pajala kommun,Sammanfattning natt,1
2025,8,Piteå kommun,Trafikolycka,6
2025,8,Piteå kommun,Stöld,2
2025,8,Piteå kommun,"Misshandel,  grov",1
2025,8,Piteå kommun,Trafikkontroll,1
2025,8,Älvsbyns kommun,Sammanfattning natt,2
2025,8,Älvsbyns kommun,Skyddslagen,1
2025,8,Älvsbyns kommun,Trafikolycka,1
2025,8,Övertorneå kommun,Sammanfattning natt,1
2025,8,Övertorneå kommun,Trafikkontroll,1
2025,9,Arjeplogs kommun,"Trafikolycka,  vilt",1
2025,9,Arvidsjaurs kommun,Trafikolycka,1
2025,9,Arvidsjaurs kommun,"Trafikolycka,  vilt",1
2025,9,Bodens kommun,Trafikkontroll,4
2025,9,Bodens kommun,Sammanfattning natt,2
2025,9,Bodens kommun,Stöld,2
2025,9,Bodens kommun,Arbetsplatsolycka,1
2025,9,Bodens kommun,Fylleri/LOB,1
2025,9,Bodens kommun,Misshandel,1
2025,9,Bodens kommun,Narkotikabrott,1
2025,9,Bodens kommun,Olaga hot,1
2025,9,Bodens kommun,Rattfylleri,1
2025,9,Bodens kommun,Trafikbrott,1
2025,9,Bodens kommun,"Trafikolycka,  vilt",1
2025,9,Bodens kommun,Vapenlagen,1
2025,9,Gällivare kommun,Trafikolycka,7
2025,9,Gällivare kommun,Arbetsplatsolycka,1
2025,9,Gällivare kommun,Rattfylleri,1
2025,9,Gällivare kommun,Sammanfattning natt,1
2025,9,Haparanda kommun,Trafikolycka,2
2025,9,Haparanda kommun,"Trafikolycka,  vilt",2
2025,9,Haparanda kommun,Bedrägeri,1
2025,9,Haparanda kommun,Brand,1
2025,9,Haparanda kommun,Fylleri/LOB,1
2025,9,Haparanda kommun,Försvunnen person,1
2025,9,Haparanda kommun,"Motorfordon,  stöld",1
2025,9,Haparanda kommun,Rattfylleri,1
2025,9,Haparanda kommun,Sammanfattning dag,1
2025,9,Haparanda kommun,Sammanfattning natt,1
2025,9,Haparanda kommun,Stöld,1
2025,9,Haparanda kommun,Vapenlagen,1
2025,9,Jokkmokks kommun,Fjällräddning,2
2025,9,Jokkmokks kommun,Trafikkontroll,1
2025,9,Kalix kommun,Knivlagen,2
2025,9,Kalix kommun,Trafikolycka,2
2025,9,Kalix kommun,Brand,1
2025,9,Kalix kommun,Sammanfattning natt,1
2025,9,Kalix kommun,Skadegörelse,1
2025,9,Kalix kommun,Trafikbrott,1
2025,9,Kiruna kommun,Fjällräddning,2
2025,9,Kiruna kommun,Misshandel,2
2025,9,Kiruna kommun,Olovlig körning,2
2025,9,Kiruna kommun,Trafikolycka,2
2025,9,Kiruna kommun,Arbetsplatsolycka,1
2025,9,Kiruna kommun,Fylleri/LOB,1
2025,9,Kiruna kommun,Ofredande/förargelse,1
2025,9,Kiruna kommun,Stöld,1
2025,9,Kiruna kommun,Trafikbrott,1
2025,9,Kiruna kommun,Trafikkontroll,1
2025,9,Luleå kommun,Fylleri/LOB,7
2025,9,Luleå kommun,Stöld,7
2025,9,Luleå kommun,Rattfylleri,5
2025,9,Luleå kommun,Trafikolycka,4
2025,9,Luleå kommun,Arbetsplatsolycka,2
2025,9,Luleå kommun,Bedrägeri,2
2025,9,Luleå kommun,Knivlagen,2
2025,9,Luleå kommun,Misshandel,2
2025,9,Luleå kommun,Skadegörelse,2
2025,9,Luleå kommun,Häleri,1
2025,9,Luleå kommun,Luftfartslagen,1
2025,9,Luleå kommun,Olovlig körning,1
2025,9,Luleå kommun,"Stöld,  försök",1
2025,9,Luleå kommun,Trafikkontroll,1
2025,9,Luleå kommun,"Trafikolycka,  vilt",1
2025,9,Luleå kommun,Våld/hot mot tjänsteman,1
2025,9,"Norrbotten, okänd kommun",Trafikkontroll,25
2025,9,"Norrbotten, okänd kommun",Sammanfattning natt,23
2025,9,"Norrbotten, okänd kommun",Bedrägeri,2
2025,9,"Norrbotten, okänd kommun",Sexualbrott,1
2025,9,Pajala kommun,Trafikbrott,1
2025,9,Piteå kommun,Trafikolycka,4
2025,9,Piteå kommun,Rattfylleri,3
2025,9,Piteå kommun,Stöld,2
2025,9,Piteå kommun,Olovlig körning,1
2025,9,Piteå kommun,Sammanfattning natt,1
2025,9,Piteå kommun,Trafikbrott,1
2025,9,Piteå kommun,Trafikkontroll,1
2025,9,Övertorneå kommun,Rattfylleri,2
2025,9,Övertorneå kommun,Trafikolycka,1
2025,9,Övertorneå kommun,Övrigt,1
2025,10,Arjeplogs kommun,Övrigt,1
2025,10,Arvidsjaurs kommun,Trafikolycka,1
2025,10,Arvidsjaurs kommun,"Trafikolycka,  singel",1
2025,10,Bodens kommun,Stöld,3
2025,10,Bodens kommun,Trafikolycka,3
2025,10,Bodens kommun,Arbetsplatsolycka,1
2025,10,Bodens kommun,Djur,1
2025,10,Bodens kommun,Fylleri/LOB,1
2025,10,Bodens kommun,Knivlagen,1
2025,10,Bodens kommun,Misshandel,1
2025,10,Bodens kommun,Narkotikabrott,1
2025,10,Bodens kommun,Ofredande/förargelse,1
2025,10,Bodens kommun,Rattfylleri,1
2025,10,Bodens kommun,Skadegörelse,1
2025,10,Bodens kommun,Trafikkontroll,1
2025,10,Bodens kommun,"Trafikolycka,  vilt",1
2025,10,Bodens kommun,Vållande till kroppsskada,1
2025,10,Gällivare kommun,Trafikolycka,3
2025,10,Gällivare kommun,Arbetsplatsolycka,1
2025,10,Gällivare kommun,Olovlig körning,1
2025,10,Gällivare kommun,Stöld,1
2025,10,Gällivare kommun,Trafikbrott,1
2025,10,Gällivare kommun,"Trafikolycka,  vilt",1
2025,10,Haparanda kommun,Brand,1
2025,10,Haparanda kommun,Stöld,1
2025,10,Jokkmokks kommun,Rattfylleri,1
2025,10,Jokkmokks kommun,Sammanfattning natt,1
2025,10,Jokkmokks kommun,Trafikolycka,1
2025,10,Kalix kommun,Skadegörelse,3
2025,10,Kalix kommun,Trafikolycka,3
2025,10,Kalix kommun,Bedrägeri,1
2025,10,Kalix kommun,Brand,1
2025,10,Kalix kommun,Stöld,1
2025,10,Kalix kommun,Trafikkontroll,1
2025,10,Kiruna kommun,Trafikolycka,2
2025,10,Kiruna kommun,Arbetsplatsolycka,1
2025,10,Kiruna kommun,Knivlagen,1
2025,10,Kiruna kommun,"Misshandel,  grov",1
2025,10,Kiruna kommun,Narkotikabrott,1
2025,10,Kiruna kommun,Olaga hot,1
2025,10,Kiruna kommun,Sammanfattning natt,1
2025,10,Kiruna kommun,Stöld,1
2025,10,Kiruna kommun,Trafikkontroll,1
2025,10,Luleå kommun,Trafikolycka,9
2025,10,Luleå kommun,Stöld,6
2025,10,Luleå kommun,Fylleri/LOB,2
2025,10,Luleå kommun,Misshandel,2
2025,10,Luleå kommun,Olovlig körning,2
2025,10,Luleå kommun,Sammanfattning natt,2
2025,10,Luleå kommun,Trafikkontroll,2
2025,10,Luleå kommun,Brand,1
2025,10,Luleå kommun,Bråk,1
2025,10,Luleå kommun,Djur,1
2025,10,Luleå kommun,Försvunnen person,1
2025,10,Luleå kommun,Inbrott,1
2025,10,Luleå kommun,Miljöbrott,1
2025,10,Luleå kommun,"Motorfordon,  anträffat stulet",1
2025,10,Luleå kommun,Rån,1
2025,10,Luleå kommun,"Stöld,  försök",1
2025,10,Luleå kommun,Stöld/inbrott,1
2025,10,Luleå kommun,Våld/hot mot tjänsteman,1
2025,10,"Norrbotten, okänd kommun",Sammanfattning natt,27
2025,10,"Norrbotten, okänd kommun",Trafikkontroll,25
2025,10,"Norrbotten, okänd kommun","Trafikolycka,  vilt",4
2025,10,"Norrbotten, okänd kommun",Inbrott,1
2025,10,Pajala kommun,Arbetsplatsolycka,2
2025,10,Pajala kommun,Trafikkontroll,1
2025,10,Piteå kommun,Bedrägeri,3
2025,10,Piteå kommun,Stöld,2
2025,10,Piteå kommun,Brand,1
2025,10,Piteå kommun,Bråk,1
2025,10,Piteå kommun,Rattfylleri,1
2025,10,Piteå kommun,Trafikbrott,1
2025,10,Älvsbyns kommun,Rattfylleri,2
2025,10,Älvsbyns kommun,Trafikolycka,1
2025,10,Överkalix kommun,Trafikbrott,1
2025,10,Övertorneå kommun,Trafikkontroll,2
2025,10,Övertorneå kommun,Olovlig körning,1
2025,10,Övertorneå kommun,Trafikolycka,1
2025,10,Övertorneå kommun,"Trafikolycka,  vilt",1
2025,11,Arjeplogs kommun,Trafikolycka,2
2025,11,Arvidsjaurs kommun,Rattfylleri,1
2025,11,Arvidsjaurs kommun,Trafikolycka,1
2025,11,Bodens kommun,Trafikolycka,4
2025,11,Bodens kommun,Arbetsplatsolycka,2
2025,11,Bodens kommun,Fylleri/LOB,1
2025,11,Bodens kommun,Rattfylleri,1
2025,11,Bodens kommun,Sammanfattning natt,1
2025,11,Bodens kommun,Stöld,1
2025,11,Bodens kommun,Trafikbrott,1
2025,11,Bodens kommun,Trafikkontroll,1
2025,11,Gällivare kommun,Olaga hot,1
2025,11,Gällivare kommun,Trafikbrott,1
2025,11,Gällivare kommun,Trafikolycka,1
2025,11,Haparanda kommun,"Motorfordon,  stöld",1
2025,11,Haparanda kommun,Narkotikabrott,1
2025,11,Haparanda kommun,Olaga hot,1
2025,11,Haparanda kommun,Stöld,1
2025,11,Haparanda kommun,Trafikolycka,1
2025,11,Haparanda kommun,"Trafikolycka,  singel",1
2025,11,Jokkmokks kommun,Sammanfattning natt,1
2025,11,Jokkmokks kommun,"Trafikolycka,  vilt",1
2025,11,Kalix kommun,Trafikolycka,2
2025,11,Kalix kommun,Trafikbrott,1
2025,11,Kiruna kommun,Rattfylleri,2
2025,11,Kiruna kommun,Stöld,2
2025,11,Kiruna kommun,Trafikolycka,2
2025,11,Kiruna kommun,Sammanfattning natt,1
2025,11,Luleå kommun,Trafikolycka,10
2025,11,Luleå kommun,Sammanfattning natt,4
2025,11,Luleå kommun,Stöld,4
2025,11,Luleå kommun,Brand,3
2025,11,Luleå kommun,Trafikkontroll,3
2025,11,Luleå kommun,Fylleri/LOB,2
2025,11,Luleå kommun,Narkotikabrott,2
2025,11,Luleå kommun,Rattfylleri,2
2025,11,Luleå kommun,Skadegörelse,2
2025,11,Luleå kommun,Trafikbrott,2
2025,11,Luleå kommun,Bråk,1
2025,11,Luleå kommun,Information,1
2025,11,Luleå kommun,Misshandel,1
2025,11,Luleå kommun,Olaga hot,1
2025,11,Luleå kommun,Smällar,1
2025,11,Luleå kommun,Stöld/inbrott,1
2025,11,Luleå kommun,Trafikhinder,1
2025,11,Luleå kommun,"Trafikolycka,  personskada",1
2025,11,"Norrbotten, okänd kommun",Sammanfattning natt,22
2025,11,"Norrbotten, okänd kommun",Trafikkontroll,17
2025,11,"Norrbotten, okänd kommun","Trafikolycka,  vilt",10
2025,11,Pajala kommun,Rån,1
2025,11,Piteå kommun,Trafikolycka,7
2025,11,Piteå kommun,Rattfylleri,3
2025,11,Piteå kommun,Stöld,2
2025,11,Piteå kommun,Brand,1
2025,11,Piteå kommun,Misshandel,1
2025,11,Piteå kommun,Trafikbrott,1
2025,11,Piteå kommun,Trafikkontroll,1
2025,11,Älvsbyns kommun,Trafikolycka,1
2025,11,Överkalix kommun,Trafikolycka,1
2025,11,Övertorneå kommun,Trafikkontroll,1
2025,11,Övertorneå kommun,Trafikolycka,1
2025,12,Arjeplogs kommun,Sammanfattning natt,1
2025,12,Arjeplogs kommun,Trafikbrott,1
2025,12,Arvidsjaurs kommun,Rattfylleri,1
2025,12,Bodens kommun,Trafikolycka,9
2025,12,Bodens kommun,Brand,1
2025,12,Bodens kommun,Misshandel,1
2025,12,Bodens kommun,Mord/dråp,1
2025,12,Bodens kommun,"Mord/dråp,  försök",1
2025,12,Bodens kommun,Narkotikabrott,1
2025,12,Bodens kommun,Rattfylleri,1
2025,12,Bodens kommun,Sammanfattning natt,1
2025,12,Bodens kommun,Stöld,1
2025,12,Bodens kommun,"Trafikolycka,  singel",1
2025,12,Bodens kommun,"Trafikolycka,  vilt",1
2025,12,Gällivare kommun,Brand,1
2025,12,Gällivare kommun,Sammanfattning natt,1
2025,12,Gällivare kommun,Trafikolycka,1
2025,12,Gällivare kommun,"Trafikolycka,  smitning från",1
2025,12,Jokkmokks kommun,Djur,1
2025,12,Jokkmokks kommun,Trafikolycka,1
2025,12,Kalix kommun,Bedrägeri,1
2025,12,Kalix kommun,Sammanfattning natt,1
2025,12,Kalix kommun,Stöld,1
2025,12,Kalix kommun,Trafikolycka,1
2025,12,Kalix kommun,"Trafikolycka,  singel",1
2025,12,Kiruna kommun,Trafikolycka,2
2025,12,Kiruna kommun,Arbetsplatsolycka,1
2025,12,Kiruna kommun,Fylleri/LOB,1
2025,12,Kiruna kommun,Misshandel,1
2025,12,Kiruna kommun,Narkotikabrott,1
2025,12,Kiruna kommun,Sammanfattning natt,1
2025,12,Luleå kommun,Trafikolycka,14
2025,12,Luleå kommun,Rattfylleri,4
2025,12,Luleå kommun,Fylleri/LOB,3
2025,12,Luleå kommun,Stöld,3
2025,12,Luleå kommun,Trafikkontroll,3
2025,12,Luleå kommun,Ofredande/förargelse,2
2025,12,Luleå kommun,Bråk,1
2025,12,Luleå kommun,Försvunnen person,1
2025,12,Luleå kommun,Kontroll,1
2025,12,Luleå kommun,Olovlig körning,1
2025,12,Luleå kommun,Trafikhinder,1
2025,12,Luleå kommun,"Trafikolycka,  singel",1
2025,12,"Norrbotten, okänd kommun",Sammanfattning natt,25
2025,12,"Norrbotten, okänd kommun",Trafikkontroll,20
2025,12,"Norrbotten, okänd kommun","Trafikolycka,  vilt",12
2025,12,"Norrbotten, okänd kommun",Bedrägeri,2
2025,12,Pajala kommun,Trafikolycka,2
2025,12,Pajala kommun,Misshandel,1
2025,12,Pajala kommun,Övrigt,1
2025,12,Piteå kommun,Trafikolycka,7
2025,12,Piteå kommun,Rattfylleri,3
2025,12,Piteå kommun,Stöld,2
2025,12,Piteå kommun,Trafikkontroll,2
2025,12,Piteå kommun,"Trafikolycka,  singel",1
2025,12,Älvsbyns kommun,Brand,1
2025,12,Älvsbyns kommun,Sammanfattning natt,1
2025,12,Överkalix kommun,"Trafikolycka,  vilt",1
2026,1,Arjeplogs kommun,Trafikolycka,2
2026,1,Arvidsjaurs kommun,Trafikolycka,2
2026,1,Arvidsjaurs kommun,Trafikkontroll,1
2026,1,Bodens kommun,Rattfylleri,2
2026,1,Bodens kommun,Stöld,2
2026,1,Bodens kommun,Trafikolycka,2
2026,1,Bodens kommun,Brand,1
2026,1,Bodens kommun,Sammanfattning natt,1
2026,1,Bodens kommun,Trafikkontroll,1
2026,1,Bodens kommun,Våldtäkt,1
2026,1,Gällivare kommun,Narkotikabrott,2
2026,1,Gällivare kommun,Arbetsplatsolycka,1
2026,1,Gällivare kommun,Brand,1
2026,1,Gällivare kommun,Trafikbrott,1
2026,1,Haparanda kommun,Knivlagen,1
2026,1,Haparanda kommun,Sammanfattning natt,1
2026,1,Haparanda kommun,Stöld,1
2026,1,Haparanda kommun,"Trafikolycka,  singel",1
2026,1,Jokkmokks kommun,Skyddslagen,1
2026,1,Kalix kommun,Trafikolycka,5
2026,1,Kalix kommun,Olovlig körning,1
2026,1,Kiruna kommun,Sammanfattning natt,2
2026,1,Kiruna kommun,Olovlig körning,1
2026,1,Kiruna kommun,Skadegörelse,1
2026,1,Kiruna kommun,Stöld,1
2026,1,Kiruna kommun,Trafikkontroll,1
2026,1,Luleå kommun,Stöld,9
2026,1,Luleå kommun,Brand,3
2026,1,Luleå kommun,Fylleri/LOB,3
2026,1,Luleå kommun,Trafikkontroll,3
2026,1,Luleå kommun,Trafikolycka,3
2026,1,Luleå kommun,Arbetsplatsolycka,1
2026,1,Luleå kommun,Bedrägeri,1
2026,1,Luleå kommun,Knivlagen,1
2026,1,Luleå kommun,Misshandel,1
2026,1,Luleå kommun,Olaga intrång,1
2026,1,Luleå kommun,Rattfylleri,1
2026,1,Luleå kommun,Sammanfattning natt,1
2026,1,Luleå kommun,Trafikbrott,1
2026,1,Luleå kommun,"Trafikolycka,  smitning från",1
2026,1,"Norrbotten, okänd kommun",Sammanfattning natt,24
2026,1,"Norrbotten, okänd kommun",Trafikkontroll,20
2026,1,"Norrbotten, okänd kommun","Trafikolycka,  vilt",7
2026,1,"Norrbotten, okänd kommun",Polisinsats/kommendering,1
2026,1,"Norrbotten, okänd kommun",Stöld,1
2026,1,"Norrbotten, okänd kommun",Trafikbrott,1
2026,1,Pajala kommun,Sammanfattning natt,1
2026,1,Pajala kommun,"Trafikolycka,  singel",1
2026,1,Piteå kommun,Trafikolycka,4
2026,1,Piteå kommun,Misshandel,3
2026,1,Piteå kommun,Brand,2
2026,1,Piteå kommun,Rattfylleri,1
2026,1,Piteå kommun,Trafikbrott,1
2026,1,Piteå kommun,Trafikkontroll,1
2026,1,Piteå kommun,"Trafikolycka,  vilt",1
2026,1,Älvsbyns kommun,Trafikolycka,1
2026,1,Övertorneå kommun,Brand,1
2026,1,Övertorneå kommun,Sammanfattning natt,1
2026,2,Arjeplogs kommun,Olovlig körning,1
2026,2,Arjeplogs kommun,Trafikkontroll,1
2026,2,Arjeplogs kommun,Trafikolycka,1
2026,2,Arjeplogs kommun,Övrigt,1
2026,2,Arvidsjaurs kommun,Bedrägeri,1
2026,2,Arvidsjaurs kommun,Rattfylleri,1
2026,2,Arvidsjaurs kommun,Trafikolycka,1
2026,2,Bodens kommun,Trafikolycka,4
2026,2,Bodens kommun,Brand,3
2026,2,Bodens kommun,Trafikbrott,2
2026,2,Bodens kommun,Trafikkontroll,2
2026,2,Bodens kommun,Misshandel,1
2026,2,Bodens kommun,Rattfylleri,1
2026,2,Bodens kommun,Skadegörelse,1
2026,2,Gällivare kommun,Rattfylleri,3
2026,2,Gällivare kommun,Brand,1
2026,2,Gällivare kommun,Sammanfattning natt,1
2026,2,Gällivare kommun,Trafikolycka,1
2026,2,Haparanda kommun,Arbetsplatsolycka,1
2026,2,Haparanda kommun,Stöld/inbrott,1
2026,2,Haparanda kommun,Trafikolycka,1
2026,2,Haparanda kommun,Vapenlagen,1
2026,2,Jokkmokks kommun,Fylleri/LOB,1
2026,2,Jokkmokks kommun,Sammanfattning natt,1
2026,2,Jokkmokks kommun,Skadegörelse,1
2026,2,Jokkmokks kommun,Trafikkontroll,1
2026,2,Jokkmokks kommun,Övrigt,1
2026,2,Kalix kommun,Bedrägeri,1
2026,2,Kalix kommun,Misshandel,1
2026,2,Kalix kommun,Narkotikabrott,1
2026,2,Kalix kommun,Sammanfattning natt,1
2026,2,Kalix kommun,Stöld/inbrott,1
2026,2,Kalix kommun,Trafikolycka,1
2026,2,Kiruna kommun,Rattfylleri,2
2026,2,Kiruna kommun,Sammanfattning natt,2
2026,2,Kiruna kommun,Trafikolycka,2
2026,2,Kiruna kommun,Fjällräddning,1
2026,2,Kiruna kommun,Sabotage mot blåljusverksamhet,1
2026,2,Kiruna kommun,Trafikbrott,1
2026,2,Kiruna kommun,Trafikkontroll,1
2026,2,Kiruna kommun,"Trafikolycka,  smitning från",1
2026,2,Kiruna kommun,Våld/hot mot tjänsteman,1
2026,2,Luleå kommun,Trafikolycka,10
2026,2,Luleå kommun,Stöld,7
2026,2,Luleå kommun,Brand,3
2026,2,Luleå kommun,Rattfylleri,3
2026,2,Luleå kommun,"Trafikolycka,  singel",2
2026,2,Luleå kommun,Arbetsplatsolycka,1
2026,2,Luleå kommun,Fylleri/LOB,1
2026,2,Luleå kommun,Knivlagen,1
2026,2,Luleå kommun,Narkotikabrott,1
2026,2,Luleå kommun,Ofredande/förargelse,1
2026,2,Luleå kommun,Skadegörelse,1
2026,2,Luleå kommun,Trafikkontroll,1
2026,2,Luleå kommun,Övrigt,1
2026,2,"Norrbotten, okänd kommun",Sammanfattning natt,21
2026,2,"Norrbotten, okänd kommun",Trafikkontroll,13
2026,2,"Norrbotten, okänd kommun","Trafikolycka,  vilt",6
2026,2,"Norrbotten, okänd kommun",Olovlig körning,1
2026,2,"Norrbotten, okänd kommun",Rattfylleri,1
2026,2,Pajala kommun,Trafikkontroll,1
2026,2,Piteå kommun,Trafikolycka,4
2026,2,Piteå kommun,Stöld,2
2026,2,Piteå kommun,Olovlig körning,1
2026,2,Piteå kommun,Rattfylleri,1
2026,2,Piteå kommun,Trafikbrott,1
2026,2,Älvsbyns kommun,Inbrott,1
2026,2,Älvsbyns kommun,Sammanfattning natt,1
2026,2,Älvsbyns kommun,Trafikbrott,1
2026,2,Övertorneå kommun,Brand,1
2026,2,Övertorneå kommun,Rattfylleri,1
2026,2,Övertorneå kommun,Trafikkontroll,1
2026,3,Arvidsjaurs kommun,Rattfylleri,1
2026,3,Arvidsjaurs kommun,Trafikkontroll,1
2026,3,Arvidsjaurs kommun,Trafikolycka,1
2026,3,Bodens kommun,Trafikkontroll,4
2026,3,Bodens kommun,Fylleri,1
2026,3,Bodens kommun,Rattfylleri,1
2026,3,Bodens kommun,Stöld,1
2026,3,Bodens kommun,Trafikolycka,1
2026,3,Gällivare kommun,Trafikolycka,4
2026,3,Gällivare kommun,Fylleri,2
2026,3,Gällivare kommun,Misshandel,2
2026,3,Gällivare kommun,Narkotikabrott,1
2026,3,Haparanda kommun,Rattfylleri,4
2026,3,Haparanda kommun,Trafikolycka,2
2026,3,Jokkmokks kommun,Fjällräddning,1
2026,3,Kalix kommun,Arbetsplatsolycka,1
2026,3,Kalix kommun,Brand,1
2026,3,Kalix kommun,Rattfylleri,1
2026,3,Kiruna kommun,Fjällräddning,4
2026,3,Kiruna kommun,Trafikolycka,3
2026,3,Kiruna kommun,Stöld,2
2026,3,Kiruna kommun,Övrigt,2
2026,3,Kiruna kommun,Bedrägeri,1
2026,3,Kiruna kommun,Bråk,1
2026,3,Kiruna kommun,Sammanfattning natt,1
2026,3,Luleå kommun,Trafikolycka,7
2026,3,Luleå kommun,Brand,4
2026,3,Luleå kommun,Stöld,2
2026,3,Luleå kommun,Trafikbrott,2
2026,3,Luleå kommun,Fylleri,1
2026,3,Luleå kommun,Hemfridsbrott,1
2026,3,Luleå kommun,Häleri,1
2026,3,Luleå kommun,"Misshandel,  grov",1
2026,3,Luleå kommun,Narkotikabrott,1
2026,3,Luleå kommun,Rattfylleri,1
2026,3,Luleå kommun,Sammanfattning natt,1
2026,3,Luleå kommun,Trafikhinder,1
2026,3,Luleå kommun,Trafikkontroll,1
2026,3,Luleå kommun,"Trafikolycka,  personskada",1
2026,3,"Norrbotten, okänd kommun",Sammanfattning natt,30
2026,3,"Norrbotten, okänd kommun",Trafikkontroll,29
2026,3,Pajala kommun,Trafikkontroll,1
2026,3,Pajala kommun,Trafikolycka,1
2026,3,Piteå kommun,Trafikolycka,5
2026,3,Piteå kommun,Rattfylleri,2
2026,3,Piteå kommun,Misshandel,1
2026,3,Piteå kommun,Narkotikabrott,1
2026,3,Piteå kommun,Trafikkontroll,1
2026,3,Älvsbyns kommun,Misshandel,1
2026,3,Älvsbyns kommun,Trafikbrott,1
2026,3,Älvsbyns kommun,Trafikkontroll,1
2026,3,Överkalix kommun,Rattfylleri,1
2026,3,Övertorneå kommun,Rattfylleri,1
2026,3,Övertorneå kommun,Trafikbrott,1
2026,4,Arjeplogs kommun,Övrigt,2
2026,4,Arvidsjaurs kommun,Brand,1
2026,4,Bodens kommun,Sammanfattning natt,2
2026,4,Bodens kommun,Trafikolycka,2
2026,4,Bodens kommun,Brand,1
2026,4,Bodens kommun,Narkotikabrott,1
2026,4,Bodens kommun,Ofredande/förargelse,1
2026,4,Bodens kommun,Skadegörelse,1
2026,4,Bodens kommun,Trafikkontroll,1
2026,4,Bodens kommun,Övrigt,1
2026,4,Gällivare kommun,Arbetsplatsolycka,2
2026,4,Gällivare kommun,Trafikkontroll,2
2026,4,Gällivare kommun,Försvunnen person,1
2026,4,Gällivare kommun,Sammanfattning natt,1
2026,4,Gällivare kommun,Trafikbrott,1
2026,4,Haparanda kommun,Sammanfattning natt,1
2026,4,Haparanda kommun,Trafikolycka,1
2026,4,Jokkmokks kommun,Brand,1
2026,4,Kalix kommun,Brand,1
2026,4,Kalix kommun,Trafikolycka,1
2026,4,Kiruna kommun,Fjällräddning,1
2026,4,Kiruna kommun,Olovlig körning,1
2026,4,Kiruna kommun,Sammanfattning natt,1
2026,4,Kiruna kommun,Trafikbrott,1
2026,4,Kiruna kommun,Trafikolycka,1
2026,4,Luleå kommun,Trafikolycka,6
2026,4,Luleå kommun,Fylleri,3
2026,4,Luleå kommun,Trafikkontroll,3
2026,4,Luleå kommun,Arbetsplatsolycka,2
2026,4,Luleå kommun,Brand,2
2026,4,Luleå kommun,Misshandel,2
2026,4,Luleå kommun,Olovlig körning,2
2026,4,Luleå kommun,Stöld,2
2026,4,Luleå kommun,Narkotikabrott,1
2026,4,Luleå kommun,Sammanfattning natt,1
2026,4,Luleå kommun,Skadegörelse,1
2026,4,"Norrbotten, okänd kommun",Trafikkontroll,24
2026,4,"Norrbotten, okänd kommun",Sammanfattning natt,23
2026,4,"Norrbotten, okänd kommun",Bedrägeri,1
2026,4,Pajala kommun,Arbetsplatsolycka,1
2026,4,Piteå kommun,Trafikolycka,2
2026,4,Piteå kommun,"Motorfordon,  stöld",1
2026,4,Piteå kommun,Stöld,1
2026,4,Övertorneå kommun,Trafikolycka,1
2026,5,Arjeplogs kommun,"Trafikolycka,  vilt",1
2026,5,Arvidsjaurs kommun,Övrigt,1
2026,5,Bodens kommun,Brand,2
2026,5,Bodens kommun,Försvunnen person,1
2026,5,Bodens kommun,Misshandel,1
2026,5,Bodens kommun,Narkotikabrott,1
2026,5,Bodens kommun,Rattfylleri,1
2026,5,Bodens kommun,Sammanfattning natt,1
2026,5,Bodens kommun,Stöld,1
2026,5,Bodens kommun,Trafikolycka,1
2026,5,Bodens kommun,Övrigt,1
2026,5,Gällivare kommun,Rattfylleri,2
2026,5,Gällivare kommun,Trafikbrott,2
2026,5,Gällivare kommun,Misshandel,1
2026,5,Gällivare kommun,Sammanfattning natt,1
2026,5,Gällivare kommun,"Trafikolycka,  personskada",1
2026,5,Haparanda kommun,Sammanfattning natt,1
2026,5,Haparanda kommun,Trafikbrott,1
2026,5,Jokkmokks kommun,"Trafikolycka,  vilt",1
2026,5,Kalix kommun,Trafikolycka,3
2026,5,Kalix kommun,Misshandel,1
2026,5,Kalix kommun,Rattfylleri,1
2026,5,Kalix kommun,Sammanfattning natt,1
2026,5,Kiruna kommun,Trafikolycka,2
2026,5,Kiruna kommun,Övrigt,2
2026,5,Kiruna kommun,Arbetsplatsolycka,1
2026,5,Kiruna kommun,Fjällräddning,1
2026,5,Kiruna kommun,Inbrott,1
2026,5,Kiruna kommun,Rattfylleri,1
2026,5,Kiruna kommun,Sammanfattning natt,1
2026,5,Kiruna kommun,Skadegörelse,1
2026,5,Kiruna kommun,Stöld/inbrott,1
2026,5,Luleå kommun,Stöld,5
2026,5,Luleå kommun,Fylleri,4
2026,5,Luleå kommun,Trafikolycka,4
2026,5,Luleå kommun,Sammanfattning natt,3
2026,5,Luleå kommun,Trafikbrott,3
2026,5,Luleå kommun,Arbetsplatsolycka,2
2026,5,Luleå kommun,Rattfylleri,2
2026,5,Luleå kommun,Bedrägeri,1
2026,5,Luleå kommun,Inbrott,1
2026,5,Luleå kommun,Olovlig körning,1
2026,5,Luleå kommun,Stöld/inbrott,1
2026,5,Luleå kommun,Vapenlagen,1
2026,5,"Norrbotten, okänd kommun",Trafikkontroll,29
2026,5,"Norrbotten, okänd kommun",Sammanfattning natt,22
2026,5,"Norrbotten, okänd kommun","Motorfordon,  stöld",1
2026,5,"Norrbotten, okänd kommun",Stöld,1
2026,5,Piteå kommun,Trafikolycka,2
2026,5,Piteå kommun,Bedrägeri,1
2026,5,Piteå kommun,Fylleri,1
2026,5,Piteå kommun,Narkotikabrott,1
2026,5,Piteå kommun,Sammanfattning natt,1
2026,5,Piteå kommun,Skadegörelse,1
2026,5,Piteå kommun,Trafikbrott,1
2026,5,Piteå kommun,Trafikkontroll,1
2026,5,Piteå kommun,"Trafikolycka,  singel",1
2026,5,Piteå kommun,Övrigt,1
2026,5,Älvsbyns kommun,Trafikkontroll,1
2026,5,Älvsbyns kommun,Vållande till kroppsskada,1
2026,5,Övertorneå kommun,Rattfylleri,1
2026,5,Övertorneå kommun,"Trafikolycka,  vilt",1
2026,6,Arjeplogs kommun,"Trafikolycka,  singel",1
2026,6,Arvidsjaurs kommun,Bedrägeri,1
2026,6,Bodens kommun,Trafikkontroll,2
2026,6,Bodens kommun,Brand,1
2026,6,Bodens kommun,Bråk,1
2026,6,Bodens kommun,"Motorfordon,  stöld",1
2026,6,Bodens kommun,Olaga hot,1
2026,6,Bodens kommun,Ordningslagen,1
2026,6,Bodens kommun,Rattfylleri,1
2026,6,Bodens kommun,Trafikolycka,1
2026,6,Gällivare kommun,Brand,3
2026,6,Gällivare kommun,Olaga hot,1
2026,6,Gällivare kommun,Trafikbrott,1
2026,6,Gällivare kommun,Trafikolycka,1
2026,6,Gällivare kommun,Övrigt,1
2026,6,Haparanda kommun,Sammanfattning natt,1
2026,6,Haparanda kommun,Trafikolycka,1
2026,6,Haparanda kommun,"Trafikolycka,  singel",1
2026,6,Jokkmokks kommun,Trafikolycka,1
2026,6,Kalix kommun,Trafikolycka,3
2026,6,Kalix kommun,Trafikbrott,1
2026,6,Kalix kommun,"Trafikolycka,  personskada",1
2026,6,Kalix kommun,Övrigt,1
2026,6,Kiruna kommun,Fjällräddning,3
2026,6,Kiruna kommun,Brand,2
2026,6,Kiruna kommun,Trafikolycka,2
2026,6,Kiruna kommun,Arbetsplatsolycka,1
2026,6,Kiruna kommun,Fylleri,1
2026,6,Kiruna kommun,Knivlagen,1
2026,6,Kiruna kommun,"Mord/dråp,  försök",1
2026,6,Kiruna kommun,Sammanfattning natt,1
2026,6,Kiruna kommun,Skadegörelse,1
2026,6,Kiruna kommun,Stöld,1
2026,6,Kiruna kommun,Trafikkontroll,1
2026,6,Luleå kommun,Trafikolycka,7
2026,6,Luleå kommun,Sammanfattning natt,5
2026,6,Luleå kommun,Stöld,4
2026,6,Luleå kommun,Fylleri,3
2026,6,Luleå kommun,Skyddslagen,2
2026,6,Luleå kommun,"Trafikolycka,  vilt",2
2026,6,Luleå kommun,Brand,1
2026,6,Luleå kommun,Knivlagen,1
2026,6,Luleå kommun,Narkotikabrott,1
2026,6,Luleå kommun,Olaga intrång,1
2026,6,Luleå kommun,Olovlig körning,1
2026,6,Luleå kommun,Ordningslagen,1
2026,6,Luleå kommun,Rattfylleri,1
2026,6,Luleå kommun,Sabotage mot blåljusverksamhet,1
2026,6,Luleå kommun,Sexualbrott,1
2026,6,Luleå kommun,Skadegörelse,1
2026,6,Luleå kommun,Trafikbrott,1
2026,6,Luleå kommun,Trafikkontroll,1
2026,6,Luleå kommun,Upphittat föremål,1
2026,6,"Norrbotten, okänd kommun",Trafikkontroll,27
2026,6,"Norrbotten, okänd kommun",Sammanfattning natt,22
2026,6,Pajala kommun,Arbetsplatsolycka,1
2026,6,Pajala kommun,Trafikolycka,1
2026,6,Piteå kommun,Rattfylleri,3
2026,6,Piteå kommun,Arbetsplatsolycka,1
2026,6,Piteå kommun,Brand,1
2026,6,Piteå kommun,Ofredande/förargelse,1
2026,6,Piteå kommun,Sammanfattning natt,1
2026,6,Piteå kommun,Stöld,1
2026,6,Piteå kommun,Trafikbrott,1
2026,6,Piteå kommun,Trafikkontroll,1
2026,6,Piteå kommun,Trafikolycka,1
2026,6,Överkalix kommun,"Trafikolycka,  vilt",1
2026,6,Övertorneå kommun,Mordbrand,1
2026,7,Arjeplogs kommun,Fjällräddning,1
2026,7,Arvidsjaurs kommun,"Trafikolycka,  vilt",3
2026,7,Bodens kommun,Sammanfattning natt,2
2026,7,Bodens kommun,Trafikolycka,2
2026,7,Bodens kommun,Brand,1
2026,7,Bodens kommun,Misshandel,1
2026,7,Bodens kommun,Rattfylleri,1
2026,7,Bodens kommun,Trafikkontroll,1
2026,7,Bodens kommun,"Trafikolycka,  vilt",1
2026,7,Gällivare kommun,Sammanfattning natt,3
2026,7,Gällivare kommun,Arbetsplatsolycka,1
2026,7,Gällivare kommun,Narkotikabrott,1
2026,7,Gällivare kommun,"Trafikolycka,  personskada",1
2026,7,Haparanda kommun,Våld/hot mot tjänsteman,1
2026,7,Jokkmokks kommun,Fjällräddning,1
2026,7,Kalix kommun,"Motorfordon,  stöld",1
2026,7,Kalix kommun,Stöld,1
2026,7,Kalix kommun,Trafikolycka,1
2026,7,Kalix kommun,Övrigt,1
2026,7,Kiruna kommun,Fjällräddning,4
2026,7,Kiruna kommun,Försvunnen person,2
2026,7,Kiruna kommun,"Farligt föremål,  misstänkt",1
2026,7,Kiruna kommun,Inbrott,1
2026,7,Kiruna kommun,Stöld/inbrott,1
2026,7,Kiruna kommun,Vapenlagen,1
2026,7,Luleå kommun,Trafikolycka,7
2026,7,Luleå kommun,Knivlagen,2
2026,7,Luleå kommun,Misshandel,2
2026,7,Luleå kommun,Narkotikabrott,2
2026,7,Luleå kommun,Sammanfattning natt,2
2026,7,Luleå kommun,Arbetsplatsolycka,1
2026,7,Luleå kommun,Fylleri,1
2026,7,Luleå kommun,Ofredande/förargelse,1
2026,7,Luleå kommun,Skadegörelse,1
2026,7,Luleå kommun,Trafikkontroll,1
2026,7,Luleå kommun,Uppdatering,1
2026,7,"Norrbotten, okänd kommun",Sammanfattning natt,20
2026,7,"Norrbotten, okänd kommun",Trafikkontroll,16
2026,7,"Norrbotten, okänd kommun",Bedrägeri,1
2026,7,Pajala kommun,Sammanfattning natt,2
2026,7,Pajala kommun,Trafikkontroll,2
2026,7,Pajala kommun,Försvunnen person,1
2026,7,Pajala kommun,Rattfylleri,1
2026,7,Piteå kommun,Trafikolycka,3
2026,7,Piteå kommun,Rattfylleri,2
2026,7,Piteå kommun,Brand,1
2026,7,Piteå kommun,Olovlig körning,1
2026,7,Piteå kommun,Sammanfattning natt,1
2026,7,Piteå kommun,Trafikbrott,1
2026,7,Älvsbyns kommun,Försvunnen person,1
2026,7,Överkalix kommun,Trafikkontroll,1
2026,7,Övertorneå kommun,Sammanfattning helg,1
2026,7,Övertorneå kommun,Sammanfattning natt,1
2026,7,Övertorneå kommun,Trafikolycka,1
2026,8,Arvidsjaurs kommun,Rattfylleri,2
2026,8,Arvidsjaurs kommun,Skyddslagen,1
2026,8,Arvidsjaurs kommun,Trafikkontroll,1
2026,8,Arvidsjaurs kommun,Trafikolycka,1
2026,8,Arvidsjaurs kommun,"Trafikolycka,  vilt",1
2026,8,Bodens kommun,Sammanfattning natt,3
2026,8,Bodens kommun,Brand,2
2026,8,Bodens kommun,Fylleri,2
2026,8,Bodens kommun,Trafikolycka,2
2026,8,Bodens kommun,Arbetsplatsolycka,1
2026,8,Bodens kommun,Misshandel,1
2026,8,Bodens kommun,Narkotikabrott,1
2026,8,Bodens kommun,Olovlig körning,1
2026,8,Bodens kommun,Rattfylleri,1
2026,8,Bodens kommun,Stöld,1
2026,8,Bodens kommun,Trafikkontroll,1
2026,8,Gällivare kommun,Fjällräddning,2
2026,8,Gällivare kommun,Narkotikabrott,2
2026,8,Gällivare kommun,Skadegörelse,1
2026,8,Gällivare kommun,"Trafikolycka,  smitning från",1
2026,8,Haparanda kommun,Misshandel,1
2026,8,Haparanda kommun,Trafikolycka,1
2026,8,Jokkmokks kommun,Fjällräddning,3
2026,8,Jokkmokks kommun,Skadegörelse,1
2026,8,Kalix kommun,Brand,1
2026,8,Kalix kommun,"Trafikolycka,  vilt",1
2026,8,Kiruna kommun,Trafikolycka,2
2026,8,Kiruna kommun,Bråk,1
2026,8,Kiruna kommun,Misshandel,1
2026,8,Kiruna kommun,Skadegörelse,1
2026,8,Kiruna kommun,Skyddslagen,1
2026,8,Kiruna kommun,Trafikbrott,1
2026,8,Luleå kommun,Trafikolycka,5
2026,8,Luleå kommun,Stöld,3
2026,8,Luleå kommun,"Trafikolycka,  singel",3
2026,8,Luleå kommun,Arbetsplatsolycka,2
2026,8,Luleå kommun,Fylleri,2
2026,8,Luleå kommun,Rattfylleri,2
2026,8,Luleå kommun,Sammanfattning natt,2
2026,8,Luleå kommun,Trafikbrott,2
2026,8,Luleå kommun,Övrigt,2
2026,8,Luleå kommun,Knivlagen,1
2026,8,Luleå kommun,Narkotikabrott,1
2026,8,Luleå kommun,Olaga intrång,1
2026,8,Luleå kommun,Stöld/inbrott,1
2026,8,"Norrbotten, okänd kommun",Sammanfattning natt,23
2026,8,"Norrbotten, okänd kommun",Trafikkontroll,20
2026,8,"Norrbotten, okänd kommun",Trafikbrott,1
2026,8,"Norrbotten, okänd kommun","Trafikolycka,  vilt",1
2026,8,Pajala kommun,"Trafikolycka,  vilt",1
2026,8,Piteå kommun,Fylleri,2
2026,8,Piteå kommun,Sammanfattning natt,2
2026,8,Piteå kommun,Trafikolycka,2
2026,8,Piteå kommun,Misshandel,1
2026,8,Piteå kommun,"Motorfordon,  stöld",1
2026,8,Piteå kommun,Rattfylleri,1
2026,8,Piteå kommun,"Trafikolycka,  vilt",1
2026,8,Älvsbyns kommun,Olovlig körning,1
2026,8,Älvsbyns kommun,Rattfylleri,1
2026,8,Älvsbyns kommun,Sammanfattning natt,1
2026,8,Överkalix kommun,"Trafikolycka,  vilt",1
2026,8,Övertorneå kommun,Fylleri,1
2026,8,Övertorneå kommun,"Trafikolycka,  vilt",1
2026,9,Arjeplogs kommun,Misshandel,1
2026,9,Arjeplogs kommun,Sammanfattning natt,1
2026,9,Arvidsjaurs kommun,Trafikolycka,1
2026,9,Bodens kommun,Stöld,2
2026,9,Bodens kommun,Trafikolycka,2
2026,9,Bodens kommun,Brand,1
2026,9,Bodens kommun,Bråk,1
2026,9,Gällivare kommun,Trafikolycka,2
2026,9,Gällivare kommun,Arbetsplatsolycka,1
2026,9,Gällivare kommun,Fjällräddning,1
2026,9,Gällivare kommun,Sammanfattning natt,1
2026,9,Gällivare kommun,Stöld/inbrott,1
2026,9,Haparanda kommun,Brand,2
2026,9,Jokkmokks kommun,Fjällräddning,2
2026,9,Jokkmokks kommun,Trafikolycka,1
2026,9,Kalix kommun,Misshandel,3
2026,9,Kalix kommun,Trafikolycka,2
2026,9,Kalix kommun,Fylleri,1
2026,9,Kalix kommun,Narkotikabrott,1
2026,9,Kalix kommun,Sammanfattning natt,1
2026,9,Kiruna kommun,Arbetsplatsolycka,1
2026,9,Kiruna kommun,Brand,1
2026,9,Kiruna kommun,Ofredande/förargelse,1
2026,9,Kiruna kommun,Olaga hot,1
2026,9,Kiruna kommun,Olovlig körning,1
2026,9,Kiruna kommun,Rattfylleri,1
2026,9,Kiruna kommun,Stöld,1
2026,9,Kiruna kommun,Stöld/inbrott,1
2026,9,Kiruna kommun,Trafikolycka,1
2026,9,Luleå kommun,Fylleri,6
2026,9,Luleå kommun,Sammanfattning natt,4
2026,9,Luleå kommun,Stöld,3
2026,9,Luleå kommun,Arbetsplatsolycka,2
2026,9,Luleå kommun,Misshandel,2
2026,9,Luleå kommun,Olaga hot,2
2026,9,Luleå kommun,Rattfylleri,2
2026,9,Luleå kommun,Trafikolycka,2
2026,9,Luleå kommun,Brand,1
2026,9,Luleå kommun,Knivlagen,1
2026,9,Luleå kommun,"Motorfordon,  anträffat stulet",1
2026,9,Luleå kommun,Narkotikabrott,1
2026,9,Luleå kommun,Ofredande/förargelse,1
2026,9,Luleå kommun,Trafikbrott,1
2026,9,Luleå kommun,Trafikhinder,1
2026,9,Luleå kommun,Trafikkontroll,1
2026,9,Luleå kommun,"Trafikolycka,  smitning från",1
2026,9,Luleå kommun,"Trafikolycka,  vilt",1
2026,9,Luleå kommun,Övrigt,1
2026,9,"Norrbotten, okänd kommun",Sammanfattning natt,22
2026,9,"Norrbotten, okänd kommun",Trafikkontroll,18
2026,9,"Norrbotten, okänd kommun","Trafikolycka,  vilt",1
2026,9,Pajala kommun,Trafikkontroll,1
2026,9,Pajala kommun,"Trafikolycka,  vilt",1
2026,9,Piteå kommun,Trafikolycka,5
2026,9,Piteå kommun,Rattfylleri,2
2026,9,Piteå kommun,Arbetsplatsolycka,1
2026,9,Piteå kommun,Försvunnen person,1
2026,9,Piteå kommun,Misshandel,1
2026,9,Piteå kommun,Narkotikabrott,1
2026,9,Piteå kommun,Stöld,1
2026,9,Piteå kommun,Trafikkontroll,1
2026,9,Piteå kommun,"Trafikolycka,  smitning från",1
2026,9,Älvsbyns kommun,Inbrott,1
2026,9,Älvsbyns kommun,Rattfylleri,1
2026,9,Älvsbyns kommun,Sammanfattning natt,1
2026,9,Övertorneå kommun,Trafikolycka,1
2026,10,Arjeplogs kommun,Mord/dråp,1
2026,10,Bodens kommun,Olovlig körning,1
2026,10,Bodens kommun,Rattfylleri,1
2026,10,Bodens kommun,Sammanfattning natt,1
2026,10,Bodens kommun,Skadegörelse,1
2026,10,Bodens kommun,Trafikkontroll,1
2026,10,Gällivare kommun,Sammanfattning natt,2
2026,10,Gällivare kommun,Misshandel,1
2026,10,Haparanda kommun,Fylleri,1
2026,10,Kalix kommun,Narkotikabrott,1
2026,10,Kalix kommun,Stöld,1
2026,10,Kiruna kommun,Arbetsplatsolycka,1
2026,10,Kiruna kommun,Sammanfattning natt,1
2026,10,Luleå kommun,Trafikkontroll,2
2026,10,Luleå kommun,Fylleri,1
2026,10,Luleå kommun,Häleri,1
2026,10,"Norrbotten, okänd kommun",Sammanfattning natt,5
2026,10,"Norrbotten, okänd kommun",Trafikkontroll,4
2026,10,Pajala kommun,Rattfylleri,1
2026,10,Pajala kommun,Trafikolycka,1
2026,10,Piteå kommun,Olaga hot,1
2026,10,Piteå kommun,Olaga intrång,1
2026,10,Piteå kommun,Rattfylleri,1
2026,10,Piteå kommun,Trafikbrott,1
2026,10,Piteå kommun,Trafikolycka,1
2026,10,Älvsbyns kommun,Rattfylleri,1
